ST_CASE,VEH_NO,PER_NO,YEAR,P1,P2,P3,P4,P5,P6,P7,P8,P9,P10
10618,1,1,1986,0,0,0,0,0,0,0,0,0,0
10618,2,1,1986,4,4,4,4,4,4,4,4,4,4
10619,1,1,1986,14,14,14,14,14,14,14,14,14,14
10620,1,1,1986,0,0,0,0,0,0,0,0,0,0
10620,2,1,1986,0,0,0,0,0,0,0,0,0,0
10621,0,1,1986,0,0,0,0,0,0,0,0,0,0
10621,1,1,1986,0,0,0,0,0,0,0,0,0,0
10622,1,1,1986,21,21,21,21,21,21,21,21,21,21
10623,0,1,1986,22,22,22,22,22,22,22,22,22,22
10623,1,1,1986,0,0,0,0,0,0,0,0,0,6
10624,0,1,1986,18,18,18,18,18,18,18,18,18,18
10624,1,1,1986,0,0,0,0,0,23,7,0,0,15
10625,1,1,1986,7,7,7,7,7,7,7,7,7,7
10626,1,1,1986,8,8,8,8,8,8,8,8,8,8
10627,1,1,1986,0,0,0,0,0,0,0,0,0,0
10627,2,1,1986,0,0,0,0,0,0,0,0,0,0
10628,1,1,1986,0,0,0,0,0,0,0,0,0,0
10628,2,1,1986,0,0,0,0,0,0,0,0,0,0
10629,1,1,1986,0,0,0,0,0,0,0,0,0,0
10629,2,1,1986,0,0,0,0,0,0,0,0,0,0
10631,1,1,1986,6,6,6,6,6,6,6,6,6,6
10632,1,1,1986,0,0,0,3,0,0,0,0,0,0
10633,1,1,1986,27,27,27,27,27,27,27,27,27,27
10634,1,1,1986,19,19,19,19,19,19,19,19,19,19
10635,1,1,1986,0,0,0,0,0,0,0,0,0,0
10636,1,1,1986,9,9,9,9,9,9,9,9,9,9
10636,2,1,1986,1,1,1,1,1,1,1,1,1,1
10637,1,1,1986,31,31,31,31,31,31,31,31,31,31
10638,0,1,1986,0,0,0,0,0,0,0,0,0,0
10638,1,1,1986,0,10,0,0,0,0,0,0,0,0
10640,1,1,1986,11,26,25,19,8,12,6,0,0,9
10641,1,1,1986,11,0,0,4,0,0,0,12,0,19
10641,2,1,1986,6,9,5,7,24,9,8,5,10,19
10642,1,1,1986,24,24,24,24,24,24,24,24,24,24
10642,2,1,1986,0,0,0,0,0,0,0,0,0,0
10643,1,1,1986,26,26,26,26,26,26,26,26,26,26
10644,1,1,1986,0,0,0,0,0,0,0,0,2,0
10644,2,1,1986,0,0,0,0,0,0,0,0,0,0
10645,1,1,1986,23,23,23,23,23,23,23,23,23,23
10646,1,1,1986,13,13,13,13,13,13,13,13,13,13
10647,1,1,1986,21,21,21,21,21,21,21,21,21,21
10648,1,1,1986,0,0,0,0,0,0,0,0,0,0
10648,2,1,1986,0,0,0,0,0,0,0,0,0,0
10649,1,1,1986,21,21,21,21,21,21,21,21,21,21
10649,2,1,1986,6,6,6,6,6,6,6,6,6,6
10650,1,1,1986,0,0,0,0,0,0,0,0,0,0
10650,2,1,1986,0,0,0,0,0,0,0,0,0,0
10650,3,1,1986,0,0,0,0,0,0,0,0,0,0
10651,1,1,1986,39,39,39,39,39,39,39,39,39,39
10651,2,1,1986,0,5,0,0,0,0,0,0,22,0
10652,1,1,1986,10,10,10,10,10,10,10,10,10,10
10653,0,1,1986,23,23,23,23,23,23,23,23,23,23
10653,1,1,1986,6,6,6,6,6,6,6,6,6,6
10654,1,1,1986,7,7,7,7,7,7,7,7,7,7
10655,1,1,1986,0,0,0,0,0,0,0,0,0,0
10655,2,1,1986,0,0,0,0,0,0,0,0,0,0
10656,0,1,1986,0,0,0,0,0,0,0,0,0,30
10656,1,1,1986,0,0,8,0,11,0,0,0,0,0
10657,1,1,1986,0,0,0,0,0,0,0,0,0,0
10657,2,1,1986,0,0,10,0,0,0,17,0,11,4
10658,1,1,1986,14,14,14,14,14,14,14,14,14,14
10659,1,1,1986,0,0,0,0,0,0,0,9,0,6
10660,1,1,1986,0,0,0,0,0,0,0,0,0,0
10661,1,1,1986,0,0,8,0,14,11,18,10,0,0
10661,2,1,1986,0,0,0,0,0,0,0,0,0,0
10662,1,1,1986,0,0,0,0,18,0,17,0,12,0
10662,2,1,1986,0,0,0,0,0,0,0,0,0,0
10663,1,1,1986,12,12,12,12,12,12,12,12,12,12
10664,1,1,1986,0,0,0,0,0,0,0,0,0,0
10664,2,1,1986,0,0,0,0,0,0,0,0,0,0
10665,1,1,1986,16,16,16,16,16,16,16,16,16,16
10666,1,1,1986,9,9,9,9,9,9,9,9,9,9
10667,1,1,1986,0,0,0,0,0,0,0,9,0,0
10668,1,1,1986,0,0,24,0,15,25,7,0,0,0
10668,2,1,1986,0,0,0,0,0,0,0,0,0,0
10669,1,1,1986,0,0,0,0,0,0,0,0,0,0
10669,2,1,1986,15,15,15,15,15,15,15,15,15,15
10670,0,1,1986,0,0,0,0,0,0,0,0,0,0
10670,1,1,1986,15,14,14,5,9,0,0,15,3,0
10671,0,1,1986,19,19,19,19,19,19,19,19,19,19
10671,1,1,1986,0,0,0,0,4,0,0,9,0,16
10672,1,1,1986,0,0,0,0,3,0,13,0,0,0
10672,2,1,1986,19,19,19,19,19,19,19,19,19,19
10672,3,1,1986,0,0,0,0,0,0,0,0,0,0
10672,4,1,1986,0,0,0,0,0,0,0,0,0,0
10673,1,1,1986,12,18,0,20,8,14,23,14,19,10
10674,1,1,1986,8,8,8,8,8,8,8,8,8,8
10675,1,1,1986,0,0,0,0,0,0,0,0,0,0
10675,2,1,1986,0,0,0,0,0,0,0,0,0,0
10676,1,1,1986,14,14,14,14,14,14,14,14,14,14
10677,1,1,1986,0,0,0,0,0,0,0,0,0,0
10678,0,1,1986,0,0,0,0,0,0,0,0,0,0
10678,1,1,1986,0,0,0,0,0,0,0,0,0,0
10679,1,1,1986,0,0,0,0,0,0,0,0,0,0
10679,2,1,1986,0,0,0,0,0,0,0,0,0,0
10680,1,1,1986,0,0,0,0,0,0,2,0,0,0
10681,1,1,1986,22,22,22,22,22,22,22,22,22,22
10681,2,1,1986,0,10,9,0,0,0,36,11,8,22
10682,1,1,1986,0,0,0,0,0,0,0,0,0,0
10682,2,1,1986,0,0,0,0,0,0,0,0,0,0
10683,1,1,1986,5,5,5,5,5,5,5,5,5,5
10684,0,1,1986,11,11,11,11,11,11,11,11,11,11
10684,1,1,1986,0,13,0,17,36,17,5,20,12,8
10685,1,1,1986,15,0,0,15,0,18,0,0,0,0
10686,1,1,1986,0,0,0,0,0,0,0,0,0,0
10686,2,1,1986,0,0,0,0,0,0,0,0,0,0
10687,1,1,1986,0,0,0,0,0,0,0,0,0,0
10687,2,1,1986,0,0,0,0,0,0,0,0,0,0
10688,1,1,1986,9,0,0,0,0,10,0,0,0,0
10689,0,1,1986,13,13,13,13,13,13,13,13,13,13
10689,1,1,1986,0,0,8,0,0,0,0,0,0,0
10690,1,1,1986,0,0,0,0,0,10,0,0,0,0
10691,1,1,1986,17,17,17,17,17,17,17,17,17,17
10692,1,1,1986,0,0,0,0,0,0,0,0,0,0
10692,2,1,1986,0,0,0,0,0,0,0,0,0,0
10693,1,1,1986,0,0,0,0,0,0,0,0,0,0
10693,2,1,1986,0,0,0,0,0,0,0,0,0,0
10694,1,1,1986,0,0,0,0,0,0,0,0,0,0
10695,1,1,1986,0,0,11,18,0,0,0,0,9,0
10695,2,1,1986,0,15,6,0,0,0,0,0,0,0
10695,3,1,1986,0,0,0,0,0,0,0,0,0,0
10696,0,1,1986,24,24,24,24,24,24,24,24,24,24
10696,2,1,1986,0,0,0,0,0,0,0,0,0,0
10697,1,1,1986,0,0,0,0,0,0,0,0,21,0
10697,2,1,1986,0,0,0,0,0,0,0,0,0,0
10698,1,1,1986,0,0,0,0,0,0,0,0,0,0
10698,2,1,1986,0,0,0,0,0,0,0,0,0,0
10699,1,1,1986,31,31,31,31,31,31,31,31,31,31
10700,1,1,1986,0,21,10,0,0,0,0,0,11,0
10701,1,1,1986,16,16,16,16,16,16,16,16,16,16
10702,1,1,1986,0,0,0,0,0,0,0,0,0,0
10702,2,1,1986,0,0,0,0,14,0,0,0,0,0
10703,1,1,1986,0,0,0,0,0,0,0,0,0,0
10703,2,1,1986,0,0,0,0,0,0,0,0,0,0
10704,1,1,1986,13,18,7,6,0,6,5,6,18,7
10705,1,1,1986,0,0,0,0,0,0,0,0,0,10
10705,2,1,1986,0,0,0,0,0,0,0,0,0,8
10706,1,1,1986,0,0,19,0,0,0,0,0,0,0
10706,2,1,1986,0,0,0,0,0,0,0,0,0,0
10707,1,1,1986,18,3,12,0,9,18,0,0,0,0
10708,1,1,1986,4,22,14,0,0,0,0,20,0,0
10708,2,1,1986,14,14,14,14,14,14,14,14,14,14
10709,1,1,1986,20,20,20,20,20,20,20,20,20,20
10710,1,1,1986,12,0,0,4,9,0,0,0,10,8
10711,1,1,1986,0,0,0,0,0,0,0,0,0,19
10711,2,1,1986,0,0,0,0,0,0,0,0,0,0
10712,1,1,1986,0,0,0,0,0,0,0,0,0,0
10712,2,1,1986,0,0,0,0,0,0,25,0,0,0
10713,1,1,1986,0,0,0,0,0,0,0,0,0,0
10713,2,1,1986,14,14,14,14,14,14,14,14,14,14
10714,1,1,1986,0,0,0,0,0,0,0,0,0,0
10714,2,1,1986,0,0,0,0,0,17,0,0,0,0
10714,3,1,1986,0,0,0,0,0,0,0,0,0,0
10715,1,1,1986,30,30,30,30,30,30,30,30,30,30
10716,1,1,1986,11,11,11,11,11,11,11,11,11,11
10717,1,1,1986,0,0,0,0,0,0,0,0,0,0
10718,1,1,1986,4,6,7,19,13,8,0,8,16,7
10719,1,1,1986,0,4,11,0,0,0,0,0,0,0
10719,2,1,1986,28,28,28,28,28,28,28,28,28,28
10720,1,1,1986,0,26,39,8,18,26,0,1,0,22
10720,2,1,1986,0,0,0,0,0,0,0,0,0,0
10721,0,1,1986,0,0,0,0,0,0,0,0,0,0
10721,1,1,1986,0,0,0,0,0,0,0,0,0,0
10722,1,1,1986,30,30,30,30,30,30,30,30,30,30
10723,1,1,1986,11,11,11,11,11,11,11,11,11,11
10724,0,1,1986,0,18,0,11,26,21,0,0,10,28
10724,0,2,1986,18,0,0,0,0,16,7,0,25,15
10724,1,1,1986,0,0,10,18,0,0,6,11,0,0
10725,1,1,1986,0,0,0,0,0,0,0,0,0,0
10725,2,1,1986,0,0,0,0,0,0,0,0,0,0
10726,1,1,1986,0,17,0,0,0,0,7,0,0,0
10726,2,1,1986,4,4,4,4,4,4,4,4,4,4
10726,3,1,1986,0,0,0,0,11,0,0,0,16,0
10727,1,1,1986,0,0,0,0,0,0,0,0,0,0
10727,2,1,1986,0,0,0,0,0,0,0,0,0,0
10728,0,1,1986,24,21,0,16,0,0,25,0,12,0
10728,0,2,1986,14,15,27,20,11,20,20,31,21,36
10728,1,1,1986,0,26,0,0,0,0,9,0,0,0
10729,1,1,1986,16,22,31,22,18,14,41,18,22,16
10730,1,1,1986,0,0,0,0,0,0,0,15,0,0
10730,2,1,1986,0,0,0,0,0,0,0,0,0,0
10731,1,1,1986,24,24,24,24,24,24,24,24,24,24
10731,2,1,1986,12,0,0,0,0,0,0,0,13,0
10732,1,1,1986,11,0,0,0,0,0,0,0,0,0
10732,2,1,1986,0,0,0,0,0,0,0,0,0,0
10733,1,1,1986,0,0,0,0,0,0,10,16,13,24
10734,0,1,1986,0,0,0,0,0,0,0,0,0,0
10734,1,1,1986,23,0,26,9,24,14,12,18,0,12
10735,1,1,1986,0,0,0,0,0,0,0,0,0,0
10735,2,1,1986,0,0,0,0,0,0,0,0,0,0
10736,0,1,1986,29,11,0,13,0,0,0,0,0,10
10736,0,2,1986,0,0,0,0,0,0,0,0,0,0
10736,1,1,1986,2,2,2,2,2,2,2,2,2,2
10737,1,1,1986,0,18,0,25,0,0,11,22,0,16
10738,0,1,1986,0,0,0,0,0,0,0,0,0,0
10738,1,1,1986,0,0,0,0,0,0,0,0,0,0
10739,1,1,1986,0,0,0,0,0,0,0,0,0,0
10739,2,1,1986,10,10,10,10,10,10,10,10,10,10
10740,1,1,1986,0,0,0,0,0,0,0,0,0,0
10740,2,1,1986,15,15,15,15,15,15,15,15,15,15
10741,1,1,1986,0,16,0,0,0,0,0,0,0,0
10742,0,1,1986,0,0,0,0,10,22,0,0,0,0
10742,0,2,1986,0,0,0,0,0,0,0,0,0,0
10742,1,1,1986,0,0,0,0,0,0,0,0,0,0
10743,1,1,1986,0,0,0,0,0,0,0,0,0,0
10744,1,1,1986,0,0,0,0,0,0,0,0,0,0
10745,1,1,1986,0,0,0,0,0,0,0,0,0,0
10745,2,1,1986,0,0,0,11,0,0,0,0,0,0
10746,1,1,1986,0,0,0,0,0,0,0,0,0,0
10747,1,1,1986,0,0,0,0,0,0,0,0,0,0
10747,2,1,1986,0,0,0,0,0,0,0,0,0,0
10748,1,1,1986,0,0,12,0,15,0,0,17,13,0
10748,2,1,1986,0,0,0,10,0,0,0,0,0,0
10749,1,1,1986,0,0,4,0,0,0,0,0,0,0
10750,1,1,1986,0,0,0,0,0,0,0,0,0,0
10751,1,1,1986,0,0,0,0,0,15,0,0,0,6
10751,2,1,1986,0,0,0,0,0,0,0,0,0,0
10752,1,1,1986,0,0,0,0,6,0,0,0,23,0
10752,2,1,1986,0,0,0,0,0,0,20,0,0,4
10753,1,1,1986,0,0,0,0,0,0,0,0,0,0
10754,1,1,1986,0,0,0,0,0,0,0,0,0,0
10754,2,1,1986,0,15,13,0,8,16,0,0,0,0
10755,1,1,1986,0,0,0,0,0,0,0,0,0,0
10756,1,1,1986,9,0,0,13,0,0,11,30,18,9
10757,1,1,1986,15,15,15,15,15,15,15,15,15,15
10758,1,1,1986,10,10,10,10,10,10,10,10,10,10
10758,2,1,1986,0,0,0,0,0,0,0,0,0,0
10759,1,1,1986,36,0,0,13,15,12,6,0,20,17
10760,0,1,1986,0,0,0,0,0,0,0,0,0,0
10760,1,1,1986,0,0,0,0,0,0,0,0,0,0
10761,1,1,1986,0,0,0,27,0,0,0,0,8,9
10762,1,1,1986,0,0,0,0,0,0,0,16,0,0
10762,2,1,1986,0,0,0,0,0,0,0,0,0,0
10763,1,1,1986,0,0,0,0,0,0,0,0,0,0
10764,1,1,1986,0,0,0,0,0,0,0,0,0,0
10765,1,1,1986,1,1,1,1,1,1,1,1,1,1
10766,1,1,1986,25,25,25,25,25,25,25,25,25,25
10767,0,1,1986,36,36,36,36,36,36,36,36,36,36
10767,1,1,1986,0,0,0,0,0,0,0,0,0,14
10768,1,1,1986,0,0,0,0,0,0,0,0,0,0
10769,1,1,1986,0,0,0,0,0,0,0,2,0,0
10769,2,1,1986,0,0,0,0,0,0,0,0,0,0
10770,1,1,1986,0,0,0,0,0,0,0,0,0,0
10770,2,1,1986,0,0,0,0,0,0,0,0,6,0
10771,1,1,1986,0,0,0,0,0,0,0,0,0,0
10771,2,1,1986,0,0,0,0,0,0,0,0,0,0
10772,1,1,1986,0,0,0,0,0,0,0,0,0,19
10772,2,1,1986,0,0,0,0,0,0,0,0,0,0
10773,0,1,1986,0,0,0,0,0,0,0,0,0,0
10773,1,1,1986,10,10,10,10,10,10,10,10,10,10
10774,1,1,1986,11,11,11,11,11,11,11,11,11,11
10774,2,1,1986,0,0,0,0,0,0,0,0,0,0
10775,1,1,1986,0,0,0,0,0,0,0,0,0,0
10776,1,1,1986,0,0,0,0,0,0,0,0,0,0
10777,1,1,1986,19,19,19,19,19,19,19,19,19,19
10778,1,1,1986,10,0,0,0,0,0,0,0,0,0
10778,2,1,1986,7,0,0,0,0,0,0,0,19,0
10779,0,1,1986,0,0,27,0,0,0,10,0,0,0
10779,0,2,1986,0,0,14,0,0,19,0,0,0,0
10779,1,1,1986,0,0,0,0,0,10,0,0,0,0
10780,1,1,1986,15,15,15,15,15,15,15,15,15,15
10781,1,1,1986,0,0,0,0,0,0,0,0,0,0
10781,2,1,1986,0,0,0,0,0,0,0,0,0,0
10782,1,1,1986,0,0,0,0,0,0,0,0,0,0
10783,1,1,1986,0,0,0,0,0,0,0,20,14,0
10783,2,1,1986,24,24,24,24,24,24,24,24,24,24
10784,1,1,1986,5,5,5,5,5,5,5,5,5,5
10784,2,1,1986,0,0,0,0,0,0,0,0,0,0
10785,1,1,1986,4,4,4,4,4,4,4,4,4,4
10786,1,1,1986,0,0,0,0,0,0,0,0,0,0
10786,2,1,1986,14,14,14,14,14,14,14,14,14,14
10787,1,1,1986,0,0,0,0,0,0,0,0,0,0
10788,1,1,1986,17,17,17,17,17,17,17,17,17,17
10788,2,1,1986,0,0,0,0,0,0,0,0,0,0
10789,1,1,1986,6,0,0,0,0,0,0,0,0,0
10789,2,1,1986,0,0,0,0,0,0,0,0,0,0
10790,1,1,1986,23,23,23,23,23,23,23,23,23,23
10790,2,1,1986,0,17,0,19,0,0,15,0,0,11
10791,1,1,1986,13,13,13,13,13,13,13,13,13,13
10792,1,1,1986,16,16,16,16,16,16,16,16,16,16
10793,1,1,1986,0,0,0,0,0,0,0,0,0,0
10794,1,1,1986,0,0,0,0,0,0,0,12,0,0
10794,2,1,1986,0,0,0,0,0,0,0,0,0,0
10795,1,1,1986,0,0,0,0,0,0,0,0,0,0
10795,2,1,1986,10,0,0,0,0,0,0,0,0,0
10796,1,1,1986,15,19,14,13,12,11,16,17,29,7
10797,1,1,1986,29,29,29,29,29,29,29,29,29,29
10797,2,1,1986,0,0,5,12,9,16,0,0,0,0
10798,1,1,1986,13,13,13,13,13,13,13,13,13,13
10799,1,1,1986,14,17,17,8,13,0,25,11,16,5
10800,1,1,1986,0,0,0,0,0,0,0,0,0,0
10800,2,1,1986,0,0,0,0,0,0,0,0,0,0
10801,1,1,1986,0,0,0,0,0,0,0,0,0,0
10801,2,1,1986,0,0,0,0,0,0,0,0,0,3
10802,0,1,1986,0,0,0,0,0,0,0,0,0,0
10802,1,1,1986,0,0,0,0,0,0,0,0,0,0
10803,1,1,1986,0,0,0,0,0,0,0,3,0,11
10803,2,1,1986,0,0,0,0,0,0,0,0,0,0
10804,1,1,1986,19,19,19,19,19,19,19,19,19,19
10805,1,1,1986,0,0,0,0,0,14,0,0,0,0
10805,2,1,1986,0,0,0,0,0,0,0,0,0,0
10806,1,1,1986,0,0,0,0,0,0,0,0,0,0
10806,2,1,1986,12,45,11,30,10,15,11,8,11,15
10807,1,1,1986,14,31,0,5,20,28,8,29,11,45
10808,1,1,1986,0,0,0,0,0,0,0,0,0,0
10809,1,1,1986,1,1,1,1,1,1,1,1,1,1
10810,1,1,1986,0,0,0,0,0,0,0,0,0,0
10810,2,1,1986,0,0,0,0,0,0,0,0,0,0
10811,1,1,1986,40,25,0,0,19,27,0,16,32,22
10812,1,1,1986,0,0,0,0,0,0,0,0,0,0
10812,2,1,1986,0,0,0,0,0,0,0,0,0,0
10813,1,1,1986,0,0,0,0,0,0,0,0,0,0
10813,2,1,1986,0,0,0,0,0,0,0,0,0,0
10814,1,1,1986,0,18,25,0,11,16,0,0,0,0
10815,1,1,1986,0,0,0,0,0,0,0,0,0,0
10815,2,1,1986,0,0,0,0,0,0,0,0,0,0
10816,1,1,1986,15,15,15,15,15,15,15,15,15,15
10816,2,1,1986,0,0,0,0,0,0,0,0,0,0
10817,1,1,1986,0,0,0,0,0,0,0,0,0,0
10818,1,1,1986,19,0,8,19,0,0,13,18,18,0
10819,0,1,1986,0,0,0,0,0,0,0,0,0,0
10819,1,1,1986,0,0,0,12,0,11,9,0,0,17
10820,1,1,1986,0,0,0,0,0,0,0,0,0,0
10820,2,1,1986,0,0,0,0,0,0,0,0,0,0
10821,1,1,1986,0,0,24,0,20,12,0,0,10,15
10821,2,1,1986,0,0,0,0,0,0,0,0,0,0
10822,1,1,1986,0,0,0,0,0,0,0,0,0,0
10823,1,1,1986,1,1,1,1,1,1,1,1,1,1
10823,2,1,1986,0,0,0,0,0,0,0,0,0,0
10824,0,1,1986,0,0,0,0,0,0,0,0,0,0
10824,1,1,1986,0,0,0,0,0,0,0,0,0,0
10825,1,1,1986,24,24,24,24,24,24,24,24,24,24
10826,1,1,1986,17,17,17,17,17,17,17,17,17,17
10826,2,1,1986,0,0,0,0,0,0,0,0,0,0
10827,1,1,1986,7,7,7,7,7,7,7,7,7,7
10827,2,1,1986,0,13,0,0,0,0,0,0,0,0
10828,1,1,1986,0,0,0,0,0,0,0,0,0,0
10828,2,1,1986,0,0,0,0,0,0,0,0,0,0
10828,3,1,1986,0,0,0,0,0,0,0,0,0,0
10829,1,1,1986,28,28,28,28,28,28,28,28,28,28
10829,2,1,1986,4,4,4,4,4,4,4,4,4,4
10830,0,1,1986,0,0,0,0,0,0,0,0,0,0
10830,1,1,1986,0,0,0,0,7,0,3,0,0,0
10831,1,1,1986,0,0,0,0,0,0,0,0,0,0
10831,2,1,1986,0,0,0,0,0,0,0,0,0,0
10831,3,1,1986,0,0,0,0,0,0,0,0,0,0
10832,1,1,1986,14,0,0,0,0,0,0,0,0,0
10832,2,1,1986,0,0,0,0,0,0,0,0,0,0
10833,1,1,1986,15,15,15,15,15,15,15,15,15,15
10833,2,1,1986,17,17,17,17,17,17,17,17,17,17
10834,1,1,1986,7,7,7,7,7,7,7,7,7,7
10835,1,1,1986,0,0,0,0,0,0,0,0,0,0
10835,2,1,1986,0,0,0,0,0,0,0,0,0,0
10836,1,1,1986,10,0,0,0,0,0,0,0,0,0
10837,1,1,1986,5,14,4,15,0,12,14,17,23,10
10837,2,1,1986,0,0,0,0,17,0,27,10,0,0
10838,1,1,1986,15,20,20,18,16,10,31,21,12,14
10839,1,1,1986,1,1,1,1,1,1,1,1,1,1
10839,2,1,1986,23,23,23,23,23,23,23,23,23,23
10840,1,1,1986,17,17,17,17,17,17,17,17,17,17
10840,2,1,1986,0,16,13,0,0,0,0,0,0,0
10841,1,1,1986,0,0,0,0,0,0,0,0,0,0
10841,2,1,1986,15,11,20,25,22,12,18,0,0,15
10841,3,1,1986,0,15,15,14,0,0,0,0,13,0
10842,0,1,1986,15,15,15,15,15,15,15,15,15,15
10842,1,1,1986,0,0,0,0,0,0,0,0,0,0
10843,1,1,1986,0,0,0,0,0,0,0,0,0,0
10843,2,1,1986,0,0,0,0,0,0,0,0,0,0
10844,1,1,1986,2,2,2,2,2,2,2,2,2,2
10844,2,1,1986,0,0,0,0,0,0,0,0,0,0
10845,0,1,1986,41,41,41,41,41,41,41,41,41,41
10845,1,1,1986,0,0,0,0,0,0,0,0,0,0
10846,1,1,1986,10,10,10,10,10,10,10,10,10,10
10846,2,1,1986,5,5,5,5,5,5,5,5,5,5
10847,1,1,1986,0,0,13,0,0,0,0,0,0,0
10848,1,1,1986,0,0,0,0,0,0,0,0,0,0
10848,2,1,1986,0,0,15,0,0,0,17,27,0,0
10849,1,1,1986,31,31,31,31,31,31,31,31,31,31
10850,0,1,1986,24,24,24,24,24,24,24,24,24,24
10850,1,1,1986,0,0,0,0,33,0,19,0,0,13
10851,1,1,1986,11,0,0,0,0,0,0,0,0,0
10852,1,1,1986,0,0,0,0,0,0,0,0,0,15
10852,2,1,1986,0,0,0,0,0,0,0,0,0,0
10853,1,1,1986,15,27,14,15,30,15,24,31,33,15
10854,1,1,1986,0,0,0,0,0,0,0,0,0,0
10855,1,3,1986,19,19,19,19,19,19,19,19,19,19
10856,1,1,1986,0,14,14,18,18,0,37,11,17,18
10857,1,1,1986,0,0,0,0,0,0,0,0,0,0
10857,2,1,1986,0,0,0,0,0,0,0,0,0,0
10858,1,1,1986,0,0,0,0,0,0,0,0,0,0
10858,2,1,1986,0,0,0,0,0,0,0,0,0,0
10858,3,1,1986,0,0,0,0,0,0,0,0,0,0
10859,1,1,1986,27,27,27,27,27,27,27,27,27,27
10859,2,1,1986,0,0,0,0,0,0,0,0,0,0
10860,1,1,1986,0,0,0,0,0,0,0,0,0,0
10860,2,1,1986,15,0,0,0,0,16,0,18,34,38
10861,1,1,1986,1,16,24,0,8,12,15,19,0,16
10861,2,1,1986,0,0,0,0,0,0,0,0,0,0
10862,1,1,1986,0,0,0,0,0,16,0,18,13,0
10863,1,1,1986,0,0,0,0,0,0,0,0,0,0
10863,2,1,1986,0,0,0,0,0,0,0,0,0,0
10863,3,1,1986,0,0,0,0,0,0,0,0,0,0
10864,1,1,1986,11,11,11,11,11,11,11,11,11,11
10865,1,1,1986,27,27,27,27,27,27,27,27,27,27
10866,1,1,1986,0,6,0,28,0,10,10,27,24,10
10867,1,1,1986,0,0,0,0,0,0,0,0,12,0
10867,2,1,1986,0,0,0,0,0,0,0,0,0,0
10868,1,1,1986,22,22,22,22,22,22,22,22,22,22
10869,1,1,1986,28,28,28,28,28,28,28,28,28,28
10870,1,1,1986,0,0,0,0,0,0,0,0,0,0
10870,2,1,1986,0,0,0,0,0,0,0,0,0,0
10871,1,1,1986,19,19,19,19,19,19,19,19,19,19
10872,0,1,1986,29,29,29,29,29,29,29,29,29,29
10872,1,1,1986,0,0,20,0,0,0,0,0,0,0
10873,0,1,1986,0,0,0,0,0,0,0,0,0,0
10873,1,1,1986,0,0,0,0,0,0,0,0,0,0
10874,1,1,1986,3,20,19,22,21,18,25,21,14,17
10875,1,1,1986,14,14,14,14,14,14,14,14,14,14
10876,1,1,1986,0,0,0,0,0,0,0,0,0,0
10877,1,1,1986,0,0,0,0,0,0,0,0,0,0
10877,2,1,1986,0,20,0,0,0,0,0,0,0,0
10878,1,1,1986,0,0,0,0,0,13,0,5,0,0
10878,2,1,1986,0,0,0,0,0,0,0,0,0,0
10879,1,1,1986,0,0,0,0,0,9,0,7,0,0
10880,1,1,1986,0,25,7,0,0,0,0,21,10,0
10880,2,1,1986,9,9,9,9,9,9,9,9,9,9
10881,1,1,1986,0,0,0,17,15,0,7,0,9,0
10882,1,1,1986,0,0,0,0,0,0,0,0,0,0
10882,2,1,1986,0,0,13,0,0,7,14,8,15,0
10883,1,1,1986,27,27,27,27,27,27,27,27,27,27
10884,1,1,1986,13,11,24,14,24,13,20,0,21,15
10885,1,1,1986,0,0,8,0,0,0,0,0,0,7
10885,2,1,1986,23,23,23,23,23,23,23,23,23,23
10886,1,1,1986,0,0,0,0,0,0,0,0,0,0
10887,1,1,1986,24,24,24,24,24,24,24,24,24,24
10888,1,1,1986,29,29,29,29,29,29,29,29,29,29
10888,2,1,1986,25,0,0,0,0,0,0,0,0,0
10889,1,1,1986,28,28,28,28,28,28,28,28,28,28
10890,1,1,1986,0,0,0,0,0,0,11,0,0,0
10891,1,1,1986,0,0,0,6,0,0,0,0,0,0
10891,2,1,1986,0,0,0,0,0,0,0,0,0,0
10891,3,1,1986,0,0,0,0,0,0,0,0,0,0
10892,1,1,1986,0,0,0,0,0,0,0,0,0,0
10892,2,1,1986,18,18,18,18,18,18,18,18,18,18
10893,1,1,1986,7,7,7,7,7,7,7,7,7,7
10894,1,1,1986,23,15,9,14,0,9,14,0,16,0
10895,1,1,1986,22,0,4,8,11,12,4,0,0,11
10895,2,1,1986,0,0,0,0,0,0,0,0,0,0
10896,1,1,1986,0,0,0,0,0,0,0,0,0,0
10896,2,1,1986,0,0,12,10,0,0,0,0,0,0
10897,1,1,1986,28,28,28,28,28,28,28,28,28,28
10898,1,1,1986,0,0,0,0,0,0,0,0,0,0
10898,2,1,1986,0,0,0,19,0,0,0,0,0,0
10899,1,1,1986,19,11,10,5,12,26,18,6,0,22
10900,0,1,1986,22,22,22,22,22,22,22,22,22,22
10900,1,1,1986,0,0,0,6,0,0,0,0,16,0
10901,1,1,1986,0,0,0,0,0,0,0,0,0,0
10902,1,1,1986,26,26,26,26,26,26,26,26,26,26
10903,1,1,1986,26,26,26,26,26,26,26,26,26,26
10903,2,1,1986,0,0,0,0,0,0,0,0,0,0
10904,1,1,1986,0,0,0,0,0,0,0,0,0,0
10904,2,1,1986,0,0,0,0,0,0,0,0,0,0
10905,1,1,1986,15,15,15,15,15,15,15,15,15,15
10906,1,1,1986,0,0,0,0,0,0,0,0,0,0
10907,1,1,1986,15,15,15,15,15,15,15,15,15,15
10907,2,1,1986,0,0,0,0,0,18,0,0,0,0
10908,1,1,1986,4,4,4,4,4,4,4,4,4,4
10909,1,1,1986,0,0,0,0,0,0,0,0,0,0
10909,2,1,1986,5,0,0,0,0,0,0,0,16,0
10910,1,1,1986,23,23,23,23,23,23,23,23,23,23
10910,2,1,1986,0,0,0,0,0,0,0,0,0,0
10911,1,1,1986,0,0,0,0,0,0,0,0,0,0