ST_CASE,VEH_NO,PER_NO,YEAR,P1,P2,P3,P4,P5,P6,P7,P8,P9,P10
10911,2,1,1986,0,8,0,0,0,0,0,0,0,0
10912,1,1,1986,21,21,21,21,21,21,21,21,21,21
10913,1,1,1986,0,0,0,0,0,0,0,0,0,0
10913,2,1,1986,9,9,25,12,0,12,0,0,31,22
10914,1,1,1986,23,7,6,9,14,9,20,29,13,0
10915,1,1,1986,0,0,0,0,0,0,0,0,0,0
10915,2,1,1986,0,0,0,0,0,0,0,0,0,0
10916,1,1,1986,0,0,0,0,0,0,0,0,0,8
10916,2,1,1986,22,22,22,22,22,22,22,22,22,22
10917,1,1,1986,0,15,0,15,0,0,7,0,0,0
10918,1,1,1986,16,0,0,17,0,0,0,21,0,19
10919,0,1,1986,0,0,13,0,0,0,34,0,0,0
10919,1,1,1986,9,0,0,0,0,0,0,0,0,0
10920,1,1,1986,19,19,18,0,10,15,8,18,11,31
10921,1,1,1986,0,0,0,0,0,0,0,0,0,0
10922,1,1,1986,5,12,17,9,7,28,20,23,16,26
10922,2,1,1986,0,0,0,18,25,0,2,0,11,0
10923,1,1,1986,13,13,9,0,30,26,26,15,19,0
10924,0,1,1986,0,14,0,0,0,0,0,0,0,0
10924,1,1,1986,0,0,0,0,0,0,0,24,0,0
10924,2,1,1986,0,0,14,3,0,12,0,0,0,0
10924,3,1,1986,0,0,0,0,0,0,0,0,0,0
10924,4,1,1986,0,0,0,0,0,0,0,0,0,0
10924,5,1,1986,0,0,0,0,0,0,0,0,0,0
10925,1,1,1986,0,0,0,0,0,0,0,0,0,0
10925,2,1,1986,0,0,0,0,0,0,0,0,0,0
10926,1,1,1986,0,0,0,0,0,0,0,0,0,0
10926,2,1,1986,0,0,0,0,0,0,0,0,0,0
10927,1,1,1986,10,10,10,10,10,10,10,10,10,10
10928,1,1,1986,0,0,0,0,0,0,0,0,0,0
10929,1,1,1986,27,27,27,27,27,27,27,27,27,27
10930,1,1,1986,20,20,20,20,20,20,20,20,20,20
10931,1,1,1986,16,16,16,16,16,16,16,16,16,16
10932,1,1,1986,8,8,8,8,8,8,8,8,8,8
10933,0,1,1986,23,23,23,23,23,23,23,23,23,23
10933,0,2,1986,0,0,11,42,20,31,8,5,0,0
10933,1,1,1986,0,0,23,0,0,0,0,0,12,12
10934,1,1,1986,24,24,24,24,24,24,24,24,24,24
10934,2,1,1986,0,0,0,0,0,0,0,0,0,0
10935,1,1,1986,0,0,0,0,0,0,0,15,0,0
10935,2,1,1986,3,0,0,0,0,0,0,0,0,0
10935,3,1,1986,0,0,0,0,0,0,0,0,0,0
10936,1,1,1986,0,0,0,0,0,0,0,0,0,0
10936,2,1,1986,0,0,0,0,0,0,0,0,0,0
10937,1,1,1986,0,0,0,0,0,0,0,0,0,0
10938,0,1,1986,0,0,0,0,0,0,0,0,0,0
10938,1,1,1986,0,8,0,0,0,0,0,13,0,0
10939,1,1,1986,0,0,0,0,0,0,0,0,0,0
10939,2,1,1986,0,14,0,0,0,0,0,0,0,0
10940,0,1,1986,11,11,11,11,11,11,11,11,11,11
10940,1,1,1986,0,0,0,0,0,0,0,0,0,23
10941,1,1,1986,0,7,0,21,19,12,15,0,4,0
10942,1,1,1986,20,20,18,9,19,7,0,12,23,6
10943,1,1,1986,26,26,26,26,26,26,26,26,26,26
10944,1,1,1986,33,33,33,33,33,33,33,33,33,33
10944,2,1,1986,15,15,15,15,15,15,15,15,15,15
10945,1,1,1986,0,0,0,0,10,0,0,0,0,0
10945,2,1,1986,0,0,0,0,0,0,11,17,0,0
10946,1,1,1986,0,0,0,0,0,0,0,15,0,0
10947,1,1,1986,29,29,29,29,29,29,29,29,29,29
10948,0,1,1986,0,0,0,0,0,0,0,0,0,0
10948,1,1,1986,0,0,0,0,0,0,0,0,0,16
10949,1,1,1986,8,8,8,8,8,8,8,8,8,8
10950,1,1,1986,0,0,0,0,0,0,20,0,0,0
10951,1,1,1986,28,28,28,28,28,28,28,28,28,28
10952,1,1,1986,0,0,0,0,0,0,0,0,0,0
10952,2,1,1986,0,0,0,0,0,0,0,0,0,0
10952,3,1,1986,22,0,0,0,0,0,0,0,0,0
10952,4,1,1986,0,0,0,0,0,8,0,0,0,0
10952,5,1,1986,0,0,0,0,0,0,0,0,0,0
10953,1,1,1986,0,0,0,0,0,0,0,0,0,0
10953,2,1,1986,13,13,13,13,13,13,13,13,13,13
10954,1,1,1986,0,0,0,0,0,0,0,0,0,0
10955,1,1,1986,14,14,14,14,14,14,14,14,14,14
10955,2,1,1986,0,0,0,0,0,0,0,0,0,0
10956,0,1,1986,0,0,0,0,0,0,0,30,0,0
10956,1,1,1986,0,9,9,0,0,0,0,0,0,0
10957,1,1,1986,0,0,0,28,10,0,8,0,13,0
10958,1,1,1986,0,0,0,0,0,0,0,0,0,0
10958,2,1,1986,0,0,0,0,0,0,0,0,10,0
10959,1,1,1986,0,0,0,0,0,0,0,0,0,0
10959,2,1,1986,0,0,0,0,0,0,0,0,0,0
10960,1,1,1986,13,13,13,13,13,13,13,13,13,13
10961,1,1,1986,13,13,13,13,13,13,13,13,13,13
10962,1,1,1986,23,8,7,25,3,7,7,15,12,13
10963,1,1,1986,10,10,10,10,10,10,10,10,10,10
10963,2,1,1986,3,15,13,0,8,29,4,0,0,17
10964,1,1,1986,0,0,0,0,0,0,0,0,0,0
10964,2,1,1986,0,0,0,16,0,0,9,10,0,0
10965,1,1,1986,0,11,0,0,0,0,0,0,34,0
10965,2,1,1986,0,0,0,0,0,0,0,0,0,0
10966,1,1,1986,5,5,5,5,5,5,5,5,5,5
10966,2,1,1986,0,6,0,18,0,0,19,14,22,23
10967,1,1,1986,4,4,4,4,4,4,4,4,4,4
10967,2,1,1986,5,5,5,5,5,5,5,5,5,5
10968,1,1,1986,0,0,18,0,0,0,0,5,0,0
10968,2,1,1986,0,0,0,0,0,0,0,0,0,4
10969,1,1,1986,18,18,18,18,18,18,18,18,18,18
10969,2,1,1986,0,0,0,0,0,0,0,0,0,0
10970,1,1,1986,9,11,21,5,29,15,4,48,15,11
10971,1,1,1986,18,18,18,18,18,18,18,18,18,18
10971,2,1,1986,0,0,0,0,0,0,0,0,0,0
10972,1,1,1986,19,19,19,19,19,19,19,19,19,19
10973,1,1,1986,0,0,0,0,0,0,0,0,0,0
10973,2,1,1986,0,0,0,0,0,0,0,0,0,0
10974,1,1,1986,0,0,0,0,0,13,0,0,0,0
10974,2,1,1986,0,0,0,0,0,16,0,0,0,0
10975,0,1,1986,0,0,0,0,0,0,0,0,0,0
10975,1,1,1986,0,0,0,0,7,0,0,0,0,0
10976,0,1,1986,0,0,0,14,0,0,0,0,0,0
10976,1,1,1986,0,0,0,0,0,0,0,0,0,0
10977,1,1,1986,11,11,11,11,11,11,11,11,11,11
10977,2,1,1986,26,26,26,26,26,26,26,26,26,26
10978,1,1,1986,0,0,8,0,0,0,0,10,0,0
10979,1,1,1986,0,0,0,0,0,0,0,0,0,0
10979,2,1,1986,0,0,9,21,0,0,0,5,7,0
10980,1,1,1986,0,0,0,0,0,0,0,0,0,0
10980,2,1,1986,11,33,15,8,16,0,8,17,11,17
10980,3,1,1986,0,0,0,0,0,0,0,0,0,0
10981,1,1,1986,0,0,0,0,0,0,0,0,0,0
10981,2,1,1986,0,0,0,0,0,0,0,0,0,0
10982,1,1,1986,26,26,26,26,26,26,26,26,26,26
10983,1,1,1986,0,0,0,0,0,0,0,0,0,0
10983,2,1,1986,0,0,0,0,6,10,0,0,0,0
10984,1,1,1986,10,0,16,3,10,0,0,10,0,19
20001,1,1,1986,0,0,0,0,0,0,8,0,0,10
20001,2,1,1986,0,0,0,0,0,0,0,0,0,0
20002,0,1,1986,0,0,0,0,10,0,0,0,0,0
20002,1,1,1986,11,0,0,0,10,18,0,0,0,0
20003,1,1,1986,17,25,38,43,17,17,0,16,21,17
20004,0,1,1986,0,0,0,0,0,0,0,0,0,0
20004,1,1,1986,0,0,0,0,0,0,0,0,0,0
20005,0,1,1986,0,0,0,0,0,10,0,0,0,0
20005,1,1,1986,0,0,0,0,0,0,0,0,0,0
20006,0,1,1986,0,0,0,0,0,0,0,0,0,0
20006,0,2,1986,0,0,0,0,0,0,0,0,0,0
20006,1,1,1986,0,0,0,0,0,0,0,0,0,0
20007,1,1,1986,0,8,16,17,13,28,23,13,22,17
20008,1,1,1986,0,0,0,0,0,0,0,0,0,0
20008,2,1,1986,0,0,0,0,0,0,3,0,0,0
20009,1,1,1986,25,25,25,25,25,25,25,25,25,25
20010,1,1,1986,28,28,28,28,28,28,28,28,28,28
20010,2,1,1986,0,0,0,0,0,0,0,0,0,0
20011,0,1,1986,0,0,0,0,0,0,0,0,0,0
20011,1,1,1986,16,16,16,16,16,16,16,16,16,16
20011,2,1,1986,0,0,0,0,0,0,10,0,0,12
20012,1,1,1986,0,0,25,0,22,31,17,0,20,0
20012,2,1,1986,0,0,0,0,0,0,0,0,0,0
20013,1,1,1986,19,19,19,19,19,19,19,19,19,19
20014,1,1,1986,0,0,0,0,0,0,0,0,0,2
20014,2,1,1986,24,0,15,0,0,0,0,0,13,0
20015,1,1,1986,14,14,14,14,14,14,14,14,14,14
20016,1,1,1986,5,0,0,22,0,0,8,0,0,0
20016,2,1,1986,0,0,0,0,0,0,0,0,0,0
20017,1,1,1986,0,0,0,0,0,0,0,0,0,0
20017,2,1,1986,0,0,0,0,0,0,0,0,0,0
20018,1,1,1986,0,0,0,0,0,0,0,0,0,0
20018,2,1,1986,16,0,0,0,0,0,0,0,0,0
20019,1,1,1986,0,0,0,0,0,0,0,0,0,0
20019,2,1,1986,0,0,0,0,0,0,0,0,0,0
20020,1,1,1986,17,17,17,17,17,17,17,17,17,17
20021,1,1,1986,24,15,11,15,15,15,12,9,4,38
20022,0,1,1986,0,0,0,0,0,0,0,0,0,0
20022,1,1,1986,0,0,0,0,0,11,14,0,22,0
20023,1,1,1986,17,0,28,8,0,4,18,0,0,10
20024,1,1,1986,0,0,0,0,0,0,0,0,0,0
20025,1,1,1986,19,12,21,15,14,15,25,21,30,17
20025,2,1,1986,0,0,0,0,0,0,0,0,0,0
20026,1,1,1986,0,0,0,0,0,0,0,0,0,0
20026,2,1,1986,0,0,0,0,0,0,0,0,0,0
20027,1,1,1986,13,13,13,13,13,13,13,13,13,13
20028,1,1,1986,0,0,0,0,0,0,0,0,0,0
20029,1,1,1986,0,0,8,0,0,0,0,0,0,0
20030,1,1,1986,0,0,0,0,0,0,0,0,0,0
20030,2,1,1986,18,0,0,17,0,0,0,0,0,0
20031,0,1,1986,0,0,0,0,0,0,0,0,0,0
20031,0,2,1986,0,0,0,0,0,0,0,0,0,0
20031,1,1,1986,17,17,17,17,17,17,17,17,17,17
20032,1,1,1986,0,0,17,11,0,15,0,6,6,5
20032,2,1,1986,0,0,0,0,0,4,18,11,5,0
20033,1,1,1986,8,12,10,15,13,6,7,10,12,8
20034,0,1,1986,24,24,24,24,24,24,24,24,24,24
20034,0,2,1986,0,11,14,0,26,0,19,7,25,0
20034,1,1,1986,13,13,13,13,13,13,13,13,13,13
20035,1,1,1986,14,14,14,14,14,14,14,14,14,14
20035,2,1,1986,0,0,0,9,0,0,0,0,0,0
20036,0,1,1986,0,0,0,0,0,0,0,0,0,0
20036,1,1,1986,11,11,11,11,11,11,11,11,11,11
20037,0,1,1986,26,26,26,26,26,26,26,26,26,26
20037,1,1,1986,7,7,7,7,7,7,7,7,7,7
20038,1,1,1986,0,0,0,0,0,0,0,10,0,10
20038,2,1,1986,0,0,0,30,14,0,15,0,0,15
20039,1,1,1986,15,19,13,0,7,18,19,15,14,19
20040,1,1,1986,18,14,15,10,8,12,14,11,16,5
20040,2,1,1986,0,0,0,0,0,9,0,0,0,0
20040,3,1,1986,0,0,0,0,0,3,0,0,0,0
20041,1,1,1986,4,4,4,4,4,4,4,4,4,4
20042,1,1,1986,26,11,26,3,20,16,13,11,10,20
20043,1,1,1986,18,18,18,18,18,18,18,18,18,18
20045,1,1,1986,37,37,37,37,37,37,37,37,37,37
20045,2,1,1986,22,22,22,22,22,22,22,22,22,22
20046,1,1,1986,0,0,0,0,0,0,0,0,0,0
20046,2,1,1986,0,0,0,0,0,0,0,0,0,0
20047,1,1,1986,0,0,0,0,0,0,0,0,0,0
20048,1,1,1986,23,23,23,23,23,23,23,23,23,23
20048,2,1,1986,0,9,0,0,0,0,0,12,0,0
20049,1,1,1986,19,19,19,19,19,19,19,19,19,19
20049,2,1,1986,0,0,0,0,0,0,0,0,0,0
20049,3,1,1986,20,13,15,12,22,10,34,8,19,30
20050,1,1,1986,0,0,0,0,0,0,0,0,0,0
20050,2,1,1986,0,0,0,0,0,0,0,0,0,0
20051,1,1,1986,0,0,0,0,0,0,8,19,8,0
20052,1,1,1986,0,0,5,18,0,18,0,0,0,0
20053,1,1,1986,2,2,2,2,2,2,2,2,2,2
20054,1,1,1986,0,0,0,0,0,0,0,0,0,0
20055,0,1,1986,39,39,39,39,39,39,39,39,39,39
20055,1,1,1986,20,20,20,20,20,20,20,20,20,20
20056,1,1,1986,3,3,3,3,3,3,3,3,3,3
20057,1,1,1986,0,0,0,0,0,0,0,0,0,0
20057,2,1,1986,0,0,0,0,0,10,17,0,0,0
20058,1,1,1986,0,0,0,0,0,0,0,0,0,0
20058,2,1,1986,0,0,0,0,0,0,0,0,0,0
20058,3,1,1986,0,0,0,0,0,0,0,0,0,0
20059,1,1,1986,29,29,29,29,29,29,29,29,29,29
20059,2,1,1986,0,0,0,0,0,0,0,0,0,0
20060,1,1,1986,0,0,0,0,0,0,0,0,0,0
20060,2,1,1986,0,0,0,0,0,0,0,0,0,0
20061,0,1,1986,36,22,0,18,27,10,15,28,28,0
20061,1,1,1986,5,5,5,5,5,5,5,5,5,5
20062,1,1,1986,20,20,20,20,20,20,20,20,20,20
20063,1,1,1986,2,2,2,2,2,2,2,2,2,2
20064,1,1,1986,0,0,0,0,0,0,0,0,0,0
20064,2,1,1986,0,0,0,0,0,0,0,0,0,0
20065,1,1,1986,0,0,0,0,0,0,0,0,0,0
20065,2,1,1986,0,0,0,0,0,0,0,0,0,0
20066,1,1,1986,0,0,0,0,0,0,0,0,0,0
20066,2,1,1986,0,0,0,0,0,0,0,0,0,0
20066,3,1,1986,0,0,0,0,0,0,0,0,0,0
20068,0,1,1986,0,0,0,0,0,0,0,0,0,0
20068,1,1,1986,0,0,0,0,0,0,0,0,0,0
20069,1,1,1986,13,10,16,10,23,15,9,11,10,12
20069,2,1,1986,0,3,16,20,13,8,0,0,7,0
20070,1,1,1986,25,25,25,25,25,25,25,25,25,25
20071,1,1,1986,0,0,0,0,0,0,0,0,0,0
20071,2,1,1986,0,0,0,0,0,0,0,0,0,0
20072,1,1,1986,18,18,18,18,18,18,18,18,18,18
20073,1,1,1986,32,32,32,32,32,32,32,32,32,32
20074,1,1,1986,0,0,0,0,0,0,0,0,0,0
20075,1,1,1986,19,19,19,19,19,19,19,19,19,19
20075,2,1,1986,0,0,0,0,0,0,0,0,0,0
20076,1,1,1986,22,22,22,22,22,22,22,22,22,22
20077,1,1,1986,30,30,30,30,30,30,30,30,30,30
20077,2,1,1986,1,1,1,1,1,1,1,1,1,1
20078,1,1,1986,0,0,0,17,0,0,0,0,0,0
20078,2,1,1986,0,0,0,0,0,0,0,0,0,0
20079,1,1,1986,0,0,0,0,0,0,0,0,0,0
20079,2,1,1986,0,0,0,0,0,0,0,0,0,0
20080,1,1,1986,20,20,20,20,20,20,20,20,20,20
20081,1,1,1986,24,24,24,24,24,24,24,24,24,24
20082,1,1,1986,25,25,25,25,25,25,25,25,25,25
20082,2,1,1986,0,0,0,0,0,0,0,0,4,0
20083,1,1,1986,0,0,0,0,0,0,0,0,0,0
20083,2,1,1986,0,0,0,0,0,0,0,0,0,0
20083,3,1,1986,0,0,0,0,0,0,0,0,0,0
20084,0,1,1986,0,0,0,0,0,0,0,0,0,0
20084,1,1,1986,0,0,0,0,0,0,0,0,0,0
20085,1,1,1986,21,21,21,21,21,21,21,21,21,21
20086,1,1,1986,14,24,11,14,14,7,0,17,20,26
20087,1,1,1986,0,0,0,0,0,0,0,0,16,0
20087,2,1,1986,0,0,0,0,0,0,0,0,0,0
20087,3,1,1986,0,0,0,0,0,0,0,0,0,0
20087,4,1,1986,0,0,0,0,0,0,0,0,0,0
20087,5,1,1986,0,10,22,0,0,0,0,0,0,0
20088,0,1,1986,0,0,0,0,0,0,0,0,0,0
20088,1,1,1986,25,25,25,25,25,25,25,25,25,25
20089,1,1,1986,0,0,0,0,0,0,0,0,0,0
20089,2,1,1986,0,0,0,0,0,0,0,0,0,0
20090,1,1,1986,12,12,12,12,12,12,12,12,12,12
20091,1,1,1986,0,0,4,0,0,0,0,0,0,0
20091,2,1,1986,18,0,0,0,0,0,0,0,0,15
40001,1,1,1986,0,7,30,28,0,15,8,10,0,14
40002,1,1,1986,0,0,0,0,0,0,0,0,0,0
40002,2,1,1986,0,0,0,0,0,0,0,0,0,0
40003,0,1,1986,0,31,12,13,0,37,13,15,8,15
40003,1,1,1986,0,0,0,0,0,0,0,0,0,0
40004,1,1,1986,2,2,2,2,2,2,2,2,2,2
40005,1,1,1986,0,0,0,0,0,0,0,0,0,0
40005,2,1,1986,0,0,0,0,0,0,0,0,0,0
40005,3,1,1986,0,0,0,0,0,0,0,0,0,0
40006,1,1,1986,0,0,0,0,0,0,0,0,0,0
40007,1,1,1986,0,0,0,0,0,0,0,0,0,0
40007,2,1,1986,0,0,0,0,0,0,0,0,0,0
40008,0,1,1986,12,12,12,12,12,12,12,12,12,12
40008,1,1,1986,0,0,0,0,0,0,0,0,0,0
40009,1,1,1986,0,0,0,0,0,0,0,0,0,0
40010,1,1,1986,0,0,0,0,0,0,0,0,0,0
40010,2,1,1986,18,0,0,0,0,18,0,0,24,0
40011,0,1,1986,13,13,13,13,13,13,13,13,13,13
40011,1,1,1986,0,0,0,0,0,0,0,0,0,0
40012,1,1,1986,0,0,0,0,0,0,0,0,0,0
40013,1,1,1986,0,10,0,0,0,0,0,12,0,0
40014,0,1,1986,0,0,0,0,0,0,0,0,0,0
40014,1,1,1986,0,22,0,0,0,0,0,0,0,0
40015,1,1,1986,0,0,0,0,0,0,0,0,0,0
40016,1,1,1986,8,5,11,3,11,17,9,4,5,15
40016,2,1,1986,18,14,15,11,36,24,18,10,20,15
40017,0,1,1986,6,25,19,8,18,35,26,14,11,19
40017,1,1,1986,11,15,0,4,12,6,0,15,31,0
40018,1,1,1986,0,0,0,0,0,0,0,0,0,0
40018,2,1,1986,23,0,0,0,10,0,0,0,0,0
40018,3,1,1986,0,0,0,0,0,0,0,0,0,0
40019,0,1,1986,31,31,31,31,31,31,31,31,31,31
40019,1,1,1986,0,0,0,0,0,0,0,0,0,0
40020,0,1,1986,0,0,0,0,0,0,0,0,0,0
40020,1,1,1986,0,7,13,0,11,12,12,0,10,0
40021,1,1,1986,0,0,0,0,0,0,0,0,0,0
40022,0,1,1986,7,7,7,7,7,7,7,7,7,7
40022,1,1,1986,0,0,0,0,0,10,0,0,0,0
40023,1,1,1986,0,0,0,0,0,0,0,0,0,0
40023,2,1,1986,0,0,0,0,0,0,0,0,0,0
40024,1,1,1986,4,4,4,4,4,4,4,4,4,4
40024,2,1,1986,24,24,24,24,24,24,24,24,24,24
40025,1,1,1986,19,24,7,30,10,21,22,21,8,20
40026,1,1,1986,0,0,0,0,0,0,0,0,0,0
40027,1,1,1986,0,0,0,0,0,0,0,0,0,0
40028,1,1,1986,0,0,0,0,0,0,0,0,0,0
40028,2,1,1986,0,0,0,0,0,0,0,0,0,0
40030,0,1,1986,26,26,26,26,26,26,26,26,26,26
40030,1,1,1986,0,7,0,0,0,0,14,32,0,0
40031,1,1,1986,0,0,0,0,0,0,0,0,0,0
40031,2,1,1986,0,0,0,0,0,0,0,0,0,0
40032,0,1,1986,0,0,0,0,0,0,0,0,0,0
40032,1,1,1986,0,0,0,0,0,0,0,0,0,0
40033,0,1,1986,0,0,0,0,0,0,0,0,0,0
40033,1,1,1986,0,0,20,0,18,0,0,0,0,0
40033,2,1,1986,0,0,0,0,0,0,0,0,0,0
40034,1,1,1986,0,0,0,0,0,0,0,0,0,0
40034,2,1,1986,0,0,0,0,0,14,0,0,13,0
40035,1,1,1986,0,0,0,0,0,0,0,0,0,0
40036,1,1,1986,0,0,0,0,0,0,0,0,0,0
40037,1,1,1986,0,0,0,0,16,0,0,0,0,0
40038,1,1,1986,13,13,13,13,13,13,13,13,13,13
40039,1,1,1986,5,5,5,5,5,5,5,5,5,5
40040,1,1,1986,0,0,0,7,0,0,0,0,0,0
40040,2,1,1986,0,0,0,11,14,0,0,10,18,0
40041,1,1,1986,12,12,12,12,12,12,12,12,12,12
40041,2,1,1986,0,0,0,0,0,0,0,0,0,0
40042,1,1,1986,0,0,0,0,0,0,0,0,0,0
40042,2,1,1986,0,0,0,0,0,0,0,0,0,0
40043,1,1,1986,0,0,0,0,0,0,0,0,0,0
40043,2,1,1986,0,0,0,0,0,0,0,0,0,0
40044,1,1,1986,0,0,0,0,0,0,0,0,0,0
40044,2,1,1986,30,16,11,26,14,0,14,0,11,5
40045,2,1,1986,0,0,0,0,0,0,0,0,0,0
40046,1,1,1986,0,0,0,0,0,0,0,0,0,0
40046,2,1,1986,0,0,0,0,0,0,0,0,0,0
40047,1,1,1986,15,15,15,15,15,15,15,15,15,15
40048,1,1,1986,21,21,21,21,21,21,21,21,21,21
40049,1,1,1986,0,0,0,0,0,0,0,0,0,0
40049,2,1,1986,0,0,0,0,0,0,0,0,0,0
40049,3,1,1986,0,0,0,0,0,0,0,0,0,0
40050,1,1,1986,25,19,0,0,12,0,0,12,0,0
40051,1,1,1986,0,0,0,0,0,0,0,0,0,0
40051,2,1,1986,0,0,0,0,0,0,0,0,0,0
40052,1,1,1986,0,0,0,0,0,0,4,0,0,0
40052,2,1,1986,6,11,4,17,12,14,10,9,20,22
40053,1,1,1986,0,15,20,0,20,0,0,18,21,13
40054,1,1,1986,0,0,0,0,0,0,0,0,0,0
40055,0,1,1986,0,0,16,0,0,11,0,0,0,0
40055,0,2,1986,0,0,0,0,6,41,0,10,0,14
40055,1,1,1986,0,0,0,0,0,0,0,0,0,0
40055,2,1,1986,0,0,0,0,0,0,0,0,0,0
40056,1,1,1986,12,12,12,12,12,12,12,12,12,12
40056,2,1,1986,0,16,0,0,0,0,0,0,0,0
40057,0,1,1986,30,30,30,30,30,30,30,30,30,30
40057,1,1,1986,0,0,0,0,0,0,0,0,0,0
40058,1,1,1986,10,17,0,21,0,0,0,0,7,13
40059,1,1,1986,18,18,18,18,18,18,18,18,18,18
40059,2,1,1986,11,12,0,16,16,10,7,22,12,6
40060,1,1,1986,2,2,2,2,2,2,2,2,2,2
40060,2,1,1986,0,0,0,0,0,0,0,0,0,0
40061,1,1,1986,0,0,0,0,0,0,0,0,0,0
40061,2,1,1986,0,0,0,0,0,0,0,11,0,0
40062,1,1,1986,0,0,0,0,0,0,0,0,0,0
40062,2,1,1986,0,0,0,0,0,0,0,0,0,0
40063,1,1,1986,18,18,18,18,18,18,18,18,18,18
40063,2,1,1986,0,0,11,0,0,0,0,0,0,0
40063,3,1,1986,23,0,0,0,0,0,0,0,0,0
40064,1,1,1986,0,0,0,0,0,0,0,0,0,0
40065,1,1,1986,13,13,13,13,13,13,13,13,13,13
40065,2,1,1986,0,0,0,0,0,0,0,0,30,0
40066,1,1,1986,3,3,3,3,3,3,3,3,3,3
40066,2,1,1986,0,0,0,0,0,0,0,0,0,0
40066,3,1,1986,0,0,0,0,0,0,0,0,0,12
40066,4,1,1986,0,0,0,0,0,0,0,0,0,0
40067,1,1,1986,0,0,0,0,0,0,0,0,0,0
40067,2,1,1986,0,0,0,0,0,0,0,0,0,0
40068,0,1,1986,0,0,0,0,0,0,0,0,0,0
40068,0,2,1986,0,0,0,0,0,0,0,0,0,0
40068,1,1,1986,0,11,0,0,0,0,0,0,0,0
40069,0,1,1986,0,19,0,34,0,0,18,29,14,42
40069,1,1,1986,0,0,0,0,0,0,0,0,0,0
40070,1,1,1986,1,1,1,1,1,1,1,1,1,1
40071,0,1,1986,0,0,0,0,0,0,0,0,0,0
40071,1,1,1986,0,0,0,0,0,15,0,0,0,0
40072,1,1,1986,16,16,16,16,16,16,16,16,16,16
40072,2,1,1986,0,0,0,0,0,0,0,0,0,0
40073,0,1,1986,11,20,33,23,14,22,31,11,16,13
40073,1,1,1986,0,5,10,0,0,0,0,11,0,0
40074,0,1,1986,17,17,17,17,17,17,17,17,17,17
40074,1,1,1986,0,0,0,11,0,0,0,0,0,0
40075,0,1,1986,28,28,28,28,28,28,28,28,28,28
40075,1,1,1986,0,0,0,0,0,0,0,0,0,15
40076,0,1,1986,17,17,17,17,17,17,17,17,17,17
40076,1,1,1986,0,0,0,0,0,0,0,0,11,0
40077,0,1,1986,0,0,0,0,0,0,0,0,0,0
40077,1,1,1986,0,14,27,7,19,18,8,0,7,20
40078,1,1,1986,0,0,0,0,0,0,0,0,0,0
40079,0,1,1986,20,20,20,20,20,20,20,20,20,20
40079,1,1,1986,0,0,0,0,0,0,0,0,0,0
40080,1,1,1986,18,0,0,0,0,0,0,0,0,0
40081,1,1,1986,0,0,0,0,0,12,0,0,0,6
40081,2,1,1986,0,0,0,0,0,0,0,0,0,0
40082,1,1,1986,0,0,0,0,0,0,0,0,0,0
40082,2,1,1986,4,4,4,4,4,4,4,4,4,4
40083,1,1,1986,0,0,0,0,0,0,0,0,8,0
40083,2,1,1986,19,0,0,7,0,0,3,0,0,0
40083,3,1,1986,0,0,0,0,0,0,0,0,0,0
40084,1,1,1986,0,0,0,0,0,0,0,0,0,0
40084,2,1,1986,0,0,0,0,0,0,0,0,0,0
40085,1,1,1986,21,21,21,21,21,21,21,21,21,21
40086,1,1,1986,17,17,17,17,17,17,17,17,17,17
40086,2,1,1986,0,0,0,0,0,0,0,0,0,0
40087,1,1,1986,17,7,12,0,6,0,14,6,0,13
40088,1,1,1986,0,0,23,9,0,0,0,8,0,17
40089,1,1,1986,22,22,22,22,22,22,22,22,22,22
40089,2,1,1986,26,20,22,28,8,21,0,19,18,19
40090,1,1,1986,9,9,9,9,9,9,9,9,9,9
40090,2,1,1986,14,11,10,9,14,19,11,30,15,16
40091,1,1,1986,0,0,0,0,0,0,0,0,0,0
40091,2,1,1986,0,0,0,3,0,0,0,0,0,0
40092,1,1,1986,0,0,0,0,0,0,0,0,0,0
40093,1,1,1986,18,18,18,18,18,18,18,18,18,18
40094,1,1,1986,16,8,22,23,9,14,16,15,22,12
40095,0,1,1986,10,10,10,10,10,10,10,10,10,10
40095,1,1,1986,0,0,0,0,13,0,0,0,0,0
40096,1,1,1986,8,0,0,9,0,7,0,0,0,0
40096,2,1,1986,25,25,25,25,25,25,25,25,25,25
40097,0,1,1986,32,22,15,22,27,8,17,25,12,0
40097,0,2,1986,25,14,0,8,30,19,5,0,42,3
40097,2,1,1986,0,0,0,0,0,0,16,0,0,14
40098,1,1,1986,0,0,0,0,0,0,0,0,0,0
40099,1,1,1986,9,9,9,9,9,9,9,9,9,9
40099,2,1,1986,12,0,11,0,0,5,0,0,0,0
40099,3,1,1986,0,0,0,0,13,0,9,0,0,0
40100,0,1,1986,0,0,0,0,0,0,0,0,0,0
40100,1,1,1986,0,0,0,0,0,0,0,0,0,0
40101,0,1,1986,15,0,0,0,0,14,0,0,0,0
40101,1,1,1986,0,0,0,0,0,0,0,0,0,0
40102,1,1,1986,3,20,13,9,22,10,10,7,15,13
40103,1,1,1986,0,0,0,0,0,0,0,0,0,0
40104,0,1,1986,0,0,0,0,0,0,0,0,0,0
40104,1,1,1986,0,0,0,0,0,0,0,0,0,0
40105,1,1,1986,0,0,0,0,0,0,13,0,0,0
40105,2,1,1986,0,0,0,0,0,0,0,0,0,0
40106,1,1,1986,0,24,12,0,30,0,12,21,0,33
40107,1,1,1986,16,16,16,16,16,16,16,16,16,16
40108,0,1,1986,0,0,0,0,0,0,0,0,0,0
40108,0,2,1986,10,0,7,9,0,0,6,16,0,0
40108,1,1,1986,0,0,0,9,3,0,0,0,0,0
40109,1,1,1986,18,18,18,18,18,18,18,18,18,18