ST_CASE,VEH_NO,PER_NO,YEAR,P1,P2,P3,P4,P5,P6,P7,P8,P9,P10
40109,2,1,1986,0,0,0,0,0,0,0,0,0,0
40110,1,1,1986,0,0,0,0,0,0,0,0,0,0
40110,2,1,1986,0,0,0,0,0,0,0,0,0,0
40111,1,1,1986,0,0,0,0,0,0,0,0,0,0
40111,2,1,1986,0,0,0,0,0,0,0,0,0,0
40112,1,1,1986,0,0,0,0,17,0,0,0,0,0
40112,2,1,1986,0,0,0,0,0,0,0,0,0,0
40113,1,1,1986,11,11,11,11,11,11,11,11,11,11
40113,2,1,1986,6,6,6,6,6,6,6,6,6,6
40114,1,1,1986,11,11,11,11,11,11,11,11,11,11
40115,1,1,1986,0,19,8,34,8,19,4,27,15,23
40116,0,1,1986,0,0,0,0,0,0,0,0,0,0
40116,1,1,1986,0,0,0,0,0,0,0,0,0,0
40117,1,1,1986,0,0,0,0,0,0,0,0,0,0
40117,2,1,1986,0,0,0,0,0,0,0,0,0,0
40118,1,1,1986,0,0,0,0,0,0,0,0,0,0
40118,2,1,1986,0,0,0,0,0,0,0,0,0,0
40119,1,1,1986,21,0,0,0,13,0,29,14,25,23
40119,2,1,1986,0,16,0,0,0,0,0,0,0,0
40120,1,1,1986,0,0,0,0,0,0,0,0,0,0
40120,2,1,1986,6,6,6,6,6,6,6,6,6,6
40120,3,1,1986,0,0,0,0,0,0,0,0,0,0
40121,0,1,1986,0,0,0,0,0,0,0,0,0,0
40121,1,1,1986,0,0,0,0,0,0,0,0,0,0
40122,1,1,1986,0,0,0,0,0,0,0,0,0,0
40122,2,1,1986,0,0,0,0,0,0,0,0,0,0
40123,1,1,1986,0,0,0,0,7,15,0,0,9,0
40123,2,1,1986,18,18,18,18,18,18,18,18,18,18
40124,1,1,1986,24,24,24,24,24,24,24,24,24,24
40124,2,1,1986,0,3,8,0,7,10,0,0,0,0
40125,1,1,1986,0,0,0,0,18,0,0,0,0,0
40125,2,1,1986,0,0,0,0,0,0,0,0,0,0
40126,1,1,1986,0,0,0,0,0,0,0,0,0,6
40126,2,1,1986,0,0,0,0,0,0,20,0,0,0
40126,3,1,1986,0,32,0,0,0,0,0,0,0,0
40127,1,1,1986,0,0,0,0,0,0,0,0,0,0
40128,1,1,1986,0,0,0,0,0,0,0,0,0,0
40129,1,1,1986,0,30,0,38,0,0,0,21,0,8
40130,1,1,1986,0,0,14,0,0,0,0,0,0,0
40130,2,1,1986,0,0,0,0,0,0,0,0,0,0
40130,3,1,1986,0,0,0,0,0,0,0,0,0,0
40131,1,1,1986,17,15,13,22,30,33,21,27,30,10
40131,2,1,1986,0,0,0,0,0,0,0,0,22,0
40132,1,1,1986,0,0,0,0,0,0,0,0,0,0
40132,2,1,1986,0,0,0,0,0,0,0,0,0,0
40133,1,1,1986,20,12,22,18,14,27,13,10,26,39
40134,1,1,1986,0,0,0,0,0,0,0,0,0,0
40135,1,1,1986,0,0,0,0,0,0,0,0,0,0
40135,2,1,1986,0,0,0,0,0,0,0,0,0,0
40136,1,1,1986,9,9,9,9,9,9,9,9,9,9
40137,1,1,1986,0,0,0,0,0,0,0,0,0,0
40138,1,1,1986,28,28,28,28,28,28,28,28,28,28
40138,2,1,1986,15,0,0,0,0,0,0,0,0,0
40139,1,1,1986,13,13,13,13,13,13,13,13,13,13
40140,0,1,1986,0,0,0,0,0,0,0,0,0,0
40140,1,1,1986,0,16,0,0,15,0,0,0,0,0
40140,2,1,1986,0,0,7,11,0,0,0,0,0,0
40141,0,1,1986,0,0,0,0,0,0,0,0,0,0
40141,1,1,1986,27,26,0,16,16,10,5,12,5,0
40142,1,1,1986,0,0,0,0,0,0,0,0,0,0
40143,1,1,1986,0,0,0,0,0,0,0,0,0,0
40144,1,1,1986,10,10,10,10,10,10,10,10,10,10
40145,1,1,1986,0,0,0,0,0,0,0,0,0,0
40145,2,1,1986,2,0,0,0,0,0,0,0,0,23
40146,1,1,1986,0,10,0,0,0,0,0,0,0,12
40146,2,1,1986,0,0,0,0,0,0,0,0,0,0
40146,3,1,1986,0,0,0,0,0,0,0,0,0,0
40147,1,1,1986,0,0,0,0,11,0,11,9,0,0
40147,2,1,1986,0,12,0,12,0,0,0,0,0,0
40148,1,1,1986,16,16,16,16,16,16,16,16,16,16
40149,0,1,1986,0,0,0,0,0,0,0,0,0,0
40149,1,1,1986,0,0,0,0,0,0,0,0,0,0
40150,0,1,1986,0,22,27,0,0,0,0,23,4,11
40150,1,1,1986,0,0,0,0,0,0,0,22,10,0
40151,1,1,1986,11,22,23,24,22,20,21,15,18,12
40151,2,1,1986,0,0,0,0,0,0,0,0,0,0
40152,1,1,1986,0,0,0,0,7,0,0,0,0,0
40152,2,1,1986,0,0,0,14,0,0,0,0,0,0
40153,1,1,1986,15,15,15,15,15,15,15,15,15,15
40154,1,1,1986,0,0,0,0,0,0,0,0,0,0
40155,1,1,1986,0,0,0,0,0,0,0,0,0,0
40155,2,1,1986,0,0,0,0,0,0,0,0,0,0
40156,1,1,1986,3,3,3,3,3,3,3,3,3,3
40157,1,1,1986,0,0,0,0,0,0,0,0,0,0
40157,2,1,1986,0,0,0,0,0,0,0,0,0,0
40158,1,1,1986,0,0,0,0,0,0,21,0,0,0
40158,2,1,1986,0,13,0,0,0,0,0,0,9,0
40159,0,1,1986,37,37,37,37,37,37,37,37,37,37
40159,1,1,1986,0,0,0,0,0,0,0,0,0,0
40160,1,1,1986,0,20,14,9,26,12,0,0,0,17
40160,2,1,1986,0,0,11,0,0,0,0,0,0,0
40160,3,1,1986,0,0,0,0,0,0,0,0,0,0
40161,1,1,1986,0,0,0,0,0,0,0,0,12,0
40161,2,1,1986,5,14,0,16,9,22,26,12,0,11
40162,1,1,1986,0,0,0,0,0,0,0,0,0,0
40162,2,1,1986,0,0,0,0,0,0,0,0,0,0
40163,1,1,1986,0,9,9,12,0,6,20,7,22,22
40163,2,1,1986,12,0,17,11,0,8,9,12,18,6
40164,0,1,1986,18,18,18,18,18,18,18,18,18,18
40164,1,1,1986,21,27,0,19,22,12,23,0,24,0
40165,0,1,1986,10,10,10,10,10,10,10,10,10,10
40165,1,1,1986,0,13,28,31,0,13,6,13,0,23
40166,1,1,1986,0,0,0,0,0,0,0,0,0,0
40167,1,1,1986,0,0,0,0,0,0,0,0,22,0
40168,0,1,1986,24,24,24,24,24,24,24,24,24,24
40168,1,1,1986,0,0,0,0,31,0,0,0,0,0
40169,1,1,1986,0,0,0,0,0,0,0,0,0,0
40169,2,1,1986,0,0,0,0,0,0,0,0,0,0
40169,3,1,1986,0,0,0,0,0,0,0,0,0,0
40170,1,1,1986,0,0,0,0,0,0,0,0,0,0
40170,2,1,1986,0,0,0,0,0,0,0,0,0,0
40172,1,1,1986,3,3,3,3,3,3,3,3,3,3
40172,2,1,1986,0,0,0,0,0,0,0,0,0,0
40172,3,1,1986,0,0,0,0,0,0,0,0,0,0
40173,1,1,1986,16,16,16,16,16,16,16,16,16,16
40174,1,1,1986,32,32,32,32,32,32,32,32,32,32
40174,2,1,1986,10,10,10,10,10,10,10,10,10,10
40175,1,1,1986,23,23,23,23,23,23,23,23,23,23
40175,2,1,1986,0,0,0,0,0,0,0,0,0,0
40175,3,1,1986,0,0,0,0,0,0,0,0,0,0
40176,1,1,1986,18,18,18,18,18,18,18,18,18,18
40176,2,1,1986,0,0,0,0,0,0,0,0,0,0
40177,1,1,1986,8,0,13,11,0,15,0,14,7,16
40178,0,1,1986,15,15,15,15,15,15,15,15,15,15
40178,1,1,1986,0,0,0,0,0,0,0,0,0,0
40179,0,1,1986,12,12,12,12,12,12,12,12,12,12
40179,0,2,1986,13,13,13,13,13,13,13,13,13,13
40179,1,1,1986,5,5,5,5,5,5,5,5,5,5
40180,1,1,1986,0,0,0,0,0,0,0,0,0,0
40181,1,1,1986,0,0,0,14,13,0,9,0,6,0
40182,1,1,1986,20,20,20,20,20,20,20,20,20,20
40183,1,1,1986,0,0,0,0,0,0,0,0,0,0
40183,2,1,1986,0,0,0,18,0,7,8,15,0,19
40184,1,1,1986,0,0,0,0,0,0,0,0,0,0
40184,2,1,1986,0,0,0,0,0,0,0,0,0,0
40185,1,1,1986,0,0,0,0,0,0,0,0,0,0
40185,2,1,1986,0,0,0,0,0,0,0,0,0,0
40185,3,1,1986,0,0,0,0,13,0,0,0,0,0
40186,1,1,1986,24,24,24,24,24,24,24,24,24,24
40186,2,1,1986,0,0,0,0,0,0,0,0,0,0
40187,1,1,1986,0,0,0,0,0,0,0,0,0,0
40187,2,1,1986,0,0,0,0,0,0,5,0,0,11
40187,3,1,1986,0,19,0,0,0,13,0,0,0,0
40188,1,1,1986,0,0,0,0,0,0,0,7,0,0
40189,0,1,1986,7,7,7,7,7,7,7,7,7,7
40189,1,1,1986,0,0,0,0,0,0,0,0,0,0
40190,1,1,1986,0,0,0,0,0,0,4,0,0,0
40190,2,1,1986,0,0,0,0,0,0,0,0,0,0
40191,1,1,1986,0,0,0,7,0,0,0,0,0,0
40192,1,1,1986,3,3,3,3,3,3,3,3,3,3
40192,2,1,1986,0,0,0,0,0,0,0,0,0,0
40193,1,1,1986,0,0,0,14,0,19,0,0,0,0
40194,1,1,1986,0,0,0,0,0,0,0,0,0,0
40194,2,1,1986,0,0,0,0,0,0,0,0,0,0
40195,1,1,1986,12,12,12,12,12,12,12,12,12,12
40196,1,1,1986,0,0,0,0,0,0,0,0,0,0
40196,2,1,1986,0,0,0,0,0,0,0,0,0,0
40196,3,1,1986,0,0,0,0,0,0,0,0,0,0
40197,1,1,1986,0,0,0,0,0,0,0,0,0,0
40197,2,1,1986,0,0,0,0,0,0,0,0,0,0
40198,1,1,1986,21,0,0,0,0,0,0,0,0,0
40199,1,1,1986,23,23,23,23,23,23,23,23,23,23
40199,2,1,1986,0,0,0,0,0,0,0,0,0,0
40200,1,1,1986,0,0,0,0,0,0,0,0,0,0
40201,1,1,1986,6,6,6,6,6,6,6,6,6,6
40201,2,1,1986,0,0,0,0,0,0,0,0,0,0
40202,1,1,1986,0,0,11,0,0,0,0,0,0,5
40202,2,1,1986,0,0,0,0,0,0,0,0,0,0
40203,1,1,1986,0,0,0,0,0,0,0,0,0,0
40204,0,1,1986,0,0,0,0,0,0,0,0,0,0
40204,1,1,1986,0,0,0,0,0,0,0,0,0,0
40205,1,1,1986,7,18,0,0,0,23,0,12,0,0
40205,2,1,1986,14,14,14,14,14,14,14,14,14,14
40206,0,1,1986,0,0,0,0,0,13,0,0,21,0
40206,1,1,1986,19,19,19,19,19,19,19,19,19,19
40207,1,1,1986,9,9,9,9,9,9,9,9,9,9
40208,1,1,1986,0,21,14,0,0,10,0,10,0,13
40209,1,1,1986,16,16,16,16,16,16,16,16,16,16
40209,2,1,1986,0,0,0,0,0,0,0,0,0,0
40210,1,1,1986,0,0,0,0,0,0,0,0,0,0
40210,2,1,1986,0,0,0,0,0,0,15,0,0,0
40211,0,1,1986,25,26,14,11,23,36,6,12,6,11
40211,1,1,1986,0,0,0,0,0,13,0,0,0,0
40212,1,1,1986,16,16,16,16,16,16,16,16,16,16
40213,1,1,1986,19,19,19,19,19,19,19,19,19,19
40214,1,1,1986,0,0,0,0,0,0,0,0,0,0
40215,0,1,1986,0,0,0,0,0,0,0,0,0,0
40215,1,1,1986,0,0,0,0,0,0,0,0,0,0
40216,1,1,1986,0,0,0,0,0,0,0,0,0,0
40217,0,2,1986,0,7,0,22,0,0,0,0,0,0
40217,1,1,1986,14,14,14,14,14,14,14,14,14,14
40218,1,1,1986,10,14,11,22,11,19,11,22,33,33
40219,1,1,1986,11,5,0,18,13,10,10,9,3,0
40220,1,1,1986,0,0,0,0,0,0,0,0,0,0
40221,1,1,1986,0,0,0,0,0,0,0,0,0,0
40221,2,1,1986,0,0,0,0,0,0,0,0,0,0
40222,1,1,1986,29,29,29,29,29,29,29,29,29,29
40223,0,1,1986,25,25,25,25,25,25,25,25,25,25
40223,1,1,1986,0,0,0,0,7,0,0,0,0,0
40224,1,1,1986,0,0,0,0,0,11,18,0,0,0
40225,1,1,1986,0,0,0,0,0,0,0,0,0,0
40225,2,1,1986,0,10,0,0,0,0,0,0,0,0
40226,0,1,1986,10,37,0,0,0,0,0,0,0,18
40226,1,1,1986,0,0,0,0,0,0,0,0,0,0
40227,0,1,1986,0,31,22,32,16,8,35,30,22,33
40227,1,1,1986,0,0,0,0,0,0,0,0,0,0
40228,0,1,1986,18,18,18,18,18,18,18,18,18,18
40228,1,1,1986,0,0,13,18,0,0,0,0,0,0
40229,1,1,1986,18,33,21,10,11,9,13,17,15,13
40229,2,1,1986,0,0,0,0,0,0,0,0,0,0
40230,1,1,1986,0,0,10,0,0,10,0,0,0,0
40230,2,1,1986,22,22,22,22,22,22,22,22,22,22
40231,1,1,1986,0,0,0,0,0,0,0,0,0,0
40232,1,1,1986,17,17,17,17,17,17,17,17,17,17
40233,1,1,1986,0,0,0,0,0,0,0,2,0,0
40233,2,1,1986,6,6,6,6,6,6,6,6,6,6
40234,1,1,1986,19,19,19,19,19,19,19,19,19,19
40235,1,1,1986,0,0,10,5,0,5,0,0,18,0
40236,1,1,1986,0,0,0,0,0,0,0,0,9,0
40236,2,1,1986,14,0,0,0,0,0,0,0,0,0
40237,1,1,1986,22,12,15,17,25,28,15,29,18,22
40239,1,1,1986,12,12,12,12,12,12,12,12,12,12
40239,2,1,1986,0,0,0,0,0,0,0,0,0,0
40240,1,1,1986,0,0,0,0,0,0,0,0,0,0
40240,2,1,1986,19,19,19,19,19,19,19,19,19,19
40241,1,1,1986,21,21,21,21,21,21,21,21,21,21
40242,1,1,1986,0,0,0,0,0,0,0,0,0,0
40242,2,1,1986,4,4,4,4,4,4,4,4,4,4
40243,1,1,1986,0,0,0,0,0,0,0,0,0,0
40243,2,1,1986,0,0,0,0,0,0,0,0,0,0
40244,1,1,1986,1,1,1,1,1,1,1,1,1,1
40244,2,1,1986,0,0,0,0,0,0,0,0,0,0
40245,1,1,1986,0,0,0,0,0,0,0,0,0,0
40246,1,1,1986,0,0,0,0,0,0,0,0,2,0
40247,0,1,1986,19,7,0,0,0,14,20,0,17,20
40247,1,1,1986,0,0,0,10,0,0,0,0,0,0
40248,1,1,1986,0,0,0,0,0,0,0,0,0,0
40249,1,1,1986,0,21,0,0,0,0,0,0,0,0
40249,2,1,1986,13,13,13,13,13,13,13,13,13,13
40250,0,1,1986,0,0,0,0,0,0,0,0,0,0
40250,1,1,1986,0,0,0,0,0,0,0,0,0,0
40251,1,1,1986,11,0,22,23,24,15,18,14,20,16
40252,1,1,1986,0,0,0,0,0,0,0,0,0,0
40252,2,1,1986,0,0,0,15,0,0,0,9,0,0
40253,1,1,1986,0,0,0,0,0,0,0,0,0,0
40253,2,1,1986,22,22,22,22,22,22,22,22,22,22
40254,1,1,1986,12,12,12,12,12,12,12,12,12,12
40254,2,1,1986,0,0,0,0,0,0,0,0,0,0
40254,3,1,1986,0,0,0,0,0,0,0,0,0,0
40254,4,1,1986,11,0,0,0,0,0,0,0,0,0
40254,5,1,1986,17,0,0,0,0,0,0,0,0,0
40254,6,1,1986,0,0,0,0,0,0,0,7,0,0
40255,1,1,1986,0,0,0,0,0,0,0,0,0,0
40255,2,1,1986,0,0,0,0,0,0,0,0,0,0
40255,3,1,1986,0,0,0,0,0,0,0,0,0,6
40256,0,1,1986,0,0,0,0,0,0,0,0,0,0
40256,1,1,1986,9,35,9,0,22,24,20,16,24,36
40257,1,1,1986,0,0,0,0,0,0,0,0,0,0
40257,2,1,1986,0,0,0,0,0,0,0,0,0,0
40258,1,1,1986,26,26,26,26,26,26,26,26,26,26
40259,1,1,1986,0,17,0,21,19,25,10,23,0,16
40259,2,1,1986,3,0,15,0,17,0,10,0,23,0
40260,1,1,1986,28,28,28,28,28,28,28,28,28,28
40261,1,1,1986,0,0,0,0,0,0,0,0,0,0
40262,0,1,1986,21,21,21,21,21,21,21,21,21,21
40262,1,1,1986,0,0,6,0,0,0,0,0,0,4
40263,1,1,1986,0,0,0,0,0,0,15,0,0,0
40263,2,1,1986,0,0,0,0,0,0,0,0,0,0
40264,1,1,1986,0,0,0,0,0,0,0,0,0,0
40264,2,1,1986,0,0,0,0,0,0,0,0,0,0
40265,0,1,1986,0,0,0,0,0,0,0,0,0,0
40265,1,1,1986,0,15,0,0,0,0,0,0,0,5
40266,1,1,1986,7,10,25,7,18,23,11,10,26,5
40267,1,1,1986,0,0,0,2,0,0,6,2,4,0
40268,1,1,1986,7,7,7,7,7,7,7,7,7,7
40268,2,1,1986,7,7,7,7,7,7,7,7,7,7
40269,0,1,1986,18,4,32,26,36,33,12,22,28,28
40269,1,1,1986,0,0,0,0,0,0,0,0,0,0
40270,1,1,1986,0,0,0,0,0,0,0,0,0,0
40270,2,1,1986,0,0,0,0,0,0,0,0,0,0
40271,1,1,1986,0,0,0,0,0,5,0,0,0,0
40272,1,1,1986,0,0,0,0,4,0,0,0,0,0
40273,1,1,1986,0,0,0,0,0,0,0,0,0,0
40273,2,1,1986,17,17,17,17,17,17,17,17,17,17
40274,1,1,1986,19,0,0,0,25,0,0,0,0,33
40275,1,1,1986,0,0,0,0,0,0,0,0,0,3
40275,2,1,1986,24,24,24,24,24,24,24,24,24,24
40276,1,1,1986,0,0,0,0,0,0,0,0,0,0
40276,2,1,1986,16,0,0,0,0,6,23,9,9,15
40277,1,1,1986,8,8,8,8,8,8,8,8,8,8
40277,2,1,1986,0,0,0,0,0,0,0,0,0,0
40277,3,1,1986,0,0,0,0,0,0,0,0,0,0
40278,0,1,1986,0,0,0,0,0,0,0,0,0,0
40278,1,1,1986,3,2,10,14,0,6,12,0,12,0
40279,0,1,1986,0,0,0,0,0,0,0,0,0,0
40279,1,1,1986,0,0,0,6,0,0,0,0,0,0
40280,1,1,1986,0,0,0,0,0,0,0,0,0,0
40280,2,1,1986,0,0,0,0,10,12,0,0,13,0
40281,1,1,1986,9,9,9,9,9,9,9,9,9,9
40281,2,1,1986,0,0,0,0,0,0,0,0,0,0
40282,1,1,1986,0,0,0,0,0,0,0,0,0,0
40282,2,1,1986,0,0,0,0,0,0,0,0,0,0
40282,3,1,1986,0,0,0,0,0,0,0,0,0,0
40282,4,1,1986,0,0,0,0,0,0,0,0,0,0
40283,1,1,1986,0,0,0,0,0,0,0,0,0,0
40284,1,1,1986,17,7,10,5,9,13,9,0,20,10
40286,1,1,1986,6,6,6,6,6,6,6,6,6,6
40287,1,1,1986,0,0,0,0,0,13,0,0,0,0
40287,2,1,1986,28,28,28,28,28,28,28,28,28,28
40288,1,1,1986,0,0,0,0,0,0,0,0,0,0
40289,0,1,1986,20,0,0,0,0,0,0,0,0,0
40289,1,1,1986,0,0,0,0,0,0,0,0,0,0
40290,1,1,1986,2,2,2,2,2,2,2,2,2,2
40291,1,1,1986,27,27,27,27,27,27,27,27,27,27
40291,2,1,1986,0,0,0,0,0,0,0,0,0,0
40291,3,1,1986,17,7,13,8,8,25,0,22,15,5
40292,1,1,1986,11,17,22,14,10,18,4,14,20,0
40292,2,1,1986,0,0,0,0,0,0,0,0,0,0
40293,1,1,1986,0,0,0,0,0,0,0,10,0,0
40293,2,1,1986,15,15,15,15,15,15,15,15,15,15
40294,1,1,1986,0,12,0,15,0,0,0,19,0,0
40294,2,1,1986,0,0,27,18,0,20,14,15,31,0
40294,3,1,1986,19,0,0,0,0,0,0,0,0,0
40295,0,1,1986,0,0,0,0,0,0,0,0,0,0
40295,1,1,1986,0,0,0,0,0,0,0,0,0,0
40296,0,1,1986,0,0,0,0,0,0,0,0,0,0
40296,1,1,1986,29,0,33,12,11,12,3,20,7,17
40297,1,1,1986,0,0,0,0,0,0,0,0,0,0
40298,1,1,1986,0,0,0,0,0,0,0,0,0,0
40298,2,1,1986,0,0,0,0,0,0,0,0,0,0
40299,1,1,1986,16,16,16,16,16,16,16,16,16,16
40299,2,1,1986,13,7,13,10,20,7,22,18,17,20
40300,1,1,1986,19,19,19,19,19,19,19,19,19,19
40300,2,1,1986,0,0,0,0,0,0,0,0,0,0
40301,1,1,1986,0,0,0,0,0,0,0,0,0,0
40301,2,1,1986,11,11,11,11,11,11,11,11,11,11
40302,1,1,1986,12,0,0,0,9,0,0,0,6,0
40303,1,1,1986,8,0,37,0,0,0,0,3,6,17
40304,1,1,1986,12,12,12,12,12,12,12,12,12,12
40305,1,1,1986,18,23,24,31,23,23,25,39,35,17
40306,1,1,1986,0,0,0,0,0,0,0,0,0,0
40307,1,1,1986,0,0,0,0,0,0,0,0,0,0
40307,2,1,1986,0,0,0,0,0,0,0,0,0,0
40308,0,1,1986,14,14,14,14,14,14,14,14,14,14
40308,1,1,1986,17,0,18,8,21,0,8,11,5,17
40309,1,1,1986,10,14,8,22,4,18,16,14,12,19
40310,0,1,1986,0,0,0,0,0,0,0,0,0,0
40310,1,1,1986,0,0,0,0,0,0,0,0,0,0
40311,1,1,1986,0,0,0,0,0,0,0,0,0,0
40311,2,1,1986,0,22,0,0,14,0,0,0,0,0
40312,1,1,1986,14,14,14,14,14,14,14,14,14,14
40312,2,1,1986,0,0,0,0,0,0,0,0,0,0
40313,1,1,1986,0,0,0,0,0,0,0,0,0,0
40314,0,1,1986,30,30,30,30,30,30,30,30,30,30
40314,1,1,1986,0,0,9,0,0,0,0,0,0,5
40315,1,1,1986,7,0,9,0,0,17,0,19,0,19
40316,1,1,1986,0,0,0,0,0,0,0,0,0,0
40316,2,1,1986,0,0,0,0,0,0,0,0,0,0
40317,1,1,1986,0,0,0,0,0,0,0,0,0,13
40317,2,1,1986,0,0,0,0,0,0,0,0,0,0
40318,1,1,1986,5,5,5,5,5,5,5,5,5,5
40319,1,1,1986,0,15,0,0,0,0,0,0,14,0
40320,0,1,1986,0,0,0,0,0,0,0,0,0,0
40320,1,1,1986,0,0,0,0,0,0,0,0,0,0
40321,1,1,1986,20,23,7,8,8,15,20,27,0,32
40322,0,1,1986,24,24,24,24,24,24,24,24,24,24
40322,1,1,1986,21,21,21,21,21,21,21,21,21,21
40323,0,1,1986,5,0,0,0,0,0,0,18,0,0
40323,1,1,1986,0,0,0,0,26,0,0,0,0,0
40324,1,1,1986,0,0,0,0,0,0,0,0,0,0
40324,2,1,1986,0,0,0,0,0,0,0,0,0,0
40325,0,1,1986,0,0,0,0,0,0,0,0,0,0
40325,1,1,1986,7,9,0,20,0,19,12,0,15,22
40327,1,1,1986,0,0,0,0,0,0,0,0,0,0
40327,2,1,1986,0,0,0,22,0,0,0,0,0,0
40328,1,1,1986,13,13,13,13,13,13,13,13,13,13
40329,1,1,1986,9,0,0,18,17,0,27,18,9,0
40330,1,1,1986,0,17,0,20,4,3,0,12,0,0
40330,2,1,1986,0,0,0,0,0,0,0,0,0,0
40331,0,1,1986,0,17,0,4,0,0,0,0,0,0
40331,1,1,1986,0,0,9,0,14,0,0,0,8,18
40332,0,1,1986,0,0,0,0,0,0,7,0,0,0
40332,1,1,1986,0,0,0,9,0,20,25,21,0,0
40333,1,1,1986,0,0,0,0,0,0,0,0,31,0
40333,2,1,1986,0,0,0,0,0,0,0,0,0,0
40333,3,1,1986,0,0,0,0,0,0,0,0,0,0
40333,4,1,1986,0,5,0,0,0,0,0,0,0,0
40334,1,1,1986,11,11,11,11,11,11,11,11,11,11
40335,1,1,1986,0,0,0,0,0,20,16,0,0,0
40335,2,1,1986,0,0,0,20,0,0,0,0,12,0
40336,0,1,1986,18,18,18,18,18,18,18,18,18,18
40336,1,1,1986,0,0,0,0,0,11,0,0,0,0
40337,1,1,1986,19,0,0,15,0,0,0,0,0,3
40337,2,1,1986,0,0,0,0,0,0,0,0,0,0
40338,0,1,1986,21,21,21,21,21,21,21,21,21,21
40338,1,1,1986,0,0,0,0,0,0,0,0,0,0
40339,1,1,1986,0,0,0,0,0,0,0,0,0,0
40339,2,1,1986,0,7,0,0,0,0,0,0,0,0
40339,3,1,1986,0,0,0,0,0,0,14,0,0,0
40340,1,1,1986,9,9,9,9,9,9,9,9,9,9
40341,1,1,1986,0,0,0,0,0,0,0,0,0,0
40341,2,1,1986,22,22,22,22,22,22,22,22,22,22
40342,0,1,1986,0,0,0,0,0,0,0,0,0,0
40342,1,1,1986,0,0,0,0,0,0,0,0,0,0
40343,1,1,1986,0,0,0,0,0,0,0,0,0,14
40343,2,1,1986,0,0,0,0,0,0,0,0,0,0
40344,0,1,1986,2,2,2,2,2,2,2,2,2,2
40344,1,1,1986,0,0,0,0,0,0,0,0,0,0
40345,1,1,1986,0,19,0,0,0,0,14,0,0,0
40346,1,1,1986,0,0,0,0,0,0,0,0,0,0
40346,2,1,1986,0,0,0,0,0,12,0,0,0,0
40347,1,1,1986,0,0,0,0,0,0,0,0,0,0
40347,2,1,1986,0,12,0,0,0,0,0,0,0,0
40348,0,1,1986,0,0,0,0,0,0,0,0,0,0
40348,1,1,1986,0,0,0,0,9,0,0,0,0,0
40349,1,1,1986,19,19,19,19,19,19,19,19,19,19
40350,1,1,1986,0,0,0,0,0,0,0,0,0,0
40350,2,1,1986,0,0,0,0,0,0,0,0,0,0
40351,1,1,1986,0,0,0,44,0,0,0,0,0,5
40351,2,1,1986,34,34,34,34,34,34,34,34,34,34
40352,1,1,1986,3,3,3,3,3,3,3,3,3,3
40353,1,1,1986,22,22,22,22,22,22,22,22,22,22
40354,1,1,1986,0,0,0,0,0,0,0,0,0,0
40354,2,1,1986,0,0,0,7,0,0,0,0,0,0
40355,1,1,1986,20,16,9,13,20,11,0,17,23,18
40356,1,1,1986,0,1,0,0,0,0,0,0,0,0
40356,2,1,1986,0,12,0,0,0,0,0,0,0,0
40356,3,1,1986,0,0,0,0,0,0,0,0,0,0
40357,1,1,1986,3,3,3,3,3,3,3,3,3,3
40358,1,1,1986,12,12,12,12,12,12,12,12,12,12
40359,1,1,1986,25,25,25,25,25,25,25,25,25,25
40359,2,1,1986,0,0,0,0,0,0,0,0,0,0
40360,1,1,1986,0,0,0,0,0,0,0,0,0,0
40360,2,1,1986,9,0,0,0,14,13,0,0,0,0
40361,1,1,1986,24,24,24,24,24,24,24,24,24,24
40362,1,1,1986,17,6,15,17,29,11,11,23,18,15
40363,1,1,1986,27,27,27,27,27,27,27,27,27,27
40363,2,1,1986,0,0,0,13,0,0,0,0,0,0
40364,1,1,1986,4,4,4,4,4,4,4,4,4,4
40365,1,1,1986,0,0,0,0,0,0,0,0,0,0
40365,2,1,1986,0,0,0,0,0,0,0,0,0,0
40366,1,1,1986,9,9,9,9,9,9,9,9,9,9
40366,2,1,1986,0,0,0,0,0,0,0,0,0,0
40367,1,1,1986,0,0,0,0,0,0,0,19,0,0
40367,2,1,1986,0,0,0,0,0,0,0,0,0,0
40368,1,1,1986,0,0,0,0,0,0,0,0,0,0
40368,2,1,1986,0,0,0,0,0,0,0,0,0,0
40369,1,1,1986,0,0,0,0,0,0,0,0,0,0
40369,2,1,1986,0,4,0,0,7,0,0,0,11,0
40370,0,1,1986,2,2,2,2,2,2,2,2,2,2
40370,1,1,1986,0,0,0,0,0,0,12,0,0,0
40371,1,1,1986,20,20,20,20,20,20,20,20,20,20
40372,1,1,1986,16,16,16,16,16,16,16,16,16,16
40372,2,1,1986,0,0,0,0,0,0,0,0,0,0
40373,1,1,1986,14,14,14,14,14,14,14,14,14,14
40374,1,1,1986,0,0,0,0,0,0,0,0,0,0
40374,2,1,1986,0,0,0,0,0,0,0,0,0,0
40375,1,1,1986,0,15,24,24,27,11,17,0,26,25
40376,1,1,1986,4,4,4,4,4,4,4,4,4,4
40377,1,1,1986,19,19,19,19,19,19,19,19,19,19
40378,1,1,1986,0,0,0,0,0,0,0,4,14,0
40379,1,1,1986,0,0,0,0,0,0,0,0,0,0
40379,2,1,1986,0,0,0,0,0,0,0,0,3,0
40380,1,1,1986,13,13,13,13,13,13,13,13,13,13
40380,2,1,1986,0,0,0,0,0,0,0,0,0,0
40381,1,1,1986,0,0,0,0,0,0,0,0,0,12
40382,1,1,1986,18,18,18,18,18,18,18,18,18,18
40382,2,1,1986,0,0,0,0,0,0,0,0,0,0
40383,1,1,1986,7,7,7,7,7,7,7,7,7,7
40383,2,1,1986,12,12,12,12,12,12,12,12,12,12
40384,1,1,1986,0,0,0,20,0,0,0,6,0,0
40385,0,1,1986,21,0,23,0,38,26,31,0,0,0
40385,1,1,1986,21,0,0,0,0,0,7,0,0,0
40386,1,1,1986,16,0,16,16,0,11,11,7,20,6