ST_CASE,VEH_NO,PER_NO,YEAR,P1,P2,P3,P4,P5,P6,P7,P8,P9,P10
40668,1,1,1986,0,9,5,18,12,0,7,18,13,19
40668,2,1,1986,17,4,6,18,0,15,19,18,0,15
40669,1,1,1986,18,18,18,18,18,18,18,18,18,18
40669,2,1,1986,0,0,0,0,0,0,0,0,0,0
40669,3,1,1986,0,0,0,0,0,0,0,0,23,0
40670,0,1,1986,18,19,15,19,28,15,20,30,37,20
40670,1,1,1986,0,0,0,17,0,21,0,0,0,0
40671,1,1,1986,0,21,0,0,15,0,29,0,14,0
40671,2,1,1986,0,0,0,0,9,0,0,19,0,0
40672,0,1,1986,0,0,0,0,0,0,14,0,0,0
40672,1,1,1986,0,0,0,0,0,0,0,0,0,7
40673,1,1,1986,0,0,0,0,0,0,0,0,0,0
40673,2,1,1986,0,0,0,0,0,0,0,0,0,0
40674,0,1,1986,30,30,30,30,30,30,30,30,30,30
40674,1,1,1986,0,0,0,0,0,0,0,0,0,0
40675,1,1,1986,0,0,0,0,0,0,0,0,0,0
40676,1,1,1986,29,29,29,29,29,29,29,29,29,29
40677,0,1,1986,33,33,33,33,33,33,33,33,33,33
40677,1,1,1986,0,0,3,11,35,0,0,18,18,25
40678,1,1,1986,0,10,22,19,13,34,7,17,25,20
40678,2,1,1986,0,0,0,0,0,0,0,0,0,0
40678,3,1,1986,17,0,0,0,12,0,0,0,6,0
40679,0,1,1986,23,23,23,23,23,23,23,23,23,23
40679,1,1,1986,6,6,6,6,6,6,6,6,6,6
40680,1,1,1986,0,0,0,0,0,0,0,0,0,0
40680,2,1,1986,0,0,0,0,0,0,0,0,0,0
40681,1,1,1986,32,17,17,12,14,10,16,28,24,34
40682,1,1,1986,18,16,25,20,0,22,0,31,18,13
40682,2,1,1986,14,14,30,8,25,26,10,23,16,15
40683,1,1,1986,0,0,0,0,0,15,0,0,0,0
40684,1,1,1986,0,0,0,0,0,0,0,0,0,0
40685,1,1,1986,33,12,0,17,12,0,16,17,13,18
40686,1,1,1986,9,14,13,10,28,37,19,25,27,13
40687,1,1,1986,23,23,23,23,23,23,23,23,23,23
40688,1,1,1986,12,12,12,12,12,12,12,12,12,12
40689,1,1,1986,0,0,0,0,8,0,0,0,0,0
40689,2,1,1986,0,0,0,0,0,0,0,0,0,0
40690,1,1,1986,0,0,0,14,0,0,0,0,0,0
40690,2,1,1986,0,0,0,0,0,0,16,0,0,0
40691,0,1,1986,0,0,0,0,0,0,0,0,0,0
40691,1,1,1986,0,0,0,0,0,0,0,0,0,0
40692,1,1,1986,0,0,0,0,0,0,5,0,0,0
40692,2,1,1986,0,0,0,0,0,0,0,0,0,0
40693,1,1,1986,0,0,0,0,0,0,0,0,0,0
40693,2,1,1986,0,0,17,0,0,0,0,0,0,0
40694,1,1,1986,0,0,0,0,0,0,0,0,0,0
40695,1,1,1986,14,14,14,14,14,14,14,14,14,14
40696,0,1,1986,33,33,33,33,33,33,33,33,33,33
40696,1,1,1986,1,1,1,1,1,1,1,1,1,1
40697,1,1,1986,20,20,20,20,20,20,20,20,20,20
40698,1,1,1986,0,0,0,13,0,15,0,0,0,0
40699,0,1,1986,16,25,0,66,20,0,29,0,0,4
40699,1,1,1986,0,38,0,6,0,3,16,22,8,11
40700,1,1,1986,0,11,17,0,0,0,0,0,0,0
40701,1,1,1986,0,0,0,0,0,0,0,0,0,0
40702,1,1,1986,23,23,23,23,23,23,23,23,23,23
40703,1,1,1986,9,23,11,9,11,15,10,17,0,5
40704,1,1,1986,0,0,0,0,0,0,0,0,0,12
40704,2,1,1986,18,0,0,0,0,0,0,0,0,0
40704,3,1,1986,0,0,0,0,0,0,0,0,0,0
40704,4,1,1986,0,0,0,0,0,0,0,0,0,0
40705,1,1,1986,0,21,0,0,0,0,0,0,0,0
40705,2,1,1986,0,0,0,0,0,0,0,0,0,0
40705,3,1,1986,0,0,8,0,0,0,0,0,0,0
40705,4,1,1986,0,0,0,0,0,0,0,6,0,0
40706,1,1,1986,14,17,22,27,32,11,22,19,18,25
40707,0,1,1986,18,13,7,19,15,14,11,15,18,9
40707,1,1,1986,3,2,18,5,20,16,2,19,7,24
40708,1,1,1986,18,21,26,20,22,3,17,15,20,0
40709,1,1,1986,0,0,0,9,0,0,0,0,5,16
40709,2,1,1986,0,0,0,0,0,0,0,0,0,0
40710,1,1,1986,0,0,0,0,0,0,0,0,0,0
40710,2,1,1986,0,0,0,0,0,0,0,0,0,0
40711,1,1,1986,0,0,0,0,0,0,0,0,0,0
40712,0,1,1986,16,16,16,16,16,16,16,16,16,16
40712,1,1,1986,7,0,0,0,0,13,0,15,0,0
40713,1,1,1986,19,0,0,11,15,10,0,0,0,0
40714,1,1,1986,0,0,0,0,0,0,0,0,0,0
40715,1,1,1986,0,0,0,0,0,0,0,0,0,0
40716,1,1,1986,0,0,0,0,0,0,0,0,0,0
40716,2,1,1986,0,0,0,0,0,0,0,0,0,0
40716,3,1,1986,0,0,0,0,0,0,0,0,0,0
40716,4,1,1986,0,0,10,0,0,0,0,0,0,0
40717,1,1,1986,21,21,21,21,21,21,21,21,21,21
40718,1,1,1986,20,20,33,19,6,10,17,12,15,19
40719,1,1,1986,0,0,0,0,0,0,0,0,0,0
40720,1,1,1986,0,0,0,0,0,0,0,0,0,0
40721,1,1,1986,0,0,0,0,0,0,0,0,0,0
40721,2,1,1986,0,0,0,0,0,0,0,13,0,15
40722,1,1,1986,0,0,0,0,0,0,19,9,21,0
40722,2,1,1986,19,19,19,19,19,19,19,19,19,19
40724,0,1,1986,0,0,0,0,0,0,0,0,0,0
40724,1,1,1986,0,15,0,0,0,0,0,0,0,0
40725,1,1,1986,21,21,21,21,21,21,21,21,21,21
40725,2,1,1986,0,0,0,0,0,0,0,0,0,0
40726,1,1,1986,0,0,0,0,0,3,0,0,0,0
40726,2,1,1986,3,3,3,3,3,3,3,3,3,3
40727,1,1,1986,14,10,20,0,0,15,0,0,16,8
40728,1,1,1986,14,16,20,10,21,22,17,0,26,23
40728,2,1,1986,0,0,0,0,0,0,0,0,0,0
40729,1,1,1986,16,24,11,0,4,0,47,12,23,14
40729,2,1,1986,35,35,35,35,35,35,35,35,35,35
40729,3,1,1986,0,0,1,0,0,0,0,0,0,0
40730,0,1,1986,0,0,0,0,0,0,0,0,0,0
40730,0,2,1986,0,0,0,0,0,0,0,0,0,0
40730,1,1,1986,0,0,0,0,0,0,0,0,0,0
40731,0,1,1986,0,0,0,0,0,0,0,0,0,0
40731,1,1,1986,19,0,0,0,0,24,0,0,0,0
40732,1,1,1986,0,0,0,0,0,0,0,0,0,0
40732,2,1,1986,0,0,0,0,0,0,0,0,0,0
40733,1,1,1986,0,0,0,0,0,0,0,0,0,0
40733,2,1,1986,0,0,0,0,0,0,0,0,0,0
40734,1,1,1986,0,6,12,9,13,20,11,15,21,9
40735,1,1,1986,0,0,0,0,0,0,0,0,0,0
40735,2,1,1986,15,15,15,15,15,15,15,15,15,15
40736,1,1,1986,0,31,22,10,14,0,6,12,25,14
40738,1,1,1986,5,0,15,23,36,7,29,10,21,12
40738,2,1,1986,0,0,0,0,0,0,0,0,0,0
40739,1,1,1986,12,14,19,15,18,11,32,12,28,20
40739,2,1,1986,7,7,7,7,7,7,7,7,7,7
40740,1,1,1986,17,22,18,25,15,19,17,26,24,9
40741,1,1,1986,25,25,25,25,25,25,25,25,25,25
40741,2,1,1986,0,0,0,0,0,0,0,0,0,0
40742,1,1,1986,28,28,28,28,28,28,28,28,28,28
40743,0,1,1986,27,27,27,27,27,27,27,27,27,27
40743,1,1,1986,5,11,9,5,20,12,11,8,16,18
40744,1,1,1986,2,2,2,2,2,2,2,2,2,2
40744,2,1,1986,0,0,0,0,0,0,9,0,0,13
40745,1,1,1986,0,0,0,0,0,0,0,0,0,0
40745,2,1,1986,0,0,0,0,0,0,0,0,0,0
40745,3,1,1986,0,0,0,0,0,0,0,0,0,0
40746,1,1,1986,0,0,0,0,0,0,0,0,0,0
40748,1,1,1986,0,0,0,0,0,0,25,0,0,0
40748,2,1,1986,0,0,0,0,0,0,0,0,0,0
40749,1,1,1986,0,0,0,0,0,0,0,0,0,0
40749,2,1,1986,0,0,0,0,0,0,0,0,0,0
40750,0,1,1986,0,0,0,0,0,0,0,0,0,0
40750,1,1,1986,0,0,0,0,0,0,0,0,0,0
40751,0,1,1986,0,0,0,0,0,0,0,0,0,0
40751,1,1,1986,0,0,0,0,0,0,13,0,0,0
40752,1,1,1986,20,5,0,17,30,20,12,23,8,13
40752,2,1,1986,6,6,6,6,6,6,6,6,6,6
40753,1,1,1986,12,12,12,12,12,12,12,12,12,12
40754,1,1,1986,0,0,0,0,0,0,0,0,0,0
40755,1,1,1986,20,20,20,20,20,20,20,20,20,20
40756,0,1,1986,10,10,10,10,10,10,10,10,10,10
40756,1,1,1986,13,0,0,0,0,0,0,0,0,0
40757,1,1,1986,0,0,0,0,0,0,0,0,0,0
40758,1,1,1986,0,0,0,0,0,0,0,0,0,0
40758,2,1,1986,0,0,15,16,0,0,0,0,0,0
40759,1,1,1986,0,0,29,4,0,0,0,0,0,6
40760,1,1,1986,0,0,0,0,0,0,0,0,0,0
40761,1,1,1986,0,0,0,0,0,0,0,0,0,0
40761,2,1,1986,0,0,0,0,0,0,0,0,0,0
40762,1,1,1986,0,0,0,0,0,0,0,0,0,0
40762,2,1,1986,0,0,0,0,0,0,0,0,0,0
40763,1,1,1986,0,0,0,0,0,0,0,0,0,0
40764,0,1,1986,0,0,0,0,0,0,0,0,0,0
40764,1,1,1986,18,0,0,9,0,0,0,8,0,9
40765,1,1,1986,9,9,9,9,9,9,9,9,9,9
40766,1,1,1986,17,14,14,16,10,14,20,15,32,0
40767,0,1,1986,0,0,0,0,0,0,0,0,0,0
40767,1,1,1986,0,0,8,0,0,0,0,0,0,0
40768,1,1,1986,0,0,0,0,0,0,0,0,0,0
40768,2,1,1986,0,0,0,0,0,0,0,0,0,0
40769,0,1,1986,0,20,0,0,0,10,0,0,0,10
40769,1,1,1986,0,7,0,0,0,0,12,0,0,0
40770,1,1,1986,16,16,16,16,16,16,16,16,16,16
40771,1,1,1986,25,25,25,25,25,25,25,25,25,25
40772,1,1,1986,0,0,0,0,0,0,0,0,0,0
40772,2,1,1986,0,0,0,0,0,0,0,0,0,0
40773,1,1,1986,0,0,0,0,0,0,0,0,0,0
40774,1,1,1986,20,20,20,20,20,20,20,20,20,20
40775,0,1,1986,0,0,0,0,13,0,0,0,0,0
40775,1,1,1986,0,0,0,0,0,0,0,0,0,0
40776,1,1,1986,19,19,19,19,19,19,19,19,19,19
40776,2,1,1986,0,0,0,0,0,0,0,0,0,0
40777,1,1,1986,11,11,11,11,11,11,11,11,11,11
40777,2,1,1986,0,5,10,0,0,0,0,0,0,0
40778,1,1,1986,3,3,3,3,3,3,3,3,3,3
40779,0,1,1986,5,5,5,5,5,5,5,5,5,5
40779,1,1,1986,25,13,20,26,0,0,0,28,10,18
40780,1,1,1986,9,25,28,15,0,13,16,8,41,43
40781,1,1,1986,0,0,0,0,0,0,0,0,0,0
40781,2,1,1986,0,0,0,0,0,0,0,0,0,0
40781,3,1,1986,0,0,0,0,0,0,0,0,0,0
40782,1,1,1986,16,16,16,16,16,16,16,16,16,16
40782,2,1,1986,0,0,0,0,0,0,0,0,0,0
40783,0,1,1986,0,0,0,0,0,0,0,0,27,0
40783,1,1,1986,0,0,0,0,0,0,0,0,0,0
40784,0,1,1986,16,16,16,16,16,16,16,16,16,16
40784,1,1,1986,0,0,0,0,0,0,0,0,0,0
40785,1,1,1986,12,5,0,0,0,0,0,0,0,10
40786,1,1,1986,17,19,27,22,15,5,3,11,0,5
40787,1,1,1986,3,25,17,23,0,9,20,15,26,15
40788,1,1,1986,0,16,0,9,0,0,0,0,11,12
40789,1,1,1986,0,0,0,0,0,0,0,0,0,0
40790,1,1,1986,8,0,0,0,0,0,0,0,0,0
40790,2,1,1986,0,0,0,0,0,0,0,0,0,0
40791,1,1,1986,14,14,14,14,14,14,14,14,14,14
40791,2,1,1986,0,0,0,11,0,0,0,0,0,0
40792,1,1,1986,6,0,0,0,0,0,0,0,0,0
40792,2,1,1986,0,0,0,0,0,0,0,12,0,0
40793,0,1,1986,24,24,24,24,24,24,24,24,24,24
40793,1,1,1986,0,0,0,0,0,0,0,0,0,0
40794,1,1,1986,28,28,28,28,28,28,28,28,28,28
40794,2,1,1986,0,0,0,0,0,0,0,0,0,0
40795,1,1,1986,29,29,29,29,29,29,29,29,29,29
40796,0,1,1986,0,0,0,0,0,0,16,0,0,0
40796,1,1,1986,0,0,0,0,0,0,0,0,0,0
40797,1,1,1986,0,0,0,0,0,0,0,0,0,0
40797,2,1,1986,0,0,0,0,0,0,0,0,0,0
40798,0,1,1986,23,23,23,23,23,23,23,23,23,23
40798,1,1,1986,0,0,0,0,0,0,0,0,0,12
40799,0,1,1986,14,14,14,14,14,14,14,14,14,14
40799,1,1,1986,0,0,0,19,0,0,0,0,0,0
40801,1,1,1986,26,26,26,26,26,26,26,26,26,26
40801,2,1,1986,10,0,0,0,0,0,0,0,0,11
40802,1,1,1986,32,29,23,16,25,8,18,31,16,28
40803,1,1,1986,0,0,0,0,0,0,0,0,0,0
40804,0,1,1986,0,0,0,0,0,0,0,0,0,0
40804,1,1,1986,0,0,17,0,0,4,0,0,0,0
40805,1,1,1986,0,0,0,0,0,0,0,0,0,0
40805,2,1,1986,0,0,0,0,0,0,0,0,0,0
40806,1,1,1986,0,0,0,0,0,0,0,0,0,0
40806,2,1,1986,0,0,0,0,0,0,0,0,0,0
40806,3,1,1986,0,0,0,0,0,0,0,0,0,0
40807,1,1,1986,0,25,15,18,16,19,0,23,11,15
40808,1,1,1986,0,0,0,0,0,0,0,0,0,0
40808,2,1,1986,20,20,20,20,20,20,20,20,20,20
40808,3,1,1986,0,0,0,0,0,0,0,9,0,0
40809,1,1,1986,0,0,0,0,0,0,0,0,0,0
40809,2,1,1986,0,0,0,0,0,0,0,0,0,0
40810,1,1,1986,0,10,0,19,0,16,0,7,23,0
40811,0,1,1986,10,10,10,10,10,10,10,10,10,10
40811,1,1,1986,0,8,6,8,0,0,0,0,0,0
40812,1,1,1986,16,16,16,16,16,16,16,16,16,16
40813,1,1,1986,25,25,25,25,25,25,25,25,25,25
40814,1,1,1986,0,0,0,0,0,0,0,0,0,0
40814,2,1,1986,0,0,0,0,0,0,0,0,0,0
40814,3,1,1986,0,0,0,0,0,0,0,0,0,0
40814,4,1,1986,0,0,0,0,0,0,0,0,0,0
40815,0,1,1986,30,30,30,30,30,30,30,30,30,30
40815,1,1,1986,0,0,0,0,0,0,0,0,0,0
40816,1,1,1986,18,18,18,18,18,18,18,18,18,18
40816,2,1,1986,0,0,0,0,0,0,0,0,0,0
40817,0,1,1986,9,9,9,9,9,9,9,9,9,9
40817,1,1,1986,12,0,0,0,0,0,0,0,0,13
40818,0,1,1986,0,0,0,0,0,0,0,0,0,0
40818,1,1,1986,0,0,0,0,0,0,0,0,0,0
40819,1,1,1986,0,13,8,21,0,19,23,22,0,0
40820,1,1,1986,25,25,25,25,25,25,25,25,25,25
40821,1,1,1986,0,0,0,0,0,0,0,0,0,0
40821,2,1,1986,0,0,0,0,0,0,0,0,0,0
40822,1,1,1986,0,0,0,0,0,0,0,0,0,0
40822,2,1,1986,0,0,0,0,0,0,0,0,0,0
40823,1,1,1986,0,0,0,0,0,0,0,0,0,0
40823,2,1,1986,20,20,20,20,20,20,20,20,20,20
40824,1,1,1986,0,0,0,0,0,0,0,0,0,0
40824,2,1,1986,0,0,0,0,0,0,0,0,0,24
40825,1,1,1986,0,0,0,0,0,0,0,0,0,0
40825,2,1,1986,0,0,0,0,0,0,0,0,0,0
40826,1,1,1986,0,0,0,0,0,0,0,0,0,0
40827,0,1,1986,27,27,27,27,27,27,27,27,27,27
40827,1,1,1986,0,0,0,0,0,9,0,16,0,0
40828,1,1,1986,33,33,33,33,33,33,33,33,33,33
40829,1,1,1986,0,0,0,0,0,0,0,0,0,0
40829,2,1,1986,0,0,0,0,0,0,0,0,0,0
40830,0,1,1986,0,0,0,0,0,0,0,0,0,0
40830,1,1,1986,0,0,2,4,0,0,0,12,0,0
40831,1,1,1986,17,17,17,17,17,17,17,17,17,17
40832,1,1,1986,18,18,18,18,18,18,18,18,18,18
40833,1,1,1986,22,11,15,13,7,37,17,20,21,14
40833,2,1,1986,0,0,0,0,0,0,0,0,0,0
40834,1,1,1986,29,29,29,29,29,29,29,29,29,29
40835,1,1,1986,0,0,0,0,0,0,0,0,0,0
40835,2,1,1986,0,13,0,0,0,0,0,0,0,0
40836,1,1,1986,0,0,0,0,0,0,0,0,0,0
40836,2,1,1986,0,21,0,0,0,0,0,12,0,0
40837,1,1,1986,0,0,0,0,0,0,0,0,0,0
40837,2,1,1986,0,0,0,0,0,0,0,0,0,0
40838,1,1,1986,0,0,0,0,0,0,0,0,0,0
40838,2,1,1986,0,0,0,0,0,0,0,0,11,0
40839,0,1,1986,10,0,11,0,12,0,26,10,12,0
40839,1,1,1986,28,28,1,0,29,16,11,27,19,7
40840,0,1,1986,0,0,0,0,14,0,0,0,0,0
40840,1,1,1986,0,0,0,0,0,0,5,0,0,0
40841,1,1,1986,0,0,0,0,0,0,0,0,0,0
40841,2,1,1986,0,0,0,0,0,0,0,0,0,0
40842,1,1,1986,8,15,22,28,8,0,0,14,15,33
40842,2,1,1986,0,0,0,0,0,0,0,0,0,0
40843,0,1,1986,0,0,0,0,0,0,0,0,0,0
40843,1,1,1986,16,0,0,30,31,7,25,0,0,20
40844,1,1,1986,15,15,15,15,15,15,15,15,15,15
40845,1,1,1986,0,0,0,0,0,0,0,0,0,0
40845,2,1,1986,0,0,0,0,0,0,0,6,0,0
40845,3,1,1986,0,0,0,0,0,0,0,0,0,0
40846,1,1,1986,0,0,0,0,0,0,0,0,0,0
40846,2,1,1986,0,0,0,0,0,0,0,0,0,0
40846,3,1,1986,0,0,0,0,0,0,0,0,0,0
40847,1,1,1986,0,0,0,0,0,0,0,0,0,0
40847,2,1,1986,0,0,0,0,0,0,0,0,0,0
40848,1,1,1986,18,18,18,18,18,18,18,18,18,18
40849,1,1,1986,28,28,28,28,28,28,28,28,28,28
40850,1,1,1986,17,17,17,17,17,17,17,17,17,17
40851,1,1,1986,8,8,8,8,8,8,8,8,8,8
40851,2,1,1986,0,0,0,0,0,0,0,0,0,0
40852,0,1,1986,18,18,18,18,18,18,18,18,18,18
40852,1,1,1986,23,25,16,23,24,13,21,15,16,19
40853,1,1,1986,0,15,0,7,0,0,0,0,0,0
40854,0,1,1986,0,6,3,8,9,32,10,29,34,24
40854,1,1,1986,7,0,0,0,0,0,0,5,0,0
40855,1,1,1986,13,13,13,13,13,13,13,13,13,13
40856,1,1,1986,19,16,49,14,34,19,11,8,35,14
40856,2,1,1986,9,9,9,9,9,9,9,9,9,9
40857,1,1,1986,0,0,0,0,0,0,0,0,0,0
40857,2,1,1986,0,0,0,0,0,0,0,0,0,0
40858,1,1,1986,0,0,0,0,0,0,0,0,0,0
40859,1,1,1986,0,7,0,0,0,0,0,0,27,10
40860,1,1,1986,0,0,0,0,0,0,0,0,0,0
40860,2,1,1986,0,0,0,0,0,0,0,0,0,0
40860,3,1,1986,0,0,0,0,0,0,0,0,0,0
40861,1,1,1986,0,0,0,0,0,0,0,0,0,0
40861,2,1,1986,0,0,0,0,0,0,0,7,0,0
40862,1,1,1986,18,0,0,0,0,6,0,0,0,8
40863,1,1,1986,0,0,0,0,0,0,0,0,0,0
40863,2,1,1986,0,0,9,0,0,0,0,0,0,0
40864,0,1,1986,0,0,0,0,0,0,0,0,0,0
40864,1,1,1986,0,0,0,0,0,0,10,0,0,0
40865,1,1,1986,0,0,0,0,0,0,0,0,0,0
40866,1,1,1986,0,0,0,0,0,0,0,0,0,0
40867,1,1,1986,0,0,0,0,0,0,0,0,0,0
40867,2,1,1986,0,0,0,0,0,0,0,0,0,0
40868,1,1,1986,0,0,0,0,0,0,0,0,0,0
40868,2,1,1986,0,0,0,0,0,0,0,0,0,0
40869,1,1,1986,0,0,0,0,0,0,0,0,0,0
40869,2,1,1986,0,0,0,0,0,0,0,0,0,0
40870,0,1,1986,0,0,0,0,0,0,0,0,0,0
40870,1,1,1986,0,0,0,0,0,0,0,0,0,0
40871,1,1,1986,0,0,0,0,0,0,0,0,0,0
40872,1,1,1986,36,39,31,25,15,13,16,24,15,16
40873,1,1,1986,0,0,30,2,0,2,5,0,10,0
40874,1,1,1986,14,8,16,10,5,5,13,21,22,49
40875,1,1,1986,9,9,9,9,9,9,9,9,9,9
40875,2,1,1986,0,0,0,0,0,0,0,0,0,0
40876,1,1,1986,0,12,4,6,9,0,22,38,10,0
40877,1,1,1986,0,0,5,12,6,0,0,9,10,49
40878,1,1,1986,0,0,28,0,0,0,5,0,13,0
40878,2,1,1986,0,0,0,0,0,0,0,0,0,10
40879,1,1,1986,0,0,20,0,0,0,0,0,0,0
40880,1,1,1986,0,0,0,0,0,15,0,0,0,0
40881,0,1,1986,14,32,0,0,0,35,57,24,20,28
40881,1,1,1986,0,0,0,0,0,0,0,0,0,0
40882,1,1,1986,14,12,0,22,19,19,20,9,5,0
40883,1,1,1986,8,0,0,4,0,0,0,0,9,0
40884,1,1,1986,17,0,0,0,0,0,0,0,0,30
40885,0,1,1986,0,0,0,23,0,0,0,0,0,0
40885,1,1,1986,5,13,0,0,0,0,0,4,0,0
40886,0,1,1986,18,5,12,12,17,0,23,0,0,18
40886,1,1,1986,20,22,13,4,0,7,18,0,21,0
40887,1,1,1986,15,15,15,15,15,15,15,15,15,15
40888,1,1,1986,10,10,10,10,10,10,10,10,10,10
40888,2,1,1986,0,0,0,0,0,0,0,0,0,0
40889,1,1,1986,9,9,9,9,9,9,9,9,9,9
40890,1,1,1986,0,0,0,0,0,17,0,0,0,0
40891,0,1,1986,30,30,30,30,30,30,30,30,30,30
40891,1,1,1986,10,24,0,4,22,20,19,13,13,25
40892,0,1,1986,0,0,0,18,0,0,12,0,0,0
40892,1,1,1986,9,0,14,27,27,0,15,0,0,19
40893,0,1,1986,0,0,0,0,0,0,0,0,0,0
40893,1,1,1986,0,0,0,0,0,0,0,13,17,0
40894,1,1,1986,0,0,0,0,0,0,0,0,0,0
40895,1,1,1986,22,18,18,25,17,25,0,12,8,20
40896,0,1,1986,17,17,17,17,17,17,17,17,17,17
40896,1,1,1986,0,10,0,0,0,0,6,0,0,0
40897,1,1,1986,0,0,0,0,0,0,0,16,0,0
40898,1,1,1986,0,9,20,16,22,16,8,17,14,16
40899,1,1,1986,0,0,0,0,0,0,0,0,0,0
40899,2,1,1986,0,0,0,0,0,0,0,0,0,0
40900,0,1,1986,11,16,0,4,0,0,11,26,0,24
40900,1,1,1986,0,10,0,0,0,0,0,0,11,0
40901,0,1,1986,20,20,20,20,20,20,20,20,20,20
40901,1,1,1986,0,0,0,0,0,0,0,0,0,0
50001,1,1,1986,0,0,5,10,0,20,0,0,19,0
50002,1,1,1986,15,0,0,11,0,15,5,11,7,22
50003,1,1,1986,0,0,0,0,0,0,0,0,0,0
50004,1,1,1986,7,7,7,7,7,7,7,7,7,7
50004,2,1,1986,0,0,0,0,0,0,0,0,0,0
50004,3,1,1986,0,0,0,0,0,0,0,0,0,27
50005,1,1,1986,23,23,23,23,23,23,23,23,23,23
50006,1,1,1986,12,20,24,19,23,19,23,20,27,21
50007,1,1,1986,18,0,26,0,26,24,22,3,0,14
50008,1,1,1986,0,32,0,18,14,15,0,0,0,15
50009,0,1,1986,0,0,0,0,0,0,0,0,0,0
50009,1,1,1986,0,0,0,0,10,0,0,0,0,0
50010,1,1,1986,6,11,0,0,6,0,0,0,0,0
50011,1,1,1986,0,0,0,0,0,0,0,0,0,0
50012,1,1,1986,18,8,17,0,2,23,0,27,25,0
50013,1,1,1986,23,7,21,13,36,21,13,16,23,13
50014,1,1,1986,3,3,3,3,3,3,3,3,3,3
50014,2,1,1986,0,0,0,0,0,0,0,0,0,0
50015,1,1,1986,0,0,0,0,0,0,0,0,0,0
50015,2,1,1986,0,0,0,0,0,0,0,0,26,0
50016,0,1,1986,21,21,21,21,21,21,21,21,21,21
50016,1,1,1986,0,0,0,7,0,0,0,0,0,0
50017,1,1,1986,5,0,0,0,0,11,0,0,7,0
50018,1,1,1986,13,3,12,0,13,12,22,18,15,13
50018,2,1,1986,25,0,0,0,0,9,0,0,0,0
50019,1,1,1986,16,16,16,16,16,16,16,16,16,16
50020,1,1,1986,8,8,8,8,8,8,8,8,8,8
50021,1,1,1986,6,33,22,7,10,10,23,26,7,16
50022,1,1,1986,0,0,0,0,0,0,0,0,0,0
50023,0,1,1986,0,15,0,0,0,0,29,8,0,11
50023,1,1,1986,0,24,0,0,0,0,0,0,0,0
50024,1,1,1986,0,0,0,8,0,0,0,19,8,0
50024,2,1,1986,0,10,0,0,0,0,0,8,0,0
50025,1,1,1986,0,13,22,17,24,32,23,22,23,19
50026,1,1,1986,15,15,15,15,15,15,15,15,15,15
50027,1,1,1986,6,6,6,6,6,6,6,6,6,6
50028,1,1,1986,0,0,0,0,0,0,0,0,0,0
50028,2,1,1986,0,0,0,0,0,0,0,0,0,0
50028,3,1,1986,0,0,0,0,0,0,0,0,0,0
50028,4,1,1986,0,0,0,0,0,0,0,0,0,0
50028,5,1,1986,0,0,0,0,0,0,0,0,0,0
50028,6,1,1986,0,0,0,0,0,9,0,0,0,0
50028,7,1,1986,0,0,0,0,0,0,0,0,0,0
50028,8,1,1986,0,0,0,0,0,0,0,0,0,0
50028,9,1,1986,0,0,0,0,0,0,0,0,0,0
50028,10,1,1986,0,0,0,0,0,0,0,0,0,0
50028,11,1,1986,0,0,0,0,0,0,0,0,0,0
50028,12,1,1986,0,0,0,0,0,0,0,0,0,0
50028,13,1,1986,0,0,0,0,0,0,0,0,0,0
50028,14,1,1986,0,0,0,0,0,0,0,0,0,0
50028,15,1,1986,6,0,0,0,0,0,0,0,0,14
50028,16,1,1986,0,0,0,0,0,10,0,0,0,0
50028,17,1,1986,12,0,0,0,0,0,0,0,7,0
50028,18,1,1986,0,0,0,0,0,0,0,0,0,0
50028,19,1,1986,0,0,0,0,0,0,0,0,0,0
50028,20,1,1986,0,0,0,0,0,0,0,0,0,0
50028,21,1,1986,0,0,0,0,0,0,0,0,0,0
50028,22,1,1986,0,0,0,0,0,0,0,0,0,0
50028,23,1,1986,0,0,0,0,0,0,0,0,0,0
50028,24,1,1986,0,0,0,0,0,0,0,0,0,0
50029,1,1,1986,10,24,32,11,11,5,10,0,21,16
50030,1,1,1986,0,0,0,0,0,0,0,0,0,7
50030,2,1,1986,0,0,0,0,0,0,0,0,0,0
50031,1,1,1986,13,32,25,20,18,16,3,19,23,3
50032,1,1,1986,24,24,24,24,24,24,24,24,24,24
50032,2,1,1986,0,0,0,0,0,0,0,0,0,0
50033,1,1,1986,1,1,1,1,1,1,1,1,1,1
50034,1,1,1986,0,0,11,0,0,0,0,0,0,0
50035,0,1,1986,18,18,21,13,21,16,0,23,9,15
50035,1,1,1986,0,0,0,0,0,0,0,0,0,0
50036,1,1,1986,0,0,0,0,0,0,0,0,0,0
50036,2,1,1986,19,19,19,19,19,19,19,19,19,19
50037,1,1,1986,14,14,14,14,14,14,14,14,14,14
50038,1,1,1986,21,0,18,0,0,17,0,40,0,19
50038,2,1,1986,12,12,12,12,12,12,12,12,12,12
50039,1,1,1986,24,0,12,13,0,32,0,22,0,9
50039,2,1,1986,44,0,0,0,4,0,0,0,3,0
50040,1,1,1986,0,0,0,0,0,0,0,0,0,0
50041,0,1,1986,22,11,8,12,23,20,18,27,19,28
50041,1,1,1986,1,1,1,1,1,1,1,1,1,1
50042,1,1,1986,0,0,0,0,0,0,0,0,0,0
50042,2,1,1986,0,0,0,0,0,0,0,0,0,0
50044,1,1,1986,10,0,0,0,0,0,0,0,0,0
50045,1,1,1986,0,13,0,0,0,0,0,21,0,0
50045,2,1,1986,0,0,0,0,0,0,0,0,0,0
50045,3,1,1986,0,0,0,0,0,0,0,0,0,0
50046,1,1,1986,20,20,20,20,20,20,20,20,20,20
50046,2,1,1986,0,0,0,0,0,0,0,0,0,0