ST_CASE,VEH_NO,PER_NO,YEAR,P1,P2,P3,P4,P5,P6,P7,P8,P9,P10
50047,1,1,1986,0,0,0,0,0,0,0,0,0,0
50047,2,1,1986,31,9,12,17,10,27,0,21,14,15
50048,1,1,1986,12,0,0,0,0,0,0,18,0,0
50048,2,1,1986,0,0,0,0,0,0,0,0,0,0
50049,1,1,1986,14,14,14,14,14,14,14,14,14,14
50050,1,1,1986,12,12,12,12,12,12,12,12,12,12
50051,1,1,1986,0,0,0,0,0,0,0,11,0,0
50051,2,1,1986,18,18,18,18,18,18,18,18,18,18
50052,1,1,1986,29,22,29,20,21,27,22,0,20,15
50053,0,1,1986,0,0,0,13,15,0,0,0,0,0
50053,1,1,1986,59,0,0,0,8,0,0,7,0,0
50054,1,1,1986,20,20,20,20,20,20,20,20,20,20
50054,2,1,1986,0,0,0,0,0,0,0,0,0,0
50054,3,1,1986,27,27,27,27,27,27,27,27,27,27
50055,1,1,1986,0,0,0,0,0,0,0,0,0,0
50055,2,1,1986,0,0,0,0,0,0,0,0,0,0
50056,1,1,1986,5,0,9,18,0,0,0,0,0,0
50057,1,1,1986,10,10,10,10,10,10,10,10,10,10
50058,1,1,1986,29,33,24,8,21,12,20,27,12,13
50059,1,1,1986,17,8,0,8,0,21,3,17,12,0
50060,1,1,1986,19,0,9,12,11,7,23,14,0,9
50061,1,1,1986,0,0,0,0,0,0,0,9,0,0
50062,1,1,1986,0,0,0,0,0,0,0,0,0,0
50062,2,1,1986,0,0,0,0,0,0,0,0,0,0
50063,1,1,1986,0,0,10,0,11,18,8,0,0,11
50064,1,1,1986,17,11,15,20,0,0,0,10,14,19
50064,2,1,1986,0,0,0,0,0,0,0,0,0,0
50065,1,1,1986,19,12,11,7,15,0,10,12,18,38
50066,1,1,1986,0,0,0,0,0,0,20,0,0,0
50067,1,1,1986,15,21,26,25,17,36,10,15,14,25
50068,1,1,1986,7,11,22,21,4,9,17,22,27,24
50069,1,1,1986,9,9,9,9,9,9,9,9,9,9
50070,0,1,1986,0,0,0,0,0,0,0,0,0,0
50070,1,1,1986,0,0,0,0,0,0,0,0,0,0
50071,1,1,1986,21,14,17,8,4,21,31,10,28,30
50072,1,1,1986,4,0,18,0,0,12,0,9,12,0
50072,2,1,1986,16,16,16,16,16,16,16,16,16,16
50073,1,1,1986,0,0,0,0,0,0,0,0,0,0
50073,2,1,1986,9,16,17,22,9,10,4,0,8,3
50074,1,1,1986,4,4,4,4,4,4,4,4,4,4
50075,0,1,1986,0,0,0,0,0,0,0,0,0,0
50075,1,1,1986,0,0,0,0,0,0,0,0,0,0
50076,1,1,1986,0,0,0,16,0,0,0,6,0,0
50077,0,1,1986,0,0,0,0,0,0,0,0,0,0
50077,1,1,1986,0,0,0,0,0,0,0,0,0,0
50078,1,1,1986,16,16,16,16,16,16,16,16,16,16
50079,1,1,1986,0,0,0,0,0,0,0,0,0,0
50079,2,1,1986,0,0,0,0,0,0,0,0,0,0
50080,1,1,1986,23,0,10,7,11,36,0,0,7,9
50081,1,1,1986,9,9,9,9,9,9,9,9,9,9
50082,1,1,1986,20,20,20,20,20,20,20,20,20,20
50083,1,1,1986,14,19,20,23,25,21,26,23,31,14
50083,2,1,1986,16,0,16,0,0,0,0,0,0,0
50084,1,1,1986,0,0,0,0,0,0,0,0,0,0
50084,2,1,1986,0,0,0,0,0,0,0,0,0,0
50085,1,1,1986,0,0,27,0,15,12,0,9,0,0
50086,1,1,1986,18,18,18,18,18,18,18,18,18,18
50087,1,1,1986,22,28,23,12,12,9,11,15,38,35
50087,2,1,1986,0,13,0,0,0,0,0,14,0,0
50088,1,1,1986,16,16,16,16,16,16,16,16,16,16
50089,0,1,1986,20,16,10,12,26,4,22,28,26,20
50089,1,1,1986,0,16,0,0,3,0,0,0,0,0
50090,1,1,1986,10,10,10,10,10,10,10,10,10,10
50091,1,1,1986,0,0,0,0,0,0,0,12,0,0
50092,1,1,1986,0,20,19,10,6,19,13,22,11,4
50092,2,1,1986,15,18,9,21,15,28,25,14,27,21
50093,1,1,1986,25,16,5,38,33,33,12,22,0,25
50094,1,1,1986,0,24,17,9,18,26,12,14,24,14
50095,1,1,1986,0,0,0,0,0,0,0,6,0,0
50095,2,1,1986,0,0,0,0,0,0,0,0,0,0
50096,1,1,1986,22,0,17,0,0,11,18,14,0,0
50097,1,1,1986,0,0,0,12,0,0,16,0,0,14
50098,0,1,1986,0,0,0,0,0,0,0,0,0,0
50098,1,1,1986,0,0,0,0,0,0,0,0,0,0
50099,1,1,1986,0,0,0,0,0,0,0,0,0,0
50099,2,1,1986,0,0,0,0,0,0,0,0,0,0
50100,1,1,1986,0,0,0,0,0,0,0,0,0,0
50100,2,1,1986,0,0,0,0,0,0,0,0,0,0
50101,1,1,1986,15,4,12,11,4,17,6,14,11,4
50101,2,1,1986,0,0,0,0,0,0,0,16,0,0
50102,1,1,1986,0,0,0,0,0,0,0,0,0,0
50103,1,1,1986,9,5,37,13,8,16,18,17,16,0
50104,1,1,1986,0,0,0,0,15,0,0,0,0,11
50105,1,1,1986,0,0,0,8,0,0,0,0,15,19
50106,0,1,1986,0,0,0,0,0,0,0,0,0,0
50106,1,1,1986,0,0,0,0,0,0,0,0,0,0
50107,1,1,1986,26,0,0,0,0,0,0,5,15,20
50108,1,1,1986,23,23,23,23,23,23,23,23,23,23
50109,0,1,1986,21,25,35,20,37,19,17,27,0,22
50109,1,1,1986,0,0,0,0,0,0,0,0,0,0
50110,1,1,1986,0,0,0,0,0,0,0,0,0,0
50110,2,1,1986,0,0,0,0,0,0,0,0,0,0
50111,1,1,1986,16,16,16,16,16,16,16,16,16,16
50112,1,1,1986,16,31,30,9,0,0,20,15,14,27
50113,1,1,1986,19,0,0,0,0,0,17,16,0,0
50114,1,1,1986,6,23,16,11,20,0,19,10,0,3
50115,1,1,1986,0,0,0,0,0,17,0,0,0,0
50116,1,1,1986,9,9,9,9,9,9,9,9,9,9
50116,2,1,1986,8,8,8,8,8,8,8,8,8,8
50117,1,1,1986,0,0,0,0,0,0,0,0,0,0
50117,2,1,1986,16,16,16,16,16,16,16,16,16,16
50120,1,1,1986,0,0,0,0,0,0,14,0,0,0
50120,2,1,1986,17,10,24,23,19,10,18,22,15,4
50121,1,1,1986,0,0,0,0,0,0,0,0,0,0
50121,2,1,1986,0,0,0,0,0,0,0,0,0,0
50122,1,1,1986,11,19,0,6,0,14,16,0,5,0
50123,1,1,1986,9,9,9,9,9,9,9,9,9,9
50124,1,1,1986,17,17,17,17,17,17,17,17,17,17
50124,2,1,1986,27,0,14,17,12,7,22,4,17,23
50125,1,1,1986,0,0,0,8,0,0,0,0,0,0
50126,1,1,1986,0,0,0,0,0,8,0,0,0,0
50127,0,1,1986,0,0,0,0,0,0,5,0,0,0
50127,1,1,1986,0,0,0,0,0,0,0,0,0,0
50128,1,1,1986,18,18,18,18,18,18,18,18,18,18
50129,1,1,1986,0,0,0,0,0,0,0,0,0,0
50129,2,1,1986,0,0,0,0,0,15,0,0,0,0
50130,0,1,1986,14,41,4,17,18,38,17,25,0,38
50130,1,1,1986,0,0,0,0,0,0,0,0,0,0
50130,2,1,1986,10,10,10,10,10,10,10,10,10,10
50131,0,1,1986,0,0,0,0,0,0,0,0,0,0
50131,1,1,1986,0,0,0,0,0,0,0,0,0,0
50132,0,1,1986,0,0,0,0,0,0,0,0,0,0
50132,1,1,1986,0,0,0,0,0,0,0,0,12,0
50133,1,1,1986,0,20,0,11,11,19,20,19,17,12
50134,1,1,1986,9,15,0,0,0,0,0,0,0,0
50134,2,1,1986,0,0,0,0,0,0,0,9,0,0
50135,0,1,1986,0,0,0,0,0,0,0,0,0,0
50135,1,1,1986,0,0,0,0,0,0,0,0,0,0
50136,1,1,1986,14,14,14,14,14,14,14,14,14,14
50137,1,1,1986,13,11,0,16,23,24,0,17,10,11
50138,1,1,1986,0,0,0,0,0,0,0,0,0,0
50138,2,1,1986,0,0,0,0,0,0,0,0,0,0
50138,3,1,1986,33,13,16,25,21,29,14,23,13,11
50139,0,1,1986,0,27,0,29,0,0,0,0,0,11
50139,1,1,1986,0,0,0,0,13,0,17,0,7,0
50140,0,1,1986,26,26,26,26,26,26,26,26,26,26
50140,1,1,1986,0,0,0,0,0,0,0,0,0,0
50140,2,1,1986,14,19,0,0,0,0,0,13,0,0
50141,1,1,1986,0,0,0,0,0,0,8,0,0,19
50141,2,1,1986,0,0,0,9,0,0,0,0,0,0
50142,0,1,1986,0,0,0,0,0,0,0,0,0,0
50142,1,1,1986,0,0,0,0,0,0,0,0,0,0
50143,0,1,1986,27,0,0,12,0,26,35,0,0,17
50143,1,1,1986,0,7,0,0,0,0,0,0,0,0
50144,1,1,1986,0,0,0,0,0,0,0,0,0,0
50145,0,1,1986,0,0,0,0,0,0,0,0,0,0
50145,1,1,1986,0,0,0,0,0,0,0,0,0,0
50146,1,1,1986,20,23,24,11,12,18,18,12,17,31
50147,0,1,1986,0,0,0,0,0,0,0,0,0,0
50147,1,1,1986,0,0,0,0,13,0,0,0,0,0
50148,0,1,1986,0,0,0,0,0,0,0,0,0,0
50148,1,1,1986,0,0,0,0,0,9,0,0,0,0
50149,1,1,1986,24,24,24,24,24,24,24,24,24,24
50149,2,1,1986,15,10,18,10,15,4,0,0,21,0
50150,1,1,1986,0,0,0,0,0,0,0,0,0,0
50150,2,1,1986,0,0,0,0,0,0,0,0,0,0
50151,1,1,1986,27,27,27,27,27,27,27,27,27,27
50152,1,1,1986,0,0,13,20,14,0,0,19,12,0
50153,1,1,1986,0,0,0,12,0,0,0,0,0,0
50154,0,1,1986,0,0,0,0,0,0,0,0,0,0
50154,1,1,1986,0,0,0,0,0,0,0,0,0,0
50155,1,1,1986,0,0,0,0,0,0,0,0,0,0
50155,2,1,1986,0,0,0,0,0,0,0,0,0,0
50156,1,1,1986,12,12,12,12,12,12,12,12,12,12
50157,1,1,1986,21,21,21,21,21,21,21,21,21,21
50158,1,1,1986,0,0,0,0,0,0,0,0,0,0
50158,2,1,1986,0,0,6,20,19,14,15,6,15,0
50158,3,1,1986,0,0,0,0,0,0,0,0,0,0
50160,1,1,1986,16,16,16,16,16,16,16,16,16,16
50161,1,1,1986,0,0,0,0,0,0,0,0,13,0
50161,2,1,1986,11,0,0,4,0,0,0,0,0,0
50162,1,1,1986,0,0,0,0,0,0,0,0,13,0
50162,2,1,1986,0,0,10,0,27,0,9,29,0,28
50163,1,1,1986,0,0,0,0,0,0,0,0,0,0
50163,2,1,1986,0,0,0,0,0,0,0,0,0,0
50164,0,1,1986,0,0,0,0,13,0,9,0,0,0
50164,1,1,1986,0,0,0,0,0,0,0,0,0,0
50165,1,1,1986,2,2,2,2,2,2,2,2,2,2
50165,2,1,1986,0,0,0,0,0,0,0,0,0,0
50166,1,1,1986,14,14,14,14,14,14,14,14,14,14
50167,1,1,1986,0,0,11,0,0,0,0,0,0,0
50168,1,1,1986,0,0,0,0,0,0,0,0,0,0
50168,2,1,1986,0,0,0,0,0,0,0,0,0,0
50169,0,1,1986,0,0,0,0,0,22,26,0,6,0
50169,1,1,1986,0,4,0,7,0,8,0,0,0,0
50170,1,1,1986,0,0,0,0,8,0,0,0,0,0
50170,2,1,1986,0,0,0,0,6,0,24,9,0,9
50171,1,1,1986,0,0,0,0,0,0,0,0,0,0
50172,1,1,1986,0,0,0,0,0,0,0,0,0,0
50173,1,1,1986,0,0,0,0,0,0,0,0,0,0
50174,1,1,1986,28,28,28,28,28,28,28,28,28,28
50175,1,1,1986,20,20,20,20,20,20,20,20,20,20
50176,1,1,1986,21,0,30,18,0,24,24,16,25,19
50176,2,1,1986,0,0,0,0,0,0,0,0,0,0
50177,1,1,1986,20,20,20,20,20,20,20,20,20,20
50177,2,1,1986,1,1,1,1,1,1,1,1,1,1
50178,1,1,1986,0,0,0,0,0,0,0,0,0,0
50178,2,1,1986,12,12,12,12,12,12,12,12,12,12
50179,1,1,1986,0,11,0,0,0,9,0,0,0,0
50180,0,1,1986,0,14,16,17,19,16,18,23,13,0
50180,1,1,1986,0,0,0,0,0,0,0,0,0,0
50182,1,1,1986,0,0,0,0,0,0,0,0,0,0
50183,1,1,1986,0,0,0,0,0,0,0,0,0,0
50183,2,1,1986,3,3,3,3,3,3,3,3,3,3
50184,1,1,1986,0,11,16,0,7,8,0,24,0,0
50185,1,1,1986,11,0,18,10,0,17,7,6,0,12
50185,2,1,1986,0,0,0,0,0,0,0,0,0,0
50186,1,1,1986,4,0,0,0,0,0,0,0,0,0
50186,2,1,1986,12,17,0,0,0,7,0,0,11,0
50187,1,1,1986,0,0,0,0,0,0,0,17,0,0
50188,1,1,1986,0,0,0,0,19,0,18,0,31,11
50188,2,1,1986,24,8,20,9,0,8,0,39,0,23
50189,1,1,1986,14,14,20,18,23,12,7,17,14,16
50190,1,1,1986,0,0,0,0,0,0,0,0,0,0
50190,2,1,1986,12,0,0,0,0,0,0,0,0,0
50191,1,1,1986,14,14,14,14,14,14,14,14,14,14
50191,2,1,1986,0,0,0,0,0,0,0,0,0,0
50192,1,1,1986,0,0,14,0,0,18,0,0,0,0
50193,1,1,1986,5,5,5,5,5,5,5,5,5,5
50193,2,1,1986,0,0,0,0,0,0,0,0,0,0
50194,1,1,1986,0,0,0,0,0,0,0,0,0,0
50195,1,1,1986,0,0,0,0,0,0,0,0,0,0
50195,2,1,1986,0,3,11,7,11,10,18,0,23,0
50196,1,1,1986,23,23,23,23,23,23,23,23,23,23
50197,1,1,1986,0,0,0,0,0,0,10,29,10,0
50198,1,1,1986,0,0,0,0,0,0,0,0,0,0
50199,1,1,1986,26,26,26,26,26,26,26,26,26,26
50199,2,1,1986,0,0,0,0,0,0,0,0,0,0
50200,1,1,1986,0,0,0,0,0,0,0,0,0,14
50200,2,1,1986,0,0,0,0,0,0,0,0,0,0
50201,1,1,1986,0,0,0,0,0,0,0,0,0,0
50201,2,1,1986,0,0,0,0,0,0,0,0,0,0
50202,1,1,1986,12,12,12,12,12,12,12,12,12,12
50203,1,1,1986,0,0,0,0,0,0,0,0,0,0
50204,1,1,1986,0,0,0,0,0,0,0,0,0,0
50204,2,1,1986,0,0,0,0,0,0,0,0,0,0
50205,1,1,1986,17,17,17,17,17,17,17,17,17,17
50206,1,1,1986,22,37,7,37,6,0,18,11,27,22
50206,2,1,1986,0,0,0,0,0,0,0,0,0,0
50207,1,1,1986,0,0,0,0,0,0,0,0,0,0
50207,2,1,1986,36,20,6,31,0,31,0,8,5,14
50207,3,1,1986,0,0,0,0,0,0,0,0,0,0
50208,0,1,1986,28,34,6,17,20,17,35,13,42,36
50208,1,1,1986,0,0,0,0,0,0,0,0,0,0
50209,0,1,1986,23,23,23,23,23,23,23,23,23,23
50209,1,1,1986,0,0,0,0,0,0,0,0,0,0
50210,1,1,1986,14,14,14,14,14,14,14,14,14,14
50210,2,1,1986,0,0,0,0,0,0,0,0,0,0
50210,3,1,1986,0,4,0,0,18,0,0,0,0,0
50211,1,1,1986,0,0,0,0,0,0,0,0,0,0
50211,2,1,1986,18,0,0,0,0,0,0,0,0,0
50213,1,1,1986,0,0,0,0,0,0,0,0,0,0
50214,1,1,1986,0,0,0,0,0,0,0,0,0,0
50214,2,1,1986,20,17,4,0,22,9,23,14,27,12
50215,0,1,1986,0,0,0,0,0,0,0,0,0,0
50215,1,1,1986,0,0,0,0,0,0,0,0,0,0
50216,1,1,1986,15,15,15,15,15,15,15,15,15,15
50217,1,1,1986,22,22,22,22,22,22,22,22,22,22
50218,1,1,1986,33,16,24,7,3,27,20,6,21,18
50218,2,1,1986,0,0,0,18,0,0,0,15,0,0
50218,3,1,1986,11,14,8,21,25,20,14,9,19,18
50219,1,1,1986,21,15,15,13,18,24,9,16,15,27
50220,1,1,1986,15,15,15,15,15,15,15,15,15,15
50220,2,1,1986,0,0,0,0,5,0,0,0,0,0
50221,1,1,1986,0,0,0,0,0,0,0,13,0,0
50222,1,1,1986,10,10,10,10,10,10,10,10,10,10
50223,1,1,1986,0,0,0,0,0,0,0,0,0,5
50223,2,1,1986,12,33,16,0,7,0,12,0,11,14
50224,1,1,1986,15,17,0,9,0,15,10,9,13,10
50224,2,1,1986,0,0,0,0,0,0,0,0,0,0
50225,0,1,1986,0,0,0,0,0,0,0,0,0,0
50225,1,1,1986,0,0,0,0,0,0,0,0,0,0
50226,1,1,1986,14,14,14,14,14,14,14,14,14,14
50227,1,1,1986,0,0,0,0,0,0,0,0,0,0
50227,2,1,1986,0,0,0,0,0,0,0,0,0,0
50229,1,1,1986,14,14,14,14,14,14,14,14,14,14
50230,1,1,1986,14,14,14,14,14,14,14,14,14,14
50231,1,1,1986,17,17,17,17,17,17,17,17,17,17
50232,1,1,1986,15,6,21,22,6,21,8,0,18,9
50232,2,1,1986,17,21,4,7,6,14,9,9,25,17
50233,1,1,1986,40,0,0,0,0,0,0,0,0,0
50234,1,1,1986,22,0,0,0,0,0,0,0,15,0
50235,1,1,1986,0,0,0,0,0,0,0,0,0,0
50235,2,1,1986,0,0,0,0,0,0,0,0,0,0
50236,1,1,1986,0,0,0,0,0,0,0,0,0,0
50237,1,1,1986,0,0,0,0,0,0,0,0,0,0
50237,2,1,1986,0,0,20,7,20,0,32,10,15,12
50237,3,1,1986,0,0,0,0,0,0,0,0,0,0
50238,1,1,1986,0,0,0,0,0,0,0,0,0,0
50239,0,1,1986,0,0,0,0,0,21,33,0,0,18
50239,1,1,1986,13,0,0,0,0,0,0,0,0,19
50240,1,1,1986,0,0,0,0,0,0,0,0,0,0
50241,1,1,1986,0,11,15,18,0,22,21,14,0,0
50242,1,1,1986,0,0,0,0,0,0,0,0,0,0
50242,2,1,1986,0,0,0,0,0,0,0,0,0,0
50243,1,1,1986,21,17,13,8,0,17,17,0,27,9
50244,0,1,1986,14,0,26,25,3,26,19,21,16,8
50244,1,1,1986,0,0,0,0,11,14,0,0,0,0
50246,1,1,1986,5,14,0,24,14,0,6,0,0,0
50247,1,1,1986,28,20,15,28,18,27,22,26,17,16
50247,2,1,1986,0,0,0,0,0,0,0,0,22,0
50248,1,1,1986,11,16,17,25,0,10,0,0,13,0
50249,1,1,1986,20,15,24,17,19,11,20,16,17,4
50250,1,1,1986,0,0,0,0,0,0,0,0,0,0
50250,2,1,1986,11,0,9,0,5,12,0,0,14,0
50251,1,1,1986,20,0,2,0,0,0,12,28,0,15
50252,1,1,1986,14,30,30,14,8,6,5,10,18,20
50253,1,1,1986,15,15,15,15,15,15,15,15,15,15
50253,2,1,1986,0,0,0,0,0,0,0,0,0,0
50254,0,1,1986,0,0,0,0,0,0,0,0,0,0
50254,1,1,1986,0,0,0,0,0,0,0,0,0,10
50255,1,1,1986,0,0,0,0,0,0,0,0,0,0
50255,2,1,1986,0,0,0,0,4,0,0,0,0,0
50256,1,1,1986,0,0,0,0,0,0,0,0,0,0
50256,2,1,1986,0,0,32,0,0,13,0,0,0,0
50257,1,1,1986,0,0,0,0,0,0,0,0,0,0
50258,1,1,1986,0,0,0,0,14,0,0,0,0,0
50258,2,1,1986,0,0,0,0,0,0,0,0,0,0
50259,1,1,1986,11,21,16,0,14,8,40,12,35,23
50259,2,1,1986,0,0,0,0,0,0,0,0,0,0
50260,1,1,1986,3,3,3,3,3,3,3,3,3,3
50261,1,1,1986,0,0,0,0,0,0,0,0,0,0
50262,1,1,1986,17,17,17,17,17,17,17,17,17,17
50263,1,1,1986,19,19,19,19,19,19,19,19,19,19
50264,1,1,1986,13,13,13,13,13,13,13,13,13,13
50265,1,1,1986,9,9,9,9,9,9,9,9,9,9
50266,1,1,1986,0,0,0,0,0,0,0,0,0,0
50267,1,1,1986,0,0,34,0,0,11,0,11,0,12
50268,0,1,1986,0,17,0,0,0,0,25,13,17,0
50268,0,2,1986,30,0,0,8,0,4,10,7,22,0
50268,0,3,1986,11,34,7,9,10,8,0,3,21,19
50268,1,1,1986,0,0,0,0,0,0,0,0,0,0
50268,2,1,1986,8,8,8,8,8,8,8,8,8,8
50268,3,1,1986,5,5,5,5,5,5,5,5,5,5
50268,4,1,1986,0,0,0,0,0,0,0,0,0,0
50269,1,1,1986,0,0,0,0,0,0,0,7,0,13
50270,1,1,1986,0,0,0,0,0,0,0,0,0,0
50270,2,1,1986,19,19,19,19,19,19,19,19,19,19
50271,1,1,1986,0,0,0,0,0,0,0,0,0,0
50271,2,1,1986,0,0,0,0,0,0,0,0,0,0
50272,1,1,1986,9,25,0,0,0,0,6,0,0,19
50273,1,1,1986,0,0,0,0,0,0,0,0,0,0
50273,2,1,1986,0,0,0,0,0,0,0,0,0,0
50274,1,1,1986,22,9,35,0,24,19,14,24,4,16
50276,1,1,1986,0,0,0,0,0,0,0,0,20,0
50276,2,1,1986,0,0,0,0,0,0,10,0,0,0
50277,1,1,1986,21,18,11,35,20,19,19,22,0,19
50277,2,1,1986,0,0,0,0,0,0,0,0,0,0
50278,0,1,1986,6,17,8,16,10,19,23,3,13,14
50278,1,1,1986,0,0,0,0,0,0,0,0,0,0
50279,1,1,1986,0,0,0,0,0,0,0,0,0,0
50279,2,1,1986,0,0,0,0,0,0,0,0,0,0
50280,1,1,1986,18,34,35,7,23,0,0,0,0,15
50281,1,1,1986,20,0,9,10,0,13,18,10,0,15
50281,2,1,1986,0,0,0,0,0,0,0,0,0,0
50282,1,1,1986,12,0,0,0,0,0,0,0,0,0
50282,2,1,1986,0,0,0,0,0,0,0,12,0,0
50284,1,1,1986,0,0,0,0,0,0,0,0,0,0
50285,1,1,1986,0,0,0,0,0,0,0,0,0,0
50285,2,1,1986,0,0,0,0,0,0,0,0,0,0
50286,1,1,1986,2,25,0,0,10,0,0,14,0,0
50287,1,1,1986,0,0,0,0,0,0,0,0,0,0
50287,2,1,1986,0,0,0,0,0,0,0,0,0,0
50287,3,1,1986,0,0,0,0,0,0,0,0,0,0
50288,1,1,1986,23,23,17,25,17,11,13,29,15,23
50289,1,1,1986,18,0,12,23,0,0,18,0,0,21
50290,1,1,1986,0,12,16,0,17,15,21,14,10,11
50290,2,1,1986,0,0,0,0,0,0,0,0,0,0
50291,0,1,1986,17,25,0,16,0,0,0,0,0,14
50291,1,1,1986,0,0,0,0,0,0,0,35,0,0
50292,1,1,1986,0,0,0,0,0,0,0,0,0,0
50292,2,1,1986,23,23,23,23,23,23,23,23,23,23
50293,1,1,1986,24,20,19,9,17,30,18,9,11,25
50294,1,1,1986,9,9,9,9,9,9,9,9,9,9
50294,2,1,1986,6,6,6,6,6,6,6,6,6,6
50296,1,1,1986,11,11,11,11,11,11,11,11,11,11
50297,1,1,1986,30,30,30,30,30,30,30,30,30,30
50298,1,1,1986,0,0,0,0,0,9,13,0,0,0
50298,2,1,1986,0,0,0,0,0,0,0,0,0,0
50299,1,1,1986,0,14,29,11,4,9,0,0,0,0
50299,2,1,1986,0,0,0,0,0,0,0,0,0,0
50301,1,1,1986,0,0,0,0,0,0,0,0,0,0
50301,2,1,1986,29,29,29,29,29,29,29,29,29,29
50302,1,1,1986,45,32,20,13,11,12,10,14,40,46
50303,1,1,1986,0,0,0,0,0,0,0,0,0,7
50303,2,1,1986,31,19,14,12,11,33,25,18,18,21
50304,1,1,1986,0,0,0,0,0,0,0,0,20,0
50304,2,1,1986,0,0,0,0,0,0,0,0,0,0
50305,1,1,1986,28,12,23,12,22,28,13,11,13,22
50305,2,1,1986,22,32,22,10,22,17,23,8,11,21
50306,1,1,1986,22,8,15,27,12,8,4,14,22,8
50307,1,1,1986,0,0,0,0,0,0,0,0,0,0
50307,2,1,1986,8,8,8,8,8,8,8,8,8,8
50308,1,1,1986,26,35,21,18,16,0,28,11,13,29
50309,1,1,1986,12,0,18,17,0,5,15,10,6,17
50310,1,1,1986,19,8,23,17,15,0,0,0,0,19
50311,1,1,1986,13,7,0,10,14,0,6,15,4,17
50311,2,1,1986,29,15,28,15,9,5,24,0,38,22
50312,1,1,1986,18,18,18,11,9,31,26,16,26,19
50313,1,1,1986,9,0,0,0,0,0,0,0,0,0
50314,1,1,1986,0,0,0,0,0,0,0,0,15,0
50314,2,1,1986,0,0,0,0,0,0,0,0,0,0
50315,1,1,1986,0,0,0,0,0,0,0,0,0,0
50316,1,1,1986,10,24,13,16,17,0,5,21,0,8
50317,0,1,1986,0,0,0,0,0,0,0,0,0,0
50317,1,1,1986,0,0,0,0,0,0,0,0,0,0
50318,1,1,1986,0,0,0,0,0,0,0,0,0,0
50319,1,1,1986,9,0,0,10,0,0,0,0,0,0
50319,2,1,1986,0,0,0,10,0,0,0,0,0,0
50320,0,1,1986,0,0,0,0,0,0,0,0,0,0
50320,1,1,1986,0,0,0,0,0,0,0,0,0,0
50321,1,1,1986,12,17,19,42,4,0,0,7,15,20
50321,2,1,1986,0,0,0,0,0,0,0,0,0,0
50322,1,1,1986,17,0,30,11,13,0,9,8,14,11
50322,2,1,1986,10,15,19,19,20,13,19,17,28,16
50323,1,1,1986,0,0,0,0,0,0,0,0,0,0
50323,2,1,1986,0,0,0,0,0,0,0,0,0,0
50324,1,1,1986,8,6,0,19,10,18,18,16,0,14
50325,1,1,1986,0,0,0,0,0,13,0,12,0,26
50326,1,1,1986,18,15,27,14,9,10,9,21,28,10
50326,2,1,1986,0,0,0,0,0,0,0,0,0,0
50327,1,1,1986,0,25,7,13,3,10,8,17,13,0
50327,2,1,1986,23,22,39,20,22,23,21,0,0,32
50328,1,1,1986,0,20,14,0,0,0,7,0,0,0
50329,1,1,1986,9,0,0,0,0,0,0,0,0,0
50330,1,1,1986,0,0,0,0,0,0,0,0,0,0
50331,1,1,1986,17,13,13,29,10,6,15,16,14,10
50332,0,1,1986,0,0,0,0,0,0,17,0,0,0
50332,1,1,1986,0,0,6,10,4,0,0,9,15,6
50333,1,1,1986,0,0,0,0,0,0,27,0,0,0
50333,2,1,1986,7,17,16,15,3,15,11,8,28,20
50335,0,1,1986,0,0,0,0,0,0,0,0,0,0
50335,1,1,1986,0,0,0,0,0,0,0,0,0,0
50336,1,1,1986,21,26,18,3,4,13,26,32,15,0
50337,0,1,1986,0,18,0,33,0,0,12,17,0,0
50337,1,1,1986,0,0,0,0,0,0,0,0,0,0
50338,1,1,1986,27,11,13,17,0,25,40,22,0,12
50339,1,1,1986,0,0,0,0,0,0,0,0,0,0
50339,2,1,1986,0,0,0,0,0,16,0,0,0,0
50340,1,1,1986,8,8,8,8,8,8,8,8,8,8
50341,0,1,1986,0,0,0,0,0,0,0,0,0,0
50341,1,1,1986,0,0,0,0,0,0,0,0,0,11
50342,1,1,1986,17,17,17,17,17,17,17,17,17,17
50343,1,1,1986,27,27,27,27,27,27,27,27,27,27
50344,1,1,1986,0,0,0,0,17,0,0,11,0,0
50344,2,1,1986,0,0,0,0,0,0,0,0,0,0
50344,3,1,1986,0,0,0,0,0,0,0,0,0,0
50345,1,1,1986,0,0,0,0,0,0,0,0,0,0
50345,2,1,1986,0,0,0,0,0,0,0,0,0,0
50345,3,1,1986,0,0,0,0,0,0,0,0,0,0
50346,1,1,1986,0,22,0,13,13,24,15,0,21,12
50347,1,1,1986,16,16,16,16,16,16,16,16,16,16
50348,0,1,1986,0,0,0,0,0,0,0,0,0,0
50348,1,1,1986,0,0,20,0,0,0,0,0,0,0
50349,1,1,1986,15,0,9,0,14,15,19,18,9,14
50350,0,1,1986,26,0,0,0,0,0,0,0,0,24
50350,1,1,1986,6,6,6,6,6,6,6,6,6,6
50351,1,1,1986,32,31,15,17,12,11,25,11,26,14
50352,1,1,1986,0,0,0,0,0,0,0,0,0,0
50352,2,1,1986,0,0,0,0,0,0,0,0,0,0
50353,1,1,1986,0,0,0,0,0,0,0,0,0,0
50354,1,1,1986,0,0,0,0,0,0,5,0,0,0
50354,2,1,1986,13,10,4,15,8,27,15,15,8,12
50354,3,1,1986,0,0,0,6,0,0,0,0,0,0
50355,0,1,1986,16,17,20,8,27,29,15,17,27,22
50355,0,2,1986,0,38,18,23,44,3,22,0,14,0
50355,1,1,1986,7,0,0,0,0,0,0,13,0,0