ST_CASE,VEH_NO,PER_NO,YEAR,P1,P2,P3,P4,P5,P6,P7,P8,P9,P10
80419,1,1,1986,27,27,27,27,27,27,27,27,27,27
80419,2,1,1986,0,0,0,0,0,0,0,0,0,0
80420,1,1,1986,3,3,3,3,3,3,3,3,3,3
80421,1,1,1986,15,15,15,15,15,15,15,15,15,15
80422,0,1,1986,0,0,0,0,0,0,0,0,0,0
80422,0,2,1986,0,0,0,0,0,0,0,0,0,0
80422,1,1,1986,3,3,3,3,3,3,3,3,3,3
80423,0,1,1986,0,0,0,0,0,0,0,0,0,0
80423,1,1,1986,0,0,0,0,0,0,0,0,0,0
80424,1,1,1986,0,0,8,0,9,0,0,0,0,0
80425,1,1,1986,18,18,18,18,18,18,18,18,18,18
80426,0,1,1986,17,17,17,17,17,17,17,17,17,17
80426,1,1,1986,0,0,0,0,0,0,0,0,0,0
80427,0,1,1986,0,0,0,0,0,0,0,0,0,0
80427,1,1,1986,0,0,0,0,0,0,0,0,0,0
80428,1,1,1986,23,23,23,23,23,23,23,23,23,23
80428,2,1,1986,10,10,10,10,10,10,10,10,10,10
80429,1,1,1986,7,7,7,7,7,7,7,7,7,7
80430,1,1,1986,11,11,11,11,11,11,11,11,11,11
80431,0,1,1986,30,30,30,30,30,30,30,30,30,30
80431,1,1,1986,0,0,0,0,0,0,0,0,0,0
80432,0,1,1986,0,0,0,0,0,0,0,0,0,0
80432,1,1,1986,0,0,0,0,0,0,0,0,0,0
80433,1,1,1986,13,13,13,13,13,13,13,13,13,13
80433,2,1,1986,0,0,0,0,0,0,0,0,0,0
80434,1,1,1986,0,0,0,0,0,0,0,0,0,0
80435,1,1,1986,0,0,0,0,5,0,0,0,0,0
80436,1,1,1986,34,34,34,34,34,34,34,34,34,34
80436,2,1,1986,0,0,0,0,0,0,0,0,0,0
80437,0,1,1986,0,0,0,0,0,0,0,0,0,0
80437,1,1,1986,5,5,5,5,5,5,5,5,5,5
80438,1,1,1986,0,0,0,0,0,0,0,0,0,0
80438,2,1,1986,0,6,0,0,0,0,0,0,0,0
80438,3,1,1986,0,0,0,0,0,0,0,0,0,0
80439,1,1,1986,0,0,0,0,0,0,0,0,0,0
80440,1,1,1986,0,0,0,0,19,7,0,0,0,0
80441,0,1,1986,8,10,0,0,3,0,17,0,0,24
80441,1,1,1986,0,6,0,0,0,0,0,0,26,0
80442,1,1,1986,24,24,24,24,24,24,24,24,24,24
80442,2,1,1986,0,0,0,0,0,0,0,0,0,0
80443,1,1,1986,33,33,33,33,33,33,33,33,33,33
80443,2,1,1986,0,0,0,0,0,0,0,0,0,0
80444,1,1,1986,37,37,37,37,37,37,37,37,37,37
80445,1,1,1986,6,6,6,6,6,6,6,6,6,6
80446,1,1,1986,17,17,17,17,17,17,17,17,17,17
80447,1,1,1986,17,19,23,21,20,31,10,29,14,29
80447,2,1,1986,0,0,0,0,0,0,0,0,0,0
80448,1,1,1986,0,0,0,0,0,0,0,0,0,0
80448,2,1,1986,0,0,0,0,0,0,0,0,0,0
80449,1,1,1986,38,38,38,38,38,38,38,38,38,38
80450,1,1,1986,8,8,8,8,8,8,8,8,8,8
80451,1,1,1986,7,7,7,7,7,7,7,7,7,7
80452,1,1,1986,18,18,18,18,18,18,18,18,18,18
80453,1,1,1986,16,16,16,16,16,16,16,16,16,16
80453,2,1,1986,0,0,0,0,0,0,0,0,0,0
80454,1,1,1986,0,0,0,0,0,0,0,0,0,0
80454,2,1,1986,0,0,0,0,0,0,0,0,0,0
80455,1,1,1986,0,0,0,0,0,0,0,0,0,0
80455,2,1,1986,0,0,0,0,0,0,0,0,0,0
80456,1,1,1986,0,0,0,0,0,0,0,0,0,0
80457,1,1,1986,0,0,18,0,13,0,0,0,20,0
80458,1,1,1986,0,0,0,0,0,0,0,0,0,0
80458,2,1,1986,0,0,0,0,0,0,0,0,0,0
80458,3,1,1986,0,0,0,0,0,0,0,0,0,0
80459,1,1,1986,0,0,0,0,0,0,0,0,0,0
80460,1,1,1986,29,29,29,29,29,29,29,29,29,29
80461,1,1,1986,0,0,0,0,0,0,0,0,0,0
80462,0,1,1986,0,0,0,0,0,0,0,0,0,0
80462,0,2,1986,25,22,15,24,0,0,0,0,16,0
80462,1,1,1986,0,0,0,0,0,0,0,0,0,0
80463,1,1,1986,0,0,0,0,0,0,0,0,0,0
80464,1,1,1986,18,18,18,18,18,18,18,18,18,18
80464,2,1,1986,0,0,0,19,0,0,0,0,0,0
80465,1,1,1986,0,0,0,0,0,0,0,0,0,0
80465,2,1,1986,0,0,0,0,0,0,0,0,0,0
80466,1,1,1986,0,0,0,0,0,0,0,0,0,0
80467,1,1,1986,18,18,18,18,18,18,18,18,18,18
80468,1,1,1986,0,0,0,0,0,0,0,0,0,0
80468,2,1,1986,0,0,0,0,0,0,0,0,0,0
80469,1,1,1986,0,0,0,0,0,0,0,0,0,0
80469,2,1,1986,0,0,0,0,0,0,0,0,0,0
80470,1,1,1986,0,0,0,8,0,0,0,0,0,0
80470,2,1,1986,0,0,0,0,0,0,0,0,0,0
80471,1,1,1986,0,0,0,0,0,0,0,0,0,0
80472,1,1,1986,0,0,0,0,0,0,0,0,0,0
80472,2,1,1986,0,0,0,0,0,0,0,0,0,0
80472,3,1,1986,0,30,0,11,0,15,0,0,0,0
80472,4,1,1986,0,0,0,0,0,0,0,0,0,0
80473,0,1,1986,0,0,0,0,0,0,0,0,0,0
80473,1,1,1986,0,0,0,0,0,7,0,0,0,0
80473,2,1,1986,0,0,0,0,0,0,0,0,0,0
80473,3,1,1986,8,27,11,0,0,0,18,0,0,0
80473,4,1,1986,0,0,0,0,0,0,0,0,0,0
80474,1,1,1986,0,0,0,0,0,0,0,0,0,0
80475,0,1,1986,0,0,0,0,0,0,0,0,0,0
80475,1,1,1986,0,0,0,9,19,0,0,0,0,0
80475,2,1,1986,0,0,0,0,0,0,0,0,0,0
80476,0,1,1986,0,0,0,0,0,0,0,0,0,0
80476,0,2,1986,0,6,0,5,12,12,0,0,0,0
80476,1,1,1986,0,0,0,0,0,0,0,0,0,0
80477,1,1,1986,3,3,3,3,3,3,3,3,3,3
80478,1,1,1986,0,0,0,0,0,0,0,0,0,0
80479,1,1,1986,0,0,0,0,0,0,0,0,0,0
80480,1,1,1986,14,14,14,14,14,14,14,14,14,14
80481,1,1,1986,0,0,0,0,0,0,0,0,0,0
80481,2,1,1986,0,0,0,0,0,0,0,7,0,0
80482,1,1,1986,0,0,0,0,0,0,0,0,0,0
80483,1,1,1986,0,0,0,0,0,0,0,0,0,0
80483,2,1,1986,0,0,0,0,0,0,0,0,0,0
80484,1,1,1986,0,0,0,0,0,0,0,0,0,0
80484,2,1,1986,0,0,0,0,0,0,0,0,0,0
80485,0,1,1986,0,0,0,0,0,0,0,0,0,0
80485,1,1,1986,13,13,13,13,13,13,13,13,13,13
80486,1,1,1986,0,0,0,0,0,0,0,0,0,0
80486,2,1,1986,0,0,0,0,0,0,0,0,0,0
80486,3,1,1986,0,22,0,0,0,0,0,0,0,0
80487,1,1,1986,0,0,0,0,0,0,0,0,0,0
80487,2,1,1986,0,0,0,0,0,0,0,0,0,0
80488,1,1,1986,14,14,14,14,14,14,14,14,14,14
80489,1,1,1986,14,14,14,14,14,14,14,14,14,14
80490,1,1,1986,19,19,19,19,19,19,19,19,19,19
80490,2,1,1986,0,0,0,0,0,0,0,0,0,0
80490,3,1,1986,0,0,0,0,0,0,0,0,0,0
80491,1,1,1986,0,0,0,0,0,0,0,0,0,0
80491,2,1,1986,0,0,0,0,0,0,0,0,0,0
80492,1,1,1986,13,13,13,13,13,13,13,13,13,13
80493,1,1,1986,0,0,0,0,0,0,0,0,0,0
80493,2,1,1986,0,0,0,0,0,0,0,0,0,0
80494,1,1,1986,18,18,18,18,18,18,18,18,18,18
80495,1,1,1986,10,10,10,10,10,10,10,10,10,10
80495,2,1,1986,0,0,0,0,0,0,0,0,0,0
80496,1,1,1986,29,29,29,29,29,29,29,29,29,29
80497,1,1,1986,0,0,0,0,0,0,0,0,0,0
80498,1,1,1986,10,10,10,10,10,10,10,10,10,10
80499,1,1,1986,14,14,14,14,14,14,14,14,14,14
80499,2,1,1986,0,0,0,0,0,0,0,0,0,0
80500,1,1,1986,0,19,8,0,0,20,11,17,20,4
80501,0,1,1986,0,0,0,0,0,0,0,0,0,0
80501,1,1,1986,0,0,0,0,0,0,0,0,0,0
80502,1,1,1986,11,11,11,11,11,11,11,11,11,11
80503,1,1,1986,0,0,0,0,0,0,0,0,0,0
80503,2,1,1986,0,0,0,0,0,3,0,0,0,0
80504,1,1,1986,13,13,13,13,13,13,13,13,13,13
80505,1,1,1986,0,0,0,0,0,0,0,0,0,0
80506,1,3,1986,24,24,24,24,24,24,24,24,24,24
80507,0,1,1986,0,0,0,0,0,0,0,0,0,0
80507,1,1,1986,0,0,0,0,0,0,0,0,0,0
80508,1,1,1986,12,20,29,9,33,18,13,0,22,13
80508,2,1,1986,0,12,0,0,0,0,0,0,0,0
80509,1,1,1986,0,0,0,0,0,0,0,0,0,0
80510,1,1,1986,3,3,3,3,3,3,3,3,3,3
80513,1,1,1986,0,0,0,0,0,0,0,0,0,0
80513,2,1,1986,0,0,0,0,0,0,0,0,0,0
80513,3,1,1986,0,0,0,0,0,0,0,0,0,0
90001,1,1,1986,0,0,0,0,0,0,0,0,0,0
90002,0,1,1986,0,0,0,0,0,0,0,0,0,0
90002,1,1,1986,0,0,0,0,0,0,0,0,12,16
90003,1,1,1986,15,11,15,29,9,4,8,5,35,21
90004,0,1,1986,0,0,0,0,0,0,0,0,0,0
90004,1,1,1986,0,0,0,0,0,0,0,0,0,0
90005,1,1,1986,13,13,13,13,13,13,13,13,13,13
90006,1,1,1986,9,9,9,9,9,9,9,9,9,9
90007,1,1,1986,0,0,0,0,0,0,0,0,0,0
90007,2,1,1986,0,0,0,0,0,0,0,0,0,0
90007,3,1,1986,12,12,12,12,12,12,12,12,12,12
90008,1,1,1986,18,18,18,18,18,18,18,18,18,18
90009,1,1,1986,0,0,0,0,15,0,0,0,0,0
90010,1,1,1986,0,0,0,0,0,0,0,0,0,0
90010,2,1,1986,0,0,0,0,0,0,0,0,0,0
90011,1,1,1986,0,0,0,0,0,0,0,0,0,0
90012,1,1,1986,23,23,23,23,23,23,23,23,23,23
90013,1,1,1986,0,0,0,0,0,0,0,0,0,0
90014,0,1,1986,0,0,0,0,0,0,0,0,0,0
90014,1,1,1986,0,0,0,0,0,0,0,0,0,28
90015,1,1,1986,0,0,0,0,0,0,0,0,0,0
90015,2,1,1986,0,0,0,0,0,0,0,0,0,0
90015,3,1,1986,0,0,8,0,18,0,0,0,0,0
90016,1,1,1986,0,0,0,8,0,0,0,0,11,0
90017,1,1,1986,25,25,25,25,25,25,25,25,25,25
90018,1,1,1986,26,26,26,26,26,26,26,26,26,26
90019,1,1,1986,19,19,19,19,19,19,19,19,19,19
90020,1,1,1986,24,24,24,24,24,24,24,24,24,24
90021,1,1,1986,4,4,4,4,4,4,4,4,4,4
90022,1,1,1986,26,26,26,26,26,26,26,26,26,26
90023,1,1,1986,13,13,13,13,13,13,13,13,13,13
90023,2,1,1986,10,10,10,10,10,10,10,10,10,10
90024,1,1,1986,22,3,0,0,0,20,37,0,0,16
90025,1,1,1986,8,8,8,8,8,8,8,8,8,8
90026,1,1,1986,0,0,0,0,0,0,0,0,0,0
90027,1,1,1986,0,0,0,0,0,0,0,0,0,0
90027,2,1,1986,8,4,10,6,0,9,11,16,7,23
90028,0,1,1986,0,0,0,0,0,0,0,0,0,0
90028,1,1,1986,0,0,0,0,0,0,0,0,0,0
90029,1,1,1986,19,19,19,19,19,19,19,19,19,19
90030,1,1,1986,19,19,19,19,19,19,19,19,19,19
90030,2,1,1986,0,0,0,0,0,0,0,0,0,0
90031,0,1,1986,22,22,22,22,22,22,22,22,22,22
90031,1,1,1986,0,0,0,0,0,0,0,0,0,0
90032,1,1,1986,0,0,0,0,0,0,0,0,0,11
90033,1,1,1986,0,0,0,0,0,0,0,0,0,0
90033,2,1,1986,0,0,0,0,0,0,0,0,0,0
90034,1,1,1986,0,0,0,0,0,0,0,0,0,0
90034,2,1,1986,0,0,0,0,0,0,0,0,0,0
90035,1,1,1986,22,22,22,22,22,22,22,22,22,22
90036,1,1,1986,0,0,0,0,0,0,0,0,0,0
90036,2,1,1986,0,0,0,0,0,0,0,0,0,0
90037,1,1,1986,0,0,0,0,0,0,0,0,0,0
90037,2,1,1986,0,0,0,0,0,0,0,0,0,0
90038,1,1,1986,0,0,0,0,12,15,0,0,0,0
90038,2,1,1986,0,0,0,12,0,0,0,0,0,0
90039,1,1,1986,0,0,0,0,0,0,13,0,0,0
90039,2,1,1986,0,0,0,0,0,0,0,0,0,0
90040,1,1,1986,0,0,0,0,0,0,0,0,0,0
90040,2,1,1986,0,0,0,0,0,0,0,0,0,0
90041,1,1,1986,0,0,0,0,0,0,0,0,0,0
90042,0,1,1986,0,0,0,0,0,0,0,0,0,0
90042,1,1,1986,0,0,0,0,0,0,15,0,0,0
90043,1,1,1986,0,0,0,0,0,0,0,0,0,0
90043,2,1,1986,0,0,0,0,0,0,0,0,0,0
90044,1,1,1986,0,0,0,0,0,0,0,0,0,0
90045,1,1,1986,0,0,0,0,0,0,0,0,0,0
90045,2,1,1986,0,0,0,0,0,0,0,0,0,9
90046,1,1,1986,22,22,22,22,22,22,22,22,22,22
90046,2,1,1986,0,0,0,0,0,0,0,0,0,0
90047,1,1,1986,14,14,14,14,14,14,14,14,14,14
90047,2,1,1986,15,15,15,15,15,15,15,15,15,15
90048,1,1,1986,0,0,0,0,0,0,0,0,0,0
90049,1,1,1986,12,12,12,12,12,12,12,12,12,12
90050,1,1,1986,0,0,0,0,0,0,0,0,0,0
90050,2,1,1986,0,0,0,0,0,0,0,0,0,0
90050,3,1,1986,0,14,0,0,0,0,0,0,8,0
90051,1,1,1986,0,0,0,0,0,0,0,0,0,0
90051,2,1,1986,0,0,0,0,0,0,0,0,0,0
90052,1,1,1986,31,31,31,31,31,31,31,31,31,31
90052,2,1,1986,0,0,0,0,0,0,0,0,0,0
90053,1,1,1986,0,0,0,0,0,0,0,0,0,0
90053,2,1,1986,0,0,0,0,0,0,0,0,0,0
90054,0,1,1986,0,0,0,0,0,0,0,0,0,0
90054,1,1,1986,0,0,0,0,0,0,0,0,0,0
90055,1,1,1986,27,27,27,27,27,27,27,27,27,27
90056,1,1,1986,10,10,10,10,10,10,10,10,10,10
90057,1,1,1986,8,0,0,0,0,0,0,0,0,0
90057,2,1,1986,0,0,0,0,0,0,0,0,0,0
90058,1,1,1986,18,18,18,18,18,18,18,18,18,18
90059,1,1,1986,23,23,23,23,23,23,23,23,23,23
90060,1,1,1986,7,0,0,0,0,0,0,0,0,7
90060,2,1,1986,0,0,0,0,0,0,0,0,0,0
90061,1,1,1986,0,0,0,0,0,0,0,0,0,0
90061,2,1,1986,0,0,0,0,0,13,0,0,0,22
90061,3,1,1986,0,0,0,2,0,0,7,0,10,24
90062,1,1,1986,20,20,20,20,20,20,20,20,20,20
90063,0,1,1986,0,0,0,0,0,0,0,0,0,0
90063,1,1,1986,0,0,0,0,0,0,0,0,0,0
90064,1,1,1986,0,0,0,0,0,0,0,0,0,0
90064,2,1,1986,15,15,15,15,15,15,15,15,15,15
90065,1,1,1986,38,38,38,38,38,38,38,38,38,38
90065,2,1,1986,0,0,0,0,0,0,0,0,0,0
90066,1,1,1986,0,0,0,11,9,10,0,21,0,0
90066,2,1,1986,7,7,7,7,7,7,7,7,7,7
90067,1,1,1986,0,0,7,0,15,13,0,0,23,0
90067,2,1,1986,16,16,16,16,16,16,16,16,16,16
90068,1,1,1986,0,0,0,0,0,0,0,0,0,0
90069,1,1,1986,18,18,18,18,18,18,18,18,18,18
90070,1,1,1986,0,0,0,0,0,0,0,0,0,0
90071,0,1,1986,24,24,24,24,24,24,24,24,24,24
90071,1,1,1986,16,16,16,16,16,16,16,16,16,16
90072,1,1,1986,0,0,0,0,0,0,0,0,0,0
90072,2,1,1986,0,0,0,0,0,0,0,0,0,0
90073,1,1,1986,23,10,11,2,14,9,19,10,10,15
90073,2,1,1986,0,0,0,0,0,0,0,0,0,0
90074,1,1,1986,3,3,3,3,3,3,3,3,3,3
90076,1,1,1986,0,0,0,0,0,0,0,0,0,0
90076,2,1,1986,0,0,0,0,0,0,0,0,0,0
90077,1,1,1986,27,27,27,27,27,27,27,27,27,27
90078,1,1,1986,0,0,0,0,0,0,0,0,22,0
90078,2,1,1986,0,0,0,0,0,0,0,0,9,0
90078,3,1,1986,0,0,0,0,0,0,0,0,0,0
90078,4,1,1986,0,0,0,0,0,0,0,0,0,0
90078,5,1,1986,0,0,0,0,0,0,0,0,0,0
90079,0,1,1986,0,0,0,0,0,0,0,0,0,0
90079,1,1,1986,0,6,0,0,0,0,0,0,0,0
90080,1,1,1986,0,0,0,0,0,0,0,0,0,0
90081,1,1,1986,14,14,14,14,14,14,14,14,14,14
90082,1,1,1986,11,11,11,11,11,11,11,11,11,11
90083,1,1,1986,0,0,0,18,0,0,0,0,0,12
90084,1,1,1986,0,0,0,0,0,0,0,0,0,0
90084,2,1,1986,0,0,0,0,0,0,0,0,0,0
90084,3,1,1986,0,0,9,0,0,0,0,0,0,0
90085,1,1,1986,15,15,15,15,15,15,15,15,15,15
90086,1,1,1986,22,22,22,22,22,22,22,22,22,22
90087,1,1,1986,20,20,20,20,20,20,20,20,20,20
90087,2,1,1986,0,5,0,0,0,0,6,0,0,0
90088,1,1,1986,18,18,18,18,18,18,18,18,18,18
90089,1,1,1986,0,7,0,0,0,21,9,0,0,0
90089,2,1,1986,21,21,21,21,21,21,21,21,21,21
90090,0,1,1986,0,0,0,0,0,0,0,0,0,0
90090,1,1,1986,0,0,0,0,0,0,0,0,0,0
90091,0,1,1986,0,0,0,0,0,0,0,0,0,0
90091,1,1,1986,5,5,5,5,5,5,5,5,5,5
90092,1,1,1986,0,0,0,0,0,0,0,0,0,0
90092,2,1,1986,0,0,0,0,0,0,0,0,0,0
90093,1,1,1986,22,22,22,22,22,22,22,22,22,22
90094,1,1,1986,19,19,19,19,19,19,19,19,19,19
90095,0,1,1986,0,0,0,0,0,0,0,0,0,0
90095,1,1,1986,11,21,29,7,17,0,0,17,14,0
90096,0,1,1986,0,0,0,0,0,0,0,0,0,0
90096,1,1,1986,6,0,0,0,0,0,0,0,0,0
90097,1,1,1986,5,5,5,5,5,5,5,5,5,5
90097,2,1,1986,0,0,0,0,0,0,0,0,0,0
90098,1,1,1986,0,0,0,0,0,0,0,0,0,0
90098,2,1,1986,15,15,15,15,15,15,15,15,15,15
90099,1,1,1986,0,0,0,0,0,0,0,0,0,0
90099,2,1,1986,10,10,10,10,10,10,10,10,10,10
90100,1,1,1986,19,19,19,19,19,19,19,19,19,19
90101,0,1,1986,0,0,0,0,0,0,0,0,0,0
90101,1,1,1986,0,0,0,0,0,0,0,0,0,0
90102,0,1,1986,39,0,0,18,13,0,0,0,0,0
90102,1,1,1986,0,0,0,0,0,0,0,0,0,0
90103,1,1,1986,0,0,0,0,0,0,0,0,0,0
90103,2,1,1986,18,2,0,25,6,9,17,0,15,8
90104,1,1,1986,18,18,18,18,18,18,18,18,18,18
90105,1,1,1986,17,17,17,17,17,17,17,17,17,17
90106,1,1,1986,21,17,17,16,19,15,9,16,11,18
90107,1,1,1986,15,15,15,15,15,15,15,15,15,15
90108,1,1,1986,13,13,13,13,13,13,13,13,13,13
90109,1,1,1986,18,18,18,18,18,18,18,18,18,18
90110,1,1,1986,0,0,0,0,0,0,0,0,0,0
90110,2,1,1986,0,7,0,0,0,0,0,0,0,0
90111,0,1,1986,0,0,0,0,0,0,0,0,0,0
90111,1,1,1986,0,0,0,0,0,0,0,0,0,0
90112,0,1,1986,0,0,0,0,0,0,0,0,0,0
90112,1,1,1986,0,0,0,0,0,0,0,0,0,0
90113,1,1,1986,16,16,16,16,16,16,16,16,16,16
90114,1,1,1986,0,0,0,0,0,0,0,0,0,0
90115,1,1,1986,0,0,0,0,0,0,0,0,0,0
90115,2,1,1986,0,0,0,0,0,0,0,0,0,0
90116,0,1,1986,0,0,0,0,0,0,0,0,0,0
90116,1,1,1986,0,0,0,0,0,0,0,0,0,0
90117,1,1,1986,0,0,0,0,0,0,0,0,0,0
90117,2,1,1986,0,0,0,0,0,0,0,0,0,0
90118,1,1,1986,0,0,0,5,0,0,0,0,0,0
90118,2,1,1986,0,0,0,0,0,0,0,0,0,0
90119,1,1,1986,0,0,0,0,0,0,0,0,0,0
90119,2,1,1986,8,0,0,0,0,0,0,0,0,0
90120,1,1,1986,0,0,0,0,0,18,0,0,17,1
90121,1,1,1986,19,19,19,19,19,19,19,19,19,19
90122,1,1,1986,5,5,5,5,5,5,5,5,5,5
90124,1,1,1986,0,0,0,0,0,0,0,0,0,0
90124,2,1,1986,0,0,0,0,0,0,0,0,0,0
90125,1,1,1986,0,0,0,0,0,0,0,0,0,0
90126,1,1,1986,23,0,23,0,0,0,0,16,0,0
90126,2,1,1986,11,11,11,11,11,11,11,11,11,11
90127,0,1,1986,0,0,0,0,0,0,0,0,0,0
90127,1,1,1986,0,0,0,0,0,0,0,0,0,0
90128,1,1,1986,0,0,12,0,0,0,0,0,0,0
90129,1,1,1986,0,0,0,0,0,0,0,0,0,0
90129,2,1,1986,0,0,0,0,0,0,0,0,0,0
90130,1,1,1986,20,20,20,20,20,20,20,20,20,20
90130,2,1,1986,0,0,3,0,0,0,0,0,0,0
90130,3,1,1986,0,0,0,0,0,0,0,0,0,0
90131,1,1,1986,12,9,11,28,15,5,23,18,22,25
90132,0,1,1986,0,0,0,0,0,0,0,0,0,0
90132,1,1,1986,0,0,0,0,0,0,0,0,0,0
90133,1,1,1986,28,28,28,28,28,28,28,28,28,28
90134,1,1,1986,20,20,20,20,20,20,20,20,20,20
90135,1,1,1986,17,17,17,17,17,17,17,17,17,17
90136,1,1,1986,0,0,0,0,0,0,0,0,0,0
90137,0,1,1986,30,23,0,26,0,0,0,0,0,0
90137,0,2,1986,13,19,23,0,14,19,0,6,0,19
90137,0,3,1986,0,3,0,0,0,0,0,0,0,7
90137,2,1,1986,0,0,0,8,7,6,0,0,11,0
90138,1,1,1986,22,22,22,22,22,22,22,22,22,22
90139,1,1,1986,13,0,0,0,0,0,0,9,0,0
90139,2,1,1986,18,0,4,0,11,7,11,18,31,0
90140,1,1,1986,19,19,19,19,19,19,19,19,19,19
90140,2,1,1986,0,0,0,16,0,0,0,0,5,0
90142,1,1,1986,0,0,0,0,0,0,11,0,0,0
90143,1,1,1986,14,14,14,14,14,14,14,14,14,14
90144,1,1,1986,0,0,0,0,0,0,0,0,0,0
90145,0,1,1986,0,0,0,0,0,0,0,0,0,0
90145,0,2,1986,23,19,0,7,0,37,10,5,11,26
90145,1,1,1986,18,18,25,12,27,9,6,6,11,24
90146,0,1,1986,0,0,0,0,0,0,0,0,0,0
90146,1,1,1986,0,0,0,0,0,0,0,0,0,0
90147,1,1,1986,22,22,22,22,22,22,22,22,22,22
90148,1,1,1986,18,18,18,18,18,18,18,18,18,18
90148,2,1,1986,14,0,0,0,0,8,0,0,21,0
90149,1,1,1986,0,0,0,0,0,0,0,0,0,0
90149,2,1,1986,0,0,0,0,0,0,0,0,0,0
90149,3,1,1986,0,0,0,0,0,0,0,0,0,0
90150,1,1,1986,0,0,0,0,0,0,0,0,0,0
90151,1,1,1986,15,15,15,15,15,15,15,15,15,15
90152,1,1,1986,0,0,0,0,0,0,0,0,0,0
90153,0,1,1986,0,0,0,0,0,0,0,0,0,0
90153,1,1,1986,0,0,0,10,0,0,0,0,0,0
90154,0,1,1986,0,0,0,0,0,0,0,0,0,0
90154,1,1,1986,0,0,0,10,0,0,0,0,0,0
90155,1,1,1986,7,7,7,7,7,7,7,7,7,7
90156,1,1,1986,20,20,20,20,20,20,20,20,20,20
90157,1,1,1986,0,0,0,0,0,0,0,0,0,0
90157,2,1,1986,0,0,0,0,0,0,0,0,0,0
90157,3,1,1986,0,0,0,0,0,0,0,0,0,0
90158,1,1,1986,29,29,29,29,29,29,29,29,29,29
90158,2,1,1986,0,0,0,0,0,0,0,0,0,0
90159,0,1,1986,0,0,0,0,0,0,0,0,0,0
90159,0,2,1986,12,0,7,0,3,10,0,0,0,22
90159,1,1,1986,0,0,0,0,0,18,0,12,0,0
90160,1,1,1986,0,0,0,0,0,0,0,0,0,0
90160,2,1,1986,3,3,3,3,3,3,3,3,3,3
90161,1,1,1986,8,8,8,8,8,8,8,8,8,8
90162,0,1,1986,24,24,24,24,24,24,24,24,24,24
90162,1,1,1986,12,12,12,12,12,12,12,12,12,12
90163,1,1,1986,0,0,6,0,0,0,0,0,0,0
90163,2,1,1986,0,0,0,0,0,0,0,0,0,0
90164,1,1,1986,0,0,0,0,0,0,0,0,0,0
90164,2,1,1986,0,0,0,0,0,0,10,0,0,0
90165,1,1,1986,11,11,11,11,11,11,11,11,11,11
90166,1,1,1986,12,12,12,12,12,12,12,12,12,12
90167,1,1,1986,4,4,4,4,4,4,4,4,4,4
90168,0,1,1986,38,18,5,0,23,8,0,10,0,15
90168,0,2,1986,9,9,9,9,9,9,9,9,9,9
90168,1,1,1986,0,0,0,0,0,0,0,0,0,0
90169,1,1,1986,0,0,0,0,0,0,0,0,0,0
90169,2,1,1986,0,0,0,0,0,0,0,9,0,0
90170,1,1,1986,0,0,0,0,0,0,0,0,0,0
90171,1,1,1986,0,0,0,0,0,0,0,0,0,0
90172,1,1,1986,0,0,0,0,0,0,0,0,6,0
90172,2,1,1986,0,0,0,0,0,0,0,0,0,0
90173,0,1,1986,19,19,19,19,19,19,19,19,19,19
90173,1,1,1986,16,0,0,0,0,0,0,20,8,0
90173,2,1,1986,14,15,25,22,22,24,10,0,14,0
90174,0,1,1986,0,0,0,0,0,0,0,0,0,0
90174,1,1,1986,0,0,0,0,0,0,0,0,0,0
90175,0,1,1986,13,13,13,13,13,13,13,13,13,13
90175,1,1,1986,0,0,0,0,0,0,0,0,0,0
90176,1,1,1986,28,28,28,28,28,28,28,28,28,28
90177,1,1,1986,0,0,0,0,0,0,0,0,0,0
90178,1,1,1986,18,18,18,18,18,18,18,18,18,18
90178,2,1,1986,0,0,0,0,0,0,0,0,0,0
90179,1,1,1986,2,2,2,2,2,2,2,2,2,2
90179,2,1,1986,0,0,0,0,0,0,0,0,0,0
90179,3,1,1986,10,10,10,10,10,10,10,10,10,10
90180,1,1,1986,4,4,4,4,4,4,4,4,4,4
90181,1,1,1986,15,15,15,15,15,15,15,15,15,15
90182,1,1,1986,0,0,0,0,0,0,0,0,0,0
90183,1,1,1986,6,6,0,0,19,0,0,0,18,0
90183,2,1,1986,0,0,0,0,0,0,0,0,0,0
90184,1,1,1986,0,0,0,0,13,0,0,0,3,0
90184,2,1,1986,18,18,18,18,18,18,18,18,18,18
90185,1,1,1986,22,22,22,22,22,22,22,22,22,22
90185,2,1,1986,7,7,7,7,7,7,7,7,7,7
90186,0,1,1986,23,23,23,23,23,23,23,23,23,23
90186,1,1,1986,0,0,0,0,0,0,0,0,0,0
90187,0,1,1986,18,18,25,0,30,27,26,34,16,17
90187,1,1,1986,9,3,10,6,30,5,2,24,26,9
90188,1,1,1986,0,9,0,0,15,0,21,13,12,0
90188,2,1,1986,0,0,0,0,0,0,0,0,0,0
90189,1,1,1986,21,21,21,21,21,21,21,21,21,21
90190,1,1,1986,0,11,0,14,0,10,0,10,0,12
90191,0,1,1986,0,0,0,0,0,0,0,0,0,0
90191,2,1,1986,0,0,16,7,0,21,10,0,0,19
90192,1,1,1986,34,34,34,34,34,34,34,34,34,34
90193,0,1,1986,27,27,27,27,27,27,27,27,27,27
90193,1,1,1986,23,23,23,23,23,23,23,23,23,23
90194,0,1,1986,0,0,0,0,0,0,0,0,0,0
90194,1,1,1986,0,0,0,0,7,0,0,0,0,0
90195,0,1,1986,29,29,29,29,29,29,29,29,29,29
90195,1,1,1986,21,21,21,21,21,21,21,21,21,21
90196,0,1,1986,0,0,0,0,0,0,0,0,0,0
90196,1,1,1986,0,0,0,0,0,0,6,0,0,0