ST_CASE,VEH_NO,PER_NO,YEAR,P1,P2,P3,P4,P5,P6,P7,P8,P9,P10
120400,2,1,1986,0,0,0,0,0,0,0,0,0,0
120401,1,1,1986,0,0,0,0,0,0,0,0,8,0
120401,2,1,1986,0,0,0,0,0,0,0,0,0,0
120401,3,1,1986,0,0,0,0,0,5,0,0,0,0
120402,1,1,1986,0,0,0,0,0,0,0,0,0,0
120402,2,1,1986,0,0,0,0,0,0,0,0,0,0
120403,0,1,1986,0,0,0,0,0,0,0,0,0,0
120403,1,1,1986,0,0,0,0,0,0,0,0,0,0
120404,1,1,1986,0,0,0,0,0,0,0,0,0,0
120404,2,1,1986,0,0,0,0,14,0,0,0,0,0
120405,1,1,1986,0,0,0,0,0,0,0,0,0,0
120405,2,1,1986,0,0,0,0,0,0,0,0,0,0
120406,1,1,1986,0,0,0,0,0,0,0,0,0,0
120406,2,1,1986,0,0,0,0,0,0,0,0,0,0
120407,1,1,1986,16,16,16,16,16,16,16,16,16,16
120408,1,1,1986,11,11,11,11,11,11,11,11,11,11
120409,0,1,1986,0,0,0,0,0,0,0,0,0,0
120409,2,1,1986,0,0,0,0,0,0,0,0,0,0
120410,1,1,1986,0,0,0,0,0,0,0,0,0,0
120411,1,1,1986,0,0,0,6,0,0,0,0,0,0
120411,2,1,1986,0,0,0,0,16,0,30,18,10,0
120412,1,1,1986,0,0,0,0,0,0,0,0,0,0
120412,2,1,1986,0,0,0,0,0,0,0,0,0,0
120413,0,1,1986,13,0,0,0,0,35,25,43,11,14
120413,1,1,1986,0,0,0,0,0,11,0,0,0,0
120414,0,1,1986,19,19,19,19,19,19,19,19,19,19
120414,1,1,1986,0,0,0,0,0,0,0,0,0,0
120415,1,1,1986,22,23,18,14,11,16,19,14,17,10
120415,2,1,1986,0,0,0,0,0,0,0,0,0,0
120416,1,1,1986,0,0,0,0,0,0,0,0,0,0
120417,1,1,1986,20,20,5,29,0,0,10,42,7,11
120417,2,1,1986,0,0,0,0,0,0,0,0,0,0
120418,1,1,1986,24,24,24,24,24,24,24,24,24,24
120418,2,1,1986,21,21,21,21,21,21,21,21,21,21
120419,1,1,1986,0,0,0,0,0,0,0,0,0,0
120420,1,1,1986,0,0,0,0,0,0,0,0,0,0
120420,2,1,1986,0,0,0,0,0,0,0,0,0,0
120421,0,1,1986,0,0,0,0,0,0,0,0,0,0
120421,1,1,1986,0,0,0,0,0,0,0,0,0,0
120422,1,1,1986,0,0,0,0,0,0,0,0,0,0
120423,1,1,1986,0,0,0,0,0,0,0,0,0,0
120423,2,1,1986,0,0,0,0,0,0,0,0,0,0
120424,0,1,1986,0,0,0,0,0,0,0,0,0,0
120424,1,1,1986,3,3,3,3,3,3,3,3,3,3
120424,2,1,1986,0,0,0,0,0,0,0,0,0,0
120425,0,1,1986,14,14,14,14,14,14,14,14,14,14
120425,1,1,1986,0,0,0,0,0,0,0,0,0,0
120425,2,1,1986,13,12,10,14,12,23,7,13,7,10
120426,1,1,1986,0,0,0,0,0,0,0,0,0,0
120426,2,1,1986,9,0,0,0,0,0,0,0,0,0
120427,1,1,1986,0,0,0,0,0,0,0,0,0,0
120427,2,1,1986,0,0,0,0,0,0,0,4,0,0
120428,0,1,1986,0,33,0,0,0,35,0,0,0,0
120428,1,1,1986,0,0,0,0,0,0,0,0,0,0
120429,1,1,1986,0,10,18,14,17,20,8,4,21,16
120429,2,1,1986,9,13,11,7,7,13,26,16,7,9
120430,0,1,1986,23,23,23,23,23,23,23,23,23,23
120430,1,1,1986,0,0,0,0,0,0,0,0,0,0
120431,1,1,1986,29,29,29,29,29,29,29,29,29,29
120432,1,1,1986,12,12,12,12,12,12,12,12,12,12
120433,0,1,1986,0,0,0,0,0,0,0,0,0,0
120433,1,1,1986,0,0,0,0,0,0,0,0,0,0
120434,0,1,1986,15,15,15,15,15,15,15,15,15,15
120434,1,1,1986,17,18,23,21,2,5,16,19,21,10
120435,0,1,1986,29,29,29,29,29,29,29,29,29,29
120435,1,1,1986,0,0,0,0,0,0,0,0,0,0
120436,1,2,1986,6,6,6,6,6,6,6,6,6,6
120437,0,1,1986,22,21,0,15,13,17,22,28,11,23
120437,1,1,1986,0,6,0,0,0,0,0,0,0,0
120438,1,1,1986,0,0,0,0,0,0,0,0,0,0
120438,2,1,1986,13,13,13,13,13,13,13,13,13,13
120439,1,1,1986,0,0,0,0,0,0,0,0,0,0
120439,2,1,1986,0,0,0,0,0,0,0,0,0,12
120440,1,1,1986,6,6,6,6,6,6,6,6,6,6
120440,2,1,1986,0,0,0,0,0,8,0,0,12,0
120441,1,1,1986,0,0,0,0,0,0,0,0,0,0
120441,2,1,1986,0,0,0,0,0,0,0,0,0,0
120442,1,1,1986,25,25,25,25,25,25,25,25,25,25
120442,2,1,1986,0,0,0,0,0,0,0,0,0,0
120443,1,1,1986,0,0,0,0,0,0,0,0,0,0
120443,2,1,1986,37,37,37,37,37,37,37,37,37,37
120444,1,1,1986,38,17,13,0,13,7,8,9,0,18
120444,2,1,1986,16,0,0,0,0,7,0,14,0,0
120445,1,1,1986,9,9,9,9,9,9,9,9,9,9
120446,1,1,1986,9,22,24,11,14,18,8,21,12,12
120446,2,1,1986,0,0,0,0,0,0,0,0,0,0
120446,3,1,1986,0,0,0,0,0,0,0,0,0,7
120447,1,1,1986,9,0,0,18,0,11,0,0,0,0
120447,2,1,1986,0,0,0,0,0,0,0,0,0,0
120448,0,1,1986,0,0,0,0,0,0,0,0,0,0
120448,1,1,1986,15,0,0,0,0,0,0,0,0,0
120449,1,1,1986,5,5,5,5,5,5,5,5,5,5
120450,1,1,1986,22,22,22,22,22,22,22,22,22,22
120451,0,1,1986,21,21,21,21,21,21,21,21,21,21
120451,1,1,1986,6,6,6,6,6,6,6,6,6,6
120452,0,1,1986,33,35,14,13,11,18,25,6,25,32
120452,1,1,1986,7,6,31,11,16,0,9,0,13,23
120453,1,1,1986,0,10,0,0,0,0,10,0,0,0
120453,2,1,1986,0,0,0,0,0,0,0,0,0,0
120453,3,1,1986,0,0,0,0,0,0,0,0,0,0
120454,0,1,1986,0,0,0,0,0,0,0,0,0,0
120454,1,1,1986,16,0,0,0,0,11,16,0,13,0
120455,0,1,1986,0,0,0,0,0,0,0,0,0,0
120455,1,1,1986,0,0,0,0,0,0,0,0,0,0
120456,1,1,1986,8,8,8,8,8,8,8,8,8,8
120457,1,1,1986,20,20,20,20,20,20,20,20,20,20
120458,0,1,1986,4,4,4,4,4,4,4,4,4,4
120458,1,1,1986,0,0,0,0,0,0,0,21,3,0
120459,1,1,1986,0,0,0,0,17,12,0,0,12,0
120460,1,1,1986,2,2,2,2,2,2,2,2,2,2
120460,2,1,1986,0,0,0,0,0,0,0,0,0,0
120461,1,1,1986,0,0,0,0,0,0,0,0,0,3
120461,2,1,1986,0,0,0,0,0,0,0,0,0,0
120461,3,1,1986,0,0,0,0,0,0,0,0,0,0
120462,1,1,1986,0,0,0,22,0,0,0,0,8,0
120464,1,1,1986,18,18,18,18,18,18,18,18,18,18
120465,0,1,1986,0,0,0,0,0,0,0,0,0,0
120465,1,1,1986,0,0,0,0,0,0,0,0,0,0
120466,1,1,1986,16,16,16,16,16,16,16,16,16,16
120467,0,1,1986,22,22,22,22,22,22,22,22,22,22
120467,1,1,1986,0,0,14,0,0,0,10,8,0,0
120468,0,1,1986,0,0,0,0,0,0,0,0,0,0
120468,1,1,1986,0,0,0,0,0,0,0,0,0,0
120469,1,1,1986,0,0,0,0,0,0,0,0,0,0
120469,2,1,1986,0,0,0,0,0,0,0,0,0,0
120470,1,1,1986,0,0,0,0,0,0,0,0,0,0
120471,1,1,1986,0,0,0,0,0,0,0,0,0,0
120471,2,1,1986,0,0,0,0,0,0,0,0,0,0
120473,1,1,1986,19,14,19,30,15,15,15,19,13,12
120474,0,1,1986,0,0,0,0,0,0,0,0,0,0
120474,1,1,1986,0,0,0,0,0,0,0,0,0,0
120475,0,1,1986,11,11,11,11,11,11,11,11,11,11
120475,1,1,1986,24,8,0,16,12,0,0,25,10,19
120476,0,1,1986,17,24,22,14,0,18,0,13,31,14
120476,1,1,1986,0,0,0,0,13,0,0,0,0,0
120477,1,1,1986,12,12,12,12,12,12,12,12,12,12
120477,2,1,1986,0,0,0,0,0,0,0,0,0,0
120478,1,1,1986,34,34,34,34,34,34,34,34,34,34
120478,2,1,1986,0,0,0,0,0,0,0,0,0,0
120478,3,1,1986,19,14,20,14,27,32,24,17,30,32
120478,4,1,1986,0,0,0,0,0,0,0,0,0,0
120479,1,1,1986,0,18,0,0,0,25,0,0,0,17
120480,1,1,1986,0,0,0,0,0,0,0,2,0,0
120480,2,1,1986,0,10,4,20,8,17,11,11,13,7
120481,1,1,1986,0,0,0,0,0,0,0,0,0,0
120481,2,1,1986,0,0,0,0,0,0,0,0,0,0
120482,1,1,1986,17,14,0,13,10,29,10,19,0,14
120482,2,1,1986,0,0,0,0,0,0,0,0,0,0
120483,1,1,1986,15,15,15,15,15,15,15,15,15,15
120484,1,1,1986,6,2,19,3,14,10,0,41,22,10
120484,2,1,1986,0,0,0,0,0,0,0,0,0,0
120485,1,1,1986,0,0,0,0,0,0,0,0,0,0
120485,2,1,1986,0,0,0,0,16,0,0,0,0,0
120486,1,1,1986,24,24,24,24,24,24,24,24,24,24
120487,1,1,1986,0,0,0,0,0,0,0,0,0,0
120488,1,1,1986,4,4,4,4,4,4,4,4,4,4
120488,2,1,1986,0,0,0,0,0,0,0,11,0,11
120489,1,1,1986,26,23,15,19,13,11,29,13,4,19
120490,1,1,1986,0,0,0,0,0,0,0,0,0,0
120490,2,1,1986,0,0,0,0,0,8,0,0,0,0
120491,0,1,1986,0,0,0,0,0,0,0,0,0,0
120491,1,1,1986,0,0,0,0,0,0,0,0,10,0
120492,0,1,1986,0,0,0,0,0,0,0,0,0,0
120492,1,1,1986,0,0,0,0,0,0,0,0,0,13
120493,0,1,1986,33,5,12,53,17,24,7,21,39,20
120493,1,1,1986,0,0,0,0,0,0,0,0,0,19
120494,1,1,1986,0,0,0,0,0,0,0,0,0,0
120494,2,1,1986,0,0,0,0,0,0,0,0,0,0
120495,1,1,1986,3,3,3,3,3,3,3,3,3,3
120496,1,1,1986,10,10,10,10,10,10,10,10,10,10
120496,2,1,1986,0,0,15,0,0,0,0,13,0,0
120497,1,1,1986,17,17,17,17,17,17,17,17,17,17
120497,2,1,1986,0,0,0,0,0,0,0,0,0,0
120498,1,1,1986,27,27,27,27,27,27,27,27,27,27
120498,2,1,1986,0,0,0,0,0,0,0,0,0,0
120499,1,1,1986,0,0,0,0,0,0,0,0,0,0
120500,1,1,1986,17,17,17,17,17,17,17,17,17,17
120501,0,1,1986,30,30,30,30,30,30,30,30,30,30
120501,1,1,1986,24,8,16,2,26,10,0,8,5,26
120501,2,1,1986,1,1,1,1,1,1,1,1,1,1
120501,3,1,1986,1,1,1,1,1,1,1,1,1,1
120501,4,1,1986,25,10,6,0,12,13,37,24,26,20
120502,1,1,1986,0,0,0,0,0,0,0,0,0,0
120502,2,1,1986,10,29,0,0,0,26,16,3,0,14
120503,1,1,1986,0,0,7,0,0,0,8,0,0,0
120503,2,1,1986,1,1,1,1,1,1,1,1,1,1
120503,3,1,1986,0,0,0,0,0,0,0,0,0,0
120504,0,1,1986,0,0,0,0,0,0,0,0,0,0
120504,1,1,1986,15,15,15,15,15,15,15,15,15,15
120505,1,1,1986,0,0,0,0,0,0,0,0,0,0
120506,0,1,1986,0,0,0,0,0,0,0,0,0,0
120506,1,1,1986,11,0,7,22,11,8,0,23,4,14
120507,1,1,1986,0,0,0,0,0,0,0,0,0,0
120507,2,1,1986,0,0,0,0,0,0,3,0,0,0
120508,1,1,1986,0,0,13,0,0,0,0,0,12,0
120509,1,1,1986,0,14,21,4,12,25,0,6,0,0
120509,2,1,1986,0,0,0,0,0,0,0,0,0,0
120510,1,1,1986,20,20,20,20,20,20,20,20,20,20
120511,1,1,1986,22,19,6,14,26,9,22,22,24,15
120511,2,1,1986,0,10,0,0,0,0,0,0,21,0
120512,1,1,1986,0,0,0,0,0,0,0,0,0,0
120513,1,1,1986,8,8,8,8,8,8,8,8,8,8
120514,1,1,1986,0,14,0,0,0,0,0,0,0,0
120514,2,1,1986,0,0,0,0,0,0,18,12,0,0
120515,1,1,1986,0,0,0,0,0,0,0,0,0,0
120515,2,1,1986,0,0,0,0,0,0,0,0,0,0
120516,1,1,1986,32,24,17,5,36,0,28,17,14,20
120517,0,1,1986,0,0,0,0,0,0,0,0,0,0
120517,1,1,1986,0,0,0,0,0,0,0,0,0,0
120518,1,1,1986,23,23,23,23,23,23,23,23,23,23
120519,1,1,1986,0,0,0,0,0,0,0,0,0,0
120519,2,1,1986,0,0,0,0,0,0,0,0,0,0
120520,0,1,1986,0,17,0,14,0,27,0,0,0,0
120520,1,1,1986,0,0,0,0,0,0,0,0,0,0
120521,0,1,1986,0,0,0,0,10,0,0,0,0,14
120521,1,1,1986,0,0,0,0,0,0,0,0,0,0
120522,1,1,1986,17,17,17,17,17,17,17,17,17,17
120523,1,1,1986,0,0,0,0,0,0,0,0,0,0
120523,2,1,1986,0,0,0,0,0,0,0,0,0,0
120524,0,1,1986,33,33,33,33,33,33,33,33,33,33
120524,0,2,1986,0,0,0,0,0,0,0,0,0,0
120524,1,1,1986,26,26,26,26,26,26,26,26,26,26
120525,0,1,1986,18,0,0,0,0,0,0,0,10,0
120525,1,1,1986,0,0,0,0,0,0,0,0,0,0
120526,1,1,1986,10,10,10,10,10,10,10,10,10,10
120526,2,1,1986,0,0,0,0,0,0,0,0,0,0
120527,0,1,1986,25,25,25,25,25,25,25,25,25,25
120527,1,1,1986,0,8,0,0,0,0,0,0,0,0
120528,1,1,1986,0,0,0,0,0,0,0,0,0,0
120528,2,1,1986,0,0,0,0,0,0,0,0,0,0
120529,1,1,1986,30,30,30,30,30,30,30,30,30,30
120529,2,1,1986,0,0,0,0,0,0,0,0,0,0
120529,3,1,1986,0,0,0,0,0,0,0,0,0,0
120530,1,1,1986,0,0,0,0,0,0,0,0,0,0
120531,1,1,1986,0,0,0,0,0,0,0,0,0,0
120531,2,1,1986,0,0,0,0,0,0,0,0,0,0
120532,1,1,1986,9,9,9,9,9,9,9,9,9,9
120532,2,1,1986,15,15,15,15,15,15,15,15,15,15
120533,1,1,1986,18,2,13,2,16,20,15,21,7,14
120535,0,1,1986,0,10,0,0,0,18,0,14,0,0
120535,1,1,1986,14,14,14,14,14,14,14,14,14,14
120536,1,1,1986,25,9,25,17,29,9,15,15,7,0
120537,1,1,1986,0,0,0,0,0,0,0,0,0,0
120538,0,1,1986,13,13,13,13,13,13,13,13,13,13
120538,1,1,1986,20,37,12,26,24,0,17,8,14,22
120539,1,1,1986,3,3,3,3,3,3,3,3,3,3
120539,2,1,1986,0,0,0,0,0,0,0,0,0,0
120540,1,1,1986,3,3,3,3,3,3,3,3,3,3
120540,2,1,1986,8,0,0,0,0,0,0,0,0,0
120541,0,1,1986,0,0,0,0,0,0,0,0,0,0
120541,1,1,1986,0,0,0,0,0,0,0,0,0,0
120542,1,1,1986,14,18,15,7,20,0,19,22,16,9
120543,0,1,1986,29,0,35,0,0,17,22,15,48,20
120543,1,1,1986,0,10,21,10,13,7,9,11,33,20
120544,1,1,1986,24,24,24,24,24,24,24,24,24,24
120544,2,1,1986,0,0,0,0,0,0,0,0,0,0
120545,1,1,1986,12,22,27,14,13,8,12,12,0,31
120545,2,1,1986,18,7,26,6,13,25,21,18,21,21
120546,1,1,1986,0,0,0,0,0,0,0,0,0,0
120547,0,1,1986,31,31,31,31,31,31,31,31,31,31
120547,1,1,1986,0,0,13,0,0,0,0,15,0,0
120548,0,1,1986,24,24,24,24,24,24,24,24,24,24
120548,1,1,1986,0,0,0,0,0,0,14,0,0,0
120549,1,1,1986,0,0,0,0,0,0,0,0,0,0
120550,1,1,1986,0,0,0,0,0,0,0,0,0,0
120551,0,1,1986,0,0,0,0,0,0,0,0,0,0
120551,1,1,1986,0,0,0,0,0,0,0,0,0,0
120552,1,1,1986,0,0,0,0,0,0,16,8,0,0
120553,1,1,1986,0,0,0,0,0,0,0,0,0,0
120553,2,1,1986,0,12,0,0,0,0,0,0,0,0
120554,1,1,1986,0,0,0,0,0,7,0,0,0,0
120555,1,1,1986,8,8,8,8,8,8,8,8,8,8
120555,2,1,1986,0,15,0,0,0,0,0,0,0,7
120556,0,1,1986,19,19,19,19,19,19,19,19,19,19
120556,1,1,1986,0,0,0,0,6,9,0,0,0,0
120557,1,1,1986,0,0,0,0,0,6,0,4,0,0
120557,2,1,1986,26,26,26,26,26,26,26,26,26,26
120558,0,1,1986,0,0,0,0,0,0,0,0,0,0
120558,1,1,1986,0,0,0,0,0,0,0,0,0,0
120559,1,1,1986,0,0,0,0,0,0,0,5,0,0
120559,2,1,1986,0,0,0,0,0,0,0,0,0,0
120560,0,1,1986,11,11,0,0,20,29,23,20,18,17
120560,1,1,1986,0,0,0,0,0,0,0,0,0,0
120561,1,1,1986,0,0,0,0,23,4,0,0,0,0
120562,1,1,1986,1,1,1,1,1,1,1,1,1,1
120562,2,1,1986,0,0,0,0,0,0,0,0,0,0
120562,3,1,1986,16,12,9,16,16,2,0,0,0,12
120563,1,1,1986,0,0,0,0,0,0,0,7,0,0
120563,2,1,1986,0,0,0,0,21,0,0,0,0,0
120564,1,1,1986,0,0,0,0,0,0,0,0,0,0
120564,2,1,1986,0,0,5,0,0,0,0,7,0,0
120565,0,1,1986,11,11,11,11,11,11,11,11,11,11
120565,1,1,1986,21,21,21,21,21,21,21,21,21,21
120566,1,1,1986,17,17,17,17,17,17,17,17,17,17
120567,1,1,1986,25,25,25,25,25,25,25,25,25,25
120568,1,1,1986,0,0,0,0,0,0,0,0,0,0
120568,2,1,1986,0,0,0,0,0,0,0,0,0,0
120568,3,1,1986,0,0,0,0,0,0,0,0,0,0
120568,4,1,1986,0,0,0,0,0,0,0,0,0,0
120568,5,1,1986,0,0,0,0,0,0,0,0,0,0
120568,6,1,1986,0,0,8,0,0,0,0,0,0,0
120568,7,1,1986,0,0,0,0,0,0,0,0,0,0
120568,8,1,1986,0,0,0,0,0,0,0,0,0,0
120569,1,1,1986,21,21,21,21,21,21,21,21,21,21
120570,1,1,1986,14,14,14,14,14,14,14,14,14,14
120570,2,1,1986,5,5,5,5,5,5,5,5,5,5
120571,1,1,1986,0,0,0,0,0,0,0,0,0,0
120572,1,1,1986,0,7,0,8,16,0,0,0,0,0
120572,2,1,1986,0,0,0,0,0,0,0,0,0,0
120572,3,1,1986,0,0,0,0,0,0,0,0,0,0
120573,1,1,1986,0,0,0,0,0,0,0,0,0,0
120573,2,1,1986,1,1,1,1,1,1,1,1,1,1
120574,1,1,1986,17,17,17,17,17,17,17,17,17,17
120574,2,1,1986,0,0,0,11,0,0,0,0,0,0
120575,1,1,1986,0,0,0,0,0,0,0,0,0,0
120575,2,1,1986,0,0,0,0,0,0,0,0,0,0
120576,1,1,1986,6,6,6,6,6,6,6,6,6,6
120576,2,1,1986,0,0,0,0,0,0,0,0,0,0
120577,1,1,1986,14,14,14,14,14,14,14,14,14,14
120578,1,1,1986,0,0,8,0,0,0,0,6,8,0
120578,2,1,1986,0,0,0,0,0,0,0,0,0,0
120579,1,1,1986,0,0,0,0,0,0,0,0,0,0
120579,2,1,1986,0,0,0,0,0,0,0,0,0,0
120582,1,1,1986,0,0,0,0,0,0,0,0,0,0
120583,0,1,1986,0,0,0,0,0,0,0,0,0,0
120583,1,1,1986,0,0,0,0,0,0,0,0,0,0
120584,1,1,1986,0,0,0,0,0,0,0,0,0,0
120585,1,1,1986,0,17,0,0,0,13,0,0,0,0
120586,1,1,1986,8,8,8,8,8,8,8,8,8,8
120587,1,1,1986,0,0,0,0,0,0,0,0,0,0
120587,2,1,1986,0,13,0,0,0,0,0,0,0,0
120587,3,1,1986,0,0,0,0,0,12,0,0,0,0
120587,4,1,1986,0,0,0,0,0,0,0,0,0,0
120587,5,1,1986,0,0,0,7,0,0,0,0,0,0
120588,1,1,1986,11,11,11,11,11,11,11,11,11,11
120589,1,1,1986,0,0,0,0,0,0,0,0,0,0
120589,2,1,1986,5,5,5,5,5,5,5,5,5,5
120590,1,1,1986,30,30,30,30,30,30,30,30,30,30
120591,1,1,1986,0,0,0,0,0,0,0,0,0,0
120591,2,1,1986,0,0,0,0,0,0,0,0,0,0
120592,1,1,1986,10,10,10,10,10,10,10,10,10,10
120592,2,1,1986,0,8,0,0,0,0,4,9,0,0
120593,0,1,1986,0,0,0,0,0,0,0,0,0,0
120593,1,1,1986,0,0,0,0,0,0,0,7,0,0
120595,1,1,1986,25,25,36,19,15,22,7,32,15,18
120596,1,1,1986,0,0,0,0,0,0,0,0,17,0
120596,2,1,1986,0,0,0,0,0,0,0,0,0,0
120597,1,1,1986,0,0,0,0,0,0,0,0,0,0
120598,1,1,1986,28,28,28,28,28,28,28,28,28,28
120598,2,1,1986,0,5,0,0,18,0,15,0,0,0
120599,1,1,1986,6,0,0,0,0,0,0,0,0,0
120600,1,1,1986,0,0,0,0,0,0,0,0,0,0
120600,2,1,1986,0,0,0,0,0,0,0,0,0,0
120601,1,1,1986,16,0,3,12,10,9,18,11,8,8
120601,2,1,1986,0,12,0,17,0,10,0,15,10,0
120602,1,1,1986,0,0,0,0,0,0,0,0,0,0
120602,2,1,1986,5,5,5,5,5,5,5,5,5,5
120603,1,1,1986,18,18,18,18,18,18,18,18,18,18
120604,1,1,1986,0,0,0,0,0,0,0,0,0,0
120604,2,1,1986,0,0,0,0,0,0,0,0,0,7
120605,1,1,1986,0,0,0,0,0,0,0,0,0,0
120606,1,1,1986,0,0,0,0,0,0,0,0,0,0
120606,2,1,1986,11,11,11,11,11,11,11,11,11,11
120607,1,1,1986,0,18,0,14,0,19,22,0,14,0
120607,2,1,1986,0,6,0,21,0,3,0,0,0,0
120608,1,1,1986,10,10,10,10,10,10,10,10,10,10
120609,1,1,1986,0,0,0,0,0,0,0,0,0,0
120610,0,1,1986,28,28,28,28,28,28,28,28,28,28
120610,1,1,1986,0,0,0,0,0,0,0,0,0,0
120611,0,1,1986,20,11,0,16,17,0,10,6,25,12
120611,1,1,1986,0,0,0,0,0,0,0,0,0,0
120612,1,1,1986,0,0,0,0,0,0,0,0,0,0
120612,2,1,1986,17,17,0,0,13,19,0,15,0,23
120613,1,1,1986,14,7,13,16,0,11,10,25,23,15
120614,1,1,1986,33,33,33,33,33,33,33,33,33,33
120614,2,1,1986,7,7,7,7,7,7,7,7,7,7
120615,1,1,1986,18,18,18,18,18,18,18,18,18,18
120615,2,1,1986,0,0,0,0,0,0,0,0,0,0
120616,1,1,1986,22,22,22,22,22,22,22,22,22,22
120617,1,1,1986,17,17,17,17,17,17,17,17,17,17
120618,0,1,1986,0,0,0,0,0,0,0,0,0,0
120618,1,1,1986,0,13,17,0,0,15,0,20,0,14
120619,0,1,1986,0,13,0,0,0,0,0,0,0,0
120619,1,1,1986,0,0,0,0,0,0,0,0,0,0
120620,1,1,1986,4,4,4,4,4,4,4,4,4,4
120620,2,1,1986,0,0,0,0,0,0,0,0,0,0
120621,1,1,1986,0,0,0,0,0,0,0,0,0,0
120621,2,1,1986,0,0,0,0,0,24,0,0,0,0
120622,1,1,1986,25,25,25,25,25,25,25,25,25,25
120623,0,1,1986,4,4,4,4,4,4,4,4,4,4
120623,1,1,1986,4,4,4,4,4,4,4,4,4,4
120625,1,1,1986,25,25,25,25,25,25,25,25,25,25
120625,2,1,1986,0,0,0,0,0,0,0,0,0,0
120626,1,1,1986,0,0,0,0,0,0,0,0,0,0
120627,0,1,1986,0,0,0,0,0,0,0,0,11,0
120627,1,1,1986,0,0,0,0,0,0,0,0,0,0
120628,1,1,1986,0,0,0,0,0,0,0,0,0,0
120628,2,1,1986,0,17,24,4,0,0,0,0,19,0
120629,1,1,1986,0,0,0,0,0,0,0,0,0,0
120629,2,1,1986,0,0,0,0,0,0,0,0,0,0
120629,3,1,1986,0,0,0,0,0,0,0,0,0,0
120629,4,1,1986,27,27,27,27,27,27,27,27,27,27
120630,1,1,1986,13,13,13,13,13,13,13,13,13,13
120630,2,1,1986,9,9,9,9,9,9,9,9,9,9
120631,1,1,1986,0,0,0,0,0,0,0,0,0,0
120631,2,1,1986,0,0,0,0,0,0,0,0,0,0
120632,1,1,1986,30,30,30,30,30,30,30,30,30,30
120633,1,1,1986,0,0,0,0,0,0,0,0,0,0
120634,1,1,1986,0,0,0,0,0,0,0,0,0,0
120634,2,1,1986,0,17,0,0,0,0,0,0,15,34
120635,1,1,1986,0,0,0,0,0,0,0,0,0,7
120636,1,1,1986,16,0,0,0,0,0,0,0,0,0
120637,1,1,1986,0,7,0,0,19,0,0,19,0,20
120637,2,1,1986,0,0,0,13,0,0,0,0,0,0
120638,1,1,1986,0,0,0,0,0,0,0,0,0,0
120639,1,1,1986,15,15,15,15,15,15,15,15,15,15
120639,2,1,1986,0,0,0,0,0,0,0,19,0,0
120640,1,1,1986,0,6,0,0,24,0,0,0,0,0
120641,1,1,1986,0,0,0,0,0,0,0,7,0,10
120641,2,1,1986,0,0,0,0,0,0,0,0,0,0
120642,1,1,1986,0,0,0,0,0,6,0,0,0,0
120642,2,1,1986,8,8,8,8,8,8,8,8,8,8
120643,1,1,1986,13,0,0,0,0,7,0,0,0,0
120644,1,1,1986,0,0,0,0,0,0,0,0,0,0
120644,2,1,1986,0,0,0,0,0,0,0,0,0,0
120645,1,1,1986,0,0,0,0,0,0,0,0,0,0
120645,2,1,1986,0,0,0,0,0,0,0,0,0,0
120646,1,1,1986,0,0,0,0,0,0,0,0,0,0
120646,2,1,1986,0,0,0,0,0,0,0,0,0,0
120647,1,1,1986,14,14,14,14,14,14,14,14,14,14
120647,2,1,1986,0,0,0,0,0,0,0,0,0,0
120648,1,1,1986,21,21,21,21,21,21,21,21,21,21
120648,2,1,1986,0,0,0,0,0,0,0,0,0,0
120648,3,1,1986,0,0,0,0,0,0,0,0,0,0
120648,4,1,1986,0,0,0,0,21,0,0,0,0,0
120648,5,1,1986,0,0,0,0,0,0,0,0,0,0
120649,1,1,1986,0,0,0,0,0,0,0,0,0,15
120649,2,1,1986,0,0,0,0,0,0,0,0,0,0
120649,3,1,1986,0,0,0,0,0,12,10,0,0,0
120650,1,1,1986,8,0,0,0,0,0,0,0,0,0
120651,1,1,1986,0,13,0,0,0,19,0,0,0,0
120652,0,1,1986,0,0,0,0,0,0,0,0,0,0
120652,1,1,1986,0,0,0,0,0,0,0,0,0,0
120653,0,1,1986,0,13,0,0,0,0,0,0,0,0
120653,0,2,1986,0,0,11,0,21,0,0,12,0,0
120653,1,1,1986,19,19,19,19,19,19,19,19,19,19
120654,1,1,1986,29,29,29,29,29,29,29,29,29,29
120655,1,1,1986,0,0,0,0,0,0,0,0,0,0
120655,2,1,1986,0,0,0,0,0,0,0,0,0,0
120655,3,1,1986,0,0,0,0,0,0,0,0,0,0
120657,1,1,1986,0,0,0,0,0,0,16,0,0,0
120659,1,1,1986,0,13,0,0,0,0,0,0,16,0
120659,2,1,1986,0,0,0,0,0,0,0,0,0,0
120660,1,1,1986,12,12,12,12,12,12,12,12,12,12
120661,1,1,1986,8,0,0,0,0,0,3,21,0,0
120661,2,1,1986,0,0,0,0,0,0,0,0,0,0
120662,1,1,1986,26,26,26,26,26,26,26,26,26,26
120663,1,1,1986,20,20,20,20,20,20,20,20,20,20
120664,1,1,1986,18,18,18,18,18,18,18,18,18,18
120664,2,1,1986,0,0,0,0,0,0,0,0,0,0
120664,3,1,1986,15,15,15,15,15,15,15,15,15,15