ST_CASE,VEH_NO,PER_NO,YEAR,P1,P2,P3,P4,P5,P6,P7,P8,P9,P10
120665,1,1,1986,29,29,29,29,29,29,29,29,29,29
120666,1,1,1986,15,15,15,15,15,15,15,15,15,15
120667,1,1,1986,12,12,12,12,12,12,12,12,12,12
120668,1,1,1986,14,14,14,14,14,14,14,14,14,14
120669,0,1,1986,4,4,4,4,4,4,4,4,4,4
120669,1,1,1986,4,10,0,0,0,0,0,0,0,0
120670,1,1,1986,0,0,0,0,0,0,0,0,0,0
120670,2,1,1986,0,0,0,0,0,0,0,0,0,0
120671,1,1,1986,12,12,12,12,12,12,12,12,12,12
120671,2,1,1986,0,0,0,0,11,0,0,0,0,12
120672,1,1,1986,5,20,8,7,27,7,17,12,7,18
120672,2,1,1986,20,5,0,0,0,9,0,7,10,9
120673,1,1,1986,0,0,16,11,0,0,0,0,0,0
120673,2,1,1986,0,0,0,0,0,0,0,0,0,0
120674,0,1,1986,0,0,0,0,0,16,0,0,0,0
120674,1,1,1986,9,9,9,9,9,9,9,9,9,9
120675,1,1,1986,33,33,33,33,33,33,33,33,33,33
120675,2,1,1986,0,0,0,0,0,0,0,0,0,0
120676,1,1,1986,0,0,0,0,0,0,0,0,0,0
120676,2,1,1986,0,0,0,0,0,0,0,0,0,0
120677,1,1,1986,0,0,0,0,0,0,0,0,0,0
120677,2,1,1986,0,0,0,0,0,0,0,0,0,0
120678,1,1,1986,13,13,13,13,13,13,13,13,13,13
120679,0,1,1986,4,4,4,4,4,4,4,4,4,4
120679,1,1,1986,0,0,0,0,0,0,0,0,0,0
120680,0,1,1986,17,19,29,0,0,28,0,0,21,0
120680,0,2,1986,27,0,10,15,13,0,32,17,0,24
120680,0,3,1986,0,0,0,0,25,19,12,0,0,0
120680,0,4,1986,35,16,10,31,2,10,0,17,0,16
120680,0,5,1986,34,8,18,13,22,25,0,11,8,22
120680,1,1,1986,19,19,19,19,19,19,19,19,19,19
120682,1,1,1986,16,16,16,16,16,16,16,16,16,16
120683,1,1,1986,0,0,0,0,0,0,0,0,0,0
120684,1,1,1986,0,24,24,17,0,14,9,0,0,19
120685,0,1,1986,17,20,32,10,38,26,15,17,17,0
120685,1,1,1986,0,0,2,3,0,28,0,8,31,22
120686,1,1,1986,0,0,0,0,0,0,0,0,0,0
120686,2,1,1986,0,0,0,0,0,0,0,0,0,0
120687,1,1,1986,0,0,0,0,0,0,0,0,0,0
120687,2,1,1986,0,0,0,0,0,0,0,0,5,0
120688,1,1,1986,0,0,0,0,0,0,0,0,0,0
120689,0,1,1986,38,38,38,38,38,38,38,38,38,38
120689,1,1,1986,0,0,0,0,0,0,0,16,0,0
120690,1,1,1986,0,0,0,0,13,11,0,12,0,0
120690,2,1,1986,0,0,0,0,0,0,0,0,0,0
120691,1,1,1986,13,13,13,13,13,13,13,13,13,13
120692,1,1,1986,0,0,0,0,0,0,0,0,0,0
120692,2,1,1986,17,0,0,0,0,0,18,0,0,0
120693,1,1,1986,12,12,12,12,12,12,12,12,12,12
120694,1,1,1986,21,21,21,21,21,21,21,21,21,21
120694,2,1,1986,0,28,0,0,0,0,0,0,0,0
120695,1,1,1986,0,0,0,0,0,0,0,0,0,0
120695,2,1,1986,24,21,0,0,0,0,12,0,0,40
120696,1,1,1986,25,25,25,25,25,25,25,25,25,25
120696,2,1,1986,16,16,16,16,16,16,16,16,16,16
120697,1,1,1986,15,15,15,15,15,15,15,15,15,15
120698,1,1,1986,0,0,0,0,0,0,0,0,0,6
120698,2,1,1986,8,8,8,8,8,8,8,8,8,8
120699,0,1,1986,1,1,1,1,1,1,1,1,1,1
120699,0,2,1986,0,0,8,11,0,4,0,0,0,12
120699,1,1,1986,17,17,17,17,17,17,17,17,17,17
120700,0,1,1986,0,0,0,0,0,0,0,0,0,0
120700,1,1,1986,0,0,12,0,0,0,0,0,0,0
120701,0,1,1986,0,15,21,0,0,0,26,0,0,13
120701,1,1,1986,0,15,0,0,7,0,0,7,0,0
120702,1,1,1986,0,0,0,0,0,0,0,0,0,0
120703,0,1,1986,0,0,0,0,0,0,0,0,0,0
120703,1,1,1986,0,0,0,0,0,0,0,0,0,0
120704,1,1,1986,17,17,17,17,17,17,17,17,17,17
120704,2,1,1986,0,0,0,0,0,0,0,0,0,0
120705,1,1,1986,12,12,12,12,12,12,12,12,12,12
120705,2,1,1986,0,0,0,0,0,0,0,0,0,0
120706,0,1,1986,29,29,29,29,29,29,29,29,29,29
120706,1,1,1986,0,0,0,0,0,0,0,0,0,0
120707,1,1,1986,12,12,12,12,12,12,12,12,12,12
120707,2,1,1986,0,0,17,0,0,0,0,0,0,0
120708,1,1,1986,16,16,16,16,16,16,16,16,16,16
120709,1,1,1986,23,25,16,17,19,24,5,14,0,19
120710,1,1,1986,37,37,37,37,37,37,37,37,37,37
120711,1,1,1986,6,0,0,7,0,0,3,0,14,0
120712,0,1,1986,0,0,0,0,0,0,0,0,0,0
120712,1,1,1986,0,0,0,0,0,0,0,0,0,0
120712,2,1,1986,0,0,0,0,0,0,0,0,0,0
120712,3,1,1986,13,0,0,0,0,0,5,0,0,0
120713,1,1,1986,11,11,15,7,14,8,31,14,8,22
120715,1,1,1986,7,7,7,7,7,7,7,7,7,7
120716,1,1,1986,22,22,22,22,22,22,22,22,22,22
120717,1,1,1986,26,26,26,26,26,26,26,26,26,26
120717,2,1,1986,0,0,0,0,8,0,0,0,0,0
120718,0,1,1986,6,0,13,0,0,16,0,17,0,0
120718,1,1,1986,0,0,0,25,9,0,0,0,0,8
120719,0,1,1986,16,15,19,12,0,0,0,10,14,0
120719,1,1,1986,0,0,0,0,0,0,0,0,0,0
120720,1,1,1986,19,19,19,19,19,19,19,19,19,19
120721,0,1,1986,0,0,0,0,0,10,0,0,0,0
120721,1,1,1986,0,0,0,0,0,0,0,0,0,0
120722,1,1,1986,0,0,0,0,0,0,0,0,0,0
120723,1,1,1986,0,0,0,0,0,0,0,0,0,0
120723,2,1,1986,0,0,0,0,0,0,0,0,0,0
120724,1,1,1986,0,0,0,0,0,0,0,0,0,0
120724,2,1,1986,0,0,0,0,0,0,0,0,0,0
120725,0,1,1986,0,0,0,0,0,0,0,0,0,0
120725,1,1,1986,0,0,0,0,17,0,0,0,0,0
120726,1,1,1986,0,12,0,0,0,0,12,0,28,0
120726,2,1,1986,0,4,0,0,0,0,0,15,0,0
120727,1,1,1986,0,0,0,0,0,0,0,0,0,0
120728,0,1,1986,0,0,0,0,0,0,8,0,0,0
120728,1,1,1986,11,11,11,11,11,11,11,11,11,11
120729,1,1,1986,0,0,0,0,0,0,0,0,0,0
120729,2,1,1986,9,0,0,14,0,0,0,8,0,0
120730,1,1,1986,13,13,13,13,13,13,13,13,13,13
120730,2,1,1986,0,0,0,0,0,0,0,0,0,0
120731,1,1,1986,0,14,14,0,0,0,0,0,0,0
120731,2,1,1986,0,0,11,0,5,0,12,3,0,4
120732,1,1,1986,21,21,21,21,21,21,21,21,21,21
120733,0,1,1986,0,19,10,0,0,27,8,11,24,33
120733,1,1,1986,0,14,0,0,0,15,0,0,0,0
120734,1,1,1986,20,21,44,25,23,18,12,13,14,17
120734,2,1,1986,9,10,0,23,13,31,24,0,0,0
120735,1,1,1986,0,0,0,0,0,0,0,0,0,0
120736,0,1,1986,0,0,0,0,0,0,0,0,0,0
120736,1,1,1986,0,0,0,0,0,0,0,0,0,0
120737,0,1,1986,15,15,15,15,15,15,15,15,15,15
120737,0,2,1986,15,15,15,15,15,15,15,15,15,15
120737,3,1,1986,0,0,0,0,0,0,0,0,0,0
120738,0,1,1986,0,0,0,0,0,0,0,5,0,0
120738,1,1,1986,0,0,0,0,0,0,11,0,0,0
120739,1,1,1986,0,0,0,0,0,0,0,0,0,0
120739,2,1,1986,0,10,0,0,0,23,16,0,0,0
120740,0,1,1986,0,0,0,0,0,0,0,15,15,0
120740,1,1,1986,0,0,0,0,0,0,18,0,0,0
120740,2,1,1986,0,0,0,0,0,0,0,0,0,0
120741,0,1,1986,0,0,0,0,0,0,0,0,0,0
120741,1,1,1986,14,20,0,8,6,7,16,9,7,0
120742,1,1,1986,9,0,0,0,5,0,0,0,0,0
120743,1,1,1986,0,0,0,0,0,0,0,0,0,0
120744,1,1,1986,0,0,0,0,0,0,0,0,0,0
120744,2,1,1986,0,0,0,0,0,0,0,0,0,0
120745,1,1,1986,0,0,0,0,0,0,0,0,0,0
120745,2,1,1986,0,18,19,14,25,8,16,17,19,0
120746,1,1,1986,0,0,0,0,0,0,36,0,0,0
120746,2,1,1986,0,0,0,0,0,0,0,0,0,0
120747,0,1,1986,18,18,18,18,18,18,18,18,18,18
120747,1,1,1986,12,12,12,12,12,12,12,12,12,12
120748,0,1,1986,0,0,8,0,0,0,0,0,17,0
120748,1,1,1986,14,14,14,14,14,14,14,14,14,14
120749,0,1,1986,0,0,0,0,0,0,0,0,0,0
120749,1,1,1986,0,0,0,0,0,0,0,0,13,0
120750,1,1,1986,0,0,0,0,0,0,0,0,0,0
120750,2,1,1986,0,0,0,0,0,0,0,0,0,0
120751,0,1,1986,0,0,0,0,0,0,0,0,0,0
120751,1,1,1986,0,0,0,0,0,0,0,0,0,0
120752,1,1,1986,0,0,0,0,0,3,0,8,0,0
120753,1,1,1986,14,14,14,14,14,14,14,14,14,14
120754,1,1,1986,0,0,10,0,0,0,0,0,0,0
120755,1,1,1986,21,21,21,21,21,21,21,21,21,21
120755,2,1,1986,0,0,0,0,0,0,0,0,0,0
120756,0,1,1986,0,0,0,0,0,0,0,0,0,0
120756,1,1,1986,0,0,0,0,0,0,0,0,0,0
120757,1,1,1986,9,9,9,9,9,9,9,9,9,9
120757,2,1,1986,0,0,0,0,0,0,0,0,0,0
120758,1,1,1986,23,23,23,23,23,23,23,23,23,23
120759,1,1,1986,0,0,0,0,0,0,0,0,0,0
120759,2,1,1986,0,0,0,0,0,0,0,0,0,0
120760,0,1,1986,28,28,28,28,28,28,28,28,28,28
120760,1,1,1986,0,9,0,0,13,0,0,0,0,0
120762,0,1,1986,0,0,0,0,0,0,0,0,0,0
120762,1,1,1986,0,0,0,0,0,0,0,0,0,0
120763,1,1,1986,12,12,12,12,12,12,12,12,12,12
120764,0,1,1986,8,0,0,0,0,0,0,11,0,0
120764,1,1,1986,0,0,0,0,0,0,0,0,0,0
120765,1,1,1986,0,0,0,0,0,0,0,0,0,0
120766,1,1,1986,0,18,11,0,0,0,0,0,11,0
120767,1,1,1986,28,28,28,28,28,28,28,28,28,28
120767,2,1,1986,8,8,8,8,8,8,8,8,8,8
120768,1,1,1986,16,16,16,16,16,16,16,16,16,16
120768,2,1,1986,10,0,0,0,0,10,11,0,7,14
120769,0,1,1986,0,0,0,0,0,0,0,13,0,0
120769,1,1,1986,4,0,8,11,17,14,0,14,10,20
120770,1,1,1986,9,9,9,9,9,9,9,9,9,9
120771,1,1,1986,13,13,13,13,13,13,13,13,13,13
120772,1,1,1986,5,5,5,5,5,5,5,5,5,5
120773,1,1,1986,0,0,0,0,0,0,0,0,0,0
120773,2,1,1986,0,0,0,0,0,0,0,0,0,0
120774,1,1,1986,0,0,0,0,0,0,0,0,0,0
120774,2,1,1986,0,0,0,8,0,0,0,0,0,0
120775,1,1,1986,0,0,0,0,0,0,0,0,0,0
120776,1,1,1986,5,5,5,5,5,5,5,5,5,5
120776,2,1,1986,0,0,11,0,0,0,0,0,0,0
120777,1,1,1986,0,0,0,0,0,0,0,0,0,0
120778,1,1,1986,26,26,26,26,26,26,26,26,26,26
120779,0,1,1986,24,24,24,24,24,24,24,24,24,24
120779,1,1,1986,0,0,0,0,0,0,0,0,0,0
120780,1,1,1986,26,26,26,26,26,26,26,26,26,26
120780,2,1,1986,0,0,0,0,0,0,0,0,0,0
120781,1,1,1986,27,9,0,26,0,11,0,18,24,0
120781,2,1,1986,15,0,0,0,0,0,0,0,0,0
120782,1,1,1986,0,0,0,0,0,0,0,0,0,0
120782,2,1,1986,0,0,0,0,0,0,0,0,6,0
120783,1,1,1986,19,19,21,10,21,14,17,20,12,9
120783,2,1,1986,0,0,0,0,0,0,0,0,0,18
120784,0,1,1986,0,0,0,0,0,0,0,0,0,0
120784,1,1,1986,0,0,0,7,0,0,0,0,0,0
120785,1,1,1986,12,12,12,12,12,12,12,12,12,12
120786,0,1,1986,0,0,0,0,0,0,0,0,0,0
120786,1,1,1986,0,0,0,4,0,0,0,0,0,0
120787,1,1,1986,0,0,0,0,0,0,0,0,0,0
120787,2,1,1986,0,0,0,0,0,0,0,0,0,0
120788,1,1,1986,13,13,13,13,13,13,13,13,13,13
120789,0,1,1986,11,11,11,11,11,11,11,11,11,11
120789,1,1,1986,11,0,0,0,0,5,0,0,0,0
120790,1,1,1986,0,0,0,0,0,0,0,0,0,0
120790,2,1,1986,0,0,0,0,0,0,0,0,0,0
120791,1,1,1986,0,0,0,0,0,0,11,0,0,0
120791,2,1,1986,0,0,0,0,0,0,0,0,0,0
120792,0,1,1986,0,0,0,0,0,0,0,0,0,0
120792,1,1,1986,0,12,0,0,0,0,0,6,0,0
120793,0,1,1986,0,21,0,18,8,30,0,0,14,23
120793,1,1,1986,0,0,0,0,0,0,0,0,0,3
120794,0,1,1986,0,0,0,0,4,0,16,0,0,0
120794,1,1,1986,0,10,16,9,19,17,18,31,14,0
120795,1,1,1986,0,7,0,0,0,0,0,0,0,0
120795,2,1,1986,6,6,6,6,6,6,6,6,6,6
120796,1,1,1986,0,0,0,0,0,0,0,0,0,0
120797,0,1,1986,0,0,0,0,0,0,0,0,0,0
120797,1,1,1986,25,25,25,25,25,25,25,25,25,25
120798,1,1,1986,13,7,10,22,9,18,3,11,15,9
120798,2,1,1986,30,22,10,2,9,5,17,13,9,8
120799,0,1,1986,11,0,0,0,0,0,9,0,0,0
120799,1,1,1986,0,0,0,0,0,0,0,0,0,0
120800,1,1,1986,18,18,18,18,18,18,18,18,18,18
120800,2,1,1986,0,0,0,0,0,0,0,0,0,12
120801,1,1,1986,0,0,0,0,0,0,0,0,0,0
120801,2,1,1986,0,0,0,0,0,0,0,0,0,0
120802,1,1,1986,15,15,15,15,15,15,15,15,15,15
120802,2,1,1986,34,0,20,0,0,0,0,0,0,0
120803,1,1,1986,6,6,6,6,6,6,6,6,6,6
120804,0,1,1986,17,17,17,17,17,17,17,17,17,17
120804,1,1,1986,8,10,0,0,0,0,0,0,0,31
120804,2,1,1986,0,0,0,0,0,0,0,0,0,0
120805,0,1,1986,0,0,0,0,0,0,0,0,0,0
120805,1,1,1986,0,0,11,30,33,0,20,26,3,15
120806,1,1,1986,0,0,0,0,0,0,0,0,0,5
120806,2,1,1986,0,0,0,0,0,0,0,0,0,0
120806,3,1,1986,0,0,0,0,0,0,0,0,0,0
120806,4,1,1986,0,0,0,0,0,0,0,0,0,0
120807,1,1,1986,30,30,30,30,30,30,30,30,30,30
120808,0,1,1986,0,0,0,0,0,0,0,0,0,0
120808,1,1,1986,0,0,0,9,35,0,0,0,0,0
120809,0,1,1986,0,0,0,0,0,0,0,0,0,0
120809,1,1,1986,0,0,0,0,0,0,0,0,0,0
120810,1,1,1986,17,17,17,17,17,17,17,17,17,17
120810,2,1,1986,13,29,14,25,15,31,26,34,6,16
120811,0,1,1986,0,25,0,0,0,8,0,0,0,0
120811,1,1,1986,19,19,19,19,19,19,19,19,19,19
120812,1,1,1986,7,7,7,7,7,7,7,7,7,7
120813,0,1,1986,0,0,0,0,0,0,0,0,0,0
120813,1,1,1986,0,13,0,0,0,0,0,18,0,0
120814,1,1,1986,0,0,0,0,0,0,0,0,0,0
120815,0,1,1986,0,10,0,0,0,0,9,0,0,0
120815,0,2,1986,25,0,0,25,0,21,0,0,0,12
120815,1,1,1986,0,0,0,0,0,0,0,0,0,0
120816,1,1,1986,0,0,0,0,0,0,0,0,0,0
120816,2,1,1986,0,0,0,0,0,0,0,0,0,0
120817,1,1,1986,8,0,0,0,0,0,0,0,0,0
120817,2,1,1986,14,0,0,0,7,0,0,0,0,0
120818,0,1,1986,19,19,19,19,19,19,19,19,19,19
120818,1,1,1986,0,0,0,0,0,0,0,0,0,0
120819,1,1,1986,0,0,0,0,0,0,0,0,0,0
120819,2,1,1986,0,0,0,0,0,0,0,0,0,4
120819,3,1,1986,13,0,0,0,0,0,0,0,0,0
120820,1,1,1986,18,18,18,18,18,18,18,18,18,18
120820,2,1,1986,17,18,12,22,35,15,18,12,19,11
120821,1,1,1986,0,0,0,0,0,0,0,0,0,0
120821,2,1,1986,0,0,0,0,0,0,0,0,0,0
120822,1,1,1986,12,12,12,12,12,12,12,12,12,12
120823,0,1,1986,0,21,0,0,0,0,0,0,15,0
120823,1,1,1986,20,0,0,0,0,0,0,0,0,18
120824,1,1,1986,0,0,0,0,0,0,0,0,0,0
120825,1,1,1986,0,0,0,3,0,0,0,0,0,0
120825,2,1,1986,34,0,0,0,11,0,0,0,0,0
120826,1,1,1986,19,19,19,19,19,19,19,19,19,19
120827,1,1,1986,27,27,27,27,27,27,27,27,27,27
120828,0,1,1986,18,18,18,18,18,18,18,18,18,18
120828,0,2,1986,21,21,21,21,21,21,21,21,21,21
120828,1,1,1986,0,0,0,0,0,0,0,0,0,0
120829,1,1,1986,0,0,0,0,15,0,0,0,0,0
120829,2,1,1986,0,0,0,0,0,0,0,0,0,0
120830,1,1,1986,0,0,0,0,0,0,0,0,0,0
120830,2,1,1986,0,0,0,0,0,0,0,0,0,0
120831,0,1,1986,9,9,9,9,9,9,9,9,9,9
120831,1,1,1986,26,13,25,11,13,14,28,10,0,44
120832,0,1,1986,26,26,26,26,26,26,26,26,26,26
120832,1,1,1986,0,0,0,0,0,0,0,0,0,0
120833,1,1,1986,24,24,24,24,24,24,24,24,24,24
120833,2,1,1986,0,0,0,0,0,0,0,0,0,0
120834,1,1,1986,0,0,0,0,0,0,0,0,0,0
120835,0,1,1986,5,5,5,5,5,5,5,5,5,5
120835,1,1,1986,16,4,20,8,23,0,8,14,0,0
120836,1,1,1986,0,0,0,0,0,0,0,0,0,0
120836,2,1,1986,0,0,0,0,0,0,0,0,0,0
120837,1,1,1986,0,50,0,0,15,14,12,24,0,23
120838,1,1,1986,0,0,0,0,0,0,0,0,0,0
120838,2,1,1986,0,0,0,0,0,0,0,0,0,0
120839,1,1,1986,30,30,30,30,30,30,30,30,30,30
120840,1,1,1986,14,15,11,12,11,12,20,5,11,28
120840,2,1,1986,0,0,0,27,0,0,15,0,11,0
120841,0,1,1986,0,0,0,0,0,0,0,0,0,0
120841,1,1,1986,0,0,28,0,0,0,0,0,0,0
120842,0,1,1986,26,26,26,26,26,26,26,26,26,26
120842,1,1,1986,0,0,0,0,0,5,0,0,0,0
120843,0,1,1986,0,0,0,0,0,0,0,0,0,0
120843,0,2,1986,0,0,0,0,0,0,0,0,0,0
120843,1,1,1986,0,0,0,0,0,0,0,0,0,0
120844,1,1,1986,20,20,20,20,20,20,20,20,20,20
120845,1,1,1986,17,17,17,17,17,17,17,17,17,17
120845,2,1,1986,0,0,0,0,0,0,0,0,0,0
120846,1,1,1986,6,0,0,0,0,0,0,0,0,0
120847,0,1,1986,6,6,6,6,6,6,6,6,6,6
120847,0,2,1986,9,22,13,25,0,0,6,6,14,22
120847,1,1,1986,20,0,0,0,0,0,0,8,0,0
120847,2,1,1986,0,0,0,0,0,16,0,0,0,0
120848,1,1,1986,0,0,0,0,0,8,7,0,0,0
120848,2,1,1986,0,0,0,0,0,0,0,0,0,0
120849,1,1,1986,0,0,0,0,0,0,0,0,0,0
120849,2,1,1986,22,22,22,22,22,22,22,22,22,22
120850,1,1,1986,14,14,14,14,14,14,14,14,14,14
120851,1,1,1986,24,24,24,24,24,24,24,24,24,24
120852,0,1,1986,15,15,15,15,15,15,15,15,15,15
120852,1,1,1986,0,0,0,26,0,0,0,0,0,0
120852,2,1,1986,7,0,0,0,0,0,0,0,0,0
120853,1,1,1986,0,0,0,0,0,0,0,0,0,0
120853,2,1,1986,0,0,0,0,0,0,0,0,0,7
120854,1,1,1986,0,0,0,0,0,0,0,0,0,0
120854,2,1,1986,11,16,21,10,23,5,9,15,9,30
120855,0,1,1986,9,9,9,9,9,9,9,9,9,9
120855,1,1,1986,0,0,0,0,0,0,0,0,20,0
120856,0,1,1986,27,27,27,27,27,27,27,27,27,27
120856,1,1,1986,0,0,0,0,0,0,0,0,0,0
120856,2,1,1986,10,15,11,13,17,20,5,37,12,31
120857,1,1,1986,32,32,32,32,32,32,32,32,32,32
120858,1,1,1986,24,24,24,24,24,24,24,24,24,24
120859,1,1,1986,0,0,0,0,0,0,0,0,0,0
120859,2,1,1986,0,0,0,0,0,0,0,0,0,0
120860,1,1,1986,22,22,22,22,22,22,22,22,22,22
120861,1,1,1986,0,0,0,0,0,16,21,0,0,0
120862,0,1,1986,0,19,0,0,18,18,9,0,20,0
120862,1,1,1986,0,5,18,0,0,0,0,7,0,0
120862,2,1,1986,15,15,15,15,15,15,15,15,15,15
120863,1,1,1986,0,0,0,0,0,0,0,0,0,0
120863,2,1,1986,0,0,0,0,0,0,0,0,0,0
120864,1,1,1986,0,0,0,0,0,0,0,0,0,0
120864,2,1,1986,0,0,0,0,3,0,0,0,0,0
120865,1,1,1986,5,5,5,5,5,5,5,5,5,5
120866,0,1,1986,15,15,15,15,15,15,15,15,15,15
120866,1,1,1986,0,0,0,0,0,0,0,0,7,22
120867,1,1,1986,16,16,16,16,16,16,16,16,16,16
120868,1,1,1986,0,0,0,0,0,0,0,0,0,0
120869,1,1,1986,0,0,0,0,0,0,0,0,0,0
120869,2,1,1986,0,0,0,0,0,6,0,0,0,0
120869,3,1,1986,0,0,0,0,0,0,0,0,0,0
120870,0,1,1986,4,4,4,4,4,4,4,4,4,4
120870,1,1,1986,0,0,0,0,0,0,0,0,0,0
120871,1,1,1986,12,12,12,12,12,12,12,12,12,12
120872,1,1,1986,0,0,0,0,0,0,0,0,0,0
120872,2,1,1986,0,0,0,0,0,0,0,0,0,0
120873,1,1,1986,6,6,6,6,6,6,6,6,6,6
120874,1,1,1986,17,17,17,17,17,17,17,17,17,17
120874,2,1,1986,4,4,4,4,4,4,4,4,4,4
120875,1,1,1986,13,13,13,13,13,13,13,13,13,13
120876,1,1,1986,14,0,21,0,5,6,0,14,3,5
120876,2,1,1986,0,0,0,0,0,0,0,0,0,0
120878,1,1,1986,1,1,1,1,1,1,1,1,1,1
120878,2,1,1986,4,4,4,4,4,4,4,4,4,4
120879,0,1,1986,0,0,0,27,0,0,0,0,15,19
120879,1,1,1986,0,0,0,0,0,0,0,0,0,0
120880,1,1,1986,21,28,18,0,18,17,12,13,25,18
120881,1,1,1986,3,3,3,3,3,3,3,3,3,3
120882,1,1,1986,32,32,32,32,32,32,32,32,32,32
120883,1,1,1986,13,13,13,13,13,13,13,13,13,13
120883,2,1,1986,0,6,2,5,0,0,0,0,8,0
120884,1,1,1986,0,0,0,0,0,0,0,0,0,0
120885,1,1,1986,1,1,1,1,1,1,1,1,1,1
120885,2,1,1986,0,0,0,0,0,0,0,0,0,0
120886,1,1,1986,19,19,19,19,19,19,19,19,19,19
120887,1,1,1986,0,0,0,0,0,0,0,0,0,0
120887,2,1,1986,18,18,18,18,18,18,18,18,18,18
120888,1,1,1986,0,0,0,0,0,0,0,0,0,0
120888,2,1,1986,0,0,0,0,0,0,0,0,0,0
120888,3,1,1986,0,14,0,0,0,0,0,0,0,0
120889,1,1,1986,24,24,24,24,24,24,24,24,24,24
120890,1,1,1986,0,0,0,0,0,0,0,0,19,0
120890,2,1,1986,18,14,35,0,16,25,14,21,5,25
120890,3,1,1986,16,0,0,0,0,0,0,9,0,22
120890,4,1,1986,0,0,0,0,0,0,0,0,0,0
120890,5,1,1986,0,0,0,0,0,0,0,0,0,0
120891,0,1,1986,0,0,0,0,0,0,0,0,0,0
120891,1,1,1986,0,0,0,0,0,0,0,0,0,0
120892,0,1,1986,0,0,0,0,0,0,0,0,0,0
120892,1,1,1986,0,0,0,0,0,0,0,0,0,0
120893,1,1,1986,0,0,0,0,0,0,0,0,0,0
120893,2,1,1986,0,0,0,0,0,0,0,0,0,0
120894,0,1,1986,0,0,0,0,0,0,0,0,0,0
120894,1,1,1986,0,0,0,0,0,0,0,0,0,0
120895,1,1,1986,48,48,48,48,48,48,48,48,48,48
120896,1,1,1986,4,4,4,4,4,4,4,4,4,4
120897,0,1,1986,0,0,0,0,0,0,0,0,0,0
120897,1,1,1986,0,0,0,0,0,0,0,0,0,0
120898,1,1,1986,0,0,0,0,0,0,0,0,0,0
120898,2,1,1986,0,0,0,0,0,0,0,0,0,0
120898,3,1,1986,0,0,0,0,0,0,0,11,0,0
120899,1,1,1986,18,18,18,18,18,18,18,18,18,18
120899,2,1,1986,18,18,18,18,18,18,18,18,18,18
120899,3,1,1986,0,0,11,19,6,18,0,0,0,0
120900,0,1,1986,9,9,9,9,9,9,9,9,9,9
120900,0,2,1986,0,0,0,0,0,0,0,0,0,0
120900,1,1,1986,0,0,0,0,0,0,0,0,0,0
120901,1,1,1986,9,0,0,0,0,0,0,0,10,0
120901,2,1,1986,0,0,4,0,0,0,0,0,0,0
120902,1,1,1986,0,0,0,0,0,0,5,0,0,0
120902,2,1,1986,0,0,0,0,0,0,0,0,0,0
120902,3,1,1986,0,0,0,0,0,0,0,0,0,0
120904,0,1,1986,0,3,5,0,0,0,26,0,10,0
120904,1,1,1986,0,0,0,0,0,0,0,0,0,0
120905,1,1,1986,0,0,0,0,0,0,0,0,0,0
120905,2,1,1986,0,0,0,0,0,0,0,0,0,0
120906,1,1,1986,12,0,0,0,0,0,0,0,0,0
120906,2,1,1986,0,0,0,0,0,0,0,0,0,0
120907,0,1,1986,0,0,0,0,0,0,0,0,0,0
120907,1,1,1986,0,0,0,0,0,0,0,0,0,0
120908,1,1,1986,0,0,0,0,15,0,0,0,0,0
120909,1,1,1986,0,0,0,0,0,0,0,0,0,0
120909,2,1,1986,0,0,0,0,0,0,0,0,0,0
120909,3,1,1986,0,13,0,0,0,0,0,0,0,0
120910,0,1,1986,0,29,0,0,0,8,0,0,0,29
120910,1,1,1986,0,0,0,0,0,0,0,0,0,0
120911,0,1,1986,0,0,0,0,0,0,0,0,0,0
120911,1,1,1986,0,0,0,0,0,0,0,0,0,0
120912,1,1,1986,15,15,15,15,15,15,15,15,15,15
120912,2,1,1986,0,0,0,0,0,0,0,0,0,0
120913,1,1,1986,15,16,21,16,24,21,19,9,18,24
120914,1,1,1986,0,0,0,0,0,0,0,0,0,0
120914,2,1,1986,0,0,0,0,0,0,0,12,0,16
120915,1,1,1986,0,0,0,0,0,0,0,0,0,0
120915,2,1,1986,0,0,0,0,0,0,0,0,0,0
120916,1,1,1986,0,0,0,0,0,0,0,0,0,8
120916,2,1,1986,12,10,6,0,23,0,14,14,4,0
120917,0,1,1986,3,17,26,0,25,38,25,30,29,0
120917,1,1,1986,20,21,11,10,0,19,22,15,0,10
120918,0,1,1986,18,15,10,0,27,20,4,8,12,12
120918,1,1,1986,0,0,0,0,0,0,0,0,0,0
120919,1,1,1986,0,0,0,0,0,0,0,15,11,5
120919,2,1,1986,0,0,0,0,0,0,0,0,0,0
120920,1,1,1986,0,0,0,0,0,0,0,0,0,0
120920,2,1,1986,0,0,0,0,0,0,0,0,0,0
120921,0,1,1986,29,0,13,0,15,0,15,0,25,9
120921,0,2,1986,12,0,17,0,19,0,0,0,0,16
120921,1,1,1986,16,0,0,0,0,0,0,0,0,0