ST_CASE,VEH_NO,PER_NO,YEAR,P1,P2,P3,P4,P5,P6,P7,P8,P9,P10
120922,0,1,1986,0,11,0,27,16,0,10,28,21,12
120922,0,2,1986,0,16,18,0,0,0,0,0,0,12
120922,1,1,1986,0,0,0,0,0,0,0,0,9,0
120923,0,1,1986,0,15,9,0,0,18,0,0,9,7
120923,2,1,1986,5,5,5,5,5,5,5,5,5,5
120924,1,1,1986,27,0,6,18,0,0,17,0,16,26
120925,0,1,1986,0,12,0,0,0,0,27,0,17,0
120925,1,1,1986,0,0,0,0,0,0,0,0,3,0
120926,1,1,1986,0,2,0,0,0,0,13,0,0,0
120928,1,1,1986,0,0,0,0,0,0,0,0,0,0
120928,2,1,1986,0,0,0,0,0,0,3,0,0,0
120929,1,1,1986,0,0,0,0,0,0,0,0,0,0
120930,1,1,1986,15,18,0,0,0,10,18,17,10,0
120931,1,1,1986,0,0,0,0,0,0,0,0,0,0
120931,2,1,1986,0,0,0,0,0,0,0,0,0,0
120932,0,1,1986,0,0,26,0,0,9,20,0,0,0
120932,1,1,1986,14,0,0,0,0,0,0,0,0,0
120933,1,1,1986,0,0,0,0,0,0,0,0,0,0
120933,2,1,1986,0,0,0,0,0,0,0,0,0,0
120934,0,1,1986,0,0,0,0,0,0,0,0,0,0
120935,1,1,1986,0,0,0,0,0,0,0,0,0,0
120935,2,1,1986,1,0,0,0,0,0,0,0,0,0
120936,1,1,1986,0,0,0,0,0,0,0,0,0,0
120936,2,1,1986,0,0,0,0,0,0,0,0,0,0
120937,0,1,1986,0,0,0,0,0,0,0,0,0,0
120937,1,1,1986,0,0,12,13,4,0,0,20,16,7
120938,1,1,1986,27,27,27,27,27,27,27,27,27,27
120939,0,1,1986,22,22,21,27,36,12,34,30,17,28
120939,0,2,1986,18,29,0,4,26,0,0,10,0,30
120939,1,1,1986,0,0,0,3,0,12,0,0,0,0
120940,1,1,1986,0,0,0,0,10,0,0,5,0,0
120940,2,1,1986,3,0,0,0,3,0,0,0,8,0
120941,0,1,1986,0,0,0,0,22,0,0,0,0,0
120941,1,1,1986,0,0,0,0,0,0,0,0,0,0
120942,1,1,1986,0,0,0,0,0,0,0,0,0,0
120942,2,1,1986,0,0,0,0,0,0,0,0,0,0
120943,1,1,1986,11,0,0,0,0,0,0,0,0,0
120944,0,1,1986,0,0,0,0,0,0,0,0,0,0
120944,1,1,1986,13,0,0,0,0,0,0,0,0,0
120946,0,1,1986,21,21,21,21,21,21,21,21,21,21
120946,1,1,1986,13,13,13,13,13,13,13,13,13,13
120947,0,1,1986,0,0,0,0,0,0,0,0,0,0
120947,1,1,1986,0,0,0,0,0,9,0,0,0,28
120948,1,1,1986,0,0,0,0,0,0,0,0,0,0
120948,2,1,1986,7,0,0,0,0,0,0,0,0,0
120948,3,1,1986,0,13,0,0,0,0,0,0,0,0
120948,4,1,1986,0,0,0,0,6,0,0,0,0,0
120948,5,1,1986,0,0,0,0,0,0,7,0,0,0
120949,1,1,1986,0,0,8,0,0,0,0,0,0,0
120949,2,1,1986,0,0,0,0,0,0,0,0,0,0
120949,3,1,1986,0,0,0,0,0,0,0,0,0,0
120950,1,1,1986,0,0,0,0,0,0,0,0,0,0
120950,2,1,1986,0,0,0,0,0,0,0,0,0,0
120950,3,1,1986,0,0,0,0,0,0,0,0,0,0
120950,4,1,1986,0,0,0,0,0,0,0,0,0,21
120950,5,1,1986,0,0,2,0,0,0,0,0,0,0
120950,6,1,1986,0,0,0,0,0,0,0,0,0,0
120951,1,1,1986,18,18,18,18,18,18,18,18,18,18
120952,1,1,1986,0,15,0,0,0,0,0,0,17,0
120953,1,1,1986,11,11,11,11,11,11,11,11,11,11
120954,1,1,1986,13,13,13,13,13,13,13,13,13,13
120955,1,1,1986,0,0,0,0,0,0,0,0,0,0
120956,1,1,1986,10,10,10,10,10,10,10,10,10,10
120957,1,1,1986,27,27,27,27,27,27,27,27,27,27
120958,0,1,1986,29,29,29,29,29,29,29,29,29,29
120958,1,1,1986,0,0,0,0,0,0,0,0,0,0
120959,0,1,1986,0,0,19,0,0,0,0,0,0,0
120959,1,1,1986,0,0,0,0,0,0,0,0,0,0
120960,1,1,1986,6,6,6,6,6,6,6,6,6,6
120961,1,1,1986,32,32,32,32,32,32,32,32,32,32
120962,1,1,1986,0,0,0,0,0,0,0,0,0,0
120962,2,1,1986,0,0,0,0,0,0,0,0,0,0
120964,0,1,1986,15,15,15,15,15,15,15,15,15,15
120964,1,1,1986,18,18,18,18,18,18,18,18,18,18
120965,1,1,1986,0,0,0,0,0,0,0,0,0,0
120965,2,1,1986,0,0,0,0,0,0,0,0,0,8
120965,3,1,1986,0,0,0,0,0,0,0,0,0,0
120965,4,1,1986,0,0,0,0,0,0,0,0,0,0
120966,1,1,1986,0,13,19,16,8,0,21,0,9,0
120966,2,1,1986,0,0,0,0,8,0,0,0,0,0
120967,0,1,1986,27,27,27,27,27,27,27,27,27,27
120967,1,1,1986,0,14,0,0,0,0,0,0,0,0
120969,1,1,1986,12,12,12,12,12,12,12,12,12,12
120969,2,1,1986,0,0,0,0,0,0,0,0,0,0
120970,0,1,1986,24,24,24,24,24,24,24,24,24,24
120970,1,1,1986,0,0,0,0,0,0,0,0,0,0
120971,1,1,1986,16,16,16,16,16,16,16,16,16,16
120972,0,1,1986,0,0,0,0,0,0,0,0,0,0
120972,1,1,1986,0,0,11,0,0,0,0,0,0,0
120973,1,1,1986,0,0,0,0,6,0,0,0,0,0
120973,2,1,1986,0,0,0,0,0,0,0,0,0,0
120974,1,1,1986,2,2,2,2,2,2,2,2,2,2
120974,2,1,1986,0,0,0,0,0,0,0,0,0,0
120975,1,1,1986,0,0,0,0,0,0,0,0,0,0
120975,2,1,1986,0,0,0,0,0,0,0,0,0,0
120977,1,1,1986,5,5,5,5,5,5,5,5,5,5
120977,2,1,1986,0,0,0,0,0,0,0,0,0,0
120978,1,1,1986,0,0,0,0,0,0,0,0,0,0
120979,1,1,1986,18,18,18,18,18,18,18,18,18,18
120979,2,1,1986,6,6,6,6,6,6,6,6,6,6
120980,1,1,1986,0,0,0,0,0,0,0,0,0,0
120980,2,1,1986,7,0,0,0,0,0,0,0,0,0
120981,1,1,1986,0,0,0,0,0,0,5,0,0,0
120981,2,1,1986,0,0,0,0,0,0,0,0,0,0
120982,0,1,1986,0,14,0,0,0,0,0,0,0,0
120982,0,2,1986,5,25,8,0,28,0,0,0,8,19
120982,1,1,1986,0,0,0,0,0,0,0,0,11,0
120983,1,1,1986,0,0,0,0,0,0,0,0,0,0
120983,2,1,1986,0,0,16,0,0,0,0,0,0,0
120984,1,1,1986,23,9,8,15,9,0,0,0,15,15
120986,0,1,1986,4,16,0,0,11,0,17,0,11,12
120986,1,1,1986,0,0,0,0,0,0,0,0,0,0
120987,1,1,1986,0,0,0,0,0,0,0,0,0,0
120987,2,1,1986,0,0,0,0,0,0,0,0,0,0
120988,1,1,1986,0,0,0,0,0,0,0,0,0,4
120988,2,1,1986,0,0,0,0,0,0,0,0,0,0
120989,0,1,1986,0,0,0,24,0,0,0,0,0,0
120989,1,1,1986,0,0,0,0,0,0,0,0,0,0
120990,1,1,1986,0,0,0,0,0,0,0,0,9,0
120990,2,1,1986,0,0,0,0,0,0,0,0,0,0
120991,1,1,1986,0,0,0,0,0,0,0,0,0,0
120991,2,1,1986,0,0,0,0,0,0,0,0,0,0
120991,3,1,1986,0,0,0,0,0,0,0,0,0,0
120993,0,1,1986,0,0,0,0,0,12,0,0,17,0
120993,1,1,1986,14,5,16,5,0,13,0,8,15,17
120994,1,1,1986,0,0,0,0,0,0,0,0,0,0
120994,2,1,1986,0,0,0,0,0,0,0,0,0,0
120995,1,1,1986,0,0,0,0,0,0,0,0,0,0
120995,2,1,1986,0,0,0,0,0,0,0,0,0,0
120996,1,1,1986,0,0,0,0,0,0,0,0,0,0
120996,2,1,1986,0,0,0,0,0,0,0,0,17,0
120997,0,1,1986,0,0,0,0,0,0,11,0,0,13
120997,1,1,1986,0,0,0,0,0,0,0,0,0,0
120998,0,1,1986,10,10,10,10,10,10,10,10,10,10
120998,1,1,1986,26,23,0,30,11,9,7,16,12,51
120999,1,1,1986,0,0,0,0,0,0,0,0,0,0
120999,2,1,1986,0,0,0,0,0,0,0,0,0,0
121000,1,1,1986,0,0,0,0,0,0,0,0,0,0
121000,2,1,1986,0,0,0,0,0,0,0,0,0,0
121001,1,1,1986,20,20,20,20,20,20,20,20,20,20
121002,1,1,1986,7,7,7,7,7,7,7,7,7,7
121002,2,1,1986,0,0,0,0,0,0,0,0,0,0
121003,1,1,1986,0,0,0,0,0,0,0,0,0,0
121004,1,1,1986,13,13,13,13,13,13,13,13,13,13
121004,2,1,1986,0,6,0,0,0,0,0,0,0,0
121005,0,1,1986,0,0,0,0,0,0,0,0,0,0
121005,1,1,1986,0,0,0,0,0,0,0,0,0,0
121006,0,1,1986,18,18,18,18,18,18,18,18,18,18
121006,0,2,1986,10,10,10,10,10,10,10,10,10,10
121006,1,1,1986,0,6,0,0,0,0,3,0,0,0
121007,1,1,1986,0,0,0,0,0,0,0,7,0,0
121007,2,1,1986,0,0,0,0,0,0,0,0,0,0
121008,1,1,1986,0,0,0,0,0,0,0,0,0,0
121008,2,1,1986,0,0,0,0,0,0,0,0,0,0
121009,1,1,1986,0,0,0,0,0,0,12,0,0,0
121010,1,1,1986,0,0,0,0,0,0,0,0,0,0
121010,2,1,1986,0,0,0,0,0,0,0,0,0,0
121010,3,1,1986,0,0,0,0,19,0,0,0,0,0
121011,1,1,1986,31,31,31,31,31,31,31,31,31,31
121012,1,1,1986,10,10,10,10,10,10,10,10,10,10
121013,1,1,1986,14,3,25,11,6,14,18,16,6,14
121013,2,1,1986,0,0,0,0,0,0,0,0,18,0
121014,1,1,1986,0,0,0,0,0,0,0,0,0,0
121015,1,1,1986,0,0,0,0,0,0,0,0,0,0
121015,2,1,1986,0,0,0,0,0,0,0,0,0,0
121016,1,1,1986,0,0,0,0,0,12,0,0,0,0
121016,2,1,1986,0,0,0,0,0,0,0,0,0,0
121017,0,1,1986,0,0,0,0,0,0,0,0,0,0
121017,1,1,1986,0,0,0,0,0,0,0,8,0,0
121018,1,1,1986,0,0,0,0,0,0,0,0,0,0
121018,2,1,1986,0,0,0,0,0,0,0,0,0,0
121019,1,1,1986,18,18,18,18,18,18,18,18,18,18
121020,0,1,1986,17,17,17,17,17,17,17,17,17,17
121020,1,1,1986,0,0,0,0,0,0,0,0,0,0
121021,1,1,1986,10,10,10,10,10,10,10,10,10,10
121022,1,1,1986,8,8,8,8,8,8,8,8,8,8
121023,0,1,1986,21,21,21,21,21,21,21,21,21,21
121023,1,1,1986,0,0,0,0,0,0,0,0,0,0
121024,0,1,1986,19,19,19,19,19,19,19,19,19,19
121024,1,1,1986,9,0,0,0,0,0,0,0,0,0
121025,1,1,1986,26,26,26,26,26,26,26,26,26,26
121027,1,1,1986,0,0,0,0,0,0,0,0,0,0
121027,2,1,1986,0,0,0,0,0,0,0,0,0,0
121028,1,1,1986,11,13,23,10,19,6,13,16,14,21
121028,2,1,1986,0,0,0,0,0,0,0,4,0,0
121029,1,1,1986,0,0,0,0,0,0,0,0,0,0
121029,2,1,1986,0,0,0,0,0,0,0,0,0,0
121030,1,1,1986,0,0,0,0,0,0,0,0,0,0
121030,2,1,1986,0,0,0,0,0,0,0,0,0,0
121031,1,1,1986,0,0,0,0,0,0,0,0,0,0
121031,2,1,1986,0,0,0,0,10,0,0,0,0,0
121032,1,1,1986,0,0,0,0,0,0,0,0,0,0
121032,2,1,1986,13,13,13,13,13,13,13,13,13,13
121033,1,1,1986,25,25,25,25,25,25,25,25,25,25
121034,1,1,1986,10,30,11,0,15,0,20,13,6,0
121035,1,1,1986,0,0,0,0,0,0,0,0,0,0
121035,2,1,1986,0,0,0,0,0,0,0,0,0,0
121036,1,1,1986,19,6,13,15,23,37,15,15,0,17
121037,1,1,1986,23,4,13,44,12,0,4,21,19,20
121038,1,1,1986,11,11,11,11,11,11,11,11,11,11
121039,1,1,1986,19,0,0,0,0,0,6,0,0,0
121039,2,1,1986,0,0,0,0,0,0,0,0,0,0
121040,0,1,1986,26,18,29,0,19,24,21,28,19,15
121040,1,1,1986,24,19,22,16,0,0,3,14,15,3
121041,1,1,1986,0,7,0,0,9,0,0,0,0,0
121041,2,1,1986,0,0,0,0,0,0,0,0,0,0
121042,0,1,1986,0,0,10,0,0,0,0,0,0,0
121042,1,1,1986,0,35,10,0,0,0,0,0,0,12
121043,1,1,1986,0,0,3,0,0,0,0,0,0,0
121043,2,1,1986,0,0,0,0,0,0,0,0,0,0
121043,3,1,1986,0,0,0,0,0,0,0,0,0,0
121044,1,1,1986,0,0,0,0,0,10,0,0,0,10
121045,1,1,1986,18,18,18,18,18,18,18,18,18,18
121046,1,1,1986,0,0,0,0,0,0,0,0,0,0
121046,2,1,1986,0,0,0,0,0,0,0,0,0,0
121046,3,1,1986,0,0,0,12,0,0,0,0,0,0
121047,0,1,1986,0,8,0,19,8,25,21,22,18,28
121047,1,1,1986,0,0,0,0,0,0,0,0,0,0
121048,1,1,1986,0,10,0,0,0,0,0,0,0,0
121048,2,1,1986,0,24,0,0,0,0,0,0,0,0
121049,0,1,1986,0,0,0,0,0,0,0,0,0,0
121049,1,1,1986,0,0,13,0,0,0,0,0,0,0
121050,0,1,1986,0,10,33,21,0,4,8,9,0,27
121050,1,1,1986,0,0,0,0,0,0,0,0,0,0
121050,2,1,1986,0,0,0,0,0,0,0,0,0,0
121051,1,1,1986,0,6,0,0,0,0,0,0,0,17
121052,0,1,1986,30,30,30,30,30,30,30,30,30,30
121052,1,1,1986,0,0,0,0,0,0,0,0,0,0
121052,2,1,1986,0,0,0,0,0,0,0,0,0,0
121053,1,1,1986,0,0,0,0,0,0,0,0,0,0
121053,2,1,1986,0,0,0,0,11,0,0,0,0,0
121054,1,1,1986,0,16,7,7,0,0,9,0,0,0
121054,2,1,1986,0,0,0,0,0,0,0,0,0,0
121054,3,1,1986,0,0,5,0,0,0,0,0,0,0
121055,0,1,1986,13,25,14,10,26,34,24,27,4,23
121055,1,1,1986,0,0,0,0,0,0,0,0,0,0
121056,0,1,1986,17,17,17,17,17,17,17,17,17,17
121056,1,1,1986,0,0,0,0,0,0,0,0,0,0
121057,1,1,1986,0,0,0,0,10,0,1,0,0,0
121057,2,1,1986,0,10,0,0,0,0,0,0,19,0
121058,1,1,1986,0,0,0,0,0,0,0,0,0,0
121058,2,1,1986,0,0,0,0,0,0,0,0,0,0
121059,1,1,1986,0,0,0,0,0,0,0,0,0,0
121059,2,1,1986,0,0,0,0,0,0,0,0,0,0
121060,0,1,1986,10,36,0,0,0,14,17,6,29,0
121060,1,1,1986,0,0,0,0,0,0,0,0,0,0
121061,1,1,1986,8,8,8,8,8,8,8,8,8,8
121062,1,1,1986,0,0,0,0,0,0,0,0,0,0
121063,1,1,1986,0,0,0,0,0,0,0,0,0,0
121063,2,1,1986,0,0,0,0,0,0,0,0,0,0
121064,1,1,1986,12,12,12,12,12,12,12,12,12,12
121064,2,1,1986,11,9,0,5,0,26,0,0,0,15
121065,1,1,1986,34,34,34,34,34,34,34,34,34,34
121065,2,1,1986,7,7,7,7,7,7,7,7,7,7
121066,0,1,1986,0,0,0,0,0,13,16,0,0,0
121066,1,1,1986,0,0,0,0,0,0,0,0,0,0
121067,1,1,1986,0,0,0,0,0,0,0,0,0,0
121067,2,1,1986,0,0,0,0,0,0,0,0,0,0
121068,1,1,1986,0,0,0,0,0,0,0,0,0,0
121068,2,1,1986,0,0,0,0,0,0,0,0,0,0
121069,1,1,1986,0,0,0,0,0,0,0,0,0,0
121069,2,1,1986,0,0,0,0,0,0,0,0,0,0
121070,1,1,1986,0,0,0,0,0,0,0,0,0,0
121070,2,1,1986,0,0,0,0,0,0,0,0,0,0
121071,1,1,1986,23,23,23,23,23,23,23,23,23,23
121072,1,1,1986,15,15,15,15,15,15,15,15,15,15
121073,1,1,1986,12,12,12,12,12,12,12,12,12,12
121074,1,1,1986,18,18,18,18,18,18,18,18,18,18
121074,2,1,1986,0,0,0,0,0,0,0,0,0,0
121076,1,1,1986,19,13,7,15,12,9,14,10,5,25
121077,1,1,1986,0,0,0,0,0,0,0,0,0,0
121077,2,1,1986,0,10,0,0,0,0,0,0,0,0
121078,0,1,1986,0,0,0,0,0,5,0,0,0,0
121078,1,1,1986,9,3,40,17,0,11,19,0,14,27
121079,1,1,1986,0,0,0,0,0,0,0,0,0,0
121079,2,1,1986,0,0,0,0,0,0,0,0,0,0
121080,1,1,1986,22,22,22,22,22,22,22,22,22,22
121080,2,1,1986,7,7,7,7,7,7,7,7,7,7
121081,1,1,1986,0,0,0,0,0,0,0,0,0,0
121081,2,1,1986,0,0,0,0,0,0,0,0,0,0
121081,3,1,1986,0,0,0,0,0,0,20,0,18,0
121082,0,1,1986,0,0,0,0,0,0,0,0,0,0
121082,1,1,1986,0,0,0,0,0,0,16,0,11,4
121083,1,1,1986,0,0,0,0,16,0,0,0,0,0
121083,2,1,1986,0,0,0,0,0,0,0,0,0,0
121084,1,1,1986,18,18,18,18,18,18,18,18,18,18
121084,2,1,1986,17,0,26,0,0,0,0,0,23,0
121085,1,1,1986,0,0,0,0,0,15,0,0,0,22
121085,2,1,1986,0,0,0,0,0,0,0,0,0,0
121086,1,1,1986,22,14,20,23,29,7,20,17,17,11
121087,1,1,1986,29,29,29,29,29,29,29,29,29,29
121087,2,1,1986,0,0,0,0,0,0,0,0,0,0
121088,1,1,1986,28,28,28,28,28,28,28,28,28,28
121088,2,1,1986,0,0,0,0,0,0,0,0,0,0
121088,3,1,1986,0,0,0,0,0,0,0,0,0,0
121089,1,1,1986,14,14,14,14,14,14,14,14,14,14
121090,1,1,1986,0,0,0,0,0,0,0,0,0,0
121090,2,1,1986,0,0,0,0,0,0,0,0,0,0
121091,0,1,1986,0,0,0,0,0,0,0,0,0,0
121091,1,1,1986,0,0,0,0,0,0,0,0,0,0
121092,0,1,1986,0,0,0,0,0,0,0,23,0,0
121092,1,1,1986,0,0,0,0,0,0,0,0,0,0
121093,1,1,1986,0,0,0,0,0,0,0,0,0,0
121093,2,1,1986,0,0,22,0,0,23,21,0,0,0
121093,3,1,1986,7,17,0,7,0,14,8,28,23,10
121094,1,1,1986,0,0,0,0,0,0,0,0,0,0
121094,2,1,1986,0,4,0,0,0,0,0,0,0,0
121095,1,1,1986,0,0,0,0,0,0,0,0,0,0
121095,2,1,1986,0,0,0,0,0,0,0,0,0,0
121096,1,1,1986,0,0,0,0,0,0,0,0,0,0
121096,2,1,1986,0,0,0,0,0,0,0,0,0,0
121097,0,1,1986,24,24,24,24,24,24,24,24,24,24
121097,1,1,1986,21,12,24,5,0,27,0,0,0,22
121098,0,1,1986,0,0,0,0,0,0,0,0,0,0
121098,1,1,1986,0,0,0,12,12,0,0,0,0,0
121099,1,1,1986,5,5,5,5,5,5,5,5,5,5
121100,1,1,1986,19,19,19,19,19,19,19,19,19,19
121101,1,1,1986,0,0,0,0,0,0,0,0,0,0
121102,0,1,1986,0,0,0,0,0,0,0,0,0,0
121102,1,1,1986,12,15,0,10,25,8,8,8,14,0
121103,1,1,1986,0,0,0,0,0,0,0,0,0,0
121103,2,1,1986,0,29,0,0,0,0,0,0,0,0
121104,1,1,1986,0,14,5,7,0,0,9,0,0,0
121106,1,1,1986,19,19,29,30,20,21,23,9,12,2
121107,1,1,1986,20,20,20,20,20,20,20,20,20,20
121107,2,1,1986,0,0,0,0,0,0,0,0,0,0
121107,3,1,1986,0,0,0,0,0,5,0,0,0,0
121108,1,1,1986,7,7,7,7,7,7,7,7,7,7
121108,2,1,1986,0,0,0,0,0,0,0,0,0,0
121109,1,1,1986,0,6,6,0,9,21,0,0,13,0
121109,2,1,1986,0,0,0,0,0,0,0,0,0,0
121110,0,1,1986,34,0,0,46,0,14,35,27,13,18
121110,1,1,1986,0,14,14,9,11,0,0,20,0,5
121112,1,1,1986,0,0,0,0,0,0,0,0,0,0
121112,2,1,1986,0,0,0,0,0,0,0,0,0,0
121112,3,1,1986,0,0,0,0,0,0,0,0,0,0
121113,1,1,1986,0,0,0,0,0,0,0,0,0,0
121113,2,1,1986,0,0,0,0,0,0,0,0,0,0
121114,0,1,1986,0,0,0,0,0,0,0,0,0,0
121114,1,1,1986,0,0,0,0,0,0,0,0,0,0
121115,1,1,1986,2,2,2,2,2,2,2,2,2,2
121116,0,1,1986,0,0,0,0,0,0,0,0,0,0
121116,1,1,1986,0,0,0,0,0,0,0,0,0,0
121117,1,1,1986,0,0,0,0,5,0,0,9,0,19
121118,1,1,1986,0,0,0,0,0,8,9,0,0,0
121118,2,1,1986,24,11,0,0,11,14,0,0,0,0
121118,3,1,1986,0,0,0,0,0,0,0,0,0,0
121119,1,1,1986,0,0,0,12,0,31,0,0,0,0
121120,1,1,1986,0,0,0,0,0,0,0,0,0,0
121120,2,1,1986,0,0,0,0,0,0,0,0,0,2
121121,1,1,1986,0,0,0,0,0,0,14,0,0,0
121122,0,1,1986,0,0,0,0,0,0,0,0,0,0
121122,1,1,1986,0,0,9,17,0,2,0,0,0,0
121123,1,1,1986,17,17,17,17,17,17,17,17,17,17
121124,0,1,1986,29,29,29,29,29,29,29,29,29,29
121124,1,1,1986,0,0,0,0,0,0,7,0,0,0
121125,0,1,1986,26,26,26,26,26,26,26,26,26,26
121125,1,1,1986,41,19,13,0,0,0,0,0,0,0
121126,0,1,1986,24,24,24,24,24,24,24,24,24,24
121126,1,1,1986,18,18,18,18,18,18,18,18,18,18
121127,1,1,1986,0,0,0,0,0,0,0,0,0,0
121128,1,1,1986,0,0,0,0,0,0,0,0,0,0
121128,2,1,1986,3,0,0,0,0,0,0,0,0,0
121129,1,1,1986,0,0,0,0,0,0,0,0,0,10
121129,2,1,1986,0,0,0,0,0,0,0,0,0,0
121130,1,1,1986,0,0,0,0,0,0,0,0,0,0
121130,2,1,1986,0,13,0,0,0,0,0,0,0,0
121131,1,1,1986,19,19,19,19,19,19,19,19,19,19
121132,1,1,1986,0,0,0,0,0,0,0,0,0,0
121132,2,1,1986,0,0,0,0,0,0,0,0,0,0
121132,3,1,1986,17,0,9,0,12,0,12,6,0,16
121133,1,1,1986,32,32,32,32,32,32,32,32,32,32
121134,1,1,1986,0,0,0,0,0,0,0,0,0,0
121134,2,1,1986,0,0,0,0,0,0,0,0,0,0
121135,1,1,1986,0,0,0,0,0,0,0,0,0,0
121135,2,1,1986,0,0,0,0,0,0,0,0,0,0
121136,1,1,1986,0,0,0,0,0,0,0,0,0,0
121136,2,1,1986,0,0,0,0,0,0,0,0,0,0
121137,1,1,1986,0,0,0,0,0,0,0,0,13,0
121137,2,1,1986,0,0,3,0,0,0,0,0,0,0
121138,0,1,1986,0,0,10,0,34,23,0,13,19,0
121138,1,1,1986,14,0,0,21,24,21,17,33,0,0
121140,1,1,1986,2,2,2,2,2,2,2,2,2,2
121140,2,1,1986,0,11,0,10,12,0,12,25,0,0
121141,0,1,1986,0,0,0,0,0,0,0,0,0,0
121141,1,1,1986,0,0,0,0,0,0,0,0,0,0
121141,2,1,1986,0,0,0,0,0,0,0,0,0,0
121142,1,1,1986,0,0,0,0,0,0,0,0,0,0
121142,2,1,1986,0,0,0,0,0,0,0,0,0,0
121143,1,1,1986,0,0,0,0,0,0,0,0,0,0
121144,1,1,1986,0,0,0,0,0,0,0,0,0,0
121145,0,1,1986,0,0,0,0,0,0,0,0,0,0
121145,1,1,1986,0,0,0,0,0,0,0,0,0,0
121146,1,1,1986,13,0,0,0,0,7,0,0,19,0
121147,2,1,1986,0,0,0,0,0,0,0,0,0,0
121148,1,1,1986,0,0,0,11,30,0,0,0,21,0
121148,2,1,1986,10,22,8,14,23,12,18,11,20,0
121150,1,1,1986,24,24,24,24,24,24,24,24,24,24
121150,2,1,1986,20,0,0,11,8,0,0,0,19,0
121151,1,1,1986,0,0,0,0,0,0,0,0,0,0
121151,2,1,1986,14,0,0,0,0,0,0,0,0,0
121152,0,1,1986,20,20,20,20,20,20,20,20,20,20
121152,1,1,1986,0,0,0,0,0,0,0,0,0,0
121153,1,1,1986,20,20,20,20,20,20,20,20,20,20
121154,1,1,1986,16,16,16,16,16,16,16,16,16,16
121154,2,1,1986,0,0,0,0,0,0,0,0,0,0
121154,3,1,1986,14,14,14,14,14,14,14,14,14,14
121155,1,1,1986,20,19,20,6,22,12,13,19,24,17
121156,1,1,1986,0,0,0,0,0,0,0,0,0,0
121157,1,1,1986,15,15,15,15,15,15,15,15,15,15
121158,0,1,1986,14,29,19,0,0,8,22,0,13,12
121158,1,1,1986,9,16,0,33,17,20,15,20,11,10
121159,0,1,1986,0,0,0,0,0,0,0,0,0,0
121159,1,1,1986,0,0,0,0,0,0,0,0,0,0
121159,2,1,1986,0,0,0,0,0,0,0,0,0,0
121160,1,1,1986,0,0,0,0,0,0,0,0,0,0
121160,2,1,1986,0,0,0,0,0,0,0,0,0,0
121161,1,1,1986,8,8,8,8,8,8,8,8,8,8
121162,0,1,1986,0,0,0,0,8,32,0,0,13,0
121162,1,1,1986,0,0,0,15,0,0,19,0,0,10
121163,1,1,1986,0,0,10,0,0,0,0,0,0,0
121163,2,1,1986,0,0,0,0,0,0,0,0,0,0
121163,3,1,1986,0,0,17,3,12,0,0,0,0,0
121164,1,1,1986,16,16,16,16,16,16,16,16,16,16
121164,2,1,1986,0,0,0,3,0,0,0,0,0,0
121164,3,1,1986,0,0,0,0,0,0,0,0,0,0
121164,4,1,1986,0,0,0,0,0,0,0,0,0,0
121165,1,1,1986,0,0,0,0,0,0,0,0,0,0
121165,2,1,1986,0,0,7,0,0,0,0,0,0,0
121166,1,1,1986,37,37,37,37,37,37,37,37,37,37
121167,1,1,1986,22,22,22,22,22,22,22,22,22,22
121168,0,1,1986,1,1,1,1,1,1,1,1,1,1
121168,1,1,1986,0,10,9,0,0,0,0,0,0,0
121169,1,1,1986,11,11,11,11,11,11,11,11,11,11
121169,2,1,1986,0,0,0,0,0,0,0,0,0,12
121170,1,1,1986,0,0,0,0,0,0,0,0,0,0
121170,2,1,1986,0,0,0,0,0,0,0,0,0,0
121171,0,1,1986,3,3,3,3,3,3,3,3,3,3
121171,0,2,1986,0,0,0,0,0,0,24,0,16,4
121171,1,1,1986,0,0,0,0,0,0,0,0,0,0
121172,1,1,1986,29,29,29,29,29,29,29,29,29,29
121173,1,1,1986,5,5,5,5,5,5,5,5,5,5
121173,2,1,1986,0,0,0,0,0,0,0,0,0,5
121174,1,1,1986,14,0,0,0,0,0,0,0,0,0
121175,0,1,1986,23,23,23,23,23,23,23,23,23,23
121175,1,1,1986,9,0,0,0,0,9,0,15,23,0
121176,0,1,1986,0,0,0,0,0,0,0,0,0,0
121176,1,1,1986,0,0,0,0,0,20,0,0,0,0
121177,1,1,1986,0,0,0,0,0,0,0,0,0,0
121177,2,1,1986,0,0,0,0,0,0,0,0,0,0
121178,1,1,1986,5,15,18,6,24,7,8,12,10,8
121178,2,1,1986,0,8,0,0,16,17,8,0,0,0
121179,1,1,1986,28,28,28,28,28,28,28,28,28,28
121180,1,1,1986,0,0,0,0,0,0,0,0,0,0
121180,2,1,1986,0,0,0,0,0,0,0,0,0,0
121181,1,1,1986,0,0,0,0,0,14,0,0,0,0
121181,2,1,1986,0,0,0,0,0,0,13,0,0,0
121182,0,1,1986,0,0,0,0,0,0,0,0,0,0
121182,1,1,1986,0,0,0,0,0,11,0,0,0,0
121183,0,1,1986,20,0,15,11,3,0,16,32,34,18
121183,1,1,1986,13,0,6,17,7,0,16,12,0,18
121184,0,1,1986,0,0,0,0,0,0,0,0,0,0
121184,1,1,1986,0,0,8,0,8,0,0,0,0,5
121185,0,1,1986,0,0,0,0,0,0,0,0,0,0
121185,1,1,1986,0,0,0,0,0,0,0,0,0,0