ST_CASE,VEH_NO,PER_NO,YEAR,P1,P2,P3,P4,P5,P6,P7,P8,P9,P10
121187,1,1,1986,0,0,0,0,0,0,0,0,0,0
121187,2,1,1986,0,0,0,0,0,0,0,0,0,0
121187,3,1,1986,0,0,0,0,0,0,0,0,0,0
121188,1,1,1986,20,0,0,0,0,0,18,0,0,17
121189,0,1,1986,0,0,0,0,0,0,0,0,0,0
121189,1,1,1986,14,7,11,24,18,12,7,5,0,22
121190,1,1,1986,25,25,25,25,25,25,25,25,25,25
121191,1,1,1986,0,0,0,0,0,0,0,0,0,0
121191,2,1,1986,0,0,0,0,0,0,0,0,0,0
121192,1,1,1986,0,0,0,0,0,0,0,0,0,0
121192,2,1,1986,20,20,20,20,20,20,20,20,20,20
121193,1,1,1986,0,0,0,0,0,0,0,0,0,0
121193,2,1,1986,0,0,0,0,0,0,0,0,0,0
121194,1,1,1986,0,0,0,0,0,0,0,0,0,0
121194,2,1,1986,0,0,0,0,0,0,0,0,0,0
121195,1,1,1986,0,0,0,0,0,11,0,0,0,0
121195,2,1,1986,0,0,0,0,0,0,0,0,0,0
121196,0,1,1986,36,36,36,36,36,36,36,36,36,36
121196,1,1,1986,6,0,0,6,0,33,9,0,0,0
121196,2,1,1986,50,28,8,6,43,12,11,8,2,41
121197,1,1,1986,19,17,8,3,18,6,10,6,21,15
121197,2,1,1986,0,11,0,11,0,0,0,0,19,0
121198,1,1,1986,0,0,0,0,0,0,0,0,0,0
121198,2,1,1986,0,0,0,0,0,0,0,0,0,0
121198,3,1,1986,0,0,0,0,0,0,0,0,0,0
121198,4,1,1986,0,0,0,0,0,0,0,0,0,0
121200,0,1,1986,0,0,0,0,0,0,20,0,0,0
121200,1,1,1986,0,0,0,0,0,0,0,0,0,0
121201,1,1,1986,0,0,0,0,0,0,0,0,0,0
121201,2,1,1986,0,0,0,0,0,0,0,0,0,0
121202,1,1,1986,8,0,0,21,0,10,0,0,0,0
121202,2,1,1986,0,0,0,0,0,0,0,0,0,0
121202,3,1,1986,0,13,0,0,0,0,0,0,0,0
121203,0,1,1986,0,4,0,0,0,0,0,0,0,0
121203,1,1,1986,22,22,22,22,22,22,22,22,22,22
121204,0,1,1986,11,11,11,11,11,11,11,11,11,11
121204,1,1,1986,0,0,0,0,0,0,0,0,0,0
121205,1,1,1986,17,17,17,17,17,17,17,17,17,17
121205,2,1,1986,0,0,0,0,0,0,0,0,0,0
121206,1,1,1986,0,16,17,15,0,15,14,0,11,0
121206,2,1,1986,0,0,0,16,15,10,0,0,23,0
121207,1,1,1986,0,0,0,0,0,0,0,0,0,0
121207,2,1,1986,0,0,0,0,0,0,0,0,0,0
121208,1,1,1986,0,17,0,27,28,12,21,32,23,7
121209,0,1,1986,0,0,0,0,0,0,0,0,0,0
121209,1,1,1986,0,0,0,0,0,0,0,0,0,0
121209,2,1,1986,0,0,0,0,0,0,0,0,0,0
121210,1,1,1986,20,20,20,20,20,20,20,20,20,20
121210,2,1,1986,0,0,0,0,0,0,0,0,0,0
121211,1,1,1986,28,12,23,0,14,0,18,0,0,13
121211,2,1,1986,0,0,0,24,0,0,0,0,0,0
121212,1,1,1986,0,0,0,0,0,0,0,0,0,0
121212,2,1,1986,0,0,0,0,0,6,0,0,0,0
121213,1,1,1986,8,0,3,0,8,0,0,0,0,0
121213,2,1,1986,0,8,0,0,0,0,17,11,0,0
121214,1,1,1986,0,0,0,0,0,0,0,0,0,0
121214,2,1,1986,0,0,0,0,0,0,0,0,0,0
121215,0,1,1986,26,26,26,26,26,26,26,26,26,26
121215,1,1,1986,0,0,0,0,0,0,15,0,0,0
121216,1,1,1986,0,0,0,0,0,0,0,0,0,0
121217,1,1,1986,15,15,15,15,15,15,15,15,15,15
121218,0,1,1986,0,0,0,0,0,12,0,0,0,0
121218,1,1,1986,12,26,14,6,9,31,0,15,22,8
121219,0,1,1986,0,0,12,0,0,0,14,0,10,8
121220,1,1,1986,0,0,0,0,0,0,0,0,0,0
121220,2,1,1986,0,0,7,0,0,0,0,0,0,0
121221,1,1,1986,0,0,0,5,0,0,9,0,11,0
121221,2,1,1986,0,0,0,0,0,0,0,0,0,0
121221,3,1,1986,0,0,0,0,0,0,0,0,0,0
121222,1,1,1986,0,0,0,0,0,0,0,0,0,0
121222,2,1,1986,0,0,0,0,0,0,0,0,0,0
121223,1,1,1986,9,9,9,9,9,9,9,9,9,9
121224,1,1,1986,0,0,0,0,0,0,0,0,0,0
121224,2,1,1986,0,0,0,0,0,0,0,0,0,0
121225,1,1,1986,0,8,0,12,0,0,0,0,23,9
121226,1,1,1986,0,0,0,0,0,0,0,0,0,0
121226,2,1,1986,0,0,0,0,0,0,0,0,0,0
121227,1,1,1986,2,2,2,2,2,2,2,2,2,2
121227,2,1,1986,0,0,0,0,0,0,0,0,0,0
121228,0,1,1986,15,15,15,15,15,15,15,15,15,15
121228,0,2,1986,27,26,21,20,18,0,34,13,9,27
121228,1,1,1986,22,22,22,22,22,22,22,22,22,22
121229,0,1,1986,22,22,22,22,22,22,22,22,22,22
121229,1,1,1986,0,0,0,0,0,0,0,0,0,0
121230,1,1,1986,6,6,6,6,6,6,6,6,6,6
121231,1,1,1986,0,0,0,0,0,0,0,0,0,0
121232,0,1,1986,0,0,0,11,0,0,43,0,13,43
121232,1,1,1986,0,0,0,0,0,0,0,0,0,0
121233,2,1,1986,0,0,0,0,0,0,0,0,0,0
121234,0,1,1986,15,15,15,15,15,15,15,15,15,15
121234,1,1,1986,14,0,0,0,0,0,0,0,0,0
121235,1,1,1986,1,1,1,1,1,1,1,1,1,1
121235,2,1,1986,0,0,0,0,0,0,0,0,0,0
121236,0,1,1986,10,0,0,0,0,0,0,0,0,0
121236,1,1,1986,0,0,0,0,10,0,0,0,0,0
121237,0,1,1986,0,0,0,0,0,0,0,0,0,0
121237,0,2,1986,21,0,10,0,0,0,0,0,0,0
121237,1,1,1986,0,0,0,0,0,0,0,0,0,0
121238,0,1,1986,0,0,11,15,0,25,17,13,0,0
121238,1,1,1986,0,0,0,0,0,0,0,0,0,0
121239,1,1,1986,0,0,0,0,0,0,0,0,0,0
121239,2,1,1986,0,0,0,0,0,0,0,0,0,0
121240,1,1,1986,0,0,0,0,0,0,0,0,0,0
121241,1,1,1986,0,0,0,0,0,0,0,0,0,0
121241,2,1,1986,0,0,0,0,0,0,0,0,0,0
121242,1,1,1986,0,0,0,0,0,8,0,0,0,0
121242,2,1,1986,0,0,0,0,0,0,0,0,0,0
121243,1,1,1986,0,0,0,0,0,0,0,0,0,0
121244,0,1,1986,27,0,5,0,0,0,0,0,27,0
121244,1,1,1986,0,0,0,0,0,0,4,0,13,0
121245,1,1,1986,0,0,0,0,0,0,0,4,0,0
121246,1,1,1986,0,0,0,0,0,0,0,0,0,0
121247,1,1,1986,0,0,0,0,0,0,0,0,0,0
121247,2,1,1986,0,0,0,0,0,0,0,0,0,0
121248,1,1,1986,0,0,0,0,0,0,0,0,0,0
121248,2,1,1986,15,15,15,15,15,15,15,15,15,15
121249,1,1,1986,0,0,0,0,0,0,0,0,0,0
121250,1,1,1986,0,4,0,0,0,0,0,0,0,0
121250,2,1,1986,0,0,0,0,0,7,0,0,0,0
121251,1,1,1986,0,0,0,0,0,0,0,0,0,0
121251,2,1,1986,0,0,0,0,0,0,0,0,0,0
121252,1,1,1986,0,0,0,0,0,0,0,0,0,0
121252,2,1,1986,0,0,0,0,0,0,0,0,0,0
121253,1,1,1986,0,12,0,0,9,0,0,0,0,18
121253,2,1,1986,0,0,0,0,0,14,0,0,0,0
121254,1,1,1986,21,21,21,21,21,21,21,21,21,21
121254,2,1,1986,0,0,0,0,0,0,0,0,0,0
121255,1,1,1986,0,0,0,0,0,0,0,0,0,0
121255,2,1,1986,0,0,0,0,0,0,0,0,0,0
121256,1,1,1986,9,9,9,9,9,9,9,9,9,9
121256,2,1,1986,7,0,0,0,0,0,0,0,0,0
121257,1,1,1986,0,0,0,0,0,0,0,0,0,0
121257,2,1,1986,0,0,0,0,0,0,0,0,0,0
121257,3,1,1986,0,0,0,0,0,0,0,0,0,0
121259,0,1,1986,0,0,10,0,0,18,0,0,0,0
121259,1,1,1986,0,11,11,5,0,0,0,0,0,0
121260,0,1,1986,0,0,0,0,0,0,0,0,0,0
121260,1,1,1986,0,0,0,0,0,0,0,0,0,0
121261,1,1,1986,21,21,21,21,21,21,21,21,21,21
121262,1,1,1986,0,7,0,0,0,0,8,0,5,0
121263,1,1,1986,0,0,0,0,0,0,0,0,0,0
121263,2,1,1986,17,17,17,17,17,17,17,17,17,17
121264,1,1,1986,0,0,0,5,10,0,0,0,0,0
121265,0,1,1986,0,0,0,0,0,0,0,0,0,0
121265,1,1,1986,0,0,0,34,0,0,0,0,0,0
121266,1,1,1986,16,16,16,16,16,16,16,16,16,16
121267,1,1,1986,0,0,0,0,0,0,0,0,0,0
121267,2,1,1986,0,6,14,10,10,12,15,20,10,12
121268,1,1,1986,0,0,0,0,0,0,0,0,0,0
121268,2,1,1986,0,0,0,0,0,0,0,0,0,0
121269,1,1,1986,0,0,0,0,0,0,0,24,0,0
121269,2,1,1986,0,0,0,0,0,0,0,0,0,0
121270,1,1,1986,0,0,0,0,0,0,0,0,0,0
121271,0,1,1986,0,0,0,0,0,0,0,0,0,0
121271,1,1,1986,0,0,0,0,0,0,0,0,0,0
121272,1,1,1986,24,24,24,24,24,24,24,24,24,24
121273,1,1,1986,0,0,0,0,0,29,0,0,0,0
121273,2,1,1986,0,0,0,0,0,0,0,0,0,0
121274,1,1,1986,0,0,0,0,0,0,0,0,0,0
121274,2,1,1986,0,0,0,0,0,0,0,0,0,0
121276,0,1,1986,2,2,2,2,2,2,2,2,2,2
121276,0,2,1986,0,0,9,0,15,0,0,0,0,0
121276,1,1,1986,0,3,0,0,0,0,0,0,0,0
121276,2,1,1986,0,0,0,0,0,10,0,0,0,0
121277,1,1,1986,16,16,16,16,16,16,16,16,16,16
121278,1,1,1986,10,10,10,10,10,10,10,10,10,10
121279,1,1,1986,0,0,0,0,0,0,0,0,0,0
121280,1,1,1986,17,17,17,17,17,17,17,17,17,17
121281,1,1,1986,0,0,0,0,0,0,0,0,0,0
121281,2,1,1986,12,10,6,21,19,0,21,4,4,13
121282,1,1,1986,0,0,0,10,0,0,0,12,0,0
121283,1,1,1986,13,13,13,13,13,13,13,13,13,13
121284,1,1,1986,7,7,7,7,7,7,7,7,7,7
121285,0,1,1986,14,14,14,14,14,14,14,14,14,14
121285,1,1,1986,0,0,0,0,0,0,0,0,0,25
121286,1,1,1986,0,0,0,0,0,0,0,0,0,0
121286,2,1,1986,0,0,0,0,0,0,0,0,0,0
121286,3,1,1986,0,0,0,0,0,0,0,0,0,0
121287,1,1,1986,12,12,12,12,12,12,12,12,12,12
121287,2,1,1986,0,0,0,0,0,0,0,0,0,0
121288,0,1,1986,0,0,23,0,0,0,0,0,0,0
121288,1,1,1986,29,22,11,21,16,35,22,32,20,18
121289,0,1,1986,0,0,0,0,0,0,0,0,0,0
121289,1,1,1986,0,0,0,0,0,0,0,0,0,0
121290,1,1,1986,0,0,0,0,0,0,0,0,0,0
121290,2,1,1986,0,0,0,0,0,0,0,0,0,0
121290,3,1,1986,0,0,0,0,0,0,0,0,0,0
121290,4,1,1986,0,0,8,0,0,0,0,0,0,0
121291,1,1,1986,0,0,0,0,0,0,0,0,0,0
121292,1,1,1986,0,0,0,0,0,0,0,0,0,0
121292,2,1,1986,9,15,12,23,8,10,20,30,17,12
121293,1,1,1986,18,20,17,10,7,23,15,21,15,27
121293,2,1,1986,0,0,15,0,0,0,0,0,12,0
121294,0,1,1986,0,0,0,0,0,0,0,0,0,0
121294,1,1,1986,0,11,5,12,0,0,5,13,0,6
121295,1,1,1986,7,10,10,15,23,5,15,15,10,23
121297,1,1,1986,16,14,8,22,12,3,22,26,2,2
121297,2,1,1986,0,0,0,0,0,0,0,0,0,0
121298,0,1,1986,24,24,24,24,24,24,24,24,24,24
121298,1,1,1986,0,0,0,0,0,0,0,0,0,0
121299,0,1,1986,11,11,11,11,11,11,11,11,11,11
121299,1,1,1986,0,0,0,0,0,0,0,0,0,0
121300,0,1,1986,0,0,0,0,0,0,0,0,0,0
121300,1,1,1986,0,0,0,0,16,0,0,0,0,0
121301,1,1,1986,0,0,0,0,0,0,0,3,0,0
121301,2,1,1986,26,26,26,26,26,26,26,26,26,26
121302,1,1,1986,2,0,0,0,0,0,0,0,0,0
121302,2,1,1986,0,0,0,0,0,0,0,0,0,0
121303,1,1,1986,23,23,23,23,23,23,23,23,23,23
121303,2,1,1986,0,0,0,0,0,0,0,0,0,0
121304,0,1,1986,0,0,0,0,0,0,0,0,0,0
121304,1,1,1986,0,0,0,0,0,0,0,0,0,0
121305,1,1,1986,5,5,5,5,5,5,5,5,5,5
121305,2,1,1986,0,0,0,0,0,0,0,0,0,0
121306,0,1,1986,0,0,0,0,0,0,0,0,0,0
121306,1,1,1986,0,0,0,0,0,0,0,0,0,0
121307,1,1,1986,0,0,0,0,0,0,0,0,0,0
121307,2,1,1986,0,0,0,0,0,0,0,0,0,0
121308,1,1,1986,0,0,0,0,0,0,7,0,0,0
121309,0,1,1986,0,0,0,0,0,0,0,0,0,0
121309,1,1,1986,19,19,19,19,19,19,19,19,19,19
121310,1,1,1986,17,10,14,9,17,11,16,4,23,11
121310,2,1,1986,14,10,7,11,4,0,11,4,8,0
121310,3,1,1986,0,0,18,0,0,0,0,0,0,0
121311,1,1,1986,0,0,0,0,0,32,0,0,0,0
121311,2,1,1986,0,0,0,9,0,26,0,0,0,0
121312,1,1,1986,0,0,0,0,0,0,0,0,0,0
121312,2,1,1986,0,0,0,0,0,0,0,0,0,0
121313,1,1,1986,22,8,33,24,13,25,9,26,10,22
121314,0,1,1986,0,0,0,0,0,0,0,0,0,0
121314,1,1,1986,0,0,0,0,0,0,0,0,0,0
121315,1,1,1986,18,33,0,0,0,0,0,0,0,0
121316,1,1,1986,0,0,0,0,0,0,0,0,0,0
121316,2,1,1986,0,0,0,0,0,0,0,0,0,0
121317,1,1,1986,0,0,0,0,0,0,5,0,0,0
121317,2,1,1986,12,12,12,12,12,12,12,12,12,12
121318,1,1,1986,20,19,8,15,8,7,0,11,0,7
121318,2,1,1986,0,0,0,0,0,0,0,0,0,0
121319,0,1,1986,0,0,0,0,0,0,0,0,0,0
121319,1,1,1986,0,0,0,0,0,0,0,0,0,0
121320,1,1,1986,15,15,15,15,15,15,15,15,15,15
121321,0,1,1986,0,0,0,0,0,0,0,0,0,0
121321,1,1,1986,8,12,9,17,17,0,3,0,0,3
121322,0,1,1986,0,0,0,0,0,0,0,0,0,29
121322,1,1,1986,0,0,0,0,6,0,0,0,0,5
121323,1,1,1986,0,0,0,0,0,0,0,0,0,0
121323,2,1,1986,0,0,0,0,0,0,14,0,0,0
121323,3,1,1986,0,0,0,0,0,8,0,0,0,0
121324,1,1,1986,0,0,0,0,0,22,0,0,9,0
121324,2,1,1986,0,5,13,2,0,19,0,9,0,19
121325,1,1,1986,5,5,5,5,5,5,5,5,5,5
121326,1,1,1986,7,7,7,7,7,7,7,7,7,7
121326,2,1,1986,0,0,0,0,0,0,0,0,0,0
121327,1,1,1986,0,0,0,0,0,0,0,0,0,0
121327,2,1,1986,0,0,0,0,18,0,0,0,0,0
121327,3,1,1986,0,0,0,0,0,0,0,0,0,15
121328,0,1,1986,0,0,0,0,0,0,0,0,0,0
121328,1,1,1986,0,0,0,0,0,0,0,0,0,0
121329,1,1,1986,0,0,0,0,0,0,0,0,0,0
121330,0,1,1986,25,25,25,25,25,25,25,25,25,25
121330,1,1,1986,0,0,0,0,0,16,16,11,0,0
121331,1,1,1986,0,0,0,0,13,0,0,0,0,0
121331,2,1,1986,0,0,0,0,0,0,0,0,0,0
121332,1,1,1986,13,13,5,13,11,19,10,5,22,21
121333,1,1,1986,0,0,0,0,0,0,0,0,0,0
121333,2,1,1986,0,0,0,0,0,0,0,0,0,0
121334,1,1,1986,11,11,11,11,11,11,11,11,11,11
121334,2,1,1986,0,0,0,0,0,0,0,0,0,0
121335,1,1,1986,0,0,0,0,0,0,0,0,0,0
121335,2,1,1986,0,0,0,0,0,0,0,0,0,0
121336,0,1,1986,0,0,0,0,0,0,0,0,0,0
121336,1,1,1986,0,0,0,0,0,0,0,0,0,0
121337,0,1,1986,0,0,14,0,0,0,0,22,21,18
121337,1,1,1986,0,0,0,0,0,0,0,0,0,9
121338,1,1,1986,0,0,5,0,10,0,0,19,0,0
121339,1,1,1986,0,0,0,0,0,0,0,0,0,0
121339,2,1,1986,6,0,0,0,4,0,0,0,0,0
121340,1,1,1986,1,1,1,1,1,1,1,1,1,1
121341,1,1,1986,23,23,23,23,23,23,23,23,23,23
121342,0,1,1986,24,10,10,9,26,22,13,19,19,2
121342,1,1,1986,0,0,0,0,0,0,0,0,0,0
121343,1,1,1986,12,12,12,12,12,12,12,12,12,12
121344,1,1,1986,12,12,12,12,12,12,12,12,12,12
121345,3,1,1986,12,0,0,9,21,17,18,17,0,0
121346,1,1,1986,0,0,0,0,0,0,0,0,0,0
121346,2,1,1986,3,0,0,0,0,0,0,0,0,0
121347,1,1,1986,21,21,21,21,21,21,21,21,21,21
121348,1,1,1986,0,0,6,0,0,0,0,0,0,0
121348,2,1,1986,0,0,0,0,0,0,0,0,0,0
121349,1,1,1986,21,21,21,21,21,21,21,21,21,21
121350,1,1,1986,17,17,17,17,17,17,17,17,17,17
121350,2,1,1986,8,8,8,8,8,8,8,8,8,8
121352,0,1,1986,25,0,12,0,0,9,18,17,31,12
121352,0,2,1986,0,0,0,0,0,0,0,0,0,0
121352,1,1,1986,11,42,27,12,23,8,28,14,20,16
121352,3,1,1986,0,0,0,0,0,0,0,0,0,0
121352,4,1,1986,0,0,0,0,0,0,0,0,0,0
121353,1,1,1986,0,0,0,0,0,0,0,0,0,0
121353,2,1,1986,0,0,0,0,0,0,4,0,0,0
121354,1,1,1986,0,0,0,0,0,0,0,0,0,0
121354,2,1,1986,0,0,0,0,0,0,0,0,0,0
121355,1,1,1986,3,3,3,3,3,3,3,3,3,3
121355,2,1,1986,9,0,0,0,0,0,0,0,0,0
121355,3,1,1986,0,0,0,0,0,0,0,0,0,6
121355,4,1,1986,10,0,0,0,0,0,0,0,0,0
121356,1,1,1986,25,25,25,25,25,25,25,25,25,25
121357,1,1,1986,27,27,27,27,27,27,27,27,27,27
121358,1,1,1986,0,0,0,0,0,0,10,0,0,0
121358,2,1,1986,0,0,0,0,0,0,0,0,0,0
121359,0,1,1986,0,0,0,0,0,0,0,0,13,8
121359,1,1,1986,0,0,0,0,0,0,0,0,0,0
121359,2,1,1986,0,0,0,0,0,0,0,0,0,0
121360,1,1,1986,0,0,0,0,0,0,0,0,0,0
121360,2,1,1986,14,23,7,15,24,0,16,3,8,15
121361,1,1,1986,0,0,0,16,0,0,0,0,0,9
121362,0,1,1986,0,0,0,0,7,0,0,0,0,0
121362,1,1,1986,0,0,22,0,0,0,0,0,0,0
121363,1,1,1986,7,7,7,7,7,7,7,7,7,7
121364,0,1,1986,19,0,22,19,0,32,0,0,18,0
121364,1,1,1986,0,0,0,0,0,0,12,0,0,0
121365,1,1,1986,0,0,0,0,0,0,0,0,0,0
121365,2,1,1986,0,0,0,0,0,0,0,0,0,0
121366,1,1,1986,18,0,13,21,13,9,5,14,0,16
121366,2,1,1986,0,0,6,0,0,16,0,0,8,0
121367,1,1,1986,0,0,0,0,0,0,0,0,0,0
121368,1,1,1986,3,0,0,0,22,0,0,0,0,16
121368,2,1,1986,0,0,0,0,0,0,0,0,0,0
121370,0,1,1986,0,0,0,0,0,0,17,0,7,0
121370,1,1,1986,0,0,0,0,0,0,0,0,0,0
121371,1,1,1986,0,0,0,22,0,0,0,0,17,0
121371,2,1,1986,0,11,0,0,0,0,0,0,0,0
121372,1,1,1986,25,25,25,25,25,25,25,25,25,25
121372,2,1,1986,7,7,7,7,7,7,7,7,7,7
121373,0,1,1986,21,0,3,0,0,0,0,0,0,0
121373,1,1,1986,0,10,0,0,0,0,0,0,0,0
121374,0,1,1986,0,0,0,0,0,0,0,0,0,0
121374,1,1,1986,5,0,0,0,0,11,0,0,0,10
121375,0,1,1986,21,21,21,21,21,21,21,21,21,21
121375,1,1,1986,24,13,4,0,7,0,20,14,12,22
121375,2,1,1986,32,20,18,7,10,9,7,15,8,11
121375,3,1,1986,7,10,17,0,10,8,21,14,5,7
121375,4,1,1986,17,18,16,13,0,14,0,19,0,0
121376,1,1,1986,15,15,15,15,15,15,15,15,15,15
121376,2,1,1986,0,0,0,0,0,22,25,0,0,0
121376,3,1,1986,0,0,0,0,0,0,0,0,0,0
121376,4,1,1986,0,0,0,0,0,0,0,0,0,0
121376,5,1,1986,0,0,0,0,0,0,0,0,0,0
121376,6,1,1986,0,0,0,0,0,0,0,0,0,0
121377,1,1,1986,0,22,14,0,0,0,6,0,0,0
121378,0,1,1986,22,20,0,0,0,0,0,0,0,0
121378,1,1,1986,0,0,0,0,0,0,0,0,0,0
121379,0,1,1986,0,24,0,28,0,0,14,0,17,0
121379,1,1,1986,6,6,6,6,6,6,6,6,6,6
121380,1,1,1986,0,0,18,0,16,8,10,0,0,8
121380,2,1,1986,0,0,6,0,0,0,0,0,0,0
121380,3,1,1986,0,0,0,0,0,0,0,0,0,0
121381,1,1,1986,0,0,0,0,0,0,0,12,16,0
121381,2,1,1986,0,0,0,0,0,0,0,0,0,0
121381,3,1,1986,0,0,0,0,0,0,0,0,0,0
121381,4,1,1986,0,0,0,0,0,0,0,12,0,0
121382,1,1,1986,3,3,3,3,3,3,3,3,3,3
121382,2,1,1986,0,0,0,0,0,0,0,0,0,0
121383,0,1,1986,0,0,0,0,0,0,0,0,0,0
121383,1,1,1986,0,0,0,0,0,0,0,0,0,0
121384,1,1,1986,11,11,11,11,11,11,11,11,11,11
121385,1,1,1986,0,0,0,0,0,0,0,0,0,0
121386,0,1,1986,0,0,0,0,0,0,0,0,0,0
121386,1,1,1986,0,0,0,2,0,0,0,0,0,0
121387,1,1,1986,0,0,0,0,0,0,0,0,0,0
121387,2,1,1986,0,0,0,0,0,0,0,0,0,0
121388,0,1,1986,0,0,0,0,0,0,0,0,0,0
121388,1,1,1986,0,0,0,0,0,0,0,0,0,0
121389,2,1,1986,9,0,0,0,0,0,0,0,0,0
121390,1,1,1986,0,0,0,0,0,0,0,11,0,0
121390,2,1,1986,0,0,0,0,0,8,5,0,0,0
121391,1,1,1986,0,0,0,0,0,0,0,0,0,22
121392,0,1,1986,24,24,24,24,24,24,24,24,24,24
121392,1,1,1986,0,13,0,0,25,25,19,17,0,22
121394,1,1,1986,15,26,4,22,20,18,36,25,20,16
121395,0,1,1986,27,27,27,27,27,27,27,27,27,27
121395,1,1,1986,0,0,0,0,0,0,0,0,0,0
121396,1,1,1986,17,17,17,17,17,17,17,17,17,17
121398,0,1,1986,8,18,17,0,32,0,0,15,26,37
121398,1,1,1986,9,9,9,9,9,9,9,9,9,9
121400,0,1,1986,24,24,24,24,24,24,24,24,24,24
121400,1,1,1986,18,0,33,0,22,14,25,17,22,3
121401,0,1,1986,0,0,0,0,0,0,0,0,0,0
121401,1,1,1986,0,8,0,7,16,7,0,18,7,0
121402,1,1,1986,0,0,0,0,0,0,0,0,0,0
121402,2,1,1986,0,0,0,0,0,0,22,0,0,0
121403,1,1,1986,6,11,19,0,0,0,0,0,0,0
121403,2,1,1986,0,0,0,0,12,0,0,0,0,0
121404,1,1,1986,0,0,0,0,0,0,0,0,0,0
121404,2,1,1986,0,0,0,0,0,0,0,0,0,0
121405,0,1,1986,0,0,0,0,0,0,0,0,0,0
121405,1,1,1986,19,19,19,19,19,19,19,19,19,19
121406,0,1,1986,20,20,20,20,20,20,20,20,20,20
121406,1,1,1986,20,20,20,20,20,20,20,20,20,20
121407,0,1,1986,0,0,0,0,0,0,0,0,0,0
121407,1,1,1986,0,0,15,0,0,0,0,0,0,0
121408,1,1,1986,21,21,21,21,21,21,21,21,21,21
121409,0,1,1986,0,26,0,0,0,0,0,0,10,22
121409,1,1,1986,25,12,9,15,5,0,8,9,8,13
121410,0,1,1986,14,14,14,14,14,14,14,14,14,14
121410,1,1,1986,0,0,9,0,0,0,0,0,0,0
121411,1,1,1986,11,11,11,11,11,11,11,11,11,11
121412,0,1,1986,0,17,0,0,0,0,0,0,0,0
121412,0,2,1986,20,0,0,0,15,0,0,0,0,12
121412,1,1,1986,21,21,21,21,21,21,21,21,21,21
121413,1,1,1986,0,0,0,0,0,0,0,0,0,0
121414,1,1,1986,0,8,10,3,27,3,6,20,29,10
121414,2,1,1986,0,12,0,0,0,0,0,0,0,0
121415,1,1,1986,14,14,14,14,14,14,14,14,14,14
121416,1,1,1986,26,26,26,26,26,26,26,26,26,26
121417,1,1,1986,0,0,0,0,0,0,0,0,0,0
121417,2,1,1986,0,0,0,0,0,0,0,0,0,0
121418,1,1,1986,0,0,0,0,0,0,0,11,0,0
121418,2,1,1986,0,0,0,0,0,0,0,0,0,0
121419,0,1,1986,0,0,0,0,0,0,0,0,0,0
121419,1,1,1986,26,5,0,10,16,0,13,0,1,23
121420,1,1,1986,21,21,21,21,21,21,21,21,21,21
121420,2,1,1986,0,0,0,0,0,0,16,0,0,19
121421,0,1,1986,0,0,0,0,0,0,0,0,0,0
121421,1,1,1986,8,0,0,0,0,0,0,0,0,0
121422,0,1,1986,0,0,0,0,0,0,0,0,0,0
121422,1,1,1986,0,0,0,0,0,0,0,0,0,0
121423,1,1,1986,0,21,13,11,27,11,14,13,14,12
121424,0,1,1986,0,0,0,0,0,0,0,0,0,0
121425,1,1,1986,0,0,0,0,0,0,0,0,0,0
121425,2,1,1986,0,0,0,0,0,0,0,0,0,0
121426,0,1,1986,23,23,23,23,23,23,23,23,23,23
121426,1,1,1986,0,0,0,0,0,0,0,0,0,0
121427,1,1,1986,0,0,0,0,0,0,0,0,0,0
121427,2,1,1986,0,0,0,0,0,0,0,0,0,0
121427,3,1,1986,0,0,0,0,0,0,0,0,0,0
121427,4,1,1986,0,0,0,0,0,0,0,0,0,0
121428,1,1,1986,11,11,11,11,11,11,11,11,11,11
121429,1,1,1986,28,28,28,28,28,28,28,28,28,28
121430,1,1,1986,20,20,20,20,20,20,20,20,20,20
121430,2,1,1986,0,0,0,0,0,0,0,0,0,0
121431,1,1,1986,14,14,14,14,14,14,14,14,14,14
121431,2,1,1986,0,0,0,0,0,0,0,0,0,0
121431,3,1,1986,0,0,0,0,0,0,0,0,0,11
121432,1,1,1986,17,17,17,17,17,17,17,17,17,17
121433,0,1,1986,5,5,5,5,5,5,5,5,5,5
121433,1,1,1986,14,19,9,5,0,8,45,19,7,19
121434,1,1,1986,0,0,0,0,0,0,0,0,0,0
121434,2,1,1986,0,0,0,0,0,0,0,0,0,0
121434,3,1,1986,0,0,0,0,0,0,0,0,0,0
121434,4,1,1986,0,0,0,0,0,0,0,0,0,0
121434,5,1,1986,8,8,8,8,8,8,8,8,8,8
121435,1,1,1986,0,14,0,13,0,0,26,0,0,6
121436,1,1,1986,18,25,6,17,22,25,9,29,0,6
121436,2,1,1986,0,0,0,0,0,0,0,0,0,0
121438,0,1,1986,0,0,0,0,0,0,0,0,0,0
121438,1,1,1986,0,0,0,0,0,0,0,0,0,0
121439,0,1,1986,0,0,0,0,0,0,0,0,0,0
121439,1,1,1986,10,0,0,24,0,19,0,0,30,24
121441,1,1,1986,0,0,0,0,0,0,20,0,0,0
121442,0,1,1986,0,0,0,0,0,0,0,0,0,0
121442,1,1,1986,17,7,19,26,0,7,11,12,4,15
121443,0,1,1986,0,0,31,5,0,0,0,0,0,0
121443,1,1,1986,19,8,0,11,2,0,14,0,19,0
121444,1,1,1986,16,16,16,16,16,16,16,16,16,16