ST_CASE,VEH_NO,PER_NO,YEAR,P1,P2,P3,P4,P5,P6,P7,P8,P9,P10
121444,2,1,1986,0,0,0,5,0,0,0,0,0,0
121445,1,1,1986,0,0,0,0,0,0,0,0,0,0
121446,0,1,1986,21,21,21,21,21,21,21,21,21,21
121446,1,1,1986,12,12,12,12,12,12,12,12,12,12
121447,1,1,1986,0,0,0,0,0,0,0,0,0,0
121447,2,1,1986,0,0,0,0,0,0,0,0,0,0
121448,1,1,1986,28,28,28,28,28,28,28,28,28,28
121448,2,1,1986,0,0,0,0,0,0,0,0,0,0
121449,1,1,1986,8,14,0,0,11,20,17,11,7,23
121449,2,1,1986,16,27,0,0,0,20,4,0,13,0
121450,1,1,1986,7,7,7,7,7,7,7,7,7,7
121450,2,1,1986,6,6,6,6,6,6,6,6,6,6
121451,0,1,1986,17,12,9,4,21,0,12,13,15,0
121451,1,1,1986,0,0,0,0,0,0,0,0,0,0
121452,1,1,1986,4,4,4,4,4,4,4,4,4,4
121453,1,1,1986,17,15,27,3,0,0,12,14,11,6
121453,2,1,1986,0,0,0,0,0,0,0,0,0,0
121454,1,1,1986,32,30,30,20,26,26,10,16,36,27
121455,1,1,1986,0,0,0,0,0,0,0,0,0,0
121455,2,1,1986,0,0,0,0,0,0,0,0,0,0
121456,1,1,1986,0,0,0,0,0,0,0,0,0,0
121456,2,1,1986,0,0,0,0,0,0,0,0,0,0
121457,0,1,1986,7,7,7,7,7,7,7,7,7,7
121457,1,1,1986,0,0,0,0,13,0,0,0,0,0
121458,1,1,1986,16,16,16,16,16,16,16,16,16,16
121459,1,1,1986,11,11,11,11,11,11,11,11,11,11
121460,1,1,1986,0,0,0,0,0,0,0,0,0,0
121460,2,1,1986,0,0,0,0,0,0,0,0,0,0
121461,0,1,1986,0,0,0,0,15,0,0,0,0,11
121461,1,1,1986,0,13,6,0,0,0,0,0,0,0
121462,1,1,1986,0,0,0,0,0,0,0,0,0,9
121462,2,1,1986,0,0,0,0,0,0,0,0,0,15
121462,3,1,1986,0,0,0,0,0,0,0,0,0,0
121463,1,1,1986,0,0,0,0,0,0,0,0,0,0
121463,2,1,1986,0,0,0,0,0,0,22,0,0,0
121464,1,1,1986,0,0,10,0,0,0,0,0,0,0
121464,2,1,1986,0,0,0,0,0,0,0,0,0,0
121465,0,1,1986,22,18,10,13,16,13,21,33,63,29
121465,1,1,1986,22,7,15,0,16,22,19,13,4,9
121466,0,1,1986,0,0,0,0,0,0,0,0,0,0
121466,1,1,1986,0,0,0,0,0,0,0,0,0,0
121467,1,1,1986,0,0,0,0,0,0,0,0,0,0
121467,2,1,1986,0,0,0,0,0,0,0,0,0,0
121467,3,1,1986,0,6,0,0,0,0,0,0,0,0
121468,1,1,1986,0,0,0,0,0,0,0,0,0,0
121468,2,1,1986,0,0,0,0,0,0,0,0,0,0
121469,0,1,1986,0,0,0,0,0,0,11,0,0,0
121469,1,1,1986,0,0,0,0,0,0,0,0,0,0
121470,0,1,1986,0,0,0,0,0,0,0,0,0,0
121470,1,1,1986,0,2,0,0,0,0,0,0,0,0
121471,1,1,1986,19,19,19,19,19,19,19,19,19,19
121472,0,1,1986,0,0,0,0,0,0,0,0,0,0
121472,1,1,1986,28,23,8,12,9,18,3,24,24,8
121473,1,1,1986,0,0,0,0,0,0,0,0,0,0
121473,2,1,1986,0,0,0,0,23,0,0,19,0,0
121473,3,1,1986,0,0,0,0,0,0,0,0,0,0
121474,1,1,1986,0,10,14,0,0,6,18,6,12,0
121475,1,1,1986,10,10,10,10,10,10,10,10,10,10
121475,2,1,1986,0,0,0,0,0,0,0,0,0,0
121476,1,1,1986,17,17,17,17,17,17,17,17,17,17
121477,1,1,1986,17,17,17,17,17,17,17,17,17,17
121478,1,1,1986,0,13,13,8,7,16,11,15,16,19
121479,1,1,1986,26,26,26,26,26,26,26,26,26,26
121480,0,1,1986,15,15,15,15,15,15,15,15,15,15
121480,1,1,1986,17,0,15,12,0,6,19,17,24,14
121482,1,1,1986,13,19,15,22,11,24,24,27,45,12
121483,1,1,1986,4,0,0,0,0,0,0,0,0,8
121483,2,1,1986,0,0,0,0,0,0,0,0,0,0
121484,0,1,1986,0,0,0,0,0,0,0,0,0,0
121484,1,1,1986,0,0,0,0,0,0,0,0,0,0
121485,0,1,1986,0,0,0,0,0,0,0,0,0,0
121485,1,1,1986,0,0,0,0,0,0,0,0,4,0
121486,1,1,1986,18,10,26,32,12,0,7,5,13,20
121486,2,1,1986,3,3,3,3,3,3,3,3,3,3
121487,1,1,1986,0,0,0,0,13,0,0,0,13,0
121488,1,1,1986,28,28,28,28,28,28,28,28,28,28
121488,2,1,1986,0,0,0,0,0,0,0,0,9,0
121488,3,1,1986,0,0,0,0,0,0,0,0,0,0
121489,1,1,1986,0,0,0,0,0,0,0,0,0,0
121490,1,1,1986,0,0,0,0,0,0,0,0,0,0
121490,2,1,1986,0,0,0,0,0,0,0,0,0,0
121491,1,1,1986,0,0,0,0,0,0,0,0,0,0
121491,2,1,1986,0,0,0,0,0,0,0,0,0,0
121492,0,1,1986,0,0,0,0,0,0,0,0,0,0
121492,1,1,1986,0,0,0,3,0,0,0,0,0,0
121493,0,1,1986,4,4,4,4,4,4,4,4,4,4
121493,1,1,1986,0,0,0,0,0,0,0,0,0,0
121494,0,1,1986,32,32,32,32,32,32,32,32,32,32
121494,0,2,1986,0,0,0,0,0,0,0,0,0,0
121494,1,1,1986,0,0,0,0,0,0,25,0,0,6
121495,1,1,1986,25,25,25,25,25,25,25,25,25,25
121496,1,1,1986,0,0,0,0,0,0,0,0,0,0
121496,2,1,1986,0,0,0,0,0,0,0,0,0,0
121497,1,1,1986,13,0,21,0,2,20,14,20,3,0
121498,1,1,1986,6,6,6,6,6,6,6,6,6,6
121499,1,1,1986,9,9,9,9,9,9,9,9,9,9
121499,2,1,1986,4,4,4,4,4,4,4,4,4,4
121500,1,1,1986,29,29,29,29,29,29,29,29,29,29
121500,2,1,1986,0,0,0,0,8,0,0,0,0,0
121501,1,1,1986,0,0,0,0,0,0,0,0,0,0
121502,1,1,1986,0,0,0,0,0,0,0,0,0,0
121503,1,1,1986,7,7,7,7,7,7,7,7,7,7
121504,0,1,1986,44,44,44,44,44,44,44,44,44,44
121504,1,1,1986,0,0,0,0,0,0,0,0,0,0
121506,1,1,1986,19,19,19,19,19,19,19,19,19,19
121506,2,1,1986,0,0,0,0,0,0,11,0,0,0
121507,0,1,1986,26,26,26,26,26,26,26,26,26,26
121507,1,1,1986,0,0,9,0,0,0,0,0,0,0
121508,1,1,1986,0,0,0,0,0,0,0,0,0,0
121508,2,1,1986,0,0,0,0,0,0,0,0,0,0
121509,1,1,1986,12,12,12,12,12,12,12,12,12,12
121509,2,1,1986,0,0,0,0,0,0,0,0,0,0
121509,3,1,1986,0,0,28,0,0,0,0,0,0,0
121512,0,1,1986,2,2,2,2,2,2,2,2,2,2
121512,1,1,1986,0,0,0,0,0,6,0,0,0,0
121513,1,1,1986,21,21,21,21,21,21,21,21,21,21
121513,2,1,1986,0,0,0,8,0,0,4,0,0,0
121515,0,1,1986,18,18,18,18,18,18,18,18,18,18
121515,1,1,1986,20,20,20,20,20,20,20,20,20,20
121516,1,1,1986,26,26,26,26,26,26,26,26,26,26
121517,0,1,1986,26,14,0,17,16,21,30,35,13,31
121517,1,1,1986,13,6,11,24,17,14,0,15,21,10
121518,1,1,1986,0,0,0,0,0,20,0,0,0,0
121518,2,1,1986,0,0,0,0,0,0,0,0,0,0
121518,3,1,1986,23,30,10,12,19,12,17,17,23,29
121519,1,1,1986,0,0,0,0,0,0,0,0,0,0
121519,2,1,1986,0,0,0,0,0,0,0,0,0,0
121520,1,1,1986,0,0,0,0,0,0,0,0,0,0
121520,2,1,1986,8,0,0,17,0,9,5,23,0,4
121521,1,1,1986,0,0,0,0,0,0,0,0,0,0
121521,2,1,1986,7,7,7,7,7,7,7,7,7,7
121522,0,1,1986,0,14,20,0,13,0,0,0,23,18
121522,1,1,1986,0,0,0,0,0,0,0,0,0,0
121523,1,1,1986,0,0,0,0,0,19,0,0,0,0
121524,1,1,1986,0,0,0,0,0,0,0,0,0,0
121524,2,1,1986,0,0,0,0,0,0,0,0,0,0
121525,1,1,1986,15,18,0,4,23,19,19,25,14,10
121526,1,1,1986,15,15,15,15,15,15,15,15,15,15
121526,2,1,1986,23,23,23,23,23,23,23,23,23,23
121527,1,1,1986,0,0,0,0,0,0,0,0,0,0
121527,2,1,1986,0,0,0,0,0,0,0,0,0,0
121528,0,1,1986,0,6,0,7,15,14,0,3,0,10
121528,1,1,1986,0,0,0,0,0,0,0,0,0,0
121529,0,1,1986,10,10,10,10,10,10,10,10,10,10
121529,1,1,1986,16,28,22,10,43,16,16,0,7,23
121530,0,1,1986,0,0,0,0,0,0,0,0,0,15
121530,1,1,1986,0,0,0,0,0,0,0,0,0,0
121531,1,1,1986,13,13,13,13,13,13,13,13,13,13
121531,2,1,1986,0,0,0,0,0,0,0,20,0,0
121532,1,1,1986,23,23,23,23,23,23,23,23,23,23
121533,0,1,1986,16,16,16,16,16,16,16,16,16,16
121533,1,1,1986,0,0,16,3,0,16,40,0,14,43
121534,1,1,1986,9,10,24,22,5,21,14,12,14,13
121534,2,1,1986,0,0,8,19,22,12,0,19,20,3
121535,1,1,1986,0,0,0,0,0,0,0,0,0,0
121535,2,1,1986,0,0,0,0,0,0,0,0,0,0
121536,1,1,1986,7,15,0,0,0,22,2,8,10,0
121536,2,1,1986,0,0,0,12,0,0,0,0,0,0
121537,1,1,1986,14,19,24,19,16,7,12,5,15,17
121538,1,1,1986,0,0,0,0,0,0,0,0,0,0
121538,2,1,1986,0,0,0,0,0,0,0,13,12,0
121539,1,1,1986,0,0,0,0,0,0,0,0,0,0
121540,1,1,1986,13,13,13,13,13,13,13,13,13,13
121541,1,1,1986,0,0,0,0,0,0,0,0,0,0
121542,1,1,1986,16,16,16,16,16,16,16,16,16,16
121542,2,1,1986,0,0,0,0,0,0,0,0,0,0
121543,1,1,1986,22,22,22,22,22,22,22,22,22,22
121543,2,1,1986,3,0,0,0,0,0,0,0,0,0
121543,3,1,1986,0,0,0,0,0,0,0,0,0,0
121544,0,1,1986,0,0,0,0,0,0,0,0,0,0
121544,1,1,1986,0,0,0,0,0,0,0,0,0,0
121545,1,1,1986,25,26,11,10,8,14,21,8,10,32
121546,1,1,1986,0,0,0,0,0,0,0,0,0,0
121546,2,1,1986,0,0,0,0,0,0,0,0,0,0
121547,1,1,1986,0,0,0,0,0,0,0,0,0,0
121548,1,1,1986,8,8,8,8,8,8,8,8,8,8
121548,2,1,1986,17,17,17,17,17,17,17,17,17,17
121549,1,1,1986,0,0,0,0,0,0,0,0,9,0
121549,2,1,1986,0,0,0,0,15,0,0,0,0,0
121550,0,1,1986,14,0,0,0,0,0,0,8,0,0
121550,1,1,1986,0,0,0,0,0,0,16,0,0,14
121551,1,1,1986,0,0,0,0,0,0,0,0,0,0
121552,1,1,1986,0,0,0,0,0,0,0,0,0,0
121552,2,1,1986,0,0,0,0,0,0,6,0,0,0
121553,1,1,1986,12,3,13,20,23,9,12,19,21,13
121553,2,1,1986,11,11,11,11,11,11,11,11,11,11
121554,1,1,1986,18,4,11,22,21,0,7,11,10,22
121554,2,1,1986,0,0,0,0,0,0,0,0,8,0
121554,3,1,1986,6,26,35,12,10,10,25,14,19,0
121555,1,1,1986,0,0,0,0,0,0,0,0,0,0
121555,2,1,1986,8,0,0,0,0,0,0,0,0,0
121556,1,1,1986,16,16,16,16,16,16,16,16,16,16
121556,2,1,1986,3,20,20,17,17,16,12,27,26,27
121557,1,1,1986,17,17,17,17,17,17,17,17,17,17
121558,0,1,1986,36,36,36,36,36,36,36,36,36,36
121558,1,1,1986,0,0,0,0,0,0,0,0,0,0
121559,1,1,1986,24,24,24,24,24,24,24,24,24,24
121559,2,1,1986,0,10,0,0,0,0,0,0,0,0
121560,1,1,1986,0,0,0,0,0,0,0,0,0,0
121560,2,1,1986,0,0,0,0,0,0,0,0,0,0
121560,3,1,1986,0,0,0,0,0,0,0,7,0,0
121561,1,1,1986,10,10,10,10,10,10,10,10,10,10
121561,2,1,1986,0,0,0,0,0,0,0,0,0,0
121562,0,1,1986,0,0,0,0,0,0,0,0,0,0
121562,1,1,1986,0,0,0,0,0,0,7,0,0,0
121563,1,1,1986,0,0,0,0,0,13,0,0,0,0
121564,1,1,1986,3,3,3,3,3,3,3,3,3,3
121564,2,1,1986,0,0,0,0,0,29,0,0,0,0
121565,0,1,1986,26,26,26,26,26,26,26,26,26,26
121565,1,1,1986,0,0,0,0,0,0,0,0,0,0
121566,1,1,1986,22,22,22,22,22,22,22,22,22,22
121568,1,1,1986,16,16,16,16,16,16,16,16,16,16
121568,2,1,1986,0,0,0,0,0,0,0,0,0,0
121568,3,1,1986,15,0,0,3,0,0,0,0,0,0
121571,1,1,1986,10,10,10,10,10,10,10,10,10,10
121572,0,1,1986,14,14,14,14,14,14,14,14,14,14
121572,1,1,1986,7,0,0,0,0,0,0,0,0,0
121574,1,1,1986,5,5,5,5,5,5,5,5,5,5
121575,0,1,1986,0,12,0,0,0,0,0,0,0,20
121575,0,2,1986,15,0,0,19,0,0,10,12,18,39
121575,1,1,1986,0,0,0,0,0,0,0,0,0,0
121576,1,1,1986,11,11,11,11,11,11,11,11,11,11
121576,2,1,1986,0,11,0,0,0,0,0,5,0,0
121577,1,1,1986,20,20,20,20,20,20,20,20,20,20
121578,0,1,1986,9,8,26,16,32,15,0,33,16,11
121578,1,1,1986,14,21,11,9,15,14,13,26,14,25
121579,0,1,1986,16,16,16,16,16,16,16,16,16,16
121579,1,1,1986,6,6,6,6,6,6,6,6,6,6
121580,0,1,1986,0,0,0,0,0,0,0,0,0,0
121580,1,1,1986,0,0,0,0,0,25,0,0,0,0
121581,1,1,1986,10,10,10,10,10,10,10,10,10,10
121581,2,1,1986,0,0,0,0,0,0,0,0,0,0
121581,3,1,1986,0,0,0,0,0,0,0,0,0,0
121582,1,1,1986,0,0,0,0,0,0,0,0,0,0
121582,2,1,1986,0,0,0,0,0,0,0,0,0,0
121583,1,1,1986,0,0,0,0,0,0,0,0,0,0
121583,2,1,1986,0,0,0,15,0,0,0,0,0,0
121584,0,1,1986,0,0,0,0,17,0,0,0,0,0
121584,2,1,1986,0,0,0,0,14,0,0,0,3,0
121585,1,1,1986,47,27,15,22,19,8,39,16,29,15
121586,0,1,1986,0,0,0,0,0,0,0,0,0,0
121586,1,1,1986,0,0,0,0,0,0,0,0,0,0
121587,1,1,1986,0,0,0,0,0,0,0,0,0,0
121587,2,1,1986,0,0,0,0,0,0,0,0,0,0
121588,0,1,1986,0,0,0,0,0,0,0,0,0,0
121588,1,1,1986,0,0,0,0,0,0,0,0,0,0
121589,1,1,1986,18,18,18,18,18,18,18,18,18,18
121589,2,1,1986,0,0,0,0,0,0,0,0,0,0
121590,1,1,1986,0,0,0,0,0,0,0,0,0,0
121590,2,1,1986,0,0,0,0,0,0,0,0,0,0
121590,3,1,1986,0,0,0,0,0,0,0,10,0,0
121593,0,1,1986,0,6,0,0,21,0,19,0,0,0
121593,0,2,1986,5,0,0,25,0,0,0,26,0,0
121593,1,1,1986,6,19,20,13,19,18,10,3,18,19
121594,0,1,1986,0,0,16,0,14,12,0,21,0,36
121594,0,2,1986,3,0,0,0,0,0,0,0,0,11
121594,0,3,1986,0,0,0,0,0,0,11,0,21,12
121594,1,1,1986,16,16,16,16,16,16,16,16,16,16
121595,0,1,1986,14,14,14,14,14,14,14,14,14,14
121595,1,1,1986,0,0,0,0,0,0,9,0,0,0
121596,1,1,1986,0,20,0,0,12,22,0,0,0,0
121597,1,1,1986,0,0,0,0,0,0,0,0,0,3
121597,2,1,1986,0,0,0,0,0,0,0,0,0,0
121598,1,1,1986,16,16,16,16,16,16,16,16,16,16
121598,2,1,1986,9,9,9,9,9,9,9,9,9,9
121599,1,1,1986,3,3,3,3,3,3,3,3,3,3
121600,1,1,1986,0,0,0,0,0,0,0,0,0,0
121601,1,1,1986,10,10,10,10,10,10,10,10,10,10
121602,1,1,1986,0,0,0,0,0,0,0,0,0,0
121602,2,1,1986,16,2,0,22,13,6,22,4,14,0
121602,3,1,1986,0,0,0,0,0,0,0,0,0,0
121603,1,1,1986,4,4,4,4,4,4,4,4,4,4
121603,2,1,1986,9,0,0,0,0,6,0,0,0,0
121604,0,1,1986,13,13,13,13,13,13,13,13,13,13
121604,1,1,1986,22,0,11,9,7,23,0,5,8,16
121605,0,1,1986,0,0,0,0,0,0,0,0,0,0
121605,1,1,1986,0,0,0,0,0,0,0,0,0,0
121606,1,1,1986,0,0,0,0,0,0,0,0,0,11
121607,1,1,1986,23,23,23,23,23,23,23,23,23,23
121608,1,1,1986,12,12,12,12,12,12,12,12,12,12
121610,1,1,1986,1,1,1,1,1,1,1,1,1,1
121610,2,1,1986,0,0,0,0,0,0,0,0,0,0
121611,1,1,1986,10,0,0,5,8,9,10,11,13,5
121613,1,1,1986,0,0,0,0,0,0,0,0,0,0
121613,2,1,1986,0,0,0,0,0,0,0,0,0,0
121614,1,1,1986,13,13,13,13,13,13,13,13,13,13
121614,2,1,1986,0,0,0,3,0,0,0,0,0,0
121615,1,1,1986,0,0,0,0,0,0,0,0,0,0
121615,2,1,1986,0,0,0,0,0,0,0,0,0,0
121615,3,1,1986,0,0,0,0,0,0,0,0,0,0
121616,0,1,1986,0,0,0,15,24,16,10,0,12,13
121616,1,1,1986,0,0,0,0,0,0,12,11,0,16
121617,0,1,1986,25,25,25,25,25,25,25,25,25,25
121617,1,1,1986,15,15,15,15,15,15,15,15,15,15
121618,1,1,1986,0,0,0,0,0,0,0,8,0,0
121619,1,1,1986,19,19,19,19,19,19,19,19,19,19
121619,2,1,1986,0,0,0,0,0,0,0,0,0,0
121619,3,1,1986,2,0,0,0,0,0,0,0,0,6
121620,0,1,1986,0,0,0,0,29,0,8,17,0,15
121620,0,2,1986,0,0,0,0,0,0,0,0,0,0
121620,1,1,1986,15,15,15,15,15,15,15,15,15,15
121621,0,1,1986,0,0,0,0,0,0,0,0,0,0
121621,1,1,1986,0,0,0,0,0,0,0,0,0,0
121622,1,1,1986,0,0,0,0,0,0,0,0,0,0
121622,2,1,1986,0,0,0,0,0,0,0,0,0,0
121623,1,1,1986,6,6,6,6,6,6,6,6,6,6
121625,0,1,1986,0,0,0,0,0,0,0,0,0,0
121625,0,2,1986,0,0,0,0,0,0,0,0,0,0
121625,0,3,1986,0,0,0,0,0,0,0,0,0,0
121625,1,1,1986,6,12,0,7,5,0,9,0,0,12
121626,0,1,1986,8,0,0,0,0,0,34,0,0,0
121626,1,1,1986,23,26,17,12,12,9,10,23,18,31
121627,0,1,1986,0,0,0,0,0,0,0,0,0,0
121627,1,1,1986,0,0,0,0,0,0,0,0,0,0
121628,1,1,1986,21,17,13,13,13,15,14,10,0,10
121629,1,1,1986,23,23,23,23,23,23,23,23,23,23
121629,2,1,1986,0,0,0,0,0,0,0,0,0,0
121629,3,1,1986,0,0,0,0,0,0,0,0,0,0
121630,0,1,1986,0,0,12,0,13,0,22,0,36,0
121630,1,1,1986,0,0,0,0,0,0,0,0,0,0
121631,1,1,1986,0,0,0,0,0,0,0,0,0,0
121631,2,1,1986,0,0,0,0,0,0,0,0,0,0
121632,1,1,1986,16,16,16,16,16,16,16,16,16,16
121633,1,1,1986,0,0,3,0,0,0,12,0,0,0
121633,2,1,1986,0,0,0,0,8,0,0,0,0,0
121634,1,1,1986,20,20,20,20,20,20,20,20,20,20
121635,1,1,1986,0,0,0,0,0,0,0,0,0,0
121636,0,1,1986,15,0,12,37,0,17,0,0,18,0
121636,1,1,1986,0,0,0,0,0,0,0,0,0,0
121637,1,1,1986,15,15,15,15,15,15,15,15,15,15
121637,2,1,1986,3,0,0,0,0,0,0,0,14,0
121638,1,1,1986,7,23,13,24,14,7,26,18,13,15
121638,2,1,1986,0,0,0,0,0,0,0,0,0,0
121639,0,1,1986,32,32,32,32,32,32,32,32,32,32
121639,1,1,1986,0,19,10,0,0,0,17,0,0,0
121640,1,1,1986,0,0,0,0,0,0,0,0,12,0
121640,2,1,1986,0,0,0,13,0,0,11,0,0,11
121641,1,1,1986,2,2,2,2,2,2,2,2,2,2
121641,2,1,1986,0,0,0,0,0,0,0,0,0,0
121642,0,1,1986,20,0,26,0,12,0,0,15,0,15
121642,0,2,1986,14,14,14,14,14,14,14,14,14,14
121642,1,1,1986,9,9,9,9,9,9,9,9,9,9
121643,0,1,1986,24,24,24,24,24,24,24,24,24,24
121643,1,1,1986,0,0,0,6,0,0,2,0,0,0
121643,2,1,1986,21,0,0,0,0,0,0,0,0,0
121643,3,1,1986,27,0,0,17,11,21,0,0,18,11
121644,0,1,1986,0,0,0,0,0,0,0,0,0,0
121644,0,2,1986,0,7,10,14,0,11,26,18,25,21
121644,1,1,1986,16,16,16,16,16,16,16,16,16,16
121645,1,1,1986,12,12,12,12,12,12,12,12,12,12
121646,1,1,1986,31,31,31,31,31,31,31,31,31,31
121647,0,1,1986,10,10,10,10,10,10,10,10,10,10
121647,0,2,1986,27,27,27,27,27,27,27,27,27,27
121647,1,1,1986,0,0,0,0,0,0,0,0,0,0
121648,1,1,1986,0,0,19,27,0,7,0,0,0,3
121648,2,1,1986,0,27,0,0,0,0,0,0,0,0
121649,0,1,1986,0,0,0,0,0,0,0,0,0,0
121649,1,1,1986,0,0,0,0,0,0,0,0,0,0
121650,1,1,1986,16,16,16,16,16,16,16,16,16,16
121651,0,1,1986,21,0,0,0,0,0,13,0,0,0
121651,1,1,1986,0,0,0,0,0,0,0,0,0,0
121651,2,1,1986,0,0,0,0,0,0,0,0,0,0
121652,1,1,1986,0,0,0,0,0,0,0,0,0,0
121653,1,1,1986,0,0,0,0,0,0,0,0,0,0
121653,2,1,1986,0,0,0,0,17,0,0,0,0,0
121653,3,1,1986,0,0,0,0,0,0,0,19,0,0
121654,1,1,1986,12,0,0,21,11,15,13,0,0,0
121655,0,1,1986,0,0,0,0,0,0,0,0,0,0
121655,1,1,1986,0,0,0,0,0,0,0,18,0,0
121656,1,1,1986,28,28,28,28,28,28,28,28,28,28
121657,1,1,1986,14,14,14,14,14,14,14,14,14,14
121658,1,1,1986,21,25,7,27,22,9,11,14,35,23
121659,1,1,1986,23,10,0,9,19,0,0,0,0,10
121660,1,1,1986,0,0,0,0,0,0,0,0,0,0
121661,1,1,1986,20,20,20,20,20,20,20,20,20,20
121661,2,1,1986,26,26,26,26,26,26,26,26,26,26
121662,0,1,1986,25,25,25,25,25,25,25,25,25,25
121662,1,1,1986,0,0,0,0,0,0,0,0,0,0
121663,0,1,1986,16,16,16,16,16,16,16,16,16,16
121663,1,1,1986,0,0,0,0,0,0,0,0,0,0
121664,1,1,1986,5,5,5,5,5,5,5,5,5,5
121665,1,1,1986,0,0,0,0,0,0,0,0,0,0
121665,2,1,1986,0,0,0,17,0,0,0,0,0,0
121666,1,1,1986,0,0,0,0,0,0,0,0,0,0
121666,2,1,1986,0,0,0,0,0,0,0,0,0,0
121667,1,1,1986,0,0,0,0,0,0,0,0,0,0
121667,2,1,1986,0,0,0,0,0,0,0,0,0,0
121669,1,1,1986,14,0,0,0,0,0,0,0,0,0
121669,2,1,1986,0,0,0,0,0,0,0,0,0,0
121670,1,1,1986,8,8,8,8,8,8,8,8,8,8
121671,1,1,1986,0,0,0,0,0,0,0,0,0,0
121671,2,1,1986,0,0,0,0,0,0,0,0,0,0
121672,1,1,1986,28,28,28,28,28,28,28,28,28,28
121673,1,1,1986,16,16,16,16,16,16,16,16,16,16
121674,1,1,1986,16,16,16,16,16,16,16,16,16,16
121675,0,1,1986,8,8,8,8,8,8,8,8,8,8
121675,1,1,1986,19,19,19,19,19,19,19,19,19,19
121676,1,1,1986,25,25,25,25,25,25,25,25,25,25
121677,0,1,1986,0,0,0,0,0,0,0,0,0,0
121677,1,1,1986,0,0,0,0,0,0,0,0,0,0
121678,1,1,1986,15,15,15,15,15,15,15,15,15,15
121679,1,1,1986,22,22,22,22,22,22,22,22,22,22
121679,2,1,1986,0,0,0,0,0,0,0,0,0,0
121679,3,1,1986,0,0,0,0,0,0,0,11,22,20
121680,1,1,1986,0,0,0,0,19,0,0,0,0,0
121680,2,1,1986,0,0,0,0,0,0,0,0,0,0
121681,1,1,1986,0,0,0,0,0,0,0,0,0,0
121681,2,1,1986,18,18,18,18,18,18,18,18,18,18
121683,1,1,1986,9,9,9,9,9,9,9,9,9,9
121683,2,1,1986,0,0,0,0,0,0,0,0,7,0
121684,0,1,1986,3,3,3,3,3,3,3,3,3,3
121684,1,1,1986,11,0,9,0,21,0,19,0,24,11
121685,1,1,1986,0,0,0,0,0,50,0,0,0,0
121685,2,1,1986,0,0,0,0,0,0,0,0,0,3
121686,1,1,1986,0,20,0,0,0,0,0,0,0,0
121686,2,1,1986,0,0,0,0,0,7,0,0,0,0
121687,1,1,1986,0,0,0,0,0,0,0,0,0,0
121687,2,1,1986,0,0,0,0,0,0,0,0,0,0
121688,1,1,1986,0,0,0,0,0,0,0,0,0,0
121688,2,1,1986,0,0,0,0,0,0,0,0,0,0
121688,3,1,1986,0,0,0,0,0,0,0,0,0,0
121689,1,1,1986,6,6,6,6,6,6,6,6,6,6
121689,2,1,1986,0,0,0,0,0,0,0,0,0,0
121690,1,1,1986,22,18,9,7,20,12,12,27,27,9
121691,1,1,1986,0,0,0,0,0,0,0,0,0,0
121691,2,1,1986,0,0,0,0,0,0,0,0,0,0
121692,0,1,1986,0,6,15,14,20,56,27,34,3,33
121692,1,1,1986,17,7,15,10,24,9,0,0,14,12
121693,0,1,1986,0,0,0,0,0,0,0,0,0,0
121693,1,1,1986,0,0,0,0,3,0,0,0,0,0
121694,0,1,1986,10,10,10,10,10,10,10,10,10,10
121694,1,1,1986,0,0,0,0,0,0,0,0,0,0
121695,1,1,1986,0,0,0,0,0,0,0,0,0,0
121696,1,1,1986,0,0,0,0,0,0,0,0,0,0
121696,2,1,1986,13,6,0,8,20,0,13,0,13,17
121697,1,1,1986,1,1,1,1,1,1,1,1,1,1
121697,2,1,1986,0,0,0,0,0,0,0,0,0,0
121698,1,1,1986,2,2,2,2,2,2,2,2,2,2
121699,0,1,1986,0,0,10,0,0,0,0,0,0,0
121699,1,1,1986,0,0,0,0,0,0,0,0,0,0
121700,1,1,1986,0,0,0,0,0,0,0,0,0,0
121700,2,1,1986,0,0,0,18,0,0,0,0,0,0
121702,1,1,1986,25,27,18,31,22,9,31,31,14,25
121703,0,1,1986,30,30,30,30,30,30,30,30,30,30
121703,1,1,1986,0,12,0,0,0,0,0,0,16,0
121703,2,1,1986,0,0,0,0,0,19,0,0,0,0
121704,1,1,1986,2,2,2,2,2,2,2,2,2,2
121705,1,1,1986,14,0,0,0,0,0,0,9,0,0
121705,2,1,1986,23,10,0,0,0,0,23,12,10,23
121706,1,1,1986,0,0,0,0,0,0,0,0,0,0
121706,2,1,1986,0,0,0,0,0,0,0,0,0,0
121707,1,1,1986,0,0,0,0,0,0,0,0,22,0
121707,2,1,1986,0,14,21,0,0,0,0,8,0,0
121708,1,1,1986,0,0,0,0,0,0,0,0,0,0
121708,2,1,1986,0,0,0,0,0,0,0,0,0,0
121709,1,1,1986,0,0,0,0,0,0,0,0,0,0
121709,2,1,1986,0,0,12,0,0,0,0,0,0,0