ST_CASE,VEH_NO,PER_NO,YEAR,P1,P2,P3,P4,P5,P6,P7,P8,P9,P10
121710,1,1,1986,29,29,29,29,29,29,29,29,29,29
121711,1,1,1986,0,0,0,0,0,0,0,0,0,0
121711,2,1,1986,19,19,19,19,19,19,19,19,19,19
121713,1,1,1986,0,7,3,3,0,13,0,0,0,11
121714,1,1,1986,22,22,22,22,22,22,22,22,22,22
121714,2,1,1986,0,0,0,0,0,0,0,0,0,0
121715,1,1,1986,0,0,0,0,0,0,0,0,0,0
121715,2,1,1986,0,0,0,0,0,0,0,0,0,0
121717,1,1,1986,0,0,0,0,0,0,0,0,0,0
121717,2,1,1986,0,0,0,0,0,0,0,0,0,0
121718,1,1,1986,0,0,8,0,17,0,0,0,0,0
121718,2,1,1986,0,0,0,0,0,0,0,0,0,0
121719,1,1,1986,16,16,16,16,16,16,16,16,16,16
121719,2,1,1986,11,11,11,11,11,11,11,11,11,11
121720,1,1,1986,4,4,4,4,4,4,4,4,4,4
121721,1,1,1986,13,17,13,9,19,0,28,9,6,7
121721,2,1,1986,9,11,27,0,14,22,13,17,13,10
121722,1,1,1986,0,0,0,0,0,6,0,0,0,0
121722,2,1,1986,0,0,0,12,0,0,0,0,0,0
121722,3,1,1986,0,0,0,14,13,0,0,0,0,0
121723,1,1,1986,15,15,15,15,15,15,15,15,15,15
121723,2,1,1986,0,0,0,8,0,0,0,0,0,0
121724,1,1,1986,3,3,3,3,3,3,3,3,3,3
121725,1,1,1986,16,16,16,16,16,16,16,16,16,16
121726,1,1,1986,0,0,0,0,0,0,0,0,0,0
121726,2,1,1986,0,0,0,0,0,0,11,0,0,0
121726,3,1,1986,0,0,0,0,0,0,0,0,0,0
121727,1,1,1986,17,17,17,17,17,17,17,17,17,17
121727,2,1,1986,0,0,0,0,0,17,0,0,0,0
121727,3,1,1986,0,0,0,0,0,0,0,13,0,0
121728,0,1,1986,0,0,0,0,0,0,0,0,0,0
121728,1,1,1986,0,0,0,0,0,0,0,0,0,0
121729,0,1,1986,0,0,0,0,0,0,0,0,0,0
121729,1,1,1986,0,0,0,0,0,0,0,0,0,0
121730,1,1,1986,0,12,0,0,0,0,0,0,0,21
121730,2,1,1986,0,0,0,0,0,0,0,0,0,0
121731,1,1,1986,0,0,0,0,0,0,0,0,0,0
121731,2,1,1986,0,0,0,0,0,0,0,0,9,0
121732,1,1,1986,18,18,18,18,18,18,18,18,18,18
121733,1,1,1986,0,0,0,0,0,0,0,0,0,0
121733,2,1,1986,0,0,0,0,0,0,0,0,0,0
121734,0,1,1986,0,0,0,0,0,0,0,0,0,0
121734,1,1,1986,0,0,0,15,0,0,0,0,0,0
121734,2,1,1986,0,0,0,0,0,0,0,0,0,0
121735,1,1,1986,3,3,3,3,3,3,3,3,3,3
121735,2,1,1986,0,0,0,0,0,0,0,0,0,0
121736,1,1,1986,0,0,0,0,0,0,0,0,0,0
121736,2,1,1986,0,0,0,0,0,0,0,0,0,0
121737,1,1,1986,0,0,16,0,0,0,0,0,0,0
121737,2,1,1986,0,0,0,0,0,0,0,0,0,0
121739,1,1,1986,18,17,0,13,29,6,23,15,11,0
121740,1,1,1986,0,0,0,0,0,0,0,0,0,0
121740,2,1,1986,0,0,0,0,0,0,0,0,0,0
121741,1,1,1986,0,0,0,12,0,12,8,0,0,14
121741,2,1,1986,0,0,0,0,0,0,0,0,0,0
121742,0,1,1986,0,0,0,0,0,0,0,0,0,0
121742,1,1,1986,0,0,0,0,0,0,0,0,0,0
121743,0,1,1986,0,0,0,0,0,0,0,0,0,0
121743,1,1,1986,0,0,0,0,0,0,0,0,0,0
121744,1,1,1986,0,0,0,0,0,0,0,0,0,0
121745,1,1,1986,0,0,0,0,0,14,0,16,0,0
121746,1,1,1986,0,0,0,0,8,0,0,0,0,12
121746,2,1,1986,0,0,0,0,0,0,0,0,0,0
121747,1,1,1986,0,21,14,23,23,14,20,0,7,7
121748,1,1,1986,33,33,33,33,33,33,33,33,33,33
121748,2,1,1986,0,0,6,0,0,0,0,0,0,0
121750,0,1,1986,0,0,0,0,0,0,0,0,0,0
121750,1,1,1986,10,10,10,10,10,10,10,10,10,10
121751,2,1,1986,0,0,0,0,0,0,0,10,0,0
121752,1,1,1986,4,4,4,4,4,4,4,4,4,4
121752,2,1,1986,0,0,22,0,0,0,0,0,16,0
121753,1,1,1986,0,0,0,0,0,0,0,0,0,0
121753,2,1,1986,0,0,0,0,0,0,0,0,0,0
121754,1,1,1986,0,0,0,0,0,0,0,0,0,0
121754,2,1,1986,0,0,0,0,0,0,0,0,0,0
121755,1,1,1986,0,0,0,0,0,0,0,0,0,0
121755,2,1,1986,1,1,1,1,1,1,1,1,1,1
121756,1,1,1986,0,0,0,0,0,0,0,0,0,0
121756,2,1,1986,0,0,0,0,0,0,0,0,0,0
121756,3,1,1986,0,0,0,0,0,0,0,2,0,0
121756,4,1,1986,0,0,0,0,0,0,0,0,0,0
121757,1,1,1986,31,0,0,0,0,0,0,12,26,19
121757,2,1,1986,0,0,0,0,0,0,0,0,0,0
121759,1,1,1986,0,0,0,0,0,0,0,0,0,0
121760,1,1,1986,0,0,0,0,0,0,0,0,0,0
121760,2,1,1986,0,0,0,0,0,0,0,0,0,0
121761,1,1,1986,0,0,0,0,0,0,0,0,0,0
121761,2,1,1986,0,0,0,0,0,0,0,0,0,0
121762,0,4,1986,0,0,0,0,0,0,0,0,0,0
121762,0,5,1986,0,0,9,0,0,0,0,0,20,0
121762,0,6,1986,0,0,0,0,0,0,0,0,15,0
121762,1,1,1986,15,15,15,15,15,15,15,15,15,15
121763,1,1,1986,12,12,12,12,12,12,12,12,12,12
121764,1,1,1986,11,17,12,11,34,28,9,12,3,40
121765,1,1,1986,0,0,0,0,0,0,0,0,0,0
121765,2,1,1986,0,0,0,13,0,0,0,0,0,0
121766,0,1,1986,0,0,0,0,0,0,0,0,0,0
121766,1,1,1986,0,0,0,0,0,0,0,0,0,0
121767,1,1,1986,23,16,3,25,16,24,32,17,11,14
121768,1,1,1986,10,22,20,12,13,24,21,16,23,0
121769,0,1,1986,0,0,0,20,0,0,0,0,0,7
121769,0,2,1986,0,0,0,0,0,0,7,10,0,0
121769,1,1,1986,0,0,17,0,0,0,0,0,0,0
121770,1,1,1986,20,20,20,20,20,20,20,20,20,20
121771,0,1,1986,30,30,30,30,30,30,30,30,30,30
121771,1,1,1986,0,0,0,0,0,0,0,0,0,0
121772,1,1,1986,0,0,7,16,14,26,0,0,0,16
121773,0,1,1986,0,13,0,23,0,0,31,0,24,0
121773,1,1,1986,0,0,0,0,5,0,0,0,0,0
121774,1,1,1986,0,0,0,0,0,0,0,0,0,0
121774,2,1,1986,0,0,0,0,0,0,0,0,0,4
121775,1,1,1986,0,0,0,0,0,0,0,0,0,0
121775,2,1,1986,0,0,0,0,0,0,0,0,0,0
121776,1,1,1986,0,0,0,0,0,0,0,0,0,0
121776,2,1,1986,0,0,0,0,0,0,0,0,0,0
121777,0,1,1986,18,16,27,10,20,17,20,26,12,32
121777,1,1,1986,0,0,0,0,0,0,0,0,0,0
121778,0,1,1986,5,5,5,5,5,5,5,5,5,5
121778,1,1,1986,16,16,16,16,16,16,16,16,16,16
121779,1,1,1986,21,21,21,21,21,21,21,21,21,21
121781,1,1,1986,0,0,0,12,12,0,0,0,0,0
121781,2,1,1986,0,0,0,0,0,0,0,0,0,12
121781,3,1,1986,0,0,0,0,0,0,0,0,0,0
121782,1,1,1986,7,10,24,14,13,12,0,0,20,21
121782,2,1,1986,18,9,26,9,30,10,6,10,9,10
121783,1,1,1986,25,25,25,25,25,25,25,25,25,25
121783,2,1,1986,6,6,6,6,6,6,6,6,6,6
121784,1,1,1986,20,20,20,20,20,20,20,20,20,20
121785,0,1,1986,7,7,7,7,7,7,7,7,7,7
121785,0,2,1986,0,9,4,11,0,0,0,0,17,0
121785,1,1,1986,0,0,0,0,0,0,0,0,0,0
121786,1,1,1986,0,0,0,0,0,0,0,0,0,0
121786,2,1,1986,0,0,0,0,0,0,0,0,0,0
121787,0,1,1986,1,1,1,1,1,1,1,1,1,1
121787,1,1,1986,8,0,0,0,0,15,0,0,0,0
121788,1,1,1986,0,0,0,0,0,0,0,12,0,0
121788,2,1,1986,0,17,0,0,0,0,0,0,0,0
121789,0,1,1986,15,0,17,31,28,18,10,14,16,27
121789,1,1,1986,0,0,0,0,0,0,0,0,0,10
121790,0,1,1986,0,0,0,0,0,0,0,5,0,0
121790,1,1,1986,0,0,0,0,0,0,0,0,0,0
121791,1,1,1986,23,23,23,23,23,23,23,23,23,23
121791,2,1,1986,0,0,0,0,0,0,0,0,15,0
121791,3,1,1986,11,0,0,0,0,0,6,0,10,0
121792,1,1,1986,0,0,0,0,0,0,0,0,0,0
121792,2,1,1986,0,0,0,0,0,0,0,0,0,0
121793,1,1,1986,0,0,8,0,0,0,0,0,0,0
121793,2,1,1986,0,0,0,0,0,0,0,0,0,0
121794,0,1,1986,0,0,0,0,0,0,0,0,0,0
121794,1,1,1986,0,0,0,0,0,0,0,0,0,0
121795,1,1,1986,16,16,16,16,16,16,16,16,16,16
121796,1,1,1986,0,0,0,0,0,0,0,0,0,18
121796,2,1,1986,0,0,0,10,0,0,0,0,0,0
121797,1,1,1986,0,0,0,0,0,0,0,13,19,0
121797,2,1,1986,0,0,0,0,0,0,0,4,0,0
121798,0,1,1986,0,0,11,0,0,4,0,0,19,0
121798,0,2,1986,18,37,10,19,19,32,0,0,33,21
121798,1,1,1986,23,21,9,13,17,0,0,15,7,18
121799,1,1,1986,11,9,17,12,15,18,13,14,27,16
121799,2,1,1986,0,0,0,4,0,9,0,0,0,0
121800,1,1,1986,0,0,0,0,0,0,0,0,0,0
121800,2,1,1986,0,0,0,0,0,0,0,0,0,0
121801,0,1,1986,0,0,0,0,0,11,0,0,0,0
121801,1,1,1986,15,15,15,15,15,15,15,15,15,15
121802,0,1,1986,26,0,0,0,27,0,0,0,0,0
121802,1,1,1986,0,11,0,0,0,0,5,2,0,8
121803,1,1,1986,0,0,0,0,0,0,0,0,0,0
121803,2,1,1986,0,0,0,0,0,0,0,0,0,0
121804,1,1,1986,2,2,2,2,2,2,2,2,2,2
121804,2,1,1986,0,0,0,0,0,0,0,0,0,0
121804,3,1,1986,0,0,0,0,0,0,0,0,0,0
121805,0,1,1986,25,25,25,25,25,25,25,25,25,25
121805,1,1,1986,14,16,25,16,14,24,10,5,3,36
121806,1,1,1986,0,0,0,0,0,0,0,0,0,0
121807,1,1,1986,0,0,0,0,0,0,0,0,0,0
121808,1,1,1986,0,0,0,0,0,0,0,0,0,0
121808,2,1,1986,0,0,0,0,0,0,0,0,0,0
121808,3,1,1986,0,0,0,0,0,0,0,0,0,0
121809,1,1,1986,0,0,0,12,0,0,0,0,0,0
121809,2,1,1986,0,0,0,0,0,0,0,0,0,0
121810,1,1,1986,11,11,11,11,11,11,11,11,11,11
121811,0,1,1986,0,0,0,0,0,0,0,0,0,0
121811,1,1,1986,6,6,6,6,6,6,6,6,6,6
121812,1,1,1986,0,0,0,0,0,0,0,0,0,0
121813,1,1,1986,33,2,21,16,8,2,8,13,10,45
121814,1,1,1986,17,17,17,17,17,17,17,17,17,17
121814,2,1,1986,0,0,0,0,0,0,0,0,0,0
121815,1,1,1986,0,8,0,0,0,0,0,0,0,0
121815,2,1,1986,0,0,0,0,0,0,0,0,0,0
121816,0,1,1986,0,0,0,0,0,0,0,0,0,0
121816,1,1,1986,17,17,17,17,17,17,17,17,17,17
121817,1,1,1986,21,21,21,21,21,21,21,21,21,21
121817,2,1,1986,0,0,0,0,0,0,0,0,0,0
121818,0,1,1986,12,12,12,12,12,12,12,12,12,12
121818,1,1,1986,0,0,0,0,0,0,0,0,0,0
121819,1,1,1986,0,0,0,0,0,0,0,0,0,0
121819,2,1,1986,16,0,0,24,0,0,18,0,5,0
121820,0,1,1986,23,23,23,23,23,23,23,23,23,23
121820,1,1,1986,0,0,0,0,0,0,0,0,0,0
121821,1,1,1986,16,16,16,16,16,16,16,16,16,16
121822,1,1,1986,0,0,0,0,0,0,0,0,0,0
121822,2,1,1986,0,0,0,0,0,0,0,0,0,0
121823,1,1,1986,27,27,27,27,27,27,27,27,27,27
121824,1,1,1986,24,24,24,24,24,24,24,24,24,24
121825,0,1,1986,0,0,0,0,0,0,0,0,0,0
121825,1,1,1986,0,0,14,0,0,0,0,0,0,0
121826,1,1,1986,21,21,21,21,21,21,21,21,21,21
121827,1,1,1986,0,0,0,0,0,0,0,0,0,0
121827,2,1,1986,0,0,0,0,0,0,0,0,0,0
121828,1,1,1986,0,15,0,0,27,0,28,0,16,9
121829,0,1,1986,35,0,0,20,0,0,0,0,0,0
121829,1,1,1986,0,0,0,0,0,0,0,0,0,0
121830,1,1,1986,17,17,17,17,17,17,17,17,17,17
121830,2,1,1986,0,0,0,0,0,0,0,0,0,0
121831,1,1,1986,0,0,0,0,0,0,0,0,0,0
121831,2,1,1986,0,0,0,0,0,0,0,0,0,0
121832,0,1,1986,0,0,0,0,0,0,0,0,0,0
121832,1,1,1986,0,0,0,0,0,0,0,0,0,0
121833,1,1,1986,0,0,0,0,0,0,0,0,0,0
121833,2,1,1986,0,0,0,0,0,0,0,0,0,8
121834,1,1,1986,15,15,15,15,15,15,15,15,15,15
121835,1,1,1986,0,0,0,0,0,0,20,0,17,0
121835,2,1,1986,0,0,0,5,0,0,0,0,0,0
121836,0,1,1986,0,0,28,26,23,0,9,0,0,25
121836,2,1,1986,0,26,32,23,0,12,9,0,13,5
121837,1,1,1986,26,26,26,26,26,26,26,26,26,26
121838,1,1,1986,12,10,8,14,10,28,9,10,4,11
121839,1,1,1986,0,0,0,9,23,0,0,0,0,0
121840,1,1,1986,8,8,8,8,8,8,8,8,8,8
121841,1,1,1986,13,9,26,17,0,25,13,6,23,11
121841,2,1,1986,23,12,15,8,3,17,0,18,2,0
121842,0,1,1986,0,24,0,0,0,0,3,0,0,0
121842,1,1,1986,0,0,0,0,0,0,0,0,0,0
121843,1,1,1986,0,0,0,0,0,0,0,0,0,0
121843,2,1,1986,0,0,0,0,0,0,0,0,0,0
121844,1,1,1986,0,0,0,0,8,0,5,8,0,0
121845,1,1,1986,15,0,10,0,0,0,0,0,0,0
121846,1,1,1986,0,0,0,0,0,0,0,0,0,0
121847,1,1,1986,20,20,20,20,20,20,20,20,20,20
121848,1,1,1986,0,0,0,0,0,0,0,0,0,0
121849,0,1,1986,0,0,0,0,0,0,0,0,0,0
121849,0,2,1986,0,0,0,0,0,0,0,0,0,0
121849,1,1,1986,15,50,0,6,10,16,0,7,0,8
121850,0,1,1986,0,0,0,0,0,0,0,0,0,0
121850,1,1,1986,0,0,0,0,0,0,0,0,0,0
121851,0,1,1986,0,36,31,32,12,0,23,0,18,19
121851,1,1,1986,0,0,21,0,0,0,0,0,0,0
121852,1,1,1986,26,10,39,0,9,13,46,19,18,26
121853,1,1,1986,32,32,32,32,32,32,32,32,32,32
121854,0,1,1986,9,9,9,9,9,9,9,9,9,9
121854,0,2,1986,5,23,8,0,11,0,0,23,0,0
121854,1,1,1986,0,0,0,0,0,0,0,0,0,0
121855,1,1,1986,0,0,0,0,0,0,0,0,0,0
121855,2,1,1986,19,19,19,19,19,19,19,19,19,19
121856,1,1,1986,0,0,0,0,0,0,0,13,0,0
121856,2,1,1986,0,0,0,0,0,0,0,0,0,0
121857,0,1,1986,0,0,0,0,0,0,0,0,0,0
121857,0,2,1986,0,0,0,0,0,0,20,0,0,10
121857,0,3,1986,0,0,0,10,14,29,0,0,10,0
121857,1,1,1986,0,0,0,0,0,0,0,0,0,0
121858,1,1,1986,0,0,0,0,0,0,14,0,0,0
121859,0,1,1986,3,29,18,0,0,0,0,0,0,0
121859,1,1,1986,0,0,0,0,0,0,0,0,0,0
121860,0,1,1986,6,6,6,6,6,6,6,6,6,6
121860,0,2,1986,0,0,0,0,0,0,0,0,0,0
121860,1,1,1986,11,11,11,11,11,11,11,11,11,11
121861,1,1,1986,9,9,9,9,9,9,9,9,9,9
121862,1,1,1986,0,0,0,0,0,0,0,0,0,0
121862,2,1,1986,0,0,0,0,0,0,0,0,0,0
121863,1,1,1986,27,27,27,27,27,27,27,27,27,27
121864,0,1,1986,14,5,12,17,9,19,9,27,18,11
121864,1,1,1986,7,0,5,0,8,0,0,11,0,0
121865,1,1,1986,0,0,0,0,0,0,0,0,0,0
121866,1,1,1986,0,0,0,0,0,0,0,0,0,0
121867,1,1,1986,0,0,0,0,0,0,0,0,0,0
121868,1,1,1986,0,0,0,0,0,0,0,0,0,0
121868,2,1,1986,0,7,29,24,14,0,16,9,0,14
121869,1,1,1986,8,8,8,8,8,8,8,8,8,8
121870,0,1,1986,0,0,0,0,0,0,0,0,0,0
121870,1,1,1986,0,0,0,0,0,0,0,0,0,0
121871,1,1,1986,18,18,18,18,18,18,18,18,18,18
121872,1,1,1986,23,0,0,0,0,0,0,0,0,0
121872,2,1,1986,0,0,0,0,0,0,0,0,0,0
121872,3,1,1986,0,0,0,0,0,0,0,0,0,4
121873,0,1,1986,0,0,7,0,0,0,14,0,0,0
121873,1,1,1986,0,0,0,0,0,0,0,0,0,0
121874,1,1,1986,0,0,0,0,0,0,0,2,16,14
121875,1,1,1986,0,0,0,0,0,0,0,0,0,0
121875,2,1,1986,0,0,0,0,0,0,0,0,0,0
121876,1,1,1986,0,0,0,0,0,0,0,0,0,0
121877,0,1,1986,14,18,43,17,26,25,12,8,18,10
121877,1,1,1986,6,9,13,28,5,14,16,26,17,0
121878,1,1,1986,14,26,21,20,0,22,0,0,20,17
121879,1,1,1986,14,4,18,0,18,19,2,18,0,0
121879,2,1,1986,0,0,0,0,0,0,0,0,0,0
121879,3,1,1986,0,0,0,0,0,0,12,0,0,0
121880,0,1,1986,0,6,0,0,0,0,7,0,0,0
121880,1,1,1986,0,0,0,0,24,20,0,0,0,0
121881,0,1,1986,0,0,0,0,0,0,0,0,0,0
121881,1,1,1986,25,7,5,12,24,15,2,13,21,10
121881,2,1,1986,0,0,0,0,0,0,0,7,0,0
121881,3,1,1986,0,0,34,0,4,0,0,0,0,0
121882,0,1,1986,12,12,12,12,12,12,12,12,12,12
121882,1,1,1986,0,0,0,23,0,0,0,0,0,11
121883,1,1,1986,0,0,0,0,0,0,0,17,0,0
121883,2,1,1986,0,0,14,0,0,0,0,0,0,0
121884,0,1,1986,0,0,0,0,0,0,0,0,0,0
121884,1,1,1986,0,0,0,0,0,0,0,0,0,0
121885,0,1,1986,0,0,0,15,0,0,20,0,0,17
121885,1,1,1986,7,15,0,1,0,20,0,0,0,0
121886,1,1,1986,0,0,0,0,0,0,0,0,0,0
121886,2,1,1986,0,0,0,0,0,0,0,0,0,0
121887,1,1,1986,0,0,0,0,0,0,0,0,0,0
121887,2,1,1986,0,0,0,0,0,0,0,0,0,0
121888,0,1,1986,0,0,0,0,0,0,0,0,0,0
121888,1,1,1986,0,0,0,0,0,0,0,0,0,0
121889,1,1,1986,31,31,31,31,31,31,31,31,31,31
121890,0,1,1986,19,12,6,0,21,10,7,24,12,6
121890,1,1,1986,0,0,0,0,0,0,0,0,0,0
121891,1,1,1986,22,22,22,22,22,22,22,22,22,22
121892,0,1,1986,23,23,23,23,23,23,23,23,23,23
121892,1,1,1986,0,0,0,0,0,0,0,0,0,0
121893,1,1,1986,0,0,0,0,0,0,0,0,0,0
121894,0,1,1986,0,0,0,0,0,0,0,0,0,0
121894,1,1,1986,0,0,0,0,0,0,0,16,0,0
121895,1,1,1986,18,18,18,18,18,18,18,18,18,18
121897,1,1,1986,12,12,12,12,12,12,12,12,12,12
121898,1,1,1986,0,0,0,0,0,0,0,0,0,0
121898,2,1,1986,10,0,0,0,0,0,0,0,0,0
121899,0,1,1986,23,23,23,23,23,23,23,23,23,23
121899,1,1,1986,0,0,0,0,0,0,0,0,0,0
121900,1,1,1986,0,0,0,0,0,15,0,0,0,0
121901,1,1,1986,0,0,0,0,0,0,0,3,0,0
121901,2,1,1986,0,0,0,0,0,0,0,0,13,0
121902,1,1,1986,0,0,0,0,0,0,0,0,0,0
121903,1,1,1986,14,14,14,14,14,14,14,14,14,14
121903,2,1,1986,24,13,0,16,0,28,0,0,32,14
121905,1,1,1986,26,27,17,13,6,14,15,11,15,12
121906,1,1,1986,0,0,0,0,0,0,0,0,0,0
121906,2,1,1986,0,0,0,0,0,0,0,0,0,0
121907,0,1,1986,22,28,0,0,0,0,0,0,12,0
121907,1,1,1986,21,0,0,13,11,0,0,0,0,0
121908,1,1,1986,0,0,0,0,0,0,0,0,0,0
121908,2,1,1986,0,0,0,0,0,0,0,0,0,0
121908,3,1,1986,0,0,0,0,0,0,0,0,0,0
121909,0,1,1986,15,16,14,10,25,17,24,0,11,15
121909,1,1,1986,0,0,0,0,0,0,0,0,0,0
121910,0,1,1986,0,7,0,0,0,0,0,0,0,0
121910,1,1,1986,0,0,0,0,0,0,0,0,0,0
121911,0,1,1986,0,0,0,0,0,0,0,0,0,0
121911,1,1,1986,0,0,0,0,0,0,0,0,0,0
121912,0,1,1986,0,0,0,0,0,0,0,0,0,0
121912,1,1,1986,0,0,0,0,0,0,0,0,0,0
121913,1,1,1986,9,9,9,9,9,9,9,9,9,9
121914,1,1,1986,14,14,14,14,14,14,14,14,14,14
121914,2,1,1986,0,0,0,0,0,0,0,0,0,0
121915,1,1,1986,3,16,10,8,14,9,15,14,14,17
121916,0,1,1986,0,35,13,33,0,21,0,8,6,0
121916,1,1,1986,0,0,0,0,0,0,0,0,0,0
121917,0,1,1986,23,23,23,23,23,23,23,23,23,23
121917,1,1,1986,17,0,0,11,3,13,0,0,18,0
121918,0,1,1986,10,10,10,10,10,10,10,10,10,10
121918,0,2,1986,14,14,14,14,14,14,14,14,14,14
121918,1,1,1986,23,23,23,23,23,23,23,23,23,23
121919,1,1,1986,18,19,0,20,32,18,20,17,0,24
121919,2,1,1986,0,0,0,22,0,11,0,0,0,0
121920,1,1,1986,18,18,18,18,18,18,18,18,18,18
121921,1,1,1986,16,16,16,16,16,16,16,16,16,16
121922,0,1,1986,0,0,0,0,0,0,0,0,0,0
121922,1,1,1986,0,0,0,0,0,0,0,0,0,0
121923,1,1,1986,21,21,21,21,21,21,21,21,21,21
121923,2,1,1986,32,20,9,20,18,0,28,11,10,18
121924,0,1,1986,0,0,0,0,0,0,0,0,0,0
121924,1,1,1986,0,0,0,0,0,0,0,0,0,0
121925,0,1,1986,0,0,0,0,0,0,0,0,0,0
121925,1,1,1986,0,0,0,0,0,0,0,0,0,0
121926,1,1,1986,0,0,0,0,0,0,0,0,0,0
121926,2,1,1986,0,0,0,0,0,0,0,0,0,0
121927,0,1,1986,0,0,0,6,0,0,0,0,2,0
121927,1,1,1986,0,0,0,0,0,0,0,0,0,0
121928,1,1,1986,0,0,0,0,0,0,0,0,0,0
121928,2,1,1986,0,0,0,0,18,0,0,0,0,0
121929,1,1,1986,0,0,0,0,0,0,0,0,0,0
121929,2,1,1986,0,0,0,0,0,0,0,0,0,0
121930,1,1,1986,0,0,0,0,0,0,0,0,0,27
121931,1,1,1986,14,3,15,9,17,15,6,13,16,2
121931,2,1,1986,5,5,5,5,5,5,5,5,5,5
121932,1,1,1986,27,27,27,27,27,27,27,27,27,27
121932,2,1,1986,0,0,0,0,0,0,0,0,0,0
121933,1,1,1986,0,13,4,23,14,7,0,0,0,0
121933,2,1,1986,10,0,19,12,16,5,23,26,0,33
121934,0,1,1986,15,22,23,24,14,12,27,0,25,0
121934,1,1,1986,7,19,35,19,0,16,10,20,12,13
121935,1,1,1986,10,10,10,10,10,10,10,10,10,10
121936,0,1,1986,9,9,9,9,9,9,9,9,9,9
121936,1,1,1986,0,0,0,22,0,0,0,0,0,0
121937,1,1,1986,0,0,0,0,0,0,0,0,0,0
121937,2,1,1986,13,13,13,13,13,13,13,13,13,13
121938,1,1,1986,0,0,19,18,0,0,13,16,0,18
121939,1,1,1986,0,0,0,0,0,12,0,0,0,0
121939,2,1,1986,0,0,0,0,0,0,0,0,0,0
121939,3,1,1986,0,0,0,0,0,0,0,0,0,0
121940,0,1,1986,27,27,27,27,27,27,27,27,27,27
121940,1,1,1986,0,0,0,0,0,0,0,0,11,0
121941,1,1,1986,28,13,10,19,17,12,22,9,7,10
121942,0,1,1986,0,11,18,20,23,0,0,11,14,0
121942,1,1,1986,0,16,0,0,0,14,0,0,15,11
121943,1,1,1986,0,0,0,0,0,0,0,0,0,0
121943,2,1,1986,17,0,0,0,0,0,0,0,0,0
121943,3,1,1986,0,0,0,0,0,0,0,0,0,0
121944,1,1,1986,0,0,0,0,0,0,0,8,0,0
121944,2,1,1986,0,0,0,0,0,0,0,0,0,0
121945,1,1,1986,0,6,0,0,0,0,0,0,0,0
121945,2,1,1986,0,0,0,0,0,22,0,0,0,0
121946,1,1,1986,0,0,0,0,0,0,0,0,0,0
121946,2,1,1986,0,0,0,0,0,0,0,0,0,0
121947,0,1,1986,0,0,0,0,0,0,0,0,0,0
121947,1,1,1986,2,2,2,2,2,2,2,2,2,2
121948,0,1,1986,0,0,0,0,0,0,0,0,0,0
121948,1,1,1986,0,0,0,0,0,0,0,0,0,0
121948,2,1,1986,0,0,0,0,0,0,0,9,0,0
121948,3,1,1986,0,0,0,0,0,0,0,0,0,0
121949,1,1,1986,15,15,15,15,15,15,15,15,15,15
121950,1,1,1986,0,0,0,0,0,0,0,0,0,0
121950,2,1,1986,0,0,0,0,0,12,0,0,0,0
121951,1,1,1986,24,24,24,24,24,24,24,24,24,24
121951,2,1,1986,0,0,0,0,0,0,0,0,8,0
121952,1,1,1986,12,12,12,12,12,12,12,12,12,12
121953,1,1,1986,0,0,0,0,0,0,0,0,0,0
121953,2,1,1986,0,0,0,0,0,0,0,0,0,11
121954,0,1,1986,0,0,0,31,0,0,0,0,0,0
121954,1,1,1986,0,0,0,0,0,3,0,0,0,0
121955,1,1,1986,0,0,0,0,19,0,5,0,0,0
121956,1,1,1986,0,0,7,11,14,37,18,0,0,27
121956,2,1,1986,0,0,0,0,0,0,0,0,0,0
121957,1,1,1986,21,21,21,21,21,21,21,21,21,21
121958,1,1,1986,16,16,16,16,16,16,16,16,16,16
121958,2,1,1986,0,0,0,0,0,0,0,0,0,0
121958,3,1,1986,0,0,0,0,7,0,0,0,0,0
121959,1,1,1986,29,29,29,29,29,29,29,29,29,29
121960,1,1,1986,0,0,0,0,13,0,0,0,0,0
121960,2,1,1986,0,0,11,6,0,0,0,0,0,0
121960,3,1,1986,13,0,0,0,0,0,0,0,0,0
121961,1,1,1986,15,15,15,15,15,15,15,15,15,15
121961,2,1,1986,0,0,0,0,0,0,0,0,0,12
121962,1,1,1986,0,0,23,20,8,18,26,0,16,29
121962,2,1,1986,0,18,6,6,5,3,0,6,0,3
121963,1,1,1986,11,11,11,11,11,11,11,11,11,11
121964,1,1,1986,0,0,0,0,0,0,0,0,0,0
121964,2,1,1986,0,14,0,0,0,0,0,0,0,5
121965,1,1,1986,0,0,0,0,0,0,0,0,0,0
121965,2,1,1986,0,0,0,0,0,0,0,0,0,0
121966,0,1,1986,17,23,20,18,33,16,19,8,8,16
121966,1,1,1986,9,9,9,9,9,9,9,9,9,9
121967,1,1,1986,5,5,5,5,5,5,5,5,5,5
121967,2,1,1986,13,13,13,13,13,13,13,13,13,13
121968,0,1,1986,0,0,0,0,0,0,0,0,0,0
121968,1,1,1986,0,0,0,13,0,0,0,0,0,0
121969,1,1,1986,0,0,0,0,0,0,0,0,0,0
121969,2,1,1986,11,22,6,10,0,11,15,16,5,0
121970,1,1,1986,0,14,0,0,0,0,0,0,0,0
121970,2,1,1986,11,19,14,14,20,0,24,12,14,25