ST_CASE,VEH_NO,PER_NO,YEAR,P1,P2,P3,P4,P5,P6,P7,P8,P9,P10
121971,1,1,1986,13,13,13,13,13,13,13,13,13,13
121972,0,1,1986,0,0,0,0,0,0,0,0,0,0
121972,1,1,1986,0,0,0,0,0,0,0,0,0,0
121972,2,1,1986,0,0,0,0,0,0,0,0,0,0
121973,0,1,1986,0,0,0,0,0,0,0,0,0,0
121973,1,1,1986,0,0,0,0,0,0,0,0,0,0
121974,1,1,1986,20,20,20,20,20,20,20,20,20,20
121975,1,1,1986,0,0,0,0,0,0,0,0,0,0
121975,2,1,1986,0,0,0,0,0,0,0,0,0,0
121976,1,1,1986,3,3,3,3,3,3,3,3,3,3
121976,2,1,1986,0,0,0,0,0,0,0,0,0,0
121977,1,1,1986,0,0,0,0,0,0,0,0,0,0
121977,2,1,1986,0,0,0,0,0,0,0,0,0,0
121977,3,1,1986,0,0,0,0,0,0,0,0,0,0
121978,1,1,1986,0,0,0,0,0,0,0,0,0,0
121978,2,1,1986,0,0,0,0,0,0,0,0,0,0
121979,1,1,1986,15,15,15,15,15,15,15,15,15,15
121979,2,1,1986,6,10,0,0,0,0,0,0,0,0
121980,0,1,1986,0,0,0,0,0,0,0,0,0,0
121980,1,1,1986,0,0,0,0,0,0,0,0,0,0
121981,0,1,1986,0,0,0,0,0,0,0,0,0,0
121981,1,1,1986,0,0,0,0,0,0,0,0,0,0
121982,1,1,1986,0,0,0,0,7,0,0,0,0,0
121982,2,1,1986,0,6,0,0,0,0,0,0,15,0
121982,3,1,1986,0,0,0,0,0,0,0,0,0,0
121983,0,1,1986,0,0,0,0,0,0,0,0,0,0
121983,1,1,1986,0,0,0,0,0,0,0,0,0,0
121984,1,1,1986,14,14,14,14,14,14,14,14,14,14
121985,1,1,1986,0,0,0,0,0,0,0,0,0,0
121985,2,1,1986,0,0,0,0,11,0,0,0,0,0
121986,1,1,1986,0,0,0,0,0,0,0,0,0,0
121986,2,1,1986,0,0,0,0,0,0,0,0,0,0
121987,1,1,1986,17,17,17,17,17,17,17,17,17,17
121987,2,1,1986,6,8,0,0,0,8,0,0,0,0
121988,1,1,1986,0,10,0,0,0,4,0,0,0,0
121988,2,1,1986,0,0,14,6,0,0,9,0,0,0
121988,3,1,1986,0,0,0,0,0,0,0,0,0,0
121989,1,1,1986,0,0,0,0,0,0,0,0,0,0
121989,2,1,1986,0,0,0,0,0,0,0,0,0,0
121990,1,1,1986,13,13,13,13,13,13,13,13,13,13
121991,1,1,1986,0,0,0,0,0,0,0,0,0,0
121992,1,1,1986,17,17,17,17,17,17,17,17,17,17
121993,1,1,1986,26,26,26,26,26,26,26,26,26,26
121993,2,1,1986,0,0,0,0,0,0,0,0,0,0
121994,1,1,1986,16,0,0,0,0,5,0,11,13,0
121994,2,1,1986,8,8,8,8,8,8,8,8,8,8
121996,1,1,1986,20,15,30,6,15,11,10,9,29,22
121996,2,1,1986,0,0,0,0,0,0,0,0,0,0
121997,1,1,1986,17,18,38,23,25,0,32,31,20,25
121998,0,1,1986,24,24,24,24,24,24,24,24,24,24
121998,1,1,1986,0,0,0,0,0,0,0,0,0,0
121999,1,1,1986,0,0,0,0,0,0,0,0,0,0
121999,2,1,1986,0,0,0,0,20,0,0,0,12,0
122000,1,1,1986,14,14,14,14,14,14,14,14,14,14
122000,2,1,1986,0,0,0,0,0,0,0,0,0,0
122001,0,1,1986,0,0,0,0,0,0,0,0,0,0
122001,1,1,1986,5,5,5,5,5,5,5,5,5,5
122002,1,1,1986,8,8,8,8,8,8,8,8,8,8
122002,2,1,1986,0,0,0,0,0,0,0,0,0,0
122003,1,1,1986,0,0,0,0,0,12,0,15,0,0
122003,2,1,1986,14,7,21,10,19,11,8,13,23,16
122004,1,1,1986,27,20,24,0,10,13,0,0,0,14
122004,2,1,1986,0,0,0,0,0,0,0,0,0,0
122006,1,1,1986,14,14,14,14,14,14,14,14,14,14
122007,0,1,1986,0,0,0,0,0,0,0,0,0,0
122007,1,1,1986,25,25,25,25,25,25,25,25,25,25
122008,1,1,1986,8,22,14,18,15,15,11,3,15,18
122009,1,1,1986,28,9,12,14,5,12,12,12,9,5
122010,0,1,1986,0,0,0,0,0,0,0,0,0,0
122010,1,1,1986,2,2,2,2,2,2,2,2,2,2
122011,1,1,1986,15,15,15,15,15,15,15,15,15,15
122012,1,1,1986,6,6,6,6,6,6,6,6,6,6
122013,1,1,1986,19,19,19,19,19,19,19,19,19,19
122014,1,1,1986,0,0,0,0,0,0,0,0,0,16
122014,2,1,1986,21,13,0,0,0,0,0,0,0,0
122015,1,1,1986,28,10,6,19,12,14,10,8,12,0
122015,2,1,1986,31,5,23,0,14,13,29,15,8,11
122015,3,1,1986,0,0,0,0,0,0,0,0,0,0
122016,1,1,1986,12,8,29,0,14,0,10,7,18,16
122018,1,1,1986,0,0,0,0,0,0,0,0,0,0
122018,2,1,1986,14,14,14,14,14,14,14,14,14,14
122019,1,1,1986,0,0,0,0,0,0,0,0,0,0
122020,0,1,1986,0,0,0,0,0,0,0,0,0,0
122020,1,1,1986,0,0,0,0,0,0,0,0,0,0
122021,1,1,1986,19,19,19,19,19,19,19,19,19,19
122022,1,1,1986,0,0,0,0,0,0,0,0,0,0
122022,2,1,1986,0,0,0,0,0,0,0,0,0,0
122022,3,1,1986,0,0,0,0,0,0,0,0,0,0
122024,0,1,1986,18,14,30,22,0,36,16,25,2,23
122024,1,1,1986,0,0,0,0,0,0,0,0,0,0
122024,2,1,1986,0,0,0,0,0,0,0,0,0,0
122024,3,1,1986,0,0,26,0,0,0,0,0,0,0
122024,4,1,1986,0,22,0,0,0,26,18,0,0,20
122025,1,1,1986,0,0,0,0,0,0,0,0,0,0
122025,2,1,1986,0,0,0,0,0,0,0,0,0,0
122026,1,1,1986,6,17,0,10,0,0,0,0,0,0
122027,1,1,1986,24,23,0,21,17,22,0,29,19,24
122027,2,1,1986,0,0,0,0,0,0,0,0,0,0
122028,1,1,1986,9,9,9,9,9,9,9,9,9,9
122029,1,1,1986,10,15,9,13,0,17,11,14,6,18
122030,1,1,1986,14,14,14,14,14,14,14,14,14,14
122030,2,1,1986,0,0,0,0,0,0,0,0,0,0
122031,0,1,1986,0,0,0,0,0,0,0,5,0,0
122031,1,1,1986,0,0,0,0,0,0,0,0,0,0
122032,0,1,1986,36,36,36,36,36,36,36,36,36,36
122032,1,1,1986,0,0,0,0,0,0,0,0,0,0
122033,1,1,1986,13,13,13,13,13,13,13,13,13,13
122034,1,1,1986,25,33,19,4,10,16,17,35,29,11
122034,2,1,1986,15,0,13,24,0,12,16,16,13,6
122035,1,1,1986,15,13,19,0,18,19,9,17,31,10
122036,1,1,1986,0,0,0,0,0,0,0,0,0,0
122036,2,1,1986,0,0,0,0,0,0,0,0,0,0
122037,1,1,1986,0,0,8,0,0,0,0,0,0,0
122037,2,1,1986,0,0,0,0,0,0,0,0,0,0
122038,0,1,1986,22,22,22,22,22,22,22,22,22,22
122038,1,1,1986,0,0,0,0,0,0,0,0,0,0
122039,1,1,1986,23,23,23,23,23,23,23,23,23,23
122039,2,1,1986,12,10,3,0,9,10,6,7,13,17
122040,1,1,1986,0,0,0,0,0,0,0,0,0,0
122040,2,1,1986,0,0,0,0,0,0,0,0,0,0
122041,0,1,1986,27,27,27,27,27,27,27,27,27,27
122041,1,1,1986,0,0,0,0,0,0,0,0,17,0
122042,1,1,1986,0,0,0,0,0,0,0,0,0,0
122042,2,1,1986,0,0,0,0,0,0,0,0,0,0
122043,0,1,1986,21,10,31,29,19,24,6,38,34,22
122043,1,1,1986,22,22,22,22,22,22,22,22,22,22
122045,0,1,1986,0,0,0,0,0,0,0,0,0,0
122045,1,1,1986,0,7,11,13,11,0,14,19,20,17
122046,1,1,1986,9,11,10,10,27,8,7,12,11,14
122047,1,1,1986,0,0,0,0,0,0,0,0,0,0
122047,2,1,1986,0,0,0,0,0,0,0,0,0,0
122048,1,1,1986,0,0,0,0,16,0,18,0,3,0
122049,1,1,1986,0,0,0,0,0,0,0,0,0,0
122049,2,1,1986,0,0,0,0,0,0,0,0,0,0
122050,1,1,1986,0,0,0,0,0,0,0,0,0,0
122050,2,1,1986,0,0,0,0,0,0,0,0,0,0
122051,1,1,1986,33,33,33,33,33,33,33,33,33,33
122051,2,1,1986,18,18,18,18,18,18,18,18,18,18
122052,1,1,1986,2,2,2,2,2,2,2,2,2,2
122053,1,1,1986,19,19,19,19,19,19,19,19,19,19
122053,2,1,1986,0,0,0,0,0,0,0,0,0,0
122054,1,1,1986,0,0,0,0,0,0,0,0,0,0
122054,2,1,1986,0,0,0,0,0,0,0,0,0,0
122054,3,1,1986,5,0,0,0,0,0,0,0,0,0
122055,1,1,1986,13,13,13,13,13,13,13,13,13,13
122056,0,1,1986,41,41,41,41,41,41,41,41,41,41
122056,1,1,1986,0,0,0,0,0,0,0,0,0,0
122057,1,1,1986,0,0,0,0,0,0,0,0,0,0
122057,2,1,1986,0,0,0,0,0,0,0,0,0,0
122058,1,1,1986,20,20,20,20,20,20,20,20,20,20
122058,2,1,1986,0,0,0,0,0,0,0,0,0,0
122058,3,1,1986,0,0,0,0,0,0,0,0,0,0
122059,1,1,1986,0,0,0,0,0,0,0,0,0,0
122059,2,1,1986,0,0,0,0,0,0,0,0,0,0
122059,3,1,1986,0,0,0,0,0,0,0,0,0,0
122060,1,1,1986,24,24,24,24,24,24,24,24,24,24
122060,2,1,1986,0,0,0,0,0,0,0,0,0,0
122061,1,1,1986,22,22,22,22,22,22,22,22,22,22
122061,2,1,1986,0,0,0,0,0,0,0,0,0,0
122062,0,1,1986,12,0,0,0,0,0,0,0,0,0
122062,1,1,1986,0,0,0,0,0,0,0,0,0,0
122063,1,1,1986,20,6,36,18,9,14,41,21,9,9
122064,1,1,1986,0,0,0,0,0,0,0,0,0,0
122064,2,1,1986,0,0,0,0,0,0,0,0,0,0
122065,1,1,1986,0,0,0,0,0,0,0,0,0,0
122065,2,1,1986,0,0,0,0,0,0,10,0,0,0
122066,1,1,1986,19,19,19,19,19,19,19,19,19,19
122067,1,1,1986,22,22,22,22,22,22,22,22,22,22
122067,2,1,1986,0,0,0,0,0,0,0,0,0,0
122068,1,1,1986,0,6,23,17,15,26,9,21,0,8
122069,1,1,1986,8,8,8,8,8,8,8,8,8,8
122070,1,1,1986,21,21,21,21,21,21,21,21,21,21
122070,2,1,1986,0,0,0,0,0,0,0,11,0,0
122071,1,1,1986,0,0,0,0,0,0,0,0,0,0
122071,2,1,1986,0,0,0,0,0,0,0,0,0,0
122072,1,1,1986,0,0,0,0,0,0,0,0,0,0
122072,2,1,1986,0,0,0,0,0,0,0,0,0,0
122073,1,1,1986,4,4,4,4,4,4,4,4,4,4
122073,2,1,1986,0,11,0,13,16,0,30,11,29,0
122074,1,1,1986,0,0,0,0,0,0,0,0,0,0
122074,2,1,1986,19,19,19,19,19,19,19,19,19,19
122075,1,1,1986,23,23,23,23,23,23,23,23,23,23
122075,2,1,1986,0,0,0,0,0,0,0,0,0,0
122076,1,1,1986,17,17,17,17,17,17,17,17,17,17
122077,1,1,1986,3,17,9,5,16,6,8,12,5,18
122078,1,1,1986,14,14,14,14,14,14,14,14,14,14
122079,1,1,1986,10,19,12,24,12,24,26,16,9,12
122080,1,1,1986,11,11,11,11,11,11,11,11,11,11
122081,1,1,1986,0,0,0,0,0,0,14,9,0,0
122082,1,1,1986,12,0,21,16,0,8,12,0,0,0
122082,2,1,1986,0,0,0,0,0,0,11,0,14,0
122083,1,1,1986,0,0,0,0,0,0,0,0,0,0
122083,2,1,1986,8,0,0,0,0,0,0,0,0,0
122084,1,1,1986,0,0,0,0,0,0,0,0,0,0
122085,1,1,1986,24,24,24,24,24,24,24,24,24,24
122086,0,1,1986,0,0,0,0,0,0,0,0,0,0
122086,1,1,1986,0,0,0,0,8,0,0,0,0,0
122088,0,1,1986,0,7,0,0,0,0,11,0,7,0
122088,1,1,1986,17,16,3,11,11,16,14,21,27,5
122089,1,1,1986,0,0,0,0,0,0,0,0,0,0
122089,2,1,1986,11,14,0,0,0,0,0,0,0,0
122090,1,1,1986,2,2,2,2,2,2,2,2,2,2
122090,2,1,1986,0,0,0,0,0,0,0,0,0,0
122091,1,1,1986,0,0,0,0,0,0,0,0,0,0
122091,2,1,1986,2,2,2,2,2,2,2,2,2,2
122091,3,1,1986,0,0,0,0,0,0,0,0,0,0
122092,1,1,1986,10,0,0,0,0,0,0,0,0,0
122092,2,1,1986,41,18,13,12,28,2,22,6,9,9
122093,1,1,1986,0,0,16,16,0,0,0,23,6,0
122094,0,1,1986,23,23,23,23,23,23,23,23,23,23
122094,1,1,1986,0,0,0,0,0,0,0,0,0,0
122094,2,1,1986,0,0,0,17,0,0,0,0,0,0
122095,1,1,1986,0,0,0,0,0,0,0,0,0,0
122095,2,1,1986,0,0,0,0,0,0,0,0,0,0
122096,0,1,1986,0,34,31,19,20,0,9,0,27,0
122096,1,1,1986,0,0,0,0,0,0,0,0,12,0
122097,0,1,1986,12,12,12,12,12,12,12,12,12,12
122097,1,1,1986,6,6,6,6,6,6,6,6,6,6
122098,1,1,1986,0,0,0,0,0,0,0,0,0,0
122098,2,1,1986,0,0,0,0,0,0,0,0,0,0
122099,1,1,1986,0,0,0,4,0,0,0,0,35,0
122100,1,1,1986,0,0,0,0,0,0,0,7,0,12
122101,1,1,1986,0,29,0,0,0,0,24,0,12,11
122101,2,1,1986,0,0,0,0,0,0,0,0,0,0
122102,1,1,1986,25,25,25,25,25,25,25,25,25,25
122103,1,1,1986,0,0,0,0,0,0,0,0,0,0
122104,1,1,1986,31,31,31,31,31,31,31,31,31,31
122105,1,1,1986,0,0,0,0,0,0,0,0,0,0
122106,1,1,1986,0,0,9,0,0,0,0,0,0,0
122106,2,1,1986,0,0,0,0,0,0,0,0,0,0
122107,1,1,1986,0,0,0,0,0,0,0,0,0,0
122107,2,1,1986,6,6,6,6,6,6,6,6,6,6
122108,1,1,1986,20,5,3,14,0,5,28,0,17,12
122109,1,1,1986,0,0,0,0,0,0,0,0,0,0
122110,0,1,1986,25,25,25,25,25,25,25,25,25,25
122110,1,1,1986,17,22,0,0,12,22,0,0,34,0
122111,1,1,1986,11,11,11,11,11,11,11,11,11,11
122111,2,1,1986,20,0,0,0,0,0,0,0,0,0
122112,1,1,1986,9,9,9,9,9,9,9,9,9,9
122113,1,1,1986,17,0,9,20,0,0,0,18,0,0
122114,1,1,1986,2,2,2,2,2,2,2,2,2,2
122115,1,1,1986,12,12,12,12,12,12,12,12,12,12
122116,1,1,1986,11,11,11,11,11,11,11,11,11,11
122116,2,1,1986,0,0,0,0,0,0,0,0,0,0
122117,1,1,1986,18,18,18,18,18,18,18,18,18,18
122118,1,1,1986,0,0,0,0,0,0,0,0,0,0
122119,1,1,1986,0,0,0,0,0,0,0,0,0,0
122120,1,1,1986,0,0,0,0,0,0,0,0,0,0
122120,2,1,1986,0,0,0,0,0,0,0,0,0,0
122121,1,1,1986,16,16,16,16,16,16,16,16,16,16
122122,1,1,1986,7,6,12,0,9,0,4,10,0,7
122122,2,1,1986,0,0,0,0,0,0,0,0,0,0
122124,1,1,1986,0,0,0,0,0,0,0,0,0,0
122124,2,1,1986,0,0,0,0,0,0,0,0,0,0
122125,1,1,1986,0,0,0,0,0,0,0,0,0,0
122125,2,1,1986,0,0,8,0,0,0,0,0,0,0
122126,1,1,1986,0,0,0,0,0,0,0,0,0,0
122127,1,1,1986,22,22,22,22,22,22,22,22,22,22
122128,1,1,1986,17,14,5,12,6,11,4,14,0,12
122130,1,1,1986,0,0,0,0,0,0,0,0,0,0
122130,2,1,1986,20,11,19,27,22,21,12,33,23,13
122131,1,1,1986,0,0,0,0,0,0,0,0,0,0
122131,2,1,1986,0,0,0,0,0,0,0,0,0,0
122132,1,1,1986,7,7,7,7,7,7,7,7,7,7
122133,1,1,1986,0,0,0,0,0,0,0,0,8,0
122133,2,1,1986,0,0,6,0,0,0,0,0,0,0
122133,3,1,1986,0,0,0,0,0,0,0,0,0,0
122134,0,1,1986,0,0,0,0,0,0,0,0,0,0
122134,1,1,1986,0,0,0,0,0,0,0,0,0,0
122135,0,1,1986,0,0,0,0,0,0,0,0,0,0
122135,1,1,1986,0,0,0,0,0,0,0,0,0,0
122136,1,1,1986,13,0,0,0,0,0,0,0,0,0
122136,2,1,1986,0,0,0,0,0,0,0,0,0,0
122138,1,1,1986,16,16,16,16,16,16,16,16,16,16
122138,2,1,1986,15,0,6,0,0,15,0,0,0,0
122138,3,1,1986,0,0,0,0,0,0,0,0,0,0
122141,1,1,1986,13,13,13,13,13,13,13,13,13,13
122141,2,1,1986,0,0,0,0,0,0,0,0,0,0
122142,1,1,1986,22,22,22,22,22,22,22,22,22,22
122143,1,1,1986,0,0,0,0,0,0,0,0,0,0
122143,2,1,1986,0,0,0,0,0,0,0,0,0,0
122143,3,1,1986,0,0,0,0,0,0,0,0,0,0
122144,1,1,1986,0,0,0,0,0,0,0,0,0,0
122145,1,1,1986,0,0,0,0,0,0,0,0,0,0
122145,2,1,1986,14,0,0,0,0,0,0,0,0,0
122146,0,1,1986,0,0,0,0,0,0,0,0,0,0
122146,1,1,1986,0,0,0,0,0,0,0,0,0,0
122147,0,1,1986,31,31,31,31,31,31,31,31,31,31
122147,1,1,1986,0,0,17,0,15,7,16,0,0,0
122148,0,2,1986,0,0,0,0,0,0,0,0,0,0
122148,1,1,1986,3,3,3,3,3,3,3,3,3,3
122149,1,1,1986,0,0,0,0,0,0,0,0,0,0
122150,1,1,1986,9,9,9,9,9,9,9,9,9,9
122150,2,1,1986,0,0,0,0,0,11,0,0,0,0
122151,1,1,1986,0,0,0,0,0,0,0,0,0,0
122151,2,1,1986,6,0,0,0,0,0,0,0,0,0
122152,1,1,1986,0,0,0,0,0,0,0,0,0,0
122153,1,1,1986,14,14,14,14,14,14,14,14,14,14
122154,1,1,1986,19,19,19,19,19,19,19,19,19,19
122154,2,1,1986,0,0,0,0,0,0,0,0,0,0
122156,0,1,1986,17,17,17,17,17,17,17,17,17,17
122156,1,1,1986,0,0,0,0,0,0,0,0,0,0
122157,1,1,1986,21,21,21,21,21,21,21,21,21,21
122157,2,1,1986,0,11,0,0,0,0,0,0,0,0
122158,0,1,1986,18,18,18,18,18,18,18,18,18,18
122158,1,1,1986,0,0,0,0,0,0,0,0,0,20
122158,2,1,1986,0,0,0,0,0,0,0,6,0,0
122159,0,1,1986,22,31,20,0,22,9,0,0,0,0
122159,1,1,1986,0,0,0,0,0,0,0,0,0,0
122160,0,1,1986,17,17,17,17,17,17,17,17,17,17
122160,1,1,1986,0,0,0,0,0,0,0,0,0,0
122161,1,1,1986,0,0,0,0,0,0,0,0,0,0
122162,0,1,1986,7,7,7,7,7,7,7,7,7,7
122162,1,1,1986,0,0,0,0,0,0,0,0,0,0
122163,1,1,1986,0,0,0,0,18,0,0,0,0,0
122163,2,1,1986,0,0,0,0,0,0,0,0,0,0
122164,1,1,1986,0,0,0,0,0,0,0,0,0,0
122164,2,1,1986,0,0,0,0,0,0,0,0,0,0
122165,0,1,1986,0,0,0,0,0,0,17,17,0,0
122165,1,1,1986,0,0,0,0,0,0,0,0,0,0
122166,0,1,1986,0,0,0,0,0,0,0,22,0,0
122166,1,1,1986,0,0,0,4,13,0,0,18,0,17
122167,0,1,1986,4,4,4,4,4,4,4,4,4,4
122167,1,1,1986,0,0,0,0,0,0,0,0,0,0
122167,2,1,1986,0,0,0,0,0,0,0,0,0,0
122168,1,1,1986,0,0,0,0,0,0,0,0,0,0
122168,2,1,1986,0,0,0,0,0,0,0,0,0,0
122169,1,1,1986,17,17,17,17,17,17,17,17,17,17
122170,1,1,1986,14,14,14,14,14,14,14,14,14,14
122171,0,1,1986,16,0,0,26,26,27,34,26,8,0
122171,1,1,1986,0,0,0,0,0,0,0,0,0,0
122172,1,1,1986,20,20,20,20,20,20,20,20,20,20
122173,1,1,1986,0,0,0,0,0,0,0,16,0,0
122173,2,1,1986,0,0,0,0,0,0,0,0,0,0
122174,1,1,1986,0,0,0,0,9,0,0,0,0,0
122175,1,1,1986,7,0,0,0,4,0,7,0,0,0
122175,2,1,1986,9,9,9,9,9,9,9,9,9,9
122176,1,1,1986,0,0,0,0,0,0,0,0,0,0
122176,2,1,1986,0,0,0,7,0,0,0,0,0,0
122177,0,1,1986,0,0,0,0,0,0,0,0,0,0
122177,0,2,1986,0,0,0,0,0,0,0,0,0,0
122177,1,1,1986,10,17,0,0,0,0,0,4,0,0
122178,1,1,1986,24,24,24,24,24,24,24,24,24,24
122178,2,1,1986,0,0,0,0,0,0,0,0,0,0
122179,1,1,1986,11,11,11,11,11,11,11,11,11,11
122180,1,1,1986,0,0,0,0,0,0,0,0,0,0
122180,2,1,1986,1,1,1,1,1,1,1,1,1,1
122181,0,1,1986,0,0,0,0,0,0,0,0,0,0
122181,1,1,1986,0,0,0,0,0,0,0,0,0,0
122182,1,1,1986,18,0,7,0,0,0,16,0,0,0
122183,0,1,1986,0,0,0,0,0,0,0,0,0,0
122183,1,1,1986,0,0,5,0,0,0,0,0,0,0
122184,1,1,1986,0,0,0,0,0,0,0,0,0,0
122184,2,1,1986,0,0,0,0,0,0,0,0,0,0
122184,3,1,1986,0,0,0,0,0,0,4,0,0,0
122184,4,1,1986,0,0,0,0,0,0,0,0,0,0
122184,5,1,1986,0,0,0,0,0,0,0,0,0,0
122185,1,1,1986,0,0,0,0,0,0,0,0,0,0
122186,1,1,1986,10,19,6,6,18,22,17,14,26,30
122187,0,1,1986,0,0,0,0,0,0,0,0,23,0
122187,1,1,1986,0,0,0,0,0,0,0,0,0,0
122187,2,1,1986,0,0,0,0,0,0,0,0,0,0
122188,1,1,1986,0,17,30,23,23,16,8,0,14,5
122188,2,1,1986,7,0,0,0,0,5,0,9,0,0
122189,0,1,1986,12,0,0,0,0,36,0,0,0,0
122189,1,1,1986,0,0,0,0,0,0,0,0,0,0
122190,1,1,1986,0,19,14,0,0,0,0,0,0,0
122191,0,1,1986,21,21,21,21,21,21,21,21,21,21
122191,1,1,1986,8,8,8,8,8,8,8,8,8,8
122192,1,1,1986,21,21,21,21,21,21,21,21,21,21
122193,0,1,1986,23,13,23,5,0,7,0,0,29,32
122193,1,1,1986,11,21,9,0,16,15,0,0,13,0
122194,0,1,1986,18,18,18,18,18,18,18,18,18,18
122194,1,1,1986,0,0,0,15,0,0,0,0,0,0
122194,2,1,1986,0,6,0,9,20,8,14,0,0,0
122195,1,1,1986,0,0,0,0,0,0,0,7,0,0
122195,2,1,1986,0,0,0,11,0,2,0,0,0,0
122196,1,1,1986,0,0,0,0,13,0,0,0,0,0
122196,2,1,1986,0,0,0,0,0,0,0,0,0,0
122197,0,1,1986,0,0,0,0,0,0,0,0,0,0
122197,1,1,1986,0,0,0,0,0,0,0,0,0,0
122198,0,1,1986,0,0,0,0,0,0,0,0,0,0
122198,1,1,1986,0,0,0,0,0,0,0,0,0,0
122199,1,1,1986,14,14,14,14,14,14,14,14,14,14
122200,1,1,1986,0,0,0,0,25,8,0,0,0,0
122201,1,1,1986,0,0,0,0,0,0,21,0,16,15
122202,0,1,1986,15,11,15,3,0,0,0,0,11,0
122202,1,1,1986,0,0,0,0,0,0,4,0,8,0
122203,1,1,1986,7,0,0,0,0,0,0,0,8,0
122203,2,1,1986,6,5,0,0,0,0,0,0,0,0
122204,0,1,1986,0,0,0,0,0,0,0,0,0,0
122204,1,1,1986,0,0,0,0,0,0,0,0,0,0
122205,1,1,1986,0,0,0,0,0,0,0,0,0,0
122205,2,1,1986,0,0,0,0,0,0,0,0,0,0
122206,0,1,1986,0,0,0,0,11,0,0,0,0,16
122206,1,1,1986,0,0,0,0,0,0,0,0,0,0
122207,1,1,1986,18,21,0,9,0,11,0,0,0,3
122208,1,1,1986,32,20,11,11,16,17,18,10,25,0
122208,2,1,1986,0,0,0,0,0,0,0,0,0,0
122209,0,1,1986,0,0,0,0,0,0,0,0,0,0
122209,1,1,1986,0,0,0,0,0,0,0,0,0,0
122212,1,1,1986,0,0,0,0,0,0,0,0,0,0
122212,2,1,1986,0,0,0,0,0,0,0,0,0,0
122213,0,1,1986,0,0,0,0,0,0,0,0,0,0
122213,1,1,1986,0,0,0,0,0,0,4,0,0,0
122214,1,1,1986,17,17,17,17,17,17,17,17,17,17
122215,1,1,1986,13,13,13,13,13,13,13,13,13,13
122215,2,1,1986,0,0,0,0,0,0,9,0,0,0
122216,1,1,1986,16,16,16,16,16,16,16,16,16,16
122217,1,1,1986,0,0,0,0,0,0,0,0,0,0
122218,1,1,1986,0,0,0,0,0,0,0,0,0,0
122218,2,1,1986,0,0,0,0,0,0,0,0,0,0
122219,0,1,1986,0,0,0,0,9,0,0,0,0,40
122219,1,1,1986,16,16,16,16,16,16,16,16,16,16
122220,1,1,1986,14,14,14,14,14,14,14,14,14,14
122221,0,1,1986,0,0,0,0,0,0,0,0,0,0
122221,0,2,1986,7,7,7,7,7,7,7,7,7,7
122221,2,1,1986,0,0,0,0,0,0,0,0,0,0
122221,3,1,1986,0,0,0,0,0,0,0,0,0,0
122222,1,1,1986,23,36,12,18,36,11,15,18,28,8
122223,1,1,1986,11,14,0,0,0,14,26,4,0,21
122223,2,1,1986,0,9,18,20,7,20,18,16,21,11
122224,1,1,1986,0,0,0,0,0,0,0,0,0,0
122224,2,1,1986,0,0,0,0,0,0,0,0,0,0
122225,1,1,1986,0,0,0,0,0,0,0,0,0,0
122225,2,1,1986,0,0,0,0,0,5,0,0,0,0
122226,1,1,1986,5,5,5,5,5,5,5,5,5,5
122226,2,1,1986,0,0,0,0,0,0,0,0,0,0
122226,3,1,1986,0,0,0,0,0,0,0,0,0,0
122227,0,1,1986,0,0,0,0,0,0,0,0,0,0
122227,1,1,1986,0,0,0,0,0,0,0,0,0,0
122228,1,1,1986,22,22,22,22,22,22,22,22,22,22
122229,1,1,1986,5,22,11,0,17,0,19,20,26,30
122230,1,1,1986,0,0,0,0,0,0,0,0,0,0
122230,2,1,1986,0,0,0,0,0,0,0,0,0,0
122231,0,1,1986,5,0,0,0,0,0,0,0,0,0
122231,1,1,1986,0,0,0,0,0,0,0,0,0,0
122232,1,1,1986,0,0,0,0,0,0,0,0,0,10
122233,1,1,1986,0,0,0,0,0,0,0,0,0,0
122233,2,1,1986,0,0,0,0,0,0,0,0,0,0
122234,0,1,1986,0,0,0,0,0,0,0,0,0,0
122234,1,1,1986,0,0,0,0,0,0,0,0,0,0
122235,0,1,1986,25,25,25,25,25,25,25,25,25,25
122235,1,1,1986,0,0,0,0,0,0,0,0,0,0
122236,1,1,1986,10,5,23,9,11,36,10,18,17,20
122236,2,1,1986,9,0,0,14,0,0,0,0,11,0
122237,1,1,1986,0,0,0,0,0,0,0,0,0,0
122237,2,1,1986,0,0,0,0,0,0,0,0,0,0
122238,1,1,1986,13,13,13,13,13,13,13,13,13,13
122239,1,1,1986,0,0,0,0,0,0,0,0,0,0
122240,1,1,1986,0,5,0,0,0,0,0,0,0,0
122240,2,1,1986,0,0,0,0,0,0,0,0,0,0
122241,1,1,1986,19,19,19,19,19,19,19,19,19,19
122242,1,1,1986,0,0,0,0,0,0,0,0,0,0
122242,2,1,1986,16,0,0,0,0,0,0,4,0,0
122243,1,1,1986,0,0,0,0,0,0,0,0,0,0
122243,2,1,1986,0,0,0,0,0,0,0,0,0,0
122244,0,1,1986,0,0,0,0,0,0,0,0,0,0
122244,1,1,1986,0,0,0,0,0,0,0,0,0,0
122245,1,1,1986,25,25,25,25,25,25,25,25,25,25
122245,2,1,1986,0,0,0,0,0,0,0,0,0,0