ST_CASE,VEH_NO,PER_NO,YEAR,P1,P2,P3,P4,P5,P6,P7,P8,P9,P10
122506,3,1,1986,0,0,0,0,0,0,0,0,0,0
122506,4,1,1986,0,0,0,0,0,0,0,0,0,0
122507,1,1,1986,13,13,13,13,13,13,13,13,13,13
122508,0,1,1986,0,0,0,0,0,0,0,0,0,0
122508,1,1,1986,0,0,0,0,0,0,0,0,0,0
122509,0,1,1986,0,0,0,0,43,0,0,5,0,0
122509,1,1,1986,0,0,0,0,10,0,0,0,0,0
122510,1,1,1986,20,20,20,20,20,20,20,20,20,20
122511,1,1,1986,0,0,0,0,0,0,0,0,0,0
122511,2,1,1986,16,16,16,16,16,16,16,16,16,16
122512,1,1,1986,0,11,0,0,0,0,0,0,0,0
122512,2,1,1986,0,0,0,0,0,9,0,0,0,0
122513,1,1,1986,23,23,23,23,23,23,23,23,23,23
122513,2,1,1986,0,0,0,0,0,0,0,0,0,0
122514,1,1,1986,0,0,0,0,0,0,0,0,0,0
122514,2,1,1986,0,0,0,0,0,0,0,0,0,0
122515,0,1,1986,0,0,0,0,0,0,0,0,0,0
122515,1,1,1986,0,0,0,0,0,0,0,0,0,0
122516,1,1,1986,9,0,0,0,0,0,0,0,0,0
122516,2,1,1986,0,0,0,0,0,0,0,0,0,0
122517,1,1,1986,0,0,10,18,4,0,0,0,0,0
122517,2,1,1986,0,0,0,0,0,0,0,0,0,0
122519,1,1,1986,15,13,15,13,11,24,19,17,29,10
122520,1,1,1986,0,0,0,0,0,0,0,0,0,0
122520,2,1,1986,21,0,0,0,0,0,0,5,0,23
122521,1,1,1986,28,28,28,28,28,28,28,28,28,28
122521,2,1,1986,0,0,13,0,0,0,0,0,0,0
122522,1,1,1986,0,0,0,0,0,0,0,0,0,0
122522,2,1,1986,0,0,0,0,0,0,0,0,0,0
122523,1,1,1986,0,0,0,0,0,0,0,0,0,0
122523,2,1,1986,0,0,0,0,0,0,0,0,0,0
122523,3,1,1986,0,0,0,23,0,0,0,0,0,0
122524,0,1,1986,0,0,0,0,0,0,0,0,0,0
122525,1,1,1986,0,0,0,0,0,0,0,0,0,0
122525,2,1,1986,7,7,7,7,7,7,7,7,7,7
122526,0,1,1986,0,0,31,0,0,0,0,5,0,0
122526,1,1,1986,0,0,0,0,0,0,0,0,0,0
122527,0,1,1986,4,4,4,4,4,4,4,4,4,4
122527,1,1,1986,0,0,0,8,0,10,0,0,0,0
122528,0,1,1986,12,34,28,20,0,0,0,0,24,0
122528,1,1,1986,0,18,0,0,0,0,0,5,25,0
122529,0,1,1986,0,0,0,0,9,0,0,4,0,19
122529,1,1,1986,26,0,0,0,0,0,0,0,0,0
122530,1,1,1986,0,0,0,0,0,0,0,0,0,0
122530,2,1,1986,15,15,15,15,15,15,15,15,15,15
122531,1,1,1986,2,2,2,2,2,2,2,2,2,2
122531,2,1,1986,27,0,28,19,0,8,0,16,0,20
122532,1,1,1986,0,0,0,0,0,0,0,0,0,0
122532,2,1,1986,0,0,0,0,0,0,0,0,0,0
122533,0,1,1986,9,0,13,17,17,8,0,26,0,0
122533,0,2,1986,11,0,0,0,19,36,0,24,20,0
122533,1,1,1986,0,0,28,7,0,0,0,25,8,16
122534,1,1,1986,0,0,0,16,4,0,0,0,3,0
122535,0,1,1986,15,15,15,15,15,15,15,15,15,15
122535,1,1,1986,15,15,15,15,15,15,15,15,15,15
122536,1,1,1986,22,22,22,22,22,22,22,22,22,22
122536,2,1,1986,0,0,17,0,0,0,0,0,0,0
122536,3,1,1986,0,0,0,0,0,0,0,0,0,0
122537,0,1,1986,25,25,25,25,25,25,25,25,25,25
122537,1,1,1986,0,0,0,0,0,0,0,0,0,0
122538,1,1,1986,0,0,0,0,15,0,0,0,0,0
122538,2,1,1986,0,0,0,11,0,0,0,0,0,0
122539,0,1,1986,23,23,23,23,23,23,23,23,23,23
122539,1,1,1986,4,0,19,0,4,0,11,8,12,10
122540,1,1,1986,0,25,0,0,0,0,0,0,0,0
122540,2,1,1986,0,0,0,0,0,0,0,0,0,0
122541,1,1,1986,0,0,0,0,16,0,0,0,0,0
122541,2,1,1986,0,0,0,0,0,0,0,0,0,0
122542,0,1,1986,20,18,21,13,36,34,18,19,37,9
122542,1,1,1986,27,27,27,27,27,27,27,27,27,27
122543,1,1,1986,16,16,16,16,16,16,16,16,16,16
122543,2,1,1986,0,0,0,0,0,0,0,0,0,0
122544,0,1,1986,0,0,0,0,0,0,0,0,0,0
122544,1,1,1986,0,0,0,0,0,8,0,0,0,0
122545,1,1,1986,26,26,26,26,26,26,26,26,26,26
122545,2,1,1986,0,0,0,0,0,0,0,0,0,0
122546,1,1,1986,18,18,18,18,18,18,18,18,18,18
122546,2,1,1986,0,0,0,0,0,0,0,0,0,0
122547,0,1,1986,0,0,0,0,0,0,0,0,0,0
122547,1,1,1986,0,0,0,0,0,0,0,0,0,0
122547,2,1,1986,0,0,0,0,0,0,0,0,0,0
122548,0,1,1986,14,14,14,14,14,14,14,14,14,14
122548,1,1,1986,0,0,0,0,0,0,0,0,0,0
122549,1,1,1986,15,15,15,15,15,15,15,15,15,15
122550,0,1,1986,35,35,35,35,35,35,35,35,35,35
122550,1,1,1986,0,0,0,0,0,0,0,0,0,0
122551,0,1,1986,0,0,0,18,36,0,38,0,27,4
122551,1,1,1986,0,0,0,0,0,0,0,0,0,0
122552,1,1,1986,18,18,18,18,18,18,18,18,18,18
122553,0,1,1986,38,38,38,38,38,38,38,38,38,38
122553,1,1,1986,0,0,0,0,0,0,0,0,0,0
122554,1,1,1986,18,18,18,18,18,18,18,18,18,18
122555,1,1,1986,0,0,0,0,0,0,0,0,0,0
122556,0,1,1986,27,27,27,27,27,27,27,27,27,27
122556,1,1,1986,0,0,0,0,0,0,19,0,0,0
122557,0,1,1986,24,24,24,24,24,24,24,24,24,24
122557,1,1,1986,0,0,0,0,0,0,0,0,0,0
122558,1,1,1986,0,0,0,0,0,0,0,0,0,0
122558,2,1,1986,0,0,0,0,0,0,0,0,0,0
122558,3,1,1986,0,0,0,0,20,0,0,0,0,0
122559,1,1,1986,29,29,29,29,29,29,29,29,29,29
122560,0,1,1986,0,0,0,0,0,0,0,0,0,0
122560,1,1,1986,0,0,0,0,0,0,0,0,0,0
122561,1,1,1986,0,0,0,0,0,0,0,0,0,0
122561,2,1,1986,13,0,0,0,0,0,0,11,0,0
122562,1,1,1986,25,25,25,25,25,25,25,25,25,25
122562,2,1,1986,0,0,0,0,0,0,0,0,0,0
122562,3,1,1986,0,17,0,17,0,0,0,12,0,0
122563,1,1,1986,15,15,15,15,15,15,15,15,15,15
122563,2,1,1986,0,0,0,0,0,0,0,0,0,0
122564,1,1,1986,21,21,21,21,21,21,21,21,21,21
122565,1,1,1986,0,0,0,0,0,0,0,15,0,0
122565,2,1,1986,0,0,0,0,0,0,0,0,0,0
122566,1,1,1986,0,0,0,0,0,0,0,0,0,0
122566,2,1,1986,0,0,0,0,0,0,0,0,0,0
122567,0,1,1986,0,0,0,0,0,0,0,0,0,3
122567,1,1,1986,0,0,0,0,0,0,0,0,0,0
122568,1,1,1986,19,0,0,0,0,0,0,0,0,0
122568,2,1,1986,0,0,0,0,12,0,0,0,0,12
122568,3,1,1986,0,0,0,0,0,0,0,0,0,0
122569,1,1,1986,28,13,10,26,11,15,6,29,27,12
122570,0,1,1986,0,0,0,0,0,0,0,0,20,0
122570,1,1,1986,0,0,0,0,0,0,0,0,0,0
122571,1,1,1986,0,0,0,0,0,0,0,0,0,0
122571,2,1,1986,0,0,0,0,0,0,0,0,0,0
122572,0,1,1986,0,0,0,0,0,0,0,0,0,0
122572,1,1,1986,0,0,0,0,0,0,0,0,0,0
122573,1,1,1986,0,0,0,0,0,0,0,0,0,0
122573,2,1,1986,0,0,0,0,0,0,0,0,0,0
122573,3,1,1986,0,0,0,0,0,0,0,0,0,11
122574,1,1,1986,17,17,17,17,17,17,17,17,17,17
122575,1,1,1986,22,22,22,22,22,22,22,22,22,22
122576,1,1,1986,17,17,17,17,17,17,17,17,17,17
122577,1,1,1986,10,10,10,10,10,10,10,10,10,10
122577,2,1,1986,0,0,0,0,19,0,0,0,0,0
122578,1,1,1986,9,18,0,0,0,0,20,19,24,46
122578,2,1,1986,6,6,6,6,6,6,6,6,6,6
122579,0,1,1986,0,0,0,0,0,0,0,0,0,0
122579,1,1,1986,0,0,0,0,0,0,0,0,0,0
122580,1,1,1986,0,0,0,0,0,0,0,0,0,0
122581,1,1,1986,0,0,2,0,0,0,0,4,0,0
122581,2,1,1986,0,0,0,0,0,0,0,13,0,0
122582,1,1,1986,0,0,0,0,0,20,0,0,0,0
122582,2,1,1986,0,0,0,0,23,0,0,0,0,0
122583,1,1,1986,46,46,46,46,46,46,46,46,46,46
122583,2,1,1986,0,0,0,0,0,0,0,0,0,0
122584,1,1,1986,18,18,18,18,18,18,18,18,18,18
122584,2,1,1986,0,0,0,0,0,0,0,0,0,0
122585,1,1,1986,0,10,23,17,0,14,0,0,9,19
122586,1,1,1986,0,0,0,0,0,0,0,0,0,0
122586,2,1,1986,0,0,0,0,0,0,0,0,0,0
122588,0,1,1986,0,0,0,0,0,0,0,0,0,0
122588,1,1,1986,0,0,0,0,0,0,0,0,0,0
122589,1,1,1986,0,0,0,0,0,0,0,0,0,0
122589,2,1,1986,0,3,0,0,0,0,0,0,0,0
122590,0,1,1986,0,0,0,0,25,0,0,0,0,0
122590,1,1,1986,11,0,0,0,0,0,0,0,0,0
122591,0,1,1986,0,0,0,0,0,0,0,0,0,0
122591,1,1,1986,0,0,0,0,0,0,0,0,0,0
122593,1,1,1986,0,0,0,0,0,0,0,0,0,0
122593,2,1,1986,0,0,0,0,0,0,0,6,0,0
122594,1,1,1986,0,7,0,20,20,0,0,0,0,0
122594,2,1,1986,0,0,0,0,0,0,0,0,4,0
122595,0,1,1986,0,0,0,19,0,0,0,0,0,0
122595,1,1,1986,11,11,11,11,11,11,11,11,11,11
122596,1,1,1986,8,11,9,24,0,22,4,0,0,0
122596,2,1,1986,0,0,0,0,0,0,0,0,0,0
122596,3,1,1986,0,0,10,0,0,0,0,0,0,0
122597,1,1,1986,14,14,14,14,14,14,14,14,14,14
122598,0,1,1986,0,0,0,24,0,0,0,29,0,0
122598,1,1,1986,0,10,4,0,0,0,0,0,0,0
122599,1,1,1986,15,30,0,8,0,19,14,12,4,21
122600,1,1,1986,0,0,0,0,0,5,0,0,0,0
122600,2,1,1986,0,0,0,0,0,0,0,0,0,0
122601,0,1,1986,0,0,0,0,0,0,0,0,0,0
122601,1,1,1986,0,0,0,0,0,0,0,0,0,6
122602,0,1,1986,55,24,26,0,15,7,17,20,0,0
122602,1,1,1986,0,0,18,0,0,0,0,0,0,10
122603,0,1,1986,0,0,0,0,0,0,0,0,0,0
122603,1,1,1986,0,0,0,0,0,0,0,0,0,0
122604,0,1,1986,0,24,16,0,16,48,0,19,14,0
122604,0,2,1986,24,21,17,32,44,0,0,25,22,0
122604,1,1,1986,32,0,12,13,0,0,0,0,0,28
122605,1,1,1986,12,12,12,12,12,12,12,12,12,12
122606,1,1,1986,0,0,0,0,0,0,0,0,0,0
122606,2,1,1986,0,0,0,15,0,0,0,0,0,0
122606,3,1,1986,0,0,0,0,0,0,0,0,0,0
122607,1,1,1986,0,0,0,0,0,0,0,0,0,0
122607,2,1,1986,0,0,0,0,0,0,0,0,0,0
122608,1,1,1986,23,9,0,7,20,0,20,0,24,18
122609,0,1,1986,9,25,37,7,9,0,29,12,0,0
122609,1,1,1986,0,10,0,0,12,0,20,0,0,0
122610,0,1,1986,0,0,0,0,0,0,0,0,0,0
122610,1,1,1986,2,2,2,2,2,2,2,2,2,2
122611,0,1,1986,0,0,0,0,0,0,0,0,0,0
122611,1,1,1986,0,0,0,0,0,0,0,0,0,0
122612,1,1,1986,0,15,0,0,0,0,0,0,0,0
122613,1,1,1986,18,18,18,18,18,18,18,18,18,18
122614,0,1,1986,0,0,0,0,0,0,0,0,0,0
122614,1,1,1986,0,0,0,10,18,17,14,9,0,6
122615,1,1,1986,20,17,23,17,26,8,16,19,26,10
122617,1,1,1986,0,0,0,0,0,9,0,0,0,0
122617,2,1,1986,0,0,0,0,0,0,0,0,0,0
122618,1,1,1986,0,0,0,0,0,0,0,0,0,0
122618,2,1,1986,0,0,0,0,0,0,10,0,0,0
122619,1,1,1986,0,0,0,0,0,14,0,0,16,0
122620,0,1,1986,0,0,0,0,0,0,0,0,0,0
122620,1,1,1986,0,0,0,0,0,0,10,0,0,0
122621,1,1,1986,0,0,0,0,0,0,0,0,0,0
122621,2,1,1986,0,0,0,0,0,0,0,0,22,13
122622,1,1,1986,0,0,0,0,0,0,0,0,0,0
122623,1,1,1986,4,10,17,6,4,21,11,5,11,9
122623,2,1,1986,0,0,0,0,0,0,0,0,0,0
122624,1,1,1986,17,17,17,17,17,17,17,17,17,17
122625,1,1,1986,8,8,8,8,8,8,8,8,8,8
122626,0,1,1986,38,11,0,20,19,0,20,0,22,21
122626,1,1,1986,25,25,25,25,25,25,25,25,25,25
122627,1,1,1986,5,12,0,0,0,0,0,0,0,0
122628,0,1,1986,11,11,11,11,11,11,11,11,11,11
122628,1,1,1986,0,22,0,3,14,0,0,13,0,0
122629,1,1,1986,0,0,0,0,0,0,0,0,0,0
122629,2,1,1986,0,0,0,0,0,0,0,0,0,0
122630,1,1,1986,0,0,0,0,0,0,0,0,0,0
122631,1,1,1986,0,0,0,0,0,0,0,0,0,0
122631,2,1,1986,0,0,0,0,0,0,0,0,0,0
122632,1,1,1986,31,0,0,0,0,0,15,0,10,0
122633,1,1,1986,0,0,0,0,0,25,0,0,0,12
122633,2,1,1986,17,26,17,19,13,21,19,26,11,7
122634,1,1,1986,29,29,29,29,29,29,29,29,29,29
122634,2,1,1986,29,29,29,29,29,29,29,29,29,29
122635,0,1,1986,0,0,0,0,23,0,0,7,0,0
122635,0,2,1986,0,0,0,0,0,0,0,0,0,0
122635,1,1,1986,0,0,0,0,0,3,0,0,0,0
122636,0,1,1986,28,10,13,5,19,7,22,37,43,0
122636,1,1,1986,0,2,33,16,8,6,15,0,26,23
122637,1,1,1986,7,7,7,7,7,7,7,7,7,7
122638,0,1,1986,16,0,0,0,0,18,0,0,0,0
122638,1,1,1986,0,0,0,0,0,0,0,0,0,0
122639,0,1,1986,0,0,0,0,0,0,0,0,0,0
122639,1,1,1986,0,0,0,0,0,0,0,0,0,0
122640,0,1,1986,0,0,19,0,0,0,0,0,34,5
122640,1,1,1986,0,0,0,0,0,0,0,0,0,0
122643,0,2,1986,0,0,0,0,14,0,0,7,0,0
122643,1,1,1986,0,0,0,12,0,0,0,0,5,0
122644,1,1,1986,13,18,0,18,3,12,26,21,14,31
130001,1,1,1986,9,8,0,0,0,0,0,0,0,0
130002,1,1,1986,24,8,15,13,17,26,10,9,37,20
130002,2,1,1986,0,0,0,0,0,9,0,0,0,0
130002,3,1,1986,21,0,29,22,9,17,0,0,22,0
130003,1,1,1986,0,0,0,0,0,0,0,0,0,0
130003,2,1,1986,0,0,0,0,0,0,0,0,0,0
130004,1,1,1986,0,0,0,0,0,0,0,0,0,0
130004,2,1,1986,0,0,0,0,0,0,0,0,0,0
130005,1,1,1986,24,0,14,12,15,32,5,0,15,15
130006,1,1,1986,33,33,33,33,33,33,33,33,33,33
130007,1,1,1986,0,0,0,0,0,0,0,0,8,0
130007,2,1,1986,0,0,0,0,0,2,10,0,0,0
130008,1,1,1986,27,27,27,27,27,27,27,27,27,27
130009,1,1,1986,25,0,11,0,0,19,0,0,0,0
130010,1,1,1986,0,0,0,0,0,0,0,0,0,0
130010,2,1,1986,0,0,0,0,0,0,0,0,0,0
130011,1,1,1986,26,13,11,7,18,0,17,12,15,21
130012,1,1,1986,0,0,0,0,0,0,0,0,0,0
130012,2,1,1986,0,0,0,0,0,0,0,0,0,0
130013,1,1,1986,0,0,0,0,0,0,0,0,0,0
130013,2,1,1986,0,0,0,0,0,0,0,0,0,0
130014,1,1,1986,0,0,0,0,0,0,0,0,0,0
130014,2,1,1986,0,0,7,0,0,0,0,0,0,0
130015,1,1,1986,16,16,16,16,16,16,16,16,16,16
130016,1,1,1986,0,0,0,0,0,0,0,0,0,0
130016,2,1,1986,0,0,0,0,0,0,0,0,0,0
130017,1,1,1986,22,0,14,0,0,0,0,0,27,17
130018,1,1,1986,17,18,10,13,4,12,11,18,0,18
130019,1,1,1986,0,0,15,29,0,0,12,6,34,0
130019,2,1,1986,0,0,0,0,0,17,0,0,0,8
130020,1,1,1986,0,0,0,0,0,0,0,0,0,0
130020,2,1,1986,0,0,0,0,4,0,0,0,0,0
130021,1,1,1986,19,6,22,11,13,24,15,13,0,14
130021,2,1,1986,0,0,11,0,0,0,0,0,0,0
130022,1,1,1986,21,21,21,21,21,21,21,21,21,21
130023,1,1,1986,11,10,21,7,22,15,12,0,0,0
130024,1,1,1986,0,0,0,0,0,0,0,0,0,0
130025,0,1,1986,0,14,24,0,0,0,0,0,0,0
130025,1,1,1986,16,16,16,16,16,16,16,16,16,16
130026,1,1,1986,0,0,0,7,0,0,0,0,0,0
130026,2,1,1986,0,0,0,0,0,0,0,0,0,0
130027,1,1,1986,0,0,0,0,0,0,0,0,0,0
130027,2,1,1986,0,0,0,0,0,0,0,0,0,0
130028,1,1,1986,7,0,0,0,0,7,0,0,0,0
130029,1,1,1986,17,0,0,0,0,0,0,0,0,0
130029,2,1,1986,0,0,0,0,0,0,0,0,0,0
130030,1,1,1986,0,0,0,0,0,0,0,0,0,0
130030,2,1,1986,0,0,0,0,0,0,0,0,0,0
130031,1,1,1986,0,0,0,0,0,0,0,0,0,0
130031,2,1,1986,11,11,11,11,11,11,11,11,11,11
130032,1,1,1986,3,3,3,3,3,3,3,3,3,3
130033,1,1,1986,0,0,0,0,0,0,0,0,0,0
130034,1,1,1986,17,17,17,17,17,17,17,17,17,17
130034,2,1,1986,0,0,0,0,0,0,0,0,0,0
130035,0,1,1986,27,27,27,27,27,27,27,27,27,27
130035,1,1,1986,4,4,4,4,4,4,4,4,4,4
130036,1,1,1986,11,11,11,11,11,11,11,11,11,11
130037,0,1,1986,37,37,37,37,37,37,37,37,37,37
130037,1,1,1986,0,0,0,0,0,0,0,0,0,0
130038,1,1,1986,0,0,0,0,0,0,0,0,0,0
130038,2,1,1986,0,0,0,0,0,0,0,0,0,0
130039,1,1,1986,20,20,20,20,20,20,20,20,20,20
130040,0,1,1986,0,0,0,0,0,0,0,0,0,0
130040,1,1,1986,18,0,0,10,0,14,0,0,0,0
130041,1,1,1986,0,0,0,0,0,0,0,0,0,0
130042,1,1,1986,0,0,0,0,0,0,0,0,0,5
130042,2,1,1986,0,0,0,0,0,0,0,0,0,0
130043,1,1,1986,6,6,6,6,6,6,6,6,6,6
130044,0,1,1986,32,32,32,32,32,32,32,32,32,32
130044,1,1,1986,0,0,0,18,0,0,0,0,0,9
130045,1,1,1986,21,21,21,21,21,21,21,21,21,21
130046,0,1,1986,0,0,0,12,0,0,0,0,0,0
130046,1,1,1986,0,0,0,0,0,0,0,0,0,0
130047,1,1,1986,0,0,0,0,0,0,0,0,0,0
130047,2,1,1986,0,0,0,0,0,0,0,0,0,0
130047,3,1,1986,0,0,0,5,0,0,0,0,0,0
130047,4,1,1986,0,0,0,0,0,0,0,0,0,0
130048,1,1,1986,0,0,0,0,0,0,0,0,0,0
130049,1,1,1986,15,15,15,15,15,15,15,15,15,15
130050,1,1,1986,0,0,0,0,0,0,0,0,0,0
130050,2,1,1986,0,0,0,0,0,0,0,16,0,0
130051,1,1,1986,0,0,0,0,0,0,0,0,0,0
130052,1,1,1986,0,0,0,0,0,0,0,0,0,0
130052,2,1,1986,8,8,8,8,8,8,8,8,8,8
130053,1,1,1986,12,28,15,26,4,17,11,0,9,27
130054,1,1,1986,11,11,11,11,11,11,11,11,11,11
130054,2,1,1986,11,11,11,11,11,11,11,11,11,11
130055,1,1,1986,11,11,11,11,11,11,11,11,11,11
130056,0,1,1986,0,0,15,0,0,0,0,0,0,0
130056,0,2,1986,15,0,0,20,0,0,0,0,0,3
130056,1,1,1986,2,0,0,0,0,0,0,0,0,0
130056,2,1,1986,0,0,0,0,0,0,0,0,0,0
130056,3,1,1986,16,30,16,22,19,14,6,17,11,32
130057,1,1,1986,0,0,0,0,0,0,0,0,0,0
130058,0,1,1986,0,0,0,0,0,0,0,0,0,0
130058,1,1,1986,0,0,0,0,0,7,0,0,0,0
130059,1,1,1986,0,0,0,0,0,0,0,0,0,0
130059,2,1,1986,0,0,0,0,0,0,0,0,0,0
130059,3,1,1986,0,0,0,0,0,0,0,0,0,0
130060,1,1,1986,0,0,0,0,0,0,0,0,0,0
130060,2,1,1986,0,0,0,0,0,0,0,0,0,0
130061,1,1,1986,0,0,0,0,0,0,0,0,0,0
130061,2,1,1986,0,0,0,0,0,0,0,0,0,0
130062,0,1,1986,0,0,0,0,0,13,0,0,0,6
130062,1,1,1986,0,0,0,0,0,0,0,0,0,0
130063,1,1,1986,20,20,20,20,20,20,20,20,20,20
130064,0,1,1986,34,34,34,34,34,34,34,34,34,34
130064,1,1,1986,0,0,0,0,0,0,0,0,0,0
130065,1,1,1986,9,9,9,9,9,9,9,9,9,9
130066,1,1,1986,36,36,36,36,36,36,36,36,36,36
130067,1,1,1986,11,11,11,11,11,11,11,11,11,11
130068,1,1,1986,29,29,29,29,29,29,29,29,29,29
130069,1,1,1986,0,0,0,0,0,0,0,0,0,0
130069,2,1,1986,0,0,0,13,0,0,0,0,0,0
130070,5,1,1986,2,2,2,2,2,2,2,2,2,2
130070,6,1,1986,26,26,26,26,26,26,26,26,26,26
130071,1,1,1986,0,0,0,0,0,0,0,0,0,0
130071,2,1,1986,0,0,0,0,0,0,0,0,0,0
130072,0,1,1986,0,0,0,0,0,0,0,13,0,0
130072,1,1,1986,0,0,0,0,0,0,0,0,0,0
130072,2,1,1986,0,0,0,0,9,0,0,0,0,0
130073,1,1,1986,0,0,0,0,0,0,0,0,10,0
130073,2,1,1986,0,0,0,14,0,0,0,0,0,0
130073,3,1,1986,0,0,0,0,0,5,0,0,0,0
130074,1,1,1986,25,25,25,25,25,25,25,25,25,25
130075,1,1,1986,24,24,24,24,24,24,24,24,24,24
130076,1,1,1986,0,0,0,0,0,0,0,0,0,0
130076,2,1,1986,0,0,0,0,0,0,0,0,0,0
130077,1,1,1986,0,0,0,0,0,0,0,0,0,0
130077,2,1,1986,0,0,0,0,0,0,0,0,0,0
130078,1,1,1986,0,0,0,0,0,0,0,0,0,0
130078,2,1,1986,0,0,0,0,0,0,0,0,0,0
130079,1,1,1986,0,0,0,18,0,0,0,0,0,0
130080,1,1,1986,0,0,0,0,0,0,0,0,0,0
130080,2,1,1986,3,3,3,3,3,3,3,3,3,3
130081,1,1,1986,0,0,3,0,0,0,0,0,0,0
130081,2,1,1986,26,20,20,22,12,16,8,24,19,0
130082,1,1,1986,0,0,0,0,0,0,0,0,0,3
130082,2,1,1986,0,0,0,0,0,0,0,0,0,0
130083,0,1,1986,0,0,0,0,0,0,0,0,0,0
130083,1,1,1986,22,22,22,22,22,22,22,22,22,22
130084,0,1,1986,41,41,41,41,41,41,41,41,41,41
130084,1,1,1986,4,4,4,4,4,4,4,4,4,4
130085,1,1,1986,0,0,0,0,0,0,0,0,0,0
130086,0,1,1986,0,0,0,0,0,0,0,0,0,0
130086,1,1,1986,0,0,0,0,0,0,0,0,0,0
130087,0,1,1986,20,0,9,0,0,14,21,0,0,0
130087,1,1,1986,0,0,0,0,0,0,0,0,0,0
130088,1,1,1986,0,0,0,0,0,0,0,0,0,0
130088,2,1,1986,0,0,0,0,0,0,0,0,0,0
130089,0,1,1986,26,26,26,26,26,26,26,26,26,26
130089,1,1,1986,0,0,0,0,0,0,0,0,0,0
130090,1,1,1986,0,0,0,0,0,0,0,0,0,8
130090,2,1,1986,7,7,7,7,7,7,7,7,7,7
130091,1,1,1986,0,0,0,0,0,0,0,0,0,0
130092,1,1,1986,8,18,0,13,21,26,0,15,22,18
130093,0,1,1986,32,32,32,32,32,32,32,32,32,32
130093,1,1,1986,15,6,13,10,23,9,6,20,4,21
130094,1,1,1986,0,0,0,0,0,0,0,0,0,0
130095,1,1,1986,13,13,13,13,13,13,13,13,13,13
130096,1,1,1986,0,0,0,0,0,0,0,0,0,0
130096,2,1,1986,0,0,0,0,0,0,0,0,0,0
130097,1,1,1986,0,0,0,0,0,0,0,0,0,0
130097,2,1,1986,0,0,0,0,0,0,0,0,0,0
130098,0,1,1986,0,0,0,0,0,0,0,0,0,0
130098,1,1,1986,0,0,0,0,0,0,0,0,0,0
130099,0,1,1986,35,35,35,35,35,35,35,35,35,35
130099,1,1,1986,27,7,12,4,12,19,0,21,7,18
130100,0,1,1986,0,0,0,0,0,0,0,0,0,0
130100,1,1,1986,0,0,0,0,0,0,0,0,0,0
130101,1,1,1986,0,0,0,0,0,0,0,0,0,0
130102,0,1,1986,0,0,0,0,0,0,0,0,0,0
130102,0,2,1986,0,6,0,0,0,0,0,0,8,13
130102,1,1,1986,0,0,0,0,0,0,0,15,0,0
130103,1,1,1986,0,0,0,0,0,0,0,0,0,0
130103,2,1,1986,0,0,0,0,0,0,0,0,0,0
130104,1,1,1986,0,0,0,0,0,0,0,0,0,0
130105,1,1,1986,26,26,26,26,26,26,26,26,26,26
130106,1,1,1986,0,21,0,0,12,0,0,0,15,0
130107,1,1,1986,11,11,11,11,11,11,11,11,11,11
130109,1,1,1986,0,0,0,0,0,0,0,0,0,0
130109,2,1,1986,0,0,0,0,0,0,0,0,0,0
130110,1,1,1986,0,0,0,0,0,0,0,0,0,0
130110,2,1,1986,0,0,0,0,0,0,0,0,0,0
130111,0,1,1986,0,0,0,0,0,0,0,0,0,0
130111,1,1,1986,0,0,0,0,0,0,0,0,0,0
130112,1,1,1986,0,0,0,0,0,0,0,3,0,0
130112,2,1,1986,0,0,0,0,0,0,0,0,0,0
130113,1,1,1986,0,0,0,0,0,0,0,0,0,0
130113,2,1,1986,0,0,0,0,0,0,0,0,0,0
130114,1,1,1986,0,0,0,0,0,0,0,0,0,0
130115,1,1,1986,19,19,19,19,19,19,19,19,19,19
130115,2,1,1986,0,0,0,0,0,0,0,0,0,0
130116,1,1,1986,0,0,0,0,0,0,0,0,0,28
130116,2,1,1986,0,5,0,0,0,0,0,0,15,0
130117,1,1,1986,0,0,0,0,0,0,0,0,0,0
130117,2,1,1986,0,0,0,0,0,0,0,0,0,0
130118,1,1,1986,39,39,39,39,39,39,39,39,39,39
130119,1,1,1986,31,31,31,31,31,31,31,31,31,31
130119,2,1,1986,0,0,0,0,0,0,0,0,0,0
130120,1,1,1986,17,0,11,22,32,33,30,40,39,13
130121,1,1,1986,0,0,0,0,0,0,0,0,0,0
130122,1,1,1986,0,15,0,0,0,0,0,0,0,0
130122,2,1,1986,0,0,0,0,0,0,0,0,0,0
130123,1,1,1986,0,0,0,0,0,0,0,0,0,0
130123,2,1,1986,0,0,0,0,0,0,0,0,0,0
130124,1,1,1986,0,0,0,0,0,0,0,0,0,0
130124,2,1,1986,22,22,22,22,22,22,22,22,22,22
130125,0,1,1986,0,0,0,0,0,0,0,0,0,0
130125,1,1,1986,0,0,0,0,0,0,0,0,0,0
130126,1,1,1986,0,0,0,0,0,0,0,0,0,8
130126,2,1,1986,0,0,0,0,0,0,0,0,0,0
130127,1,1,1986,22,22,22,22,22,22,22,22,22,22
130128,1,1,1986,18,18,18,18,18,18,18,18,18,18
130129,0,1,1986,0,0,0,0,0,0,0,0,0,0
130129,1,1,1986,0,0,0,0,0,0,0,6,0,0
130130,0,1,1986,0,0,0,0,0,0,0,0,0,0