ST_CASE,VEH_NO,PER_NO,YEAR,P1,P2,P3,P4,P5,P6,P7,P8,P9,P10
131010,1,1,1986,0,0,0,0,12,0,0,0,0,0
131010,2,1,1986,10,0,0,0,24,0,0,14,0,0
131011,1,1,1986,0,7,11,0,0,0,0,0,0,0
131011,2,1,1986,0,0,0,0,0,0,0,0,0,0
131012,1,1,1986,30,30,30,30,30,30,30,30,30,30
131013,1,1,1986,0,0,0,0,0,0,0,0,0,0
131013,2,1,1986,0,0,0,0,0,0,0,0,0,0
131013,3,1,1986,22,22,22,22,22,22,22,22,22,22
131014,1,1,1986,0,0,0,0,0,0,0,0,0,0
131014,2,1,1986,0,0,0,0,0,0,0,0,0,0
131014,3,1,1986,0,0,0,0,0,0,0,0,0,0
131015,1,1,1986,0,0,0,0,0,0,0,0,0,0
131015,2,1,1986,0,0,0,0,0,0,0,0,0,0
131016,0,1,1986,0,0,0,0,0,0,0,0,0,0
131016,1,1,1986,17,17,17,17,17,17,17,17,17,17
131017,1,1,1986,0,0,0,0,6,0,0,0,0,0
131017,2,1,1986,0,0,0,0,0,0,0,0,0,0
131018,1,1,1986,2,2,2,2,2,2,2,2,2,2
131018,2,1,1986,0,0,0,0,0,0,0,0,0,0
131018,3,1,1986,0,0,0,17,0,0,0,0,0,0
131019,0,1,1986,1,1,1,1,1,1,1,1,1,1
131019,1,1,1986,0,0,0,0,0,0,0,0,0,0
131019,2,1,1986,0,0,0,0,0,0,0,0,0,0
131020,0,1,1986,0,0,0,0,0,0,0,0,0,0
131020,1,1,1986,0,0,0,0,0,0,0,0,0,0
131021,1,1,1986,0,0,0,0,0,0,0,0,0,0
131021,2,1,1986,3,3,3,3,3,3,3,3,3,3
131022,1,1,1986,13,13,13,13,13,13,13,13,13,13
131023,0,1,1986,26,26,26,26,26,26,26,26,26,26
131023,1,1,1986,0,0,18,10,11,0,0,0,0,0
131024,1,1,1986,0,0,0,0,0,0,0,0,0,0
131024,2,1,1986,0,0,0,0,0,0,0,0,0,0
131025,1,1,1986,12,12,12,12,12,12,12,12,12,12
131025,2,1,1986,0,0,0,0,0,0,0,0,0,0
131027,1,1,1986,0,0,0,0,0,0,0,0,0,0
131027,2,1,1986,0,0,0,0,0,4,0,0,0,0
131028,0,1,1986,0,0,0,0,0,0,0,0,0,0
131028,1,1,1986,0,12,0,15,0,0,21,0,0,0
131029,1,1,1986,0,0,0,0,0,0,0,0,0,16
131029,2,1,1986,27,32,0,8,14,8,20,24,12,9
131030,1,1,1986,19,19,19,19,19,19,19,19,19,19
131031,1,1,1986,0,0,0,0,0,0,0,0,0,0
131031,2,1,1986,0,0,0,0,0,0,0,0,0,0
131032,1,1,1986,0,0,0,0,0,0,0,0,0,0
131032,2,1,1986,4,4,4,4,4,4,4,4,4,4
131033,1,1,1986,30,30,30,30,30,30,30,30,30,30
131034,1,1,1986,21,21,21,21,21,21,21,21,21,21
131035,0,1,1986,32,32,32,32,32,32,32,32,32,32
131035,1,1,1986,0,0,0,0,0,0,0,0,0,0
131035,2,1,1986,0,0,0,0,0,0,0,0,0,0
131036,1,1,1986,0,0,0,0,0,0,0,0,0,0
131036,2,1,1986,0,0,0,0,0,0,0,0,0,0
131037,0,1,1986,0,0,0,0,0,12,0,0,0,0
131037,0,2,1986,14,0,0,0,0,9,16,0,0,0
131037,1,1,1986,0,0,0,0,0,0,0,0,0,0
131038,1,1,1986,0,11,0,0,0,0,0,0,0,0
131038,2,1,1986,0,0,0,0,0,0,0,0,0,0
131039,1,1,1986,17,17,17,17,17,17,17,17,17,17
131039,2,1,1986,11,0,0,0,0,0,0,0,0,11
131040,1,1,1986,0,0,0,0,0,0,0,0,0,0
131041,0,1,1986,13,0,0,0,0,0,0,0,0,0
131041,1,1,1986,0,0,0,0,0,0,0,0,0,0
131042,1,1,1986,46,0,0,7,0,0,0,0,0,2
131042,2,1,1986,0,21,0,0,0,0,0,0,0,0
131043,1,1,1986,23,23,23,23,23,23,23,23,23,23
131044,1,1,1986,0,0,0,0,0,0,0,0,0,0
131044,2,1,1986,0,0,0,0,0,0,0,0,0,0
131045,1,1,1986,13,13,13,13,13,13,13,13,13,13
131045,2,1,1986,0,0,0,0,0,0,0,0,0,0
131046,1,1,1986,0,0,0,0,0,0,0,0,0,0
131046,2,1,1986,13,13,13,13,13,13,13,13,13,13
131047,1,1,1986,21,21,21,21,21,21,21,21,21,21
131048,1,1,1986,0,0,0,0,0,0,0,0,0,0
131048,2,1,1986,0,0,0,0,0,0,0,0,0,0
131049,1,1,1986,0,0,0,0,0,0,0,0,0,0
131050,1,1,1986,0,0,0,0,0,0,0,0,0,0
131050,2,1,1986,0,0,0,0,0,0,0,0,0,0
131051,0,1,1986,30,10,19,9,23,11,42,22,0,50
131051,1,1,1986,0,0,0,0,13,18,0,0,0,17
131052,0,1,1986,0,0,0,0,0,0,0,0,0,0
131052,1,1,1986,0,0,0,0,0,0,0,0,0,0
131053,0,1,1986,0,0,0,0,0,0,0,0,0,0
131053,1,1,1986,0,0,0,0,0,0,0,0,0,0
131054,1,1,1986,0,0,0,0,0,0,0,0,0,0
131054,2,1,1986,0,0,0,0,0,0,0,0,0,0
131054,3,1,1986,0,0,0,0,0,0,0,0,0,0
131055,0,1,1986,14,14,14,14,14,14,14,14,14,14
131055,1,1,1986,0,0,0,0,0,0,0,0,0,0
131056,0,1,1986,3,3,3,3,3,3,3,3,3,3
131056,1,1,1986,0,0,0,0,0,0,0,0,0,0
131057,1,1,1986,0,0,0,0,0,0,0,0,0,0
131057,2,1,1986,0,0,0,0,0,0,0,0,0,0
131057,3,1,1986,0,0,0,0,0,0,0,0,0,0
131057,4,1,1986,0,0,0,0,0,0,0,0,0,0
131058,1,1,1986,22,22,22,22,22,22,22,22,22,22
131059,1,1,1986,0,0,0,0,0,0,0,0,0,0
131059,2,1,1986,0,0,0,0,0,0,0,0,0,0
131060,1,1,1986,0,0,0,0,3,0,0,0,0,0
131060,2,1,1986,0,0,0,0,0,0,0,0,0,0
131061,1,1,1986,12,14,10,0,20,16,0,0,0,0
131062,1,1,1986,0,0,0,0,0,0,0,0,8,0
131062,2,1,1986,0,0,0,0,0,0,0,0,0,0
131063,0,1,1986,14,14,14,14,14,14,14,14,14,14
131063,0,2,1986,0,8,0,8,7,0,8,9,0,0
131063,1,1,1986,0,0,0,0,0,0,0,0,0,0
131063,2,1,1986,0,0,0,3,0,0,0,0,0,0
131064,1,1,1986,25,25,25,25,25,25,25,25,25,25
131065,1,1,1986,13,7,0,12,13,14,16,24,35,13
131066,1,1,1986,0,0,0,0,0,0,0,0,0,0
131066,2,1,1986,0,0,0,0,0,0,0,0,0,0
131067,0,1,1986,0,19,28,11,35,14,31,20,23,25
131067,1,1,1986,0,0,0,0,0,0,0,0,0,0
131068,1,1,1986,0,0,0,0,0,0,0,0,0,0
131069,1,1,1986,23,12,18,0,0,0,0,0,27,18
131070,1,1,1986,0,0,0,0,0,0,0,0,0,0
131070,2,1,1986,0,0,0,0,0,0,0,0,0,0
131071,1,1,1986,0,0,0,0,0,0,0,0,0,0
131072,1,1,1986,25,25,25,25,25,25,25,25,25,25
131073,1,1,1986,0,0,7,20,15,0,22,0,18,12
131074,1,1,1986,6,6,6,6,6,6,6,6,6,6
131075,0,1,1986,41,41,41,41,41,41,41,41,41,41
131075,1,1,1986,0,20,0,0,0,0,0,0,0,15
131076,0,1,1986,25,25,25,25,25,25,25,25,25,25
131076,1,1,1986,0,0,7,0,5,0,0,0,0,0
131077,1,1,1986,28,28,28,28,28,28,28,28,28,28
131077,2,1,1986,0,0,13,15,0,0,0,0,0,0
131078,1,1,1986,19,19,19,19,19,19,19,19,19,19
131079,1,1,1986,0,0,0,0,0,0,0,0,0,0
131080,1,1,1986,18,18,18,18,18,18,18,18,18,18
131080,2,1,1986,0,0,0,0,0,0,0,0,0,0
131080,3,1,1986,0,0,0,0,0,0,0,0,0,0
131080,4,1,1986,0,0,0,0,0,0,0,0,0,0
131081,1,1,1986,0,0,0,0,0,0,0,0,0,0
131081,2,1,1986,0,0,0,0,0,0,0,0,0,0
131082,1,1,1986,8,8,8,8,8,8,8,8,8,8
131083,1,1,1986,5,5,5,5,5,5,5,5,5,5
131084,1,1,1986,24,24,24,24,24,24,24,24,24,24
131085,1,1,1986,25,25,25,25,25,25,25,25,25,25
131086,1,1,1986,0,0,0,12,41,0,0,13,16,0
131087,0,1,1986,0,0,0,0,0,0,0,0,0,0
131087,0,2,1986,23,37,13,5,4,29,19,24,0,18
131087,1,1,1986,17,17,17,17,17,17,17,17,17,17
131088,1,1,1986,22,22,22,22,22,22,22,22,22,22
131089,1,1,1986,24,24,24,24,24,24,24,24,24,24
131090,1,1,1986,0,0,0,0,0,0,0,0,0,0
131090,2,1,1986,0,0,0,0,0,0,0,0,0,0
131091,1,1,1986,0,0,0,0,0,0,0,0,0,0
131091,2,1,1986,15,11,0,12,0,0,0,0,0,0
131092,0,1,1986,30,30,30,30,30,30,30,30,30,30
131092,1,1,1986,0,0,0,0,0,20,0,0,0,0
131093,1,1,1986,0,0,0,0,0,0,0,0,0,0
131094,1,1,1986,0,0,0,0,0,0,0,0,0,0
131095,0,1,1986,0,0,0,0,0,0,0,0,0,0
131095,1,1,1986,0,0,0,0,0,0,0,0,0,0
131096,1,1,1986,29,29,29,29,29,29,29,29,29,29
131096,2,1,1986,0,0,0,0,0,0,0,0,0,0
131097,1,1,1986,20,20,20,20,20,20,20,20,20,20
131098,1,1,1986,0,0,0,0,0,18,4,0,0,0
131099,1,1,1986,0,0,0,0,0,0,0,0,0,0
131099,2,1,1986,0,0,0,0,0,0,0,0,0,0
131100,1,1,1986,0,0,0,0,0,0,0,0,21,3
131101,1,1,1986,0,27,0,0,0,0,0,0,0,0
131101,2,1,1986,0,0,0,0,0,0,0,0,0,0
131102,1,1,1986,0,0,0,0,0,0,0,0,0,0
131103,1,1,1986,0,0,0,0,0,0,0,0,0,0
131103,2,1,1986,0,0,0,0,0,0,0,0,10,0
131104,1,1,1986,0,0,0,0,0,0,0,0,0,0
131104,2,1,1986,4,4,4,4,4,4,4,4,4,4
131104,3,1,1986,2,2,2,2,2,2,2,2,2,2
131105,1,1,1986,0,0,11,0,0,0,8,28,0,0
131106,1,1,1986,23,23,23,23,23,23,23,23,23,23
131107,1,1,1986,10,10,10,10,10,10,10,10,10,10
131107,2,1,1986,0,0,0,0,0,0,0,0,0,0
131108,0,1,1986,0,0,0,0,0,0,0,0,0,0
131108,1,1,1986,0,0,0,0,0,0,0,0,0,0
131109,1,1,1986,16,16,16,16,16,16,16,16,16,16
131109,2,1,1986,16,16,16,16,16,16,16,16,16,16
131110,1,1,1986,0,0,0,0,0,0,0,0,0,0
131111,1,1,1986,0,0,0,0,0,0,0,0,0,0
131111,2,1,1986,0,0,0,0,0,0,0,0,0,0
131112,1,1,1986,0,0,0,0,0,0,0,0,0,0
131112,2,1,1986,0,0,0,0,0,0,0,0,0,0
131112,3,1,1986,0,0,8,0,0,0,0,4,0,0
131113,1,1,1986,0,0,0,0,0,0,21,0,0,0
131113,2,1,1986,0,0,0,0,0,0,0,0,0,0
131114,1,1,1986,17,22,25,0,13,12,11,12,0,22
131115,0,1,1986,0,0,0,0,0,0,0,0,0,0
131115,1,1,1986,0,18,0,0,0,0,10,0,0,0
131116,1,1,1986,0,0,0,0,0,0,0,0,0,0
131116,2,1,1986,0,0,0,0,0,0,0,0,0,7
131117,1,1,1986,0,0,6,0,0,0,0,0,0,0
131117,2,1,1986,0,0,0,0,0,0,0,0,0,0
131118,1,1,1986,35,29,25,24,16,0,26,14,16,18
131119,1,1,1986,8,8,8,8,8,8,8,8,8,8
131119,2,1,1986,0,0,0,0,0,0,0,0,0,0
131120,0,1,1986,0,0,0,0,0,0,0,0,0,0
131120,1,1,1986,0,0,0,0,0,0,0,0,0,0
131121,1,1,1986,0,0,0,0,0,0,0,0,0,0
131121,2,1,1986,0,0,0,0,0,0,0,0,0,0
131122,1,1,1986,30,30,30,30,30,30,30,30,30,30
131123,1,1,1986,0,0,0,0,0,0,0,0,0,0
131124,1,1,1986,14,14,14,14,14,14,14,14,14,14
131125,0,1,1986,0,0,0,0,0,0,0,0,0,0
131125,0,2,1986,16,0,0,0,0,0,0,0,0,0
131125,1,1,1986,5,0,0,0,0,0,9,0,0,0
131126,1,1,1986,0,0,0,0,0,0,0,0,0,0
131126,2,1,1986,0,0,0,0,0,0,0,0,0,0
131127,0,1,1986,0,0,0,0,0,0,0,0,0,0
131127,1,1,1986,0,0,0,0,0,0,0,0,0,0
131128,1,1,1986,31,31,31,31,31,31,31,31,31,31
131129,1,1,1986,23,23,23,23,23,23,23,23,23,23
131130,1,1,1986,0,0,0,0,0,0,0,0,0,0
131130,2,1,1986,16,12,0,0,20,0,0,0,17,0
131131,1,1,1986,0,0,0,0,0,0,0,0,0,0
131132,0,1,1986,0,0,0,0,0,0,0,0,0,10
131132,1,1,1986,0,0,0,0,0,0,0,0,0,0
131133,1,1,1986,0,0,0,0,0,0,0,0,0,0
131133,2,1,1986,3,3,3,3,3,3,3,3,3,3
131134,1,2,1986,18,18,18,18,18,18,18,18,18,18
131135,1,1,1986,10,0,0,7,0,21,0,0,0,0
131135,2,1,1986,15,15,15,15,15,15,15,15,15,15
131136,1,1,1986,0,0,0,0,0,0,0,0,0,0
131136,2,1,1986,0,0,0,0,0,0,0,0,0,0
131138,1,1,1986,0,0,0,0,0,0,0,0,0,0
131138,2,1,1986,0,0,0,0,0,0,0,0,0,0
131138,3,1,1986,0,0,0,0,0,0,0,0,0,0
131139,1,1,1986,3,3,3,3,3,3,3,3,3,3
131140,0,1,1986,0,0,0,0,0,0,0,0,0,33
131140,1,1,1986,19,0,0,0,0,0,0,0,0,0
131141,1,1,1986,28,28,28,28,28,28,28,28,28,28
131142,1,1,1986,0,0,0,0,0,0,0,0,0,0
131143,1,1,1986,7,7,7,7,7,7,7,7,7,7
131144,1,1,1986,11,11,11,11,11,11,11,11,11,11
131145,1,1,1986,0,0,0,0,0,0,0,0,0,0
131145,2,1,1986,0,0,0,0,0,0,0,0,0,0
131146,1,1,1986,0,0,0,0,0,0,0,0,0,0
131146,2,1,1986,4,0,0,0,0,0,0,0,0,14
131147,1,1,1986,0,0,0,0,0,0,0,0,0,0
131147,2,1,1986,0,0,0,0,0,0,0,0,0,0
131148,1,1,1986,0,0,0,0,0,0,0,0,0,0
131148,2,1,1986,0,0,0,0,0,0,0,0,0,0
131149,0,1,1986,24,24,24,24,24,24,24,24,24,24
131149,1,1,1986,14,23,0,5,0,21,9,0,16,16
131150,1,1,1986,20,20,20,20,20,20,20,20,20,20
131151,1,1,1986,14,14,14,14,14,14,14,14,14,14
131151,2,1,1986,0,0,0,11,0,0,0,0,3,0
131151,3,1,1986,0,0,7,0,8,0,0,0,0,11
131152,1,1,1986,15,15,15,15,15,15,15,15,15,15
131153,0,1,1986,14,14,14,14,14,14,14,14,14,14
131153,1,1,1986,0,0,0,0,0,6,0,0,0,0
131154,0,1,1986,0,0,0,0,0,0,0,0,0,0
131154,1,1,1986,0,0,0,0,0,0,19,0,0,21
131155,0,1,1986,20,20,20,20,20,20,20,20,20,20
131155,1,1,1986,0,0,0,0,0,0,0,0,0,0
131156,1,1,1986,18,18,18,18,18,18,18,18,18,18
131157,0,1,1986,0,0,0,0,0,0,0,0,0,0
131157,1,1,1986,0,0,0,0,0,0,0,0,0,0
131158,1,1,1986,0,0,0,0,0,0,0,0,0,0
131158,2,1,1986,0,0,0,0,0,0,0,0,0,0
131159,0,1,1986,0,0,0,0,21,32,0,9,3,0
131159,0,2,1986,0,0,0,15,0,0,0,0,0,0
131159,1,1,1986,17,17,36,13,12,22,17,12,29,20
131160,1,1,1986,11,11,11,11,11,11,11,11,11,11
131161,1,1,1986,10,10,10,10,10,10,10,10,10,10
131161,2,1,1986,0,0,0,0,0,0,0,0,0,0
131161,3,1,1986,0,0,0,0,0,0,0,0,0,0
131162,1,1,1986,0,0,0,0,0,0,0,0,0,0
131162,2,1,1986,15,15,15,15,15,15,15,15,15,15
131163,1,1,1986,0,0,9,0,0,0,0,0,0,0
131164,0,1,1986,29,0,0,0,0,50,0,0,0,0
131164,1,1,1986,0,0,0,0,0,0,0,0,0,0
131165,1,1,1986,0,0,0,0,0,0,0,0,0,0
131166,1,1,1986,36,3,25,0,15,0,16,10,10,30
131167,1,1,1986,0,0,0,0,0,0,0,0,0,0
131167,2,1,1986,0,0,0,0,0,0,0,0,0,0
131167,3,1,1986,0,0,0,0,0,0,0,0,0,0
131168,1,1,1986,25,0,21,40,0,15,12,22,0,28
131169,1,1,1986,4,5,16,12,11,17,22,0,0,0
131170,1,1,1986,0,0,0,0,0,0,0,0,0,0
131170,2,1,1986,0,0,0,0,0,0,0,0,0,0
131171,0,1,1986,0,0,8,0,0,0,0,0,0,0
131171,1,1,1986,0,0,0,17,18,0,0,0,0,27
131172,1,1,1986,0,0,0,0,0,0,0,0,0,0
131172,2,1,1986,0,0,0,0,0,0,0,0,0,0
131173,0,1,1986,0,0,0,0,0,0,12,0,0,0
131173,1,1,1986,0,0,0,0,0,0,0,0,0,0
131174,1,1,1986,0,0,0,0,0,0,0,0,0,0
131174,2,1,1986,0,0,0,0,0,0,0,0,0,0
131174,3,1,1986,0,0,0,0,0,0,0,0,0,0
131175,1,1,1986,0,0,0,0,0,0,0,0,0,0
131175,2,1,1986,0,0,0,0,0,0,0,0,0,0
131176,1,1,1986,6,19,0,20,0,0,13,0,8,11
131177,1,1,1986,23,0,30,16,27,0,0,10,20,0
131178,1,1,1986,0,0,0,0,0,0,0,0,0,0
131180,1,1,1986,4,4,4,4,4,4,4,4,4,4
131180,2,1,1986,0,0,0,0,0,0,0,0,0,0
131181,1,2,1986,10,10,10,10,10,10,10,10,10,10
131182,1,1,1986,9,9,9,9,9,9,9,9,9,9
131183,1,1,1986,17,17,17,17,17,17,17,17,17,17
131184,1,1,1986,14,14,14,14,14,14,14,14,14,14
131185,0,1,1986,0,0,0,0,0,0,0,0,0,0
131185,1,1,1986,29,29,29,29,29,29,29,29,29,29
131186,1,1,1986,23,23,23,23,23,23,23,23,23,23
131187,1,1,1986,8,8,8,8,8,8,8,8,8,8
131187,2,1,1986,0,0,0,0,0,0,31,0,0,0
131188,1,1,1986,0,0,0,0,0,0,0,0,0,0
131188,2,1,1986,0,0,0,0,0,0,0,0,0,0
131188,3,1,1986,0,0,0,0,0,0,0,0,0,0
131189,1,1,1986,0,0,0,0,0,0,0,0,0,0
131189,2,1,1986,0,0,0,0,0,0,0,15,0,0
131189,3,1,1986,0,0,0,0,0,0,0,0,0,0
131190,0,1,1986,28,28,28,28,28,28,28,28,28,28
131190,1,1,1986,13,0,0,0,0,0,0,0,0,0
131191,0,1,1986,0,0,0,0,0,0,0,0,0,0
131191,0,2,1986,11,11,11,11,11,11,11,11,11,11
131191,1,1,1986,0,0,0,0,0,0,0,0,0,0
131192,0,1,1986,0,0,0,0,0,0,0,0,0,0
131192,1,1,1986,0,0,0,0,0,0,0,0,0,0
131194,1,1,1986,0,0,0,0,0,0,0,0,0,0
131194,2,1,1986,0,0,0,0,0,0,0,0,0,0
131195,1,1,1986,4,4,4,4,4,4,4,4,4,4
131195,2,1,1986,20,20,20,20,20,20,20,20,20,20
131195,3,1,1986,0,0,0,0,0,0,0,0,0,0
131196,1,1,1986,18,18,18,18,18,18,18,18,18,18
131197,1,1,1986,0,0,0,0,0,0,0,0,0,0
131198,1,1,1986,10,10,10,10,10,10,10,10,10,10
131198,2,1,1986,12,12,12,12,12,12,12,12,12,12
131199,0,1,1986,17,17,17,17,17,17,17,17,17,17
131199,1,1,1986,0,0,0,0,0,0,0,0,0,0
131199,2,1,1986,0,0,0,0,0,0,0,0,0,0
131200,0,1,1986,10,5,0,0,0,38,0,29,11,25
131200,1,1,1986,0,0,0,0,0,0,15,0,0,0
131201,1,1,1986,26,26,26,26,26,26,26,26,26,26
131202,1,1,1986,0,0,0,0,0,0,0,0,0,0
131202,2,1,1986,0,0,0,0,0,0,0,0,0,0
131203,1,1,1986,0,0,0,0,0,0,0,0,0,0
131203,2,1,1986,0,0,0,0,0,0,0,0,0,0
131204,1,1,1986,9,9,9,9,9,9,9,9,9,9
131204,2,1,1986,0,0,0,9,0,0,0,0,0,0
131205,1,1,1986,32,32,32,32,32,32,32,32,32,32
131205,2,1,1986,0,0,0,0,0,0,0,0,0,0
131205,3,1,1986,0,0,0,0,0,0,0,0,0,0
131206,1,1,1986,0,0,0,0,0,0,0,0,0,0
131206,2,1,1986,0,0,0,0,0,0,0,0,0,0
131207,1,1,1986,26,26,26,26,26,26,26,26,26,26
131208,1,1,1986,42,42,42,42,42,42,42,42,42,42
131209,1,1,1986,29,29,29,29,29,29,29,29,29,29
131209,2,1,1986,0,0,0,0,0,0,0,0,0,0
131209,3,1,1986,0,0,3,0,0,0,0,15,0,4
131210,1,1,1986,0,0,0,0,0,0,0,19,0,15
131210,2,1,1986,12,18,0,12,0,0,0,0,7,0
131211,1,1,1986,0,0,0,0,0,0,0,0,0,0
131211,2,1,1986,0,0,0,0,0,0,0,0,0,0
131212,1,1,1986,8,8,8,8,8,8,8,8,8,8
131212,2,1,1986,0,0,0,0,0,0,23,0,0,0
131213,1,1,1986,20,20,20,20,20,20,20,20,20,20
131214,1,1,1986,0,0,0,0,0,15,0,0,0,0
131214,2,1,1986,0,0,0,0,0,0,0,0,0,0
131215,1,1,1986,0,0,0,0,0,0,0,0,0,0
131215,2,1,1986,0,0,0,0,0,0,0,0,15,0
131216,1,1,1986,0,0,0,0,0,0,0,0,0,0
131216,2,1,1986,28,28,28,28,28,28,28,28,28,28
131217,1,1,1986,2,2,2,2,2,2,2,2,2,2
131218,1,1,1986,0,0,0,7,0,0,4,6,0,0
131219,1,1,1986,0,0,0,0,0,0,0,0,0,0
131219,2,1,1986,0,0,0,0,0,0,0,0,0,0
131220,1,1,1986,0,29,0,0,0,0,0,0,16,0
131221,1,1,1986,0,0,0,0,0,0,0,0,0,0
131221,2,1,1986,0,0,0,0,0,0,0,0,0,0
131222,1,1,1986,0,0,0,0,0,0,0,0,0,0
131223,1,1,1986,0,7,15,0,10,20,11,0,0,14
131224,1,1,1986,0,0,0,0,0,0,0,0,0,0
131224,2,1,1986,0,0,0,19,0,0,0,0,0,0
131225,1,1,1986,0,19,0,0,11,0,0,0,0,0
131226,1,1,1986,0,0,0,0,0,0,0,0,0,0
131227,1,1,1986,0,0,0,0,0,0,0,0,0,0
131227,2,1,1986,0,0,0,0,0,0,0,0,0,0
131228,1,1,1986,38,38,38,38,38,38,38,38,38,38
131229,1,1,1986,7,7,7,7,7,7,7,7,7,7
131230,1,1,1986,0,0,0,13,0,0,11,0,0,22
131231,1,1,1986,25,0,0,0,0,0,0,19,33,0
131231,2,1,1986,0,0,0,0,0,0,0,0,0,0
131232,1,1,1986,18,18,18,18,18,18,18,18,18,18
131233,1,1,1986,0,0,21,0,26,17,0,22,0,18
131233,2,1,1986,0,0,0,0,0,0,0,0,0,0
131234,1,1,1986,0,0,0,0,0,0,0,0,0,0
131234,2,1,1986,0,0,0,0,0,0,0,0,0,0
131234,3,1,1986,0,0,0,0,0,0,0,0,0,0
131235,1,1,1986,0,0,0,0,0,0,0,0,0,0
131235,2,1,1986,0,0,0,0,0,0,0,0,0,0
131236,1,1,1986,16,16,16,16,16,16,16,16,16,16
131237,1,1,1986,0,0,0,0,0,0,0,0,0,0
131237,2,1,1986,4,4,4,4,4,4,4,4,4,4
131238,1,1,1986,18,18,18,18,18,18,18,18,18,18
131238,2,1,1986,0,0,0,0,0,0,0,0,0,0
131239,1,1,1986,11,11,11,11,11,11,11,11,11,11
131240,1,1,1986,14,19,0,0,0,0,35,12,25,0
131241,1,1,1986,0,0,0,0,0,0,0,0,15,0
131241,2,1,1986,0,0,0,0,0,0,0,0,0,0
131242,1,1,1986,24,24,24,24,24,24,24,24,24,24
131242,2,1,1986,0,0,0,0,0,0,0,0,0,0
131243,1,1,1986,0,0,0,0,0,0,0,0,0,0
131244,1,1,1986,10,10,10,10,10,10,10,10,10,10
131245,1,1,1986,2,2,2,2,2,2,2,2,2,2
131245,2,1,1986,0,0,0,19,16,0,0,36,15,0
131246,1,1,1986,0,0,0,0,0,0,0,0,0,0
131246,2,1,1986,0,0,0,0,0,0,0,0,0,0
131247,1,1,1986,22,22,22,22,22,22,22,22,22,22
131248,0,1,1986,45,45,45,45,45,45,45,45,45,45
131248,1,1,1986,0,0,12,12,0,0,0,0,0,0
131249,0,1,1986,0,0,0,0,0,0,0,0,0,0
131249,1,1,1986,0,16,0,0,10,21,0,0,0,24
131250,1,1,1986,0,0,0,0,0,0,0,0,0,0
131251,1,1,1986,14,14,14,14,14,14,14,14,14,14
131252,1,1,1986,0,0,0,0,0,0,0,0,0,0
131252,2,1,1986,0,0,0,0,0,0,0,0,0,0
131253,0,1,1986,0,0,0,0,0,0,0,0,0,0
131253,1,1,1986,0,0,0,0,0,0,0,0,0,0
131254,1,1,1986,0,0,0,0,0,0,0,0,0,0
131254,2,1,1986,0,17,0,0,0,0,0,0,0,0
131254,3,1,1986,0,0,0,0,0,0,0,0,0,0
131255,0,1,1986,0,0,0,0,0,0,0,0,0,0
131255,1,1,1986,2,2,2,2,2,2,2,2,2,2
131256,1,1,1986,0,7,0,0,0,0,0,0,0,0
131256,2,1,1986,0,0,0,0,0,0,0,0,0,0
131257,1,1,1986,5,0,30,7,15,20,31,16,13,26
131258,0,1,1986,0,0,0,0,0,0,0,0,0,0
131258,1,1,1986,0,0,0,0,0,0,0,0,0,0
131259,1,1,1986,0,0,0,0,0,0,0,0,0,0
131260,1,1,1986,0,0,0,0,0,0,0,0,0,0
131260,2,1,1986,9,0,0,0,0,0,11,0,0,0
131261,1,1,1986,0,18,17,22,26,17,8,29,20,18
131262,0,1,1986,0,0,0,0,0,0,0,0,0,0
131262,1,1,1986,4,4,4,4,4,4,4,4,4,4
131263,1,1,1986,0,0,0,3,0,0,0,0,0,0
131263,2,1,1986,0,0,0,0,0,0,0,0,0,0
131264,1,1,1986,8,8,8,8,8,8,8,8,8,8
131265,1,1,1986,0,0,0,0,0,0,0,0,0,0
131266,1,1,1986,16,16,16,16,16,16,16,16,16,16
131266,2,1,1986,5,5,5,5,5,5,5,5,5,5
131267,1,1,1986,0,0,0,0,0,0,0,0,0,0
131267,2,1,1986,0,0,0,0,0,0,0,0,0,0
131269,1,1,1986,24,24,24,24,24,24,24,24,24,24
131269,2,1,1986,0,0,0,0,0,0,0,0,0,0
131270,1,1,1986,0,0,0,0,0,0,0,0,0,0
131271,0,1,1986,27,27,27,27,27,27,27,27,27,27
131271,1,1,1986,0,0,0,0,0,18,0,0,0,0
131272,1,1,1986,38,38,38,38,38,38,38,38,38,38
131273,1,1,1986,6,6,6,6,6,6,6,6,6,6
131274,0,1,1986,0,0,0,0,0,0,0,0,0,0
131274,1,1,1986,19,19,19,19,19,19,19,19,19,19
131275,1,1,1986,2,2,2,2,2,2,2,2,2,2
131275,2,1,1986,0,0,0,0,0,0,0,0,0,0
131276,0,1,1986,23,23,23,23,23,23,23,23,23,23
131276,1,1,1986,28,28,28,28,28,28,28,28,28,28
131277,0,1,1986,0,0,0,0,0,0,0,0,0,0
131277,1,1,1986,0,0,0,0,0,0,0,0,0,17
131278,1,1,1986,2,2,2,2,2,2,2,2,2,2
131279,1,1,1986,21,21,21,21,21,21,21,21,21,21
131280,1,1,1986,6,6,6,6,6,6,6,6,6,6
131281,1,1,1986,17,17,17,17,17,17,17,17,17,17
131282,0,1,1986,27,27,27,27,27,27,27,27,27,27