ST_CASE,VEH_NO,PER_NO,YEAR,P1,P2,P3,P4,P5,P6,P7,P8,P9,P10
160029,1,1,1986,0,0,18,0,0,0,0,10,8,0
160030,1,1,1986,0,0,0,0,0,0,0,0,0,0
160030,2,1,1986,0,0,0,0,0,0,0,0,0,0
160031,1,1,1986,0,0,0,0,0,0,0,0,0,0
160032,1,1,1986,25,25,25,25,25,25,25,25,25,25
160032,2,1,1986,0,0,0,0,0,0,0,0,0,0
160033,1,1,1986,17,17,17,17,17,17,17,17,17,17
160034,1,1,1986,0,0,0,0,0,3,0,0,0,0
160034,2,1,1986,0,0,0,0,0,0,0,0,0,0
160035,1,1,1986,0,0,0,0,0,0,0,0,0,0
160035,2,1,1986,0,0,0,0,0,0,0,0,0,0
160036,1,1,1986,2,2,2,2,2,2,2,2,2,2
160036,2,1,1986,0,0,0,0,0,0,0,0,0,0
160037,1,1,1986,18,18,18,18,18,18,18,18,18,18
160038,1,1,1986,0,0,0,0,0,0,0,0,0,0
160038,2,1,1986,0,0,0,0,21,25,0,0,0,0
160039,1,1,1986,0,3,0,0,11,0,0,0,0,0
160039,2,1,1986,6,6,6,6,6,6,6,6,6,6
160040,1,1,1986,16,16,16,16,16,16,16,16,16,16
160041,1,1,1986,0,0,0,0,0,0,0,0,0,0
160041,2,1,1986,0,0,0,0,0,0,0,0,0,0
160042,1,1,1986,12,12,12,12,12,12,12,12,12,12
160043,1,1,1986,32,32,32,32,32,32,32,32,32,32
160043,2,1,1986,0,0,0,0,0,0,0,0,0,0
160044,1,1,1986,10,10,10,10,10,10,10,10,10,10
160045,1,1,1986,10,10,10,10,10,10,10,10,10,10
160045,2,1,1986,6,6,6,6,6,6,6,6,6,6
160046,1,1,1986,0,0,0,0,0,0,0,0,0,0
160046,2,1,1986,0,0,0,0,0,0,0,0,0,0
160047,1,1,1986,14,8,17,33,4,16,20,9,5,25
160048,1,1,1986,0,0,0,0,0,0,0,0,0,0
160049,1,1,1986,18,18,18,18,18,18,18,18,18,18
160050,1,1,1986,16,16,16,16,16,16,16,16,16,16
160051,1,1,1986,0,0,0,0,0,0,0,0,0,7
160051,2,1,1986,25,25,25,25,25,25,25,25,25,25
160052,1,1,1986,0,0,0,0,0,0,0,0,0,0
160052,2,1,1986,0,0,0,0,0,0,0,0,0,0
160053,1,1,1986,18,18,18,18,18,18,18,18,18,18
160054,1,1,1986,16,16,16,16,16,16,16,16,16,16
160055,1,1,1986,18,9,3,15,6,12,0,17,14,13
160056,1,1,1986,0,0,0,0,0,0,0,0,0,0
160056,2,1,1986,0,0,0,0,0,0,0,0,0,0
160057,1,1,1986,0,0,0,0,0,0,0,0,0,0
160057,2,1,1986,0,0,0,0,0,0,0,0,0,0
160058,1,1,1986,0,0,0,13,35,0,0,0,0,12
160058,2,1,1986,0,0,0,0,0,0,7,0,0,0
160059,1,1,1986,0,0,0,0,0,0,0,0,0,0
160059,2,1,1986,0,0,0,13,0,6,0,0,0,14
160060,1,1,1986,28,28,28,28,28,28,28,28,28,28
160061,1,1,1986,2,2,2,2,2,2,2,2,2,2
160061,2,1,1986,0,0,0,0,0,0,0,0,0,0
160062,1,1,1986,0,0,0,0,0,0,0,0,0,0
160063,1,1,1986,21,21,21,21,21,21,21,21,21,21
160064,1,1,1986,24,24,24,24,24,24,24,24,24,24
160065,1,1,1986,9,0,0,0,0,0,0,0,0,0
160065,2,1,1986,0,0,0,23,31,32,0,14,0,0
160066,1,1,1986,13,13,13,13,13,13,13,13,13,13
160067,1,1,1986,0,0,0,0,0,0,0,0,0,0
160068,1,1,1986,12,14,21,7,25,8,22,19,14,11
160069,1,1,1986,0,0,0,0,0,0,0,0,0,0
160070,1,1,1986,0,0,0,0,0,0,0,0,0,0
160071,1,1,1986,0,0,0,0,0,0,0,0,0,0
160071,2,1,1986,23,23,23,23,23,23,23,23,23,23
160072,1,1,1986,21,21,21,21,21,21,21,21,21,21
160072,2,1,1986,0,54,11,0,0,0,0,0,0,0
160072,3,1,1986,19,6,0,16,0,5,5,7,8,0
160073,1,1,1986,23,23,23,23,23,23,23,23,23,23
160074,1,1,1986,12,12,12,12,12,12,12,12,12,12
160075,0,1,1986,0,0,0,0,0,0,0,0,0,0
160075,1,1,1986,0,0,0,21,0,12,17,0,0,0
160076,1,1,1986,0,0,0,0,0,0,0,0,14,0
160076,2,1,1986,0,0,0,0,9,0,0,0,0,0
160077,1,1,1986,0,0,0,0,0,0,0,0,0,0
160077,2,1,1986,26,26,26,26,26,26,26,26,26,26
160078,1,1,1986,0,6,0,0,17,0,0,0,0,0
160079,1,1,1986,36,0,0,0,11,0,0,0,0,0
160080,1,1,1986,0,0,0,0,0,0,0,0,0,0
160080,2,1,1986,0,0,7,0,0,0,0,0,0,0
160081,1,1,1986,0,0,0,0,0,0,0,0,0,0
160081,2,1,1986,0,0,0,0,0,0,0,0,11,0
160082,0,1,1986,0,0,0,0,0,0,0,0,0,0
160082,1,1,1986,12,0,13,7,19,0,6,0,9,0
160083,1,1,1986,11,0,23,0,24,19,7,13,17,6
160084,1,1,1986,0,0,0,0,0,0,0,0,0,0
160084,2,1,1986,0,0,0,0,0,0,0,0,0,0
160085,1,1,1986,14,14,14,14,14,14,14,14,14,14
160086,1,1,1986,25,25,25,25,25,25,25,25,25,25
160087,1,1,1986,0,0,0,0,0,0,0,0,0,0
160088,1,1,1986,0,0,0,0,0,0,0,0,0,0
160088,2,1,1986,0,0,0,0,0,0,0,0,0,0
160089,1,1,1986,11,11,11,11,11,11,11,11,11,11
160089,2,1,1986,0,0,0,0,0,0,0,0,0,0
160090,1,1,1986,0,0,0,0,0,0,0,0,0,0
160090,2,1,1986,0,0,0,0,0,0,0,0,0,0
160091,1,1,1986,0,0,0,0,0,0,0,0,0,0
160091,2,1,1986,0,0,0,0,0,0,0,0,0,0
160093,1,1,1986,8,15,0,10,24,6,16,4,11,8
160093,2,1,1986,10,10,10,10,10,10,10,10,10,10
160094,1,1,1986,0,0,0,0,0,11,0,0,0,0
160094,2,1,1986,0,0,0,0,0,9,0,0,0,0
160095,1,1,1986,23,23,23,23,23,23,23,23,23,23
160096,0,1,1986,24,24,24,24,24,24,24,24,24,24
160096,1,1,1986,0,0,0,0,0,0,0,0,0,0
160097,1,1,1986,0,0,0,0,0,0,0,0,0,0
160097,2,1,1986,0,0,0,0,0,0,0,0,0,0
160098,1,1,1986,0,0,0,0,0,0,9,0,0,4
160099,1,1,1986,0,0,0,0,0,0,0,0,0,0
160100,1,1,1986,15,15,15,15,15,15,15,15,15,15
160101,1,1,1986,15,15,15,15,15,15,15,15,15,15
160102,1,1,1986,0,0,0,0,5,0,17,0,0,0
160102,2,1,1986,7,7,7,7,7,7,7,7,7,7
160103,1,1,1986,0,0,0,0,0,0,8,0,2,0
160104,1,1,1986,11,18,9,17,19,27,0,22,25,31
160105,1,1,1986,14,14,14,14,14,14,14,14,14,14
160106,1,1,1986,21,21,21,21,21,21,21,21,21,21
160107,0,1,1986,3,3,3,3,3,3,3,3,3,3
160107,1,1,1986,0,0,0,0,0,0,0,0,0,0
160108,1,1,1986,0,0,0,0,0,0,0,0,19,0
160108,2,1,1986,0,0,0,0,0,0,0,0,0,0
160109,1,1,1986,0,0,0,0,0,0,0,0,0,0
160109,2,1,1986,0,0,0,0,0,0,0,0,0,0
160111,1,1,1986,15,15,15,15,15,15,15,15,15,15
160113,0,1,1986,0,0,0,0,0,0,0,0,0,0
160113,1,1,1986,18,18,18,18,18,18,18,18,18,18
160114,1,1,1986,13,13,13,13,13,13,13,13,13,13
160115,1,1,1986,0,0,9,20,0,0,15,19,0,16
160116,1,1,1986,2,2,2,2,2,2,2,2,2,2
160117,1,1,1986,0,0,0,11,13,3,0,0,0,0
160118,1,1,1986,0,0,17,0,0,0,0,6,0,0
160119,1,1,1986,0,0,0,0,0,0,0,0,0,0
160119,2,1,1986,0,0,0,0,0,0,0,0,0,0
160120,0,1,1986,13,13,13,13,13,13,13,13,13,13
160120,1,1,1986,0,0,0,0,12,0,9,0,0,0
160121,1,1,1986,0,0,0,0,0,0,0,0,0,0
160121,2,1,1986,0,0,0,0,0,0,0,0,0,0
160122,1,1,1986,12,20,0,0,22,0,24,11,18,0
160123,1,1,1986,0,0,0,0,0,0,0,0,0,0
160123,2,1,1986,0,0,0,6,0,0,0,0,0,0
160124,1,1,1986,0,10,0,0,0,0,20,0,0,0
160124,2,1,1986,0,0,0,0,20,0,0,0,0,0
160125,1,1,1986,0,0,9,0,0,0,0,0,0,0
160125,2,1,1986,0,0,0,0,0,0,0,0,0,0
160126,1,1,1986,15,15,15,15,15,15,15,15,15,15
160126,2,1,1986,0,0,0,0,0,0,0,0,0,0
160127,1,1,1986,0,0,0,0,0,11,0,13,8,0
160127,2,1,1986,0,0,0,0,0,0,0,0,0,0
160128,1,1,1986,0,0,0,0,0,0,0,0,0,0
160129,1,1,1986,0,0,0,0,0,0,0,0,0,0
160129,2,1,1986,0,0,0,0,0,0,0,0,0,0
160130,1,1,1986,18,18,18,18,18,18,18,18,18,18
160131,1,1,1986,0,0,0,0,0,0,0,0,0,0
160132,1,1,1986,0,0,0,0,0,0,0,20,0,0
160133,1,1,1986,0,0,0,0,0,0,0,0,0,0
160133,2,1,1986,0,0,0,0,0,0,17,0,0,0
160134,1,1,1986,0,0,10,0,0,0,8,0,0,0
160135,1,1,1986,16,16,16,16,16,16,16,16,16,16
160136,1,1,1986,33,33,33,33,33,33,33,33,33,33
160137,1,1,1986,21,21,21,21,21,21,21,21,21,21
160138,1,1,1986,14,14,14,14,14,14,14,14,14,14
160139,1,1,1986,24,24,24,24,24,24,24,24,24,24
160140,1,1,1986,33,33,33,33,33,33,33,33,33,33
160140,2,1,1986,0,0,0,0,0,0,0,0,0,0
160141,1,1,1986,0,0,0,0,0,0,0,0,0,0
160142,1,1,1986,14,14,14,14,14,14,14,14,14,14
160143,1,1,1986,0,0,0,0,0,0,0,0,0,0
160143,2,1,1986,0,0,0,0,0,0,0,0,0,0
160145,0,1,1986,0,0,0,0,0,0,0,0,0,0
160145,1,1,1986,0,0,0,0,4,0,0,0,0,0
160146,1,1,1986,10,10,10,10,10,10,10,10,10,10
160147,1,1,1986,0,0,0,0,0,0,0,0,0,0
160147,2,1,1986,26,26,26,26,26,26,26,26,26,26
160148,1,1,1986,0,0,0,0,0,0,0,0,0,0
160149,1,1,1986,23,23,23,23,23,23,23,23,23,23
160150,1,1,1986,3,3,3,3,3,3,3,3,3,3
160151,1,1,1986,0,0,0,0,0,0,0,0,0,0
160151,2,1,1986,10,10,10,10,10,10,10,10,10,10
160152,1,1,1986,0,0,3,0,18,0,0,0,0,14
160153,1,1,1986,3,2,0,0,18,0,0,0,12,0
160153,2,1,1986,7,7,7,7,7,7,7,7,7,7
160154,1,1,1986,0,0,0,0,0,0,0,0,0,0
160155,1,1,1986,15,15,15,15,15,15,15,15,15,15
160156,1,1,1986,0,0,18,0,11,0,0,0,0,0
160157,1,1,1986,0,0,0,0,0,0,0,0,0,0
160157,2,1,1986,0,0,0,0,0,11,0,0,0,0
160157,3,1,1986,0,0,0,0,0,0,0,0,0,0
160158,0,1,1986,0,0,0,0,0,0,0,0,0,0
160158,1,1,1986,0,0,0,0,0,15,0,0,0,27
160159,1,1,1986,23,23,23,23,23,23,23,23,23,23
160160,1,1,1986,7,7,7,7,7,7,7,7,7,7
160160,2,1,1986,0,0,0,0,0,16,0,0,0,0
160161,1,1,1986,14,14,14,14,14,14,14,14,14,14
160163,1,1,1986,26,26,26,26,26,26,26,26,26,26
160164,1,1,1986,0,0,0,0,0,0,0,0,0,0
160164,2,1,1986,0,0,0,0,0,0,0,0,0,0
160164,3,1,1986,0,0,0,0,0,0,0,0,0,0
160165,1,1,1986,0,0,0,16,0,0,0,0,0,0
160165,2,1,1986,0,0,0,0,0,0,0,0,0,0
160166,1,1,1986,24,24,24,24,24,24,24,24,24,24
160167,1,1,1986,0,0,0,0,0,0,0,0,0,15
160168,1,1,1986,24,24,24,24,24,24,24,24,24,24
160169,1,1,1986,12,12,12,12,12,12,12,12,12,12
160170,1,1,1986,18,18,18,18,18,18,18,18,18,18
160171,0,1,1986,34,34,34,34,34,34,34,34,34,34
160171,0,2,1986,13,13,13,13,13,13,13,13,13,13
160171,0,3,1986,11,11,11,11,11,11,11,11,11,11
160171,0,4,1986,0,0,0,13,0,18,0,7,11,18
160171,1,1,1986,10,10,10,10,10,10,10,10,10,10
160172,1,1,1986,0,20,0,0,0,0,0,0,2,10
160173,1,1,1986,0,0,0,0,0,0,0,0,0,0
160173,2,1,1986,0,0,0,0,0,0,0,0,0,0
160174,1,1,1986,0,0,0,0,0,0,0,0,0,0
160175,1,1,1986,10,10,10,10,10,10,10,10,10,10
160177,0,1,1986,0,0,0,0,0,0,0,0,0,0
160177,1,1,1986,0,0,0,0,0,0,0,10,0,0
160178,1,1,1986,0,0,0,0,0,0,0,0,0,0
160178,2,1,1986,0,0,0,0,0,0,0,0,0,0
160178,3,1,1986,0,0,0,0,0,0,0,0,0,0
160179,1,1,1986,3,3,3,3,3,3,3,3,3,3
160180,1,1,1986,21,21,21,21,21,21,21,21,21,21
160181,1,1,1986,7,7,7,7,7,7,7,7,7,7
160183,1,1,1986,0,0,0,0,0,0,0,0,0,0
160184,0,1,1986,23,23,23,23,23,23,23,23,23,23
160184,1,1,1986,25,4,23,19,7,19,4,37,31,12
160185,1,1,1986,5,5,5,5,5,5,5,5,5,5
160186,1,1,1986,0,0,0,0,0,0,0,0,0,0
160187,1,1,1986,18,7,8,0,16,24,12,4,7,13
160188,1,1,1986,0,0,0,0,0,0,0,0,0,0
160189,1,1,1986,0,0,0,0,0,0,0,0,0,0
160189,2,1,1986,0,0,0,0,0,0,0,0,0,0
160190,1,1,1986,12,4,20,0,9,14,23,21,35,7
160191,0,1,1986,0,0,0,0,0,0,0,0,0,0
160191,1,1,1986,0,0,0,0,0,0,0,0,0,0
160192,1,1,1986,0,0,0,0,19,0,0,0,0,0
160193,1,1,1986,15,15,15,15,15,15,15,15,15,15
160194,1,1,1986,0,0,0,0,0,0,0,0,0,0
160194,2,1,1986,0,0,0,0,0,0,0,0,0,0
160195,1,1,1986,0,0,0,0,0,0,0,0,0,0
160196,1,1,1986,0,0,0,0,0,0,0,0,0,0
160197,1,1,1986,11,11,11,11,11,11,11,11,11,11
160197,2,1,1986,0,0,0,0,0,0,0,0,0,0
160198,1,1,1986,0,0,0,0,0,0,0,0,0,0
160198,2,1,1986,13,13,13,13,13,13,13,13,13,13
160199,0,1,1986,0,0,11,0,0,0,0,0,0,0
160199,1,1,1986,0,0,0,0,0,16,0,0,0,0
160200,1,1,1986,0,0,0,0,0,0,0,0,0,0
160201,1,1,1986,3,3,3,3,3,3,3,3,3,3
160202,1,1,1986,0,0,0,0,0,0,0,0,0,0
160202,2,1,1986,0,0,0,33,0,0,0,13,16,0
160203,1,1,1986,0,0,0,0,0,0,12,0,0,0
160203,2,1,1986,0,12,0,0,0,0,0,0,0,0
160204,1,1,1986,0,0,0,0,0,0,0,0,0,0
160205,1,1,1986,0,0,0,0,0,0,0,0,0,0
160205,2,1,1986,0,2,41,10,13,17,24,7,12,17
160206,1,1,1986,0,0,0,0,0,0,0,0,0,0
160207,1,1,1986,13,13,13,13,13,13,13,13,13,13
160208,1,1,1986,11,11,11,11,11,11,11,11,11,11
160209,1,1,1986,26,0,18,16,6,8,0,0,0,18
160210,1,1,1986,0,0,0,0,0,0,0,0,0,0
160211,0,1,1986,0,0,0,0,0,0,0,0,0,0
160211,1,1,1986,0,0,0,0,0,0,0,0,0,0
160212,1,1,1986,0,0,0,0,0,0,0,0,0,0
160213,1,1,1986,37,37,37,37,37,37,37,37,37,37
160214,0,1,1986,16,16,16,16,16,16,16,16,16,16
160214,1,1,1986,0,0,0,0,0,0,0,0,0,28
160215,1,1,1986,0,0,0,0,0,0,0,0,0,0
160216,1,1,1986,0,0,0,0,0,0,0,0,0,0
160217,1,1,1986,14,14,14,14,14,14,14,14,14,14
160218,1,1,1986,0,0,0,0,0,0,0,3,0,0
160218,2,1,1986,0,0,0,0,0,0,0,0,0,15
160219,1,1,1986,16,16,16,16,16,16,16,16,16,16
160220,1,1,1986,0,0,0,0,0,0,0,0,0,0
160221,1,1,1986,0,0,0,0,0,0,7,0,0,0
160222,1,1,1986,19,19,19,19,19,19,19,19,19,19
160223,1,1,1986,3,3,3,3,3,3,3,3,3,3
160223,2,1,1986,0,0,0,0,0,0,0,0,0,0
160224,1,1,1986,0,0,0,0,0,9,0,0,0,0
160225,1,1,1986,7,12,0,0,0,0,10,0,10,0
160226,1,1,1986,17,13,15,29,19,16,14,24,12,15
160227,1,1,1986,0,0,22,0,0,16,7,0,9,10
160228,1,1,1986,25,25,25,25,25,25,25,25,25,25
170001,1,1,1986,24,24,24,24,24,24,24,24,24,24
170002,0,1,1986,0,0,0,0,0,0,0,0,0,0
170002,1,1,1986,15,15,15,15,15,15,15,15,15,15
170003,1,1,1986,19,19,19,19,19,19,19,19,19,19
170004,0,1,1986,0,0,0,0,0,0,0,0,0,0
170004,1,1,1986,0,0,0,0,0,0,0,0,0,0
170006,1,1,1986,0,0,0,0,0,0,0,5,0,0
170006,2,1,1986,0,0,0,0,0,12,0,0,0,0
170007,1,1,1986,10,10,10,10,10,10,10,10,10,10
170007,2,1,1986,0,0,0,0,0,0,0,0,0,0
170008,1,1,1986,12,12,12,12,12,12,12,12,12,12
170008,2,1,1986,6,0,0,0,0,0,0,0,0,0
170009,0,1,1986,0,0,0,0,0,0,0,0,0,0
170009,1,1,1986,0,0,0,0,9,0,0,0,0,0
170010,0,1,1986,0,0,0,0,0,0,0,0,0,0
170010,1,1,1986,0,0,0,0,0,0,0,0,0,0
170011,1,1,1986,0,0,13,15,0,0,6,23,0,0
170012,1,1,1986,0,0,0,22,0,0,0,0,0,13
170013,1,1,1986,19,19,19,19,19,19,19,19,19,19
170014,0,1,1986,0,0,0,0,0,0,0,0,16,0
170014,1,1,1986,0,0,0,0,0,0,0,0,0,0
170015,0,1,1986,0,0,0,0,0,0,0,0,0,0
170015,1,1,1986,0,10,0,0,0,0,14,14,0,0
170016,1,1,1986,8,8,8,8,8,8,8,8,8,8
170017,1,1,1986,14,14,14,14,14,14,14,14,14,14
170017,2,1,1986,0,0,0,0,0,0,0,0,0,0
170017,3,1,1986,0,0,0,0,0,0,0,0,0,0
170018,1,1,1986,17,17,17,17,17,17,17,17,17,17
170019,0,1,1986,0,0,0,0,0,0,0,0,0,0
170020,1,1,1986,0,0,0,0,0,0,0,0,0,0
170020,2,1,1986,0,0,0,0,0,0,0,0,0,0
170021,1,1,1986,0,0,0,0,0,0,0,0,0,0
170021,2,1,1986,0,0,0,0,0,0,0,0,0,0
170022,0,1,1986,0,0,0,0,0,0,0,0,0,0
170022,1,1,1986,0,10,0,0,0,0,0,0,0,0
170023,1,1,1986,0,0,0,0,0,0,0,0,0,0
170023,2,1,1986,10,0,0,0,0,0,0,0,0,0
170023,3,1,1986,0,0,0,0,0,0,0,0,0,0
170024,0,1,1986,0,0,0,0,0,0,0,0,0,0
170024,1,1,1986,0,0,0,0,0,0,0,0,0,0
170025,1,1,1986,0,0,0,0,0,0,0,0,0,0
170026,1,1,1986,0,0,0,0,0,0,0,0,0,0
170026,2,1,1986,0,0,0,0,0,0,0,0,0,0
170027,1,1,1986,9,9,9,9,9,9,9,9,9,9
170027,2,1,1986,0,0,0,0,0,0,0,0,0,0
170028,1,1,1986,0,0,0,0,0,0,0,0,0,0
170028,2,1,1986,0,0,0,0,0,0,0,0,0,0
170028,3,1,1986,0,3,0,0,11,0,0,0,14,0
170029,0,1,1986,0,0,0,0,0,0,0,0,0,0
170029,1,1,1986,0,0,0,0,0,0,0,0,0,0
170030,0,1,1986,0,0,0,0,0,0,0,0,0,0
170030,0,2,1986,0,0,0,0,15,0,0,0,0,0
170030,1,1,1986,0,0,0,0,0,0,0,0,0,0
170031,1,1,1986,20,20,20,20,20,20,20,20,20,20
170032,1,1,1986,0,0,0,0,0,0,0,0,0,0
170032,2,1,1986,0,16,0,0,0,0,0,0,0,0
170033,1,1,1986,14,14,14,14,14,14,14,14,14,14
170035,1,1,1986,28,28,28,28,28,28,28,28,28,28
170036,1,1,1986,7,9,18,0,18,0,0,0,0,6
170037,1,1,1986,15,15,15,15,15,15,15,15,15,15
170037,2,1,1986,0,0,0,0,0,6,0,0,20,0
170038,0,1,1986,35,35,35,35,35,35,35,35,35,35
170038,1,1,1986,7,7,7,7,7,7,7,7,7,7
170039,1,1,1986,0,0,0,0,0,0,0,0,0,0
170040,0,1,1986,0,0,0,0,0,10,0,0,16,0
170040,1,1,1986,12,12,12,12,12,12,12,12,12,12
170041,0,1,1986,0,0,0,0,0,0,0,0,0,0
170041,1,1,1986,0,0,12,0,0,23,0,0,0,13
170042,1,1,1986,23,23,23,23,23,23,23,23,23,23
170043,1,1,1986,0,0,0,0,0,0,0,0,0,0
170043,2,1,1986,0,0,0,0,0,0,0,0,0,0
170044,1,1,1986,0,11,0,0,0,0,0,0,0,0
170044,2,1,1986,0,0,0,0,0,0,0,0,0,0
170045,1,1,1986,0,0,0,0,0,0,0,0,0,0
170045,2,1,1986,0,0,0,0,0,0,0,0,25,11
170045,3,1,1986,0,0,0,0,0,0,0,0,0,0
170046,1,1,1986,0,0,0,0,0,0,0,0,0,0
170046,2,1,1986,0,0,0,0,0,0,0,0,0,0
170047,1,1,1986,17,17,17,17,17,17,17,17,17,17
170048,1,1,1986,0,0,0,0,0,0,0,0,0,0
170048,2,1,1986,0,0,0,0,0,0,0,0,0,0
170048,3,1,1986,0,0,0,0,0,0,0,0,0,0
170049,1,1,1986,12,12,12,12,12,12,12,12,12,12
170050,1,1,1986,25,25,25,25,25,25,25,25,25,25
170050,2,1,1986,0,0,8,0,0,0,0,0,0,0
170051,0,1,1986,25,25,25,25,25,25,25,25,25,25
170051,1,1,1986,12,12,12,12,12,12,12,12,12,12
170052,0,1,1986,29,29,29,29,29,29,29,29,29,29
170052,1,1,1986,25,25,25,25,25,25,25,25,25,25
170053,1,1,1986,0,0,0,0,0,0,0,0,0,0
170054,0,1,1986,0,0,0,0,0,0,0,0,0,0
170054,1,1,1986,0,0,0,0,0,0,0,0,0,0
170055,1,1,1986,8,8,8,8,8,8,8,8,8,8
170056,1,1,1986,13,13,13,13,13,13,13,13,13,13
170057,1,1,1986,0,0,0,0,0,0,0,0,0,0
170057,2,1,1986,0,0,0,0,0,0,0,0,0,0
170058,1,1,1986,23,23,23,23,23,23,23,23,23,23
170059,1,1,1986,0,0,0,0,0,16,0,0,16,0
170059,2,1,1986,0,0,0,0,0,0,0,0,0,0
170060,0,1,1986,8,8,8,8,8,8,8,8,8,8
170060,1,1,1986,5,0,0,0,0,0,0,9,0,0
170061,1,1,1986,0,0,22,0,0,17,0,0,0,0
170061,2,1,1986,0,0,0,0,0,0,0,0,0,0
170062,1,1,1986,0,0,0,0,0,0,0,0,0,0
170062,2,1,1986,0,0,0,0,0,0,0,0,0,0
170063,1,1,1986,14,0,0,0,0,0,0,0,0,0
170063,2,1,1986,0,0,0,0,0,0,0,0,0,0
170064,1,1,1986,16,0,11,0,5,0,0,0,10,0
170064,2,1,1986,0,0,0,0,0,0,0,0,0,0
170065,1,1,1986,14,19,24,11,26,3,11,5,14,30
170066,1,1,1986,18,18,18,18,18,18,18,18,18,18
170066,2,1,1986,0,0,0,0,0,0,0,0,0,0
170067,1,1,1986,17,17,17,17,17,17,17,17,17,17
170068,1,1,1986,0,0,0,0,0,0,0,0,0,0
170069,1,1,1986,0,0,0,0,0,0,0,0,0,0
170069,2,1,1986,5,0,0,0,0,0,0,0,0,0
170070,1,1,1986,16,0,22,0,7,16,16,16,0,18
170071,0,1,1986,0,0,0,0,0,0,0,0,0,0
170071,1,1,1986,0,0,0,0,0,0,0,0,0,0
170072,1,1,1986,0,0,0,0,0,0,0,0,0,0
170072,2,1,1986,0,0,0,0,0,0,0,0,0,0
170073,1,1,1986,0,0,0,0,0,0,0,0,0,0
170073,2,1,1986,0,0,0,0,0,0,0,0,0,0
170074,1,1,1986,14,14,14,14,14,14,14,14,14,14
170075,1,1,1986,14,14,30,16,0,15,0,0,18,18
170075,2,1,1986,12,0,0,0,0,0,0,0,0,0
170077,1,1,1986,0,0,0,0,0,0,0,0,0,0
170078,0,1,1986,0,0,0,0,0,0,0,0,0,0
170078,1,1,1986,0,0,0,0,0,0,0,0,0,0
170079,1,1,1986,0,0,0,0,0,0,0,0,0,0
170080,1,1,1986,0,0,0,0,0,0,0,0,0,0
170081,1,1,1986,0,0,0,0,0,0,0,0,0,0
170081,2,1,1986,0,0,0,0,0,0,0,0,0,0
170082,1,1,1986,13,13,13,13,13,13,13,13,13,13
170083,1,1,1986,7,7,7,7,7,7,7,7,7,7
170084,1,1,1986,2,0,0,0,0,0,0,0,0,0
170084,2,1,1986,0,0,0,0,0,0,0,0,2,0
170085,1,1,1986,1,1,1,1,1,1,1,1,1,1
170085,2,1,1986,0,0,0,3,0,0,0,0,0,0
170086,1,1,1986,1,1,1,1,1,1,1,1,1,1
170087,1,1,1986,0,0,0,0,0,0,0,0,0,0
170087,2,1,1986,0,0,0,0,0,0,0,0,0,0
170087,3,1,1986,8,0,0,0,0,0,0,0,0,0
170088,1,1,1986,23,23,23,23,23,23,23,23,23,23
170088,2,1,1986,0,0,0,0,7,0,0,0,0,0
170089,1,1,1986,24,24,24,24,24,24,24,24,24,24
170089,2,1,1986,0,0,0,0,0,0,5,0,0,0
170090,1,1,1986,0,0,0,0,0,0,0,0,0,0
170091,1,1,1986,20,20,20,20,20,20,20,20,20,20
170092,1,1,1986,24,24,24,24,24,24,24,24,24,24
170092,2,1,1986,0,0,0,0,0,0,0,0,0,0
170093,1,1,1986,22,22,22,22,22,22,22,22,22,22
170093,2,1,1986,0,0,0,0,0,0,13,0,0,8
170093,3,1,1986,0,27,0,0,0,0,0,5,0,0
170095,0,1,1986,18,18,18,18,18,18,18,18,18,18
170095,1,1,1986,0,0,0,0,0,0,0,0,0,0
170096,1,1,1986,18,18,18,18,18,18,18,18,18,18
170096,2,1,1986,0,0,0,0,0,0,0,0,0,0
170096,3,1,1986,0,0,0,0,0,0,0,0,0,0
170096,4,1,1986,0,8,0,0,0,0,0,0,0,0
170097,1,1,1986,0,0,0,0,0,0,0,0,0,0
170097,2,1,1986,0,0,0,0,0,0,0,0,0,0
170098,1,1,1986,9,0,0,0,0,0,0,0,0,0
170099,1,1,1986,0,0,0,0,0,0,0,0,0,0
170100,0,1,1986,0,0,0,0,0,0,0,0,0,0
170101,0,1,1986,6,6,6,6,6,6,6,6,6,6
170101,1,1,1986,25,18,0,0,29,7,9,19,0,0
170102,1,1,1986,28,28,28,28,28,28,28,28,28,28
170103,1,1,1986,0,0,0,0,0,0,0,0,0,0
170104,1,1,1986,0,0,0,0,0,17,0,0,0,11
170104,2,1,1986,0,0,0,0,0,0,0,0,0,0
170104,3,1,1986,0,0,0,0,0,0,14,0,0,0
170105,1,1,1986,0,0,0,0,0,0,0,0,0,0
170105,2,1,1986,0,0,0,0,0,0,0,0,0,0
170106,1,1,1986,0,0,8,0,0,8,0,0,0,0
170107,1,1,1986,0,0,0,0,0,0,0,0,0,0
170107,2,1,1986,0,0,0,0,0,11,0,0,0,6
170108,1,1,1986,22,22,22,22,22,22,22,22,22,22