ST_CASE,VEH_NO,PER_NO,YEAR,P1,P2,P3,P4,P5,P6,P7,P8,P9,P10
170108,2,1,1986,0,0,0,0,0,0,13,0,0,0
170109,0,1,1986,0,0,0,0,0,0,0,0,0,0
170109,1,1,1986,0,0,0,0,0,0,0,0,10,0
170110,1,1,1986,12,12,12,12,12,12,12,12,12,12
170110,2,1,1986,0,0,0,0,0,0,0,0,0,0
170111,0,1,1986,24,24,24,24,24,24,24,24,24,24
170111,1,1,1986,0,0,20,0,0,9,13,0,7,0
170113,1,1,1986,18,32,9,16,28,20,16,9,0,18
170113,2,1,1986,0,0,0,0,0,0,0,0,0,0
170114,0,1,1986,25,25,25,25,25,25,25,25,25,25
170114,1,1,1986,0,0,12,0,0,0,0,0,0,0
170115,1,1,1986,0,0,0,0,0,0,0,0,0,0
170115,2,1,1986,0,0,0,0,0,0,0,0,0,0
170116,1,1,1986,31,31,31,31,31,31,31,31,31,31
170117,1,1,1986,0,0,0,0,0,0,0,0,0,0
170117,2,1,1986,0,0,0,0,0,0,0,0,0,0
170118,1,1,1986,26,26,26,26,26,26,26,26,26,26
170118,2,1,1986,0,0,0,0,0,0,0,0,0,0
170119,1,1,1986,13,13,13,13,13,13,13,13,13,13
170120,1,1,1986,0,0,0,0,0,0,0,0,28,0
170121,0,1,1986,0,0,0,0,0,0,0,0,0,0
170121,1,1,1986,0,10,13,11,22,20,12,34,12,38
170122,0,1,1986,0,0,0,0,0,0,0,0,0,0
170122,1,1,1986,0,0,0,0,0,0,0,0,0,0
170123,1,1,1986,18,18,18,18,18,18,18,18,18,18
170124,1,1,1986,0,0,0,0,0,0,0,0,0,0
170124,2,1,1986,0,20,13,36,17,0,11,6,10,0
170125,1,1,1986,17,17,17,17,17,17,17,17,17,17
170126,0,1,1986,0,0,0,0,0,0,0,0,0,0
170126,1,1,1986,0,0,0,0,23,0,0,0,0,0
170127,1,1,1986,0,0,0,0,0,0,0,0,0,0
170128,1,1,1986,0,0,0,0,0,0,0,0,0,0
170129,0,1,1986,28,28,28,28,28,28,28,28,28,28
170129,0,2,1986,29,0,6,0,20,0,0,0,0,0
170129,0,3,1986,0,7,19,0,0,0,0,0,0,0
170129,1,1,1986,0,0,0,0,0,0,0,0,0,0
170130,1,1,1986,26,26,26,26,26,26,26,26,26,26
170132,1,1,1986,15,15,15,15,15,15,15,15,15,15
170133,1,1,1986,9,9,9,9,9,9,9,9,9,9
170133,2,1,1986,0,0,0,0,0,0,0,0,0,9
170134,1,1,1986,10,10,10,10,10,10,10,10,10,10
170135,1,1,1986,19,19,19,19,19,19,19,19,19,19
170136,1,1,1986,0,0,0,0,0,0,0,0,0,0
170136,2,1,1986,0,0,0,0,0,0,0,0,0,0
170137,0,1,1986,25,25,25,25,25,25,25,25,25,25
170137,1,1,1986,19,13,13,0,0,0,0,8,3,24
170138,1,1,1986,0,0,0,0,0,0,0,0,0,0
170138,2,1,1986,0,0,0,0,9,28,0,0,0,0
170139,1,1,1986,0,0,0,0,0,0,0,0,0,0
170140,1,1,1986,0,0,0,0,0,0,0,0,0,0
170140,2,1,1986,0,0,0,0,0,0,0,0,0,0
170141,1,1,1986,0,0,0,0,0,0,0,0,0,0
170141,2,1,1986,0,0,0,0,0,0,0,0,0,0
170142,1,1,1986,0,0,0,0,0,0,0,0,0,0
170143,1,1,1986,0,0,0,0,0,0,0,0,0,0
170144,1,1,1986,0,0,0,0,0,0,0,0,0,0
170144,2,1,1986,0,0,0,0,0,0,0,0,0,0
170145,0,1,1986,0,0,0,0,0,0,0,0,0,0
170145,1,1,1986,0,0,0,0,0,0,0,0,0,0
170146,0,1,1986,0,0,0,0,0,0,0,0,0,0
170146,1,1,1986,0,0,0,0,0,0,0,0,0,0
170147,1,1,1986,0,0,0,0,0,0,0,0,0,0
170147,2,1,1986,0,11,0,0,0,0,0,0,0,21
170148,1,1,1986,0,0,0,0,0,0,0,0,0,0
170148,2,1,1986,0,0,0,0,0,0,0,0,0,0
170149,0,1,1986,37,37,37,37,37,37,37,37,37,37
170149,1,1,1986,17,12,0,0,0,0,0,0,5,0
170150,1,1,1986,0,0,0,0,0,0,0,0,0,0
170150,2,1,1986,0,0,0,0,0,0,0,0,0,0
170151,1,1,1986,0,0,0,0,0,0,0,0,0,0
170151,2,1,1986,0,0,0,0,0,0,0,0,0,0
170152,1,1,1986,0,0,0,0,0,0,0,0,0,0
170152,2,1,1986,0,0,0,0,0,0,0,0,0,0
170152,3,1,1986,0,7,0,0,0,0,0,0,0,0
170153,0,1,1986,0,0,0,0,0,0,0,0,0,0
170153,1,1,1986,0,0,0,0,0,0,0,0,0,0
170154,1,1,1986,0,0,0,0,0,0,0,0,0,0
170154,2,1,1986,0,0,0,0,0,0,0,0,0,0
170155,0,1,1986,0,0,0,0,0,0,0,0,0,0
170155,1,1,1986,0,0,0,0,0,0,0,0,0,0
170156,1,1,1986,0,0,0,0,0,0,0,0,0,0
170156,2,1,1986,0,0,0,0,0,0,0,0,0,0
170157,1,1,1986,17,17,17,17,17,17,17,17,17,17
170158,0,1,1986,29,29,29,29,29,29,29,29,29,29
170158,1,1,1986,0,0,0,0,0,0,0,0,0,0
170159,0,1,1986,0,0,0,0,0,0,0,0,0,0
170159,1,1,1986,0,0,0,0,0,0,0,0,0,0
170159,2,1,1986,0,0,0,0,0,0,0,0,0,0
170160,0,1,1986,31,31,31,31,31,31,31,31,31,31
170160,1,1,1986,0,0,0,0,11,0,0,0,0,0
170161,1,1,1986,0,0,0,0,0,0,0,0,0,0
170161,2,1,1986,0,0,0,5,0,0,0,0,0,0
170162,1,1,1986,18,18,18,18,18,18,18,18,18,18
170162,2,1,1986,0,0,0,0,0,0,0,0,0,0
170163,0,1,1986,0,0,0,0,0,0,0,0,0,0
170163,1,1,1986,0,0,0,0,0,0,0,0,0,0
170164,1,1,1986,18,18,18,18,18,18,18,18,18,18
170165,0,1,1986,1,1,1,1,1,1,1,1,1,1
170165,1,1,1986,0,0,0,0,0,0,0,0,0,0
170166,1,1,1986,26,26,26,26,26,26,26,26,26,26
170167,0,1,1986,0,0,0,0,0,0,0,0,0,0
170167,1,1,1986,0,0,0,6,0,0,0,0,0,0
170168,0,1,1986,10,14,0,0,17,17,0,0,0,0
170168,1,1,1986,0,0,13,0,0,0,0,0,0,0
170169,1,1,1986,0,0,0,0,0,0,0,0,0,0
170169,2,1,1986,0,0,0,0,0,0,0,0,4,0
170170,0,1,1986,0,0,0,0,0,9,0,0,0,0
170170,0,2,1986,0,0,0,0,0,0,0,0,0,0
170170,0,3,1986,0,0,0,0,0,0,0,0,0,5
170170,0,4,1986,0,0,0,0,0,0,0,0,0,24
170170,0,5,1986,0,0,0,10,0,0,0,0,0,0
170170,0,6,1986,0,0,4,0,0,0,0,0,0,0
170170,0,7,1986,0,0,0,23,5,0,0,0,19,17
170170,0,8,1986,0,0,0,0,0,0,0,0,0,9
170170,0,9,1986,0,0,0,0,0,0,0,0,0,0
170170,1,1,1986,17,17,17,17,17,17,17,17,17,17
170171,1,1,1986,0,0,0,0,0,0,0,0,0,0
170172,1,1,1986,10,27,17,26,16,14,7,19,7,9
170172,2,1,1986,0,0,0,0,0,10,2,0,0,11
170172,3,1,1986,0,0,0,13,0,0,0,0,0,0
170173,0,1,1986,21,21,21,21,21,21,21,21,21,21
170173,1,1,1986,0,0,0,0,0,0,0,0,0,0
170173,2,1,1986,0,0,0,0,0,0,0,0,0,0
170174,0,1,1986,0,0,0,0,0,0,0,0,0,0
170174,0,2,1986,0,0,0,0,0,0,0,0,0,0
170174,0,3,1986,0,0,0,0,0,0,0,0,0,0
170174,1,1,1986,0,0,0,0,0,0,0,0,0,0
170175,0,1,1986,0,0,0,0,0,0,0,0,0,0
170175,1,1,1986,0,0,0,0,0,0,7,0,0,0
170176,2,1,1986,15,33,0,0,0,0,0,0,0,0
170177,1,1,1986,0,0,0,0,0,0,0,0,0,0
170177,2,1,1986,0,0,0,0,0,0,0,0,0,0
170178,1,1,1986,0,0,0,0,0,0,0,0,0,0
170179,1,1,1986,0,12,0,0,0,0,0,0,6,0
170179,2,1,1986,0,0,0,0,0,0,0,0,0,0
170180,1,1,1986,0,0,0,0,0,0,0,0,0,0
170181,1,1,1986,0,0,0,0,0,0,0,0,0,0
170182,1,1,1986,16,12,6,0,0,20,3,5,23,11
170183,1,1,1986,0,0,0,0,0,0,0,0,0,0
170184,1,1,1986,16,16,16,16,16,16,16,16,16,16
170185,1,1,1986,0,0,0,0,0,0,0,0,0,0
170185,2,1,1986,0,0,0,0,0,0,0,0,0,0
170186,1,1,1986,0,0,0,0,0,0,0,0,0,0
170186,2,1,1986,0,0,0,0,0,0,0,0,0,0
170187,1,1,1986,7,7,7,7,7,7,7,7,7,7
170188,1,1,1986,0,0,0,0,0,0,0,0,0,0
170188,2,1,1986,0,0,0,0,0,0,0,0,0,0
170189,1,1,1986,0,0,0,0,0,0,0,0,0,0
170189,2,1,1986,0,0,0,0,0,0,0,0,0,0
170189,3,1,1986,0,0,4,0,0,0,0,0,0,0
170189,4,1,1986,0,0,0,0,0,0,0,0,0,0
170190,0,1,1986,27,27,27,27,27,27,27,27,27,27
170190,1,1,1986,5,8,33,7,0,0,0,19,49,0
170191,1,1,1986,18,18,18,18,18,18,18,18,18,18
170191,2,1,1986,0,0,0,0,0,0,0,0,0,0
170192,1,1,1986,0,0,0,0,0,0,0,0,0,0
170192,2,1,1986,0,0,0,0,0,0,0,0,0,0
170193,0,1,1986,0,4,0,0,25,16,0,0,0,0
170193,1,1,1986,2,2,2,2,2,2,2,2,2,2
170193,2,1,1986,0,0,0,0,0,0,0,0,0,0
170194,1,1,1986,0,0,0,0,0,0,0,0,0,0
170194,2,1,1986,0,0,0,0,0,11,0,0,0,0
170195,1,1,1986,0,0,0,0,0,0,0,0,0,0
170195,2,1,1986,0,0,6,0,0,0,0,7,0,0
170196,1,1,1986,15,15,15,15,15,15,15,15,15,15
170197,1,1,1986,4,4,4,4,4,4,4,4,4,4
170197,2,1,1986,0,0,10,0,0,0,0,0,0,4
170198,0,1,1986,12,12,12,12,12,12,12,12,12,12
170198,1,1,1986,0,0,0,0,7,0,0,0,0,0
170199,1,1,1986,0,0,0,9,0,0,0,9,0,0
170200,1,1,1986,31,31,31,31,31,31,31,31,31,31
170201,1,1,1986,0,0,0,0,0,0,0,0,0,0
170202,0,1,1986,0,23,13,0,17,42,0,0,0,0
170202,1,1,1986,0,0,0,0,0,0,0,0,0,0
170203,1,1,1986,28,28,28,28,28,28,28,28,28,28
170204,0,1,1986,0,0,0,0,0,0,0,0,0,0
170204,1,1,1986,17,7,0,0,22,21,0,19,35,0
170205,1,1,1986,8,8,8,8,8,8,8,8,8,8
170205,2,1,1986,0,0,0,0,0,0,0,0,0,0
170206,0,1,1986,0,0,0,0,0,0,0,0,0,0
170206,1,1,1986,0,0,0,0,0,0,0,0,0,0
170207,1,1,1986,3,3,3,3,3,3,3,3,3,3
170207,2,1,1986,0,0,0,0,0,0,0,0,7,0
170208,1,1,1986,0,0,0,13,0,0,23,0,0,0
170208,2,1,1986,0,0,0,0,0,0,0,0,0,0
170209,0,1,1986,0,0,0,0,0,0,0,0,15,0
170209,1,1,1986,0,23,0,0,32,0,0,15,0,22
170210,1,1,1986,6,6,6,6,6,6,6,6,6,6
170211,1,1,1986,0,0,0,0,0,0,0,0,0,0
170211,2,1,1986,5,0,0,0,0,0,0,0,0,0
170212,1,1,1986,0,0,0,0,0,0,0,0,0,0
170212,2,1,1986,0,0,0,0,0,0,0,6,0,0
170212,3,1,1986,0,0,0,0,0,0,0,0,0,0
170213,1,1,1986,0,0,0,0,0,0,0,0,0,0
170213,2,1,1986,0,0,0,0,0,0,0,0,0,0
170214,1,1,1986,4,4,4,4,4,4,4,4,4,4
170214,2,1,1986,0,0,0,0,4,0,0,0,0,0
170214,3,1,1986,0,0,0,0,0,0,0,0,0,0
170215,0,1,1986,0,0,0,0,0,0,0,0,0,0
170215,1,1,1986,0,0,20,0,0,15,0,16,0,5
170216,1,1,1986,17,17,17,17,17,17,17,17,17,17
170216,2,1,1986,4,4,4,4,4,4,4,4,4,4
170217,1,1,1986,0,0,0,0,0,0,0,0,0,0
170217,2,1,1986,0,0,17,0,0,0,0,0,19,0
170218,1,1,1986,11,17,17,8,16,0,25,24,5,0
170219,1,1,1986,0,0,0,0,0,0,0,0,0,0
170219,2,1,1986,0,0,0,0,0,0,0,0,0,0
170220,1,1,1986,0,0,0,0,0,0,0,0,0,0
170221,1,1,1986,0,0,0,0,0,0,12,3,0,0
170222,1,1,1986,18,0,0,0,3,4,0,0,0,0
170222,2,1,1986,14,21,17,0,7,0,0,0,0,29
170223,1,1,1986,27,27,27,27,27,27,27,27,27,27
170223,2,1,1986,0,0,0,0,0,0,0,0,0,0
170223,3,1,1986,4,0,0,0,0,0,0,0,0,6
170224,1,1,1986,0,0,0,0,0,0,0,0,0,0
170225,1,1,1986,0,0,0,7,10,0,0,0,5,0
170226,0,1,1986,0,0,0,0,0,0,0,0,0,0
170226,1,1,1986,0,0,7,0,0,0,0,0,0,0
170227,1,1,1986,17,17,17,17,17,17,17,17,17,17
170228,1,1,1986,31,31,31,31,31,31,31,31,31,31
170228,2,1,1986,0,0,0,13,0,0,0,0,20,0
170229,0,1,1986,19,34,25,0,0,17,23,41,0,0
170229,1,1,1986,16,0,0,0,0,30,0,11,0,12
170229,2,1,1986,0,0,13,0,6,0,0,0,0,0
170230,0,1,1986,0,0,0,0,0,0,0,0,0,0
170230,1,1,1986,0,0,0,0,0,0,0,0,0,0
170231,1,1,1986,0,0,0,0,0,0,0,0,0,0
170232,1,1,1986,0,0,0,0,0,0,0,0,0,0
170232,2,1,1986,0,0,0,0,0,0,0,0,0,0
170232,3,1,1986,0,0,0,0,0,8,0,0,0,0
170232,4,1,1986,0,0,0,0,0,0,0,0,0,0
170233,1,1,1986,0,0,0,0,0,0,0,0,0,0
170233,2,1,1986,0,0,0,0,0,0,0,0,0,0
170233,3,1,1986,0,0,0,0,0,0,0,0,0,0
170234,0,1,1986,0,0,0,0,0,0,0,0,0,0
170234,1,1,1986,0,0,0,0,0,0,0,0,15,0
170235,1,1,1986,17,17,17,17,17,17,17,17,17,17
170236,1,1,1986,23,23,23,23,23,23,23,23,23,23
170237,1,1,1986,15,15,15,15,15,15,15,15,15,15
170238,1,1,1986,41,41,41,41,41,41,41,41,41,41
170239,1,1,1986,19,19,19,19,19,19,19,19,19,19
170240,1,1,1986,8,8,8,8,8,8,8,8,8,8
170241,1,1,1986,0,0,0,0,0,0,0,0,0,0
170242,1,1,1986,0,0,5,23,25,7,0,10,22,0
170242,2,1,1986,0,0,0,0,0,0,0,0,0,0
170242,3,1,1986,0,0,0,0,0,0,0,0,0,0
170243,1,1,1986,0,0,0,0,0,0,0,0,4,0
170243,2,1,1986,0,0,0,0,0,0,0,0,0,0
170244,1,1,1986,2,2,2,2,2,2,2,2,2,2
170245,1,1,1986,0,0,0,0,0,0,0,0,0,0
170246,1,1,1986,0,0,0,0,0,0,0,0,0,0
170246,2,1,1986,0,0,0,0,0,0,0,0,0,18
170247,1,1,1986,0,0,0,0,0,0,0,0,0,0
170247,2,1,1986,0,0,0,0,0,0,0,0,0,0
170248,1,1,1986,32,32,32,32,32,32,32,32,32,32
170248,2,1,1986,15,15,15,15,15,15,15,15,15,15
170249,1,1,1986,30,30,30,30,30,30,30,30,30,30
170250,0,1,1986,0,0,0,0,0,0,0,0,0,0
170250,1,1,1986,0,0,0,0,0,0,0,0,0,0
170252,1,1,1986,0,0,0,0,0,0,0,0,0,0
170252,2,1,1986,11,11,11,11,11,11,11,11,11,11
170253,1,1,1986,26,26,26,26,26,26,26,26,26,26
170253,2,1,1986,0,0,0,0,0,0,0,0,0,16
170254,1,1,1986,19,19,19,19,19,19,19,19,19,19
170254,2,1,1986,0,0,0,0,0,0,0,0,0,0
170255,1,1,1986,0,0,0,0,0,0,0,0,0,0
170255,2,1,1986,0,0,0,0,24,0,0,0,0,0
170257,0,1,1986,0,0,0,0,0,0,0,0,0,0
170257,1,1,1986,0,0,0,0,0,0,0,0,12,0
170258,1,1,1986,0,0,0,0,0,0,0,0,0,0
170258,2,1,1986,0,0,0,0,0,0,0,0,0,0
170258,3,1,1986,0,0,0,0,0,0,0,0,0,0
170259,1,1,1986,15,15,15,15,15,15,15,15,15,15
170260,1,1,1986,20,20,20,20,20,20,20,20,20,20
170261,1,1,1986,0,0,0,0,0,0,0,0,0,0
170261,2,1,1986,0,0,0,0,0,0,0,0,0,0
170262,0,1,1986,0,0,0,0,0,0,0,0,0,0
170262,1,1,1986,0,0,12,27,0,15,0,0,0,0
170263,0,1,1986,12,12,12,12,12,12,12,12,12,12
170263,1,1,1986,0,0,0,0,0,0,0,14,0,0
170264,1,1,1986,0,0,0,0,0,0,0,0,0,0
170265,1,1,1986,0,0,0,0,0,0,0,0,8,0
170265,2,1,1986,0,14,12,0,14,0,20,0,0,9
170266,1,1,1986,16,16,16,16,16,16,16,16,16,16
170266,2,1,1986,16,16,16,16,16,16,16,16,16,16
170267,1,1,1986,0,0,0,0,0,0,0,0,0,0
170267,2,1,1986,0,0,0,0,0,0,0,0,0,0
170268,1,1,1986,25,25,25,25,25,25,25,25,25,25
170269,1,1,1986,15,12,23,24,13,12,10,13,13,41
170270,0,1,1986,0,0,0,0,0,0,0,0,0,0
170270,1,1,1986,14,0,0,0,0,0,0,0,0,0
170271,1,1,1986,8,8,8,8,8,8,8,8,8,8
170272,1,1,1986,0,0,0,0,0,0,0,0,0,0
170272,2,1,1986,0,0,0,0,0,0,0,0,0,0
170273,1,1,1986,34,34,34,34,34,34,34,34,34,34
170274,1,1,1986,37,37,37,37,37,37,37,37,37,37
170274,2,1,1986,0,0,0,0,0,0,0,0,0,0
170275,0,1,1986,0,0,0,0,0,0,0,0,0,0
170275,1,1,1986,0,0,0,0,0,9,27,0,10,0
170276,1,1,1986,16,16,16,16,16,16,16,16,16,16
170276,2,1,1986,0,0,0,0,0,0,0,0,0,0
170277,1,1,1986,25,25,25,25,25,25,25,25,25,25
170278,1,1,1986,0,0,0,0,0,0,0,0,0,0
170278,2,1,1986,0,0,0,0,0,0,0,0,4,0
170279,1,1,1986,12,0,0,0,7,20,0,4,5,0
170280,1,1,1986,0,0,0,0,0,0,0,0,0,0
170280,2,1,1986,0,0,0,0,0,0,0,0,0,0
170281,0,1,1986,27,27,27,27,27,27,27,27,27,27
170281,1,1,1986,0,0,0,0,0,0,0,0,0,0
170282,1,1,1986,20,20,20,20,20,20,20,20,20,20
170283,1,1,1986,8,8,8,8,8,8,8,8,8,8
170283,2,1,1986,11,1,0,0,0,8,27,23,0,0
170284,1,1,1986,32,32,32,32,32,32,32,32,32,32
170284,2,1,1986,0,0,0,0,0,0,9,0,0,0
170285,0,1,1986,23,23,23,23,23,23,23,23,23,23
170285,1,1,1986,0,0,0,0,0,0,0,0,0,0
170286,0,1,1986,0,0,0,0,0,0,0,0,0,0
170286,1,1,1986,0,0,0,0,0,0,0,0,0,0
170288,1,1,1986,0,0,0,0,0,0,0,0,0,0
170288,2,1,1986,0,0,0,0,0,0,0,0,0,0
170289,1,1,1986,5,5,5,5,5,5,5,5,5,5
170289,2,1,1986,0,15,0,0,0,0,0,0,0,0
170290,1,1,1986,0,0,0,0,0,0,0,0,0,0
170291,1,1,1986,0,0,0,0,0,0,0,0,0,0
170291,2,1,1986,0,0,0,0,0,0,0,0,0,0
170292,1,1,1986,14,14,14,14,14,14,14,14,14,14
170293,1,1,1986,0,0,0,0,0,0,0,0,0,0
170293,2,1,1986,0,0,0,0,0,0,0,0,0,0
170294,1,1,1986,22,22,22,22,22,22,22,22,22,22
170295,1,1,1986,0,0,0,0,0,0,0,0,0,0
170295,2,1,1986,0,0,0,0,0,0,0,0,0,0
170296,1,1,1986,14,14,14,14,14,14,14,14,14,14
170296,2,1,1986,0,0,0,0,0,0,10,0,0,0
170297,1,1,1986,10,0,0,0,0,0,0,0,11,15
170298,0,1,1986,0,0,0,7,0,24,0,0,0,0
170298,0,2,1986,0,0,0,0,0,0,0,0,0,0
170298,1,1,1986,29,29,29,29,29,29,29,29,29,29
170299,1,1,1986,0,0,0,17,0,0,0,28,0,24
170300,1,1,1986,16,16,16,16,16,16,16,16,16,16
170301,1,1,1986,0,0,0,0,0,0,0,0,0,0
170301,2,1,1986,0,0,0,0,0,0,0,0,0,0
170302,1,1,1986,26,26,26,26,26,26,26,26,26,26
170302,2,1,1986,0,0,0,0,0,0,0,0,0,0
170302,3,1,1986,0,0,0,0,0,0,0,0,0,0
170303,1,1,1986,12,12,12,12,12,12,12,12,12,12
170303,2,1,1986,0,0,0,0,0,0,0,0,0,0
170304,1,1,1986,0,0,0,0,0,0,0,0,0,0
170305,1,1,1986,17,17,17,17,17,17,17,17,17,17
170306,1,1,1986,0,0,0,0,0,0,0,0,0,0
170306,2,1,1986,0,0,0,0,0,0,24,0,0,0
170307,1,1,1986,5,5,5,5,5,5,5,5,5,5
170308,0,1,1986,0,0,0,0,0,0,0,0,0,0
170308,1,1,1986,0,0,0,22,0,0,0,0,0,0
170309,1,1,1986,0,0,0,0,0,0,0,0,0,0
170309,2,1,1986,7,0,0,20,0,0,0,0,0,0
170310,1,1,1986,0,0,0,0,0,0,0,0,0,0
170311,1,1,1986,25,25,25,25,25,25,25,25,25,25
170312,0,1,1986,0,0,0,0,0,0,0,0,0,0
170312,0,2,1986,0,0,0,0,0,0,0,0,0,9
170312,1,1,1986,7,8,14,19,8,21,15,48,9,19
170313,0,1,1986,25,25,25,25,25,25,25,25,25,25
170313,1,1,1986,16,16,16,16,16,16,16,16,16,16
170314,1,1,1986,0,0,0,0,0,0,0,0,0,0
170314,2,1,1986,0,0,0,0,0,0,0,0,0,0
170315,1,1,1986,10,10,10,10,10,10,10,10,10,10
170316,1,1,1986,17,17,17,17,17,17,17,17,17,17
170317,1,1,1986,16,16,16,16,16,16,16,16,16,16
170317,2,1,1986,0,0,0,0,0,0,6,0,42,0
170318,1,1,1986,0,0,0,0,0,0,0,0,0,0
170319,1,1,1986,16,16,16,16,16,16,16,16,16,16
170320,1,1,1986,0,0,0,0,0,0,0,0,0,0
170321,1,1,1986,20,20,20,20,20,20,20,20,20,20
170322,1,1,1986,0,0,0,0,0,0,0,0,0,0
170323,1,1,1986,17,17,17,17,17,17,17,17,17,17
170324,0,1,1986,0,0,0,0,0,0,0,0,0,0
170324,1,1,1986,0,0,0,0,0,0,0,0,0,0
170325,1,1,1986,0,0,0,0,0,0,0,0,19,0
170325,2,1,1986,0,0,0,0,0,0,0,0,0,0
170326,1,1,1986,0,0,0,0,0,0,0,0,0,0
170326,2,1,1986,0,0,0,0,0,0,0,0,3,0
170327,1,1,1986,0,0,0,0,0,0,0,0,0,0
170327,2,1,1986,0,0,0,0,0,0,0,0,0,0
170327,3,1,1986,0,0,0,0,0,0,0,0,0,0
170327,4,1,1986,0,0,0,0,0,0,0,0,0,0
170328,0,1,1986,12,12,12,12,12,12,12,12,12,12
170328,1,1,1986,21,10,19,12,22,4,14,14,3,14
170329,1,1,1986,0,0,0,0,0,0,0,0,0,0
170329,2,1,1986,0,0,0,0,6,0,0,0,0,0
170330,1,1,1986,0,0,0,0,0,0,0,0,0,0
170330,2,1,1986,0,0,0,0,3,0,0,0,0,0
170330,3,1,1986,0,0,0,0,11,0,0,0,0,0
170331,1,1,1986,0,0,0,0,0,0,0,0,0,0
170332,1,1,1986,0,0,0,0,0,0,0,0,0,0
170332,2,1,1986,0,0,0,0,0,0,0,0,5,0
170333,0,1,1986,0,0,0,0,0,0,0,0,0,0
170333,1,1,1986,0,0,0,0,0,0,0,0,0,0
170335,1,1,1986,0,0,9,8,9,0,0,10,0,20
170335,2,1,1986,0,0,10,0,0,18,0,0,0,0
170336,1,3,1986,0,0,0,0,0,0,0,0,20,0
170337,1,1,1986,0,0,0,0,0,0,0,0,0,0
170338,1,1,1986,0,6,0,0,0,0,0,0,0,3
170339,1,1,1986,17,0,17,15,9,0,4,0,0,17
170339,2,1,1986,0,0,0,0,0,0,0,0,0,0
170340,0,1,1986,8,0,0,0,0,0,23,0,0,4
170340,1,1,1986,0,0,0,0,0,0,0,0,0,22
170341,0,1,1986,0,0,0,0,0,0,0,0,0,0
170341,1,1,1986,0,0,0,0,0,0,0,0,0,0
170342,1,1,1986,42,42,42,42,42,42,42,42,42,42
170342,2,1,1986,17,17,17,17,17,17,17,17,17,17
170343,1,1,1986,24,24,24,24,24,24,24,24,24,24
170344,1,1,1986,20,20,20,20,20,20,20,20,20,20
170345,1,1,1986,5,5,5,5,5,5,5,5,5,5
170346,1,1,1986,25,25,25,25,25,25,25,25,25,25
170347,1,1,1986,14,14,14,14,14,14,14,14,14,14
170348,1,1,1986,16,16,16,16,16,16,16,16,16,16
170348,2,1,1986,0,0,0,0,0,0,0,0,0,0
170349,1,1,1986,0,0,0,0,9,0,0,0,0,17
170349,2,1,1986,0,0,0,0,0,0,0,0,0,0
170350,1,1,1986,16,16,16,16,16,16,16,16,16,16
170351,0,1,1986,23,0,19,34,0,0,0,22,0,0
170351,1,1,1986,0,0,0,0,0,0,0,0,0,0
170352,1,1,1986,0,0,0,0,0,0,0,0,0,0
170353,1,1,1986,3,3,3,3,3,3,3,3,3,3
170354,0,1,1986,22,22,22,22,22,22,22,22,22,22
170354,1,1,1986,22,0,0,0,0,0,0,0,0,0
170354,2,1,1986,0,0,0,0,0,0,0,0,0,0
170354,3,1,1986,0,0,0,0,10,0,0,0,0,0
170355,1,1,1986,0,0,0,0,0,0,0,0,0,0
170356,0,1,1986,0,0,0,38,25,0,33,0,19,0
170356,0,2,1986,0,0,0,0,27,0,24,0,11,0
170356,1,1,1986,0,0,0,0,0,0,0,0,7,0
170357,0,1,1986,0,0,0,0,0,0,0,0,0,0
170357,1,1,1986,0,0,0,0,0,0,0,21,0,19
170358,1,1,1986,2,2,2,2,2,2,2,2,2,2
170358,2,1,1986,0,0,0,0,0,0,0,0,0,0
170358,3,1,1986,0,0,11,0,0,0,0,0,0,0
170359,1,1,1986,15,15,15,15,15,15,15,15,15,15
170360,1,1,1986,0,0,0,0,0,28,0,0,0,0
170360,2,1,1986,0,0,0,0,0,0,0,0,0,0
170361,0,1,1986,0,0,0,0,0,0,0,0,0,0
170361,1,1,1986,0,0,0,0,0,0,0,0,0,0
170362,1,1,1986,0,0,0,0,0,0,0,0,0,0
170362,2,1,1986,0,0,11,9,0,6,12,0,0,0
170363,0,1,1986,23,23,23,23,23,23,23,23,23,23
170363,1,1,1986,0,0,0,0,0,0,0,0,0,0
170364,1,1,1986,18,18,18,18,18,18,18,18,18,18
170365,1,1,1986,14,14,14,14,14,14,14,14,14,14
170365,2,1,1986,0,0,0,0,0,0,0,0,0,0
170366,1,1,1986,0,0,0,0,0,0,0,0,0,0
170366,2,1,1986,0,0,0,2,0,0,0,0,0,0
170367,1,1,1986,9,0,0,0,0,0,0,0,0,0
170367,2,1,1986,37,0,0,0,0,0,0,0,10,26
170368,1,1,1986,23,23,23,23,23,23,23,23,23,23
170369,1,1,1986,20,20,20,20,20,20,20,20,20,20
170370,0,1,1986,2,2,2,2,2,2,2,2,2,2
170370,1,1,1986,0,0,0,0,0,0,0,0,0,0
170371,1,1,1986,34,34,34,34,34,34,34,34,34,34
170372,1,1,1986,19,19,19,19,19,19,19,19,19,19
170373,1,1,1986,11,11,11,11,11,11,11,11,11,11
170374,1,1,1986,20,20,20,20,20,20,20,20,20,20
170374,2,1,1986,0,0,0,0,17,0,0,0,0,0
170375,1,1,1986,21,21,21,21,21,21,21,21,21,21