ST_CASE,VEH_NO,PER_NO,YEAR,P1,P2,P3,P4,P5,P6,P7,P8,P9,P10
170376,1,1,1986,27,27,27,27,27,27,27,27,27,27
170377,1,1,1986,0,0,0,12,0,0,21,0,2,0
170377,2,1,1986,21,21,21,21,21,21,21,21,21,21
170378,1,1,1986,0,0,0,0,0,0,0,0,0,0
170378,2,1,1986,0,0,0,0,0,0,0,0,0,0
170379,0,1,1986,0,0,0,0,0,0,0,0,0,0
170379,1,1,1986,0,0,0,0,0,0,0,0,0,0
170380,1,1,1986,12,12,12,12,12,12,12,12,12,12
170380,2,1,1986,0,0,0,0,0,0,0,0,0,0
170381,1,1,1986,0,0,10,0,9,0,22,5,13,0
170382,0,1,1986,0,0,0,0,0,0,0,0,0,0
170382,1,1,1986,0,0,15,0,0,0,0,0,0,0
170383,1,1,1986,6,6,6,6,6,6,6,6,6,6
170384,1,1,1986,0,0,0,0,0,0,0,0,0,0
170384,2,1,1986,0,0,0,0,0,0,0,0,0,0
170384,3,1,1986,0,0,0,0,0,0,0,0,0,0
170385,1,1,1986,32,29,6,17,0,18,20,9,16,4
170386,0,1,1986,0,0,0,0,0,0,0,0,0,0
170386,1,1,1986,0,0,0,0,0,0,0,0,0,0
170387,1,1,1986,26,26,26,26,26,26,26,26,26,26
170388,1,1,1986,18,18,18,18,18,18,18,18,18,18
170388,2,1,1986,0,0,0,0,0,0,0,12,0,0
170389,1,1,1986,27,27,27,27,27,27,27,27,27,27
170390,1,1,1986,0,0,0,13,0,0,18,0,0,0
170390,2,1,1986,6,4,0,12,0,0,0,9,0,0
170391,1,1,1986,17,17,17,17,17,17,17,17,17,17
170391,2,1,1986,12,12,12,12,12,12,12,12,12,12
170392,0,1,1986,20,20,20,20,20,20,20,20,20,20
170392,1,1,1986,0,0,0,0,2,0,0,11,0,0
170393,1,1,1986,0,0,0,0,0,0,0,0,0,0
170394,1,1,1986,32,32,32,32,32,32,32,32,32,32
170395,1,1,1986,0,0,0,0,0,0,0,0,0,0
170395,2,1,1986,0,0,0,0,0,0,0,13,0,0
170396,1,1,1986,12,12,12,12,12,12,12,12,12,12
170396,2,1,1986,0,0,0,0,4,0,0,0,0,0
170397,1,1,1986,14,14,14,14,14,14,14,14,14,14
170398,1,1,1986,7,7,7,7,7,7,7,7,7,7
170400,0,1,1986,0,0,0,0,0,0,0,0,0,0
170400,1,1,1986,8,0,12,6,0,0,0,0,0,0
170401,0,1,1986,0,0,0,0,0,0,0,0,0,0
170401,1,1,1986,0,0,0,0,0,0,0,0,0,0
170402,1,1,1986,0,0,0,0,0,0,0,0,0,0
170402,2,1,1986,0,0,9,0,21,0,0,0,0,0
170403,1,1,1986,0,0,0,0,0,0,0,0,0,0
170403,2,1,1986,0,0,0,0,0,0,0,0,0,0
170404,1,1,1986,0,0,0,0,0,0,0,0,0,0
170405,1,1,1986,0,0,0,0,0,0,0,0,0,0
170405,2,1,1986,0,0,0,0,0,0,0,0,0,0
170406,1,1,1986,8,8,8,8,8,8,8,8,8,8
170407,1,1,1986,0,0,0,0,0,0,0,0,0,0
170407,2,1,1986,0,0,0,0,0,0,0,0,0,0
170408,1,1,1986,13,13,13,13,13,13,13,13,13,13
170409,0,1,1986,9,9,9,9,9,9,9,9,9,9
170409,1,1,1986,18,4,10,10,11,16,37,17,28,12
170410,1,1,1986,13,13,13,13,13,13,13,13,13,13
170411,1,1,1986,17,17,17,17,17,17,17,17,17,17
170412,1,1,1986,0,0,0,0,0,0,0,0,0,0
170412,2,1,1986,0,0,0,0,0,0,0,0,0,0
170413,1,1,1986,26,26,26,26,26,26,26,26,26,26
170414,1,1,1986,11,0,0,0,2,5,12,13,0,0
170415,1,1,1986,9,9,9,9,9,9,9,9,9,9
170416,1,1,1986,17,17,17,17,17,17,17,17,17,17
170417,1,1,1986,28,28,28,28,28,28,28,28,28,28
170417,2,1,1986,0,0,0,0,0,0,0,0,0,0
170418,1,1,1986,29,29,29,29,29,29,29,29,29,29
170418,2,1,1986,0,0,0,0,0,0,0,0,0,0
170419,1,1,1986,20,20,20,20,20,20,20,20,20,20
170419,2,1,1986,0,0,0,0,0,0,0,0,18,0
170420,1,1,1986,0,0,0,0,0,0,0,0,0,0
170420,2,1,1986,0,0,0,0,0,0,0,0,0,0
170421,0,1,1986,0,0,0,0,0,0,0,0,0,0
170421,1,1,1986,0,0,0,0,0,0,5,22,0,0
170422,1,1,1986,0,0,0,0,0,0,0,0,0,0
170422,2,1,1986,0,0,0,0,4,20,0,0,0,0
170423,1,1,1986,0,16,13,0,0,0,0,0,0,0
170424,0,1,1986,0,0,0,0,0,0,0,0,0,0
170424,1,1,1986,0,0,0,0,0,0,6,0,0,0
170425,1,1,1986,16,16,16,16,16,16,16,16,16,16
170425,2,1,1986,0,0,0,0,0,0,0,0,0,0
170426,1,1,1986,37,18,3,25,6,16,31,17,18,16
170427,0,1,1986,0,0,0,0,0,0,0,0,0,0
170427,1,1,1986,0,11,0,0,0,0,0,0,0,0
170428,1,1,1986,20,20,20,20,20,20,20,20,20,20
170429,1,1,1986,0,0,0,0,0,0,0,0,0,0
170430,1,1,1986,0,0,0,0,0,0,0,0,0,0
170430,2,1,1986,0,6,0,0,0,0,15,0,0,5
170431,1,1,1986,16,16,16,16,16,16,16,16,16,16
170432,1,1,1986,18,2,0,22,0,6,0,9,0,0
170432,2,1,1986,0,0,0,0,0,0,13,0,0,0
170433,1,1,1986,15,15,15,15,15,15,15,15,15,15
170433,2,1,1986,0,0,0,0,16,0,0,0,0,0
170434,0,1,1986,7,7,7,7,7,7,7,7,7,7
170434,1,1,1986,0,0,0,0,0,0,0,0,20,0
170435,1,1,1986,0,0,0,0,0,0,0,0,0,0
170435,2,1,1986,0,0,0,0,0,0,0,0,0,0
170436,1,1,1986,0,0,0,0,0,0,0,0,0,0
170437,1,1,1986,0,0,0,0,0,0,0,0,0,0
170437,2,1,1986,0,0,0,0,0,0,0,0,0,0
170438,1,1,1986,0,0,0,0,0,0,0,0,0,0
170438,2,1,1986,0,0,0,0,0,12,0,0,0,0
170439,1,1,1986,14,21,17,29,14,6,12,41,20,10
170439,2,1,1986,0,0,0,0,0,0,0,0,0,0
170440,1,1,1986,0,0,0,0,0,0,0,0,0,0
170440,2,1,1986,0,0,0,0,0,0,0,0,0,0
170441,1,1,1986,3,3,3,3,3,3,3,3,3,3
170442,1,1,1986,18,18,18,18,18,18,18,18,18,18
170442,2,1,1986,0,0,0,0,0,0,0,0,0,0
170443,1,1,1986,0,0,0,0,0,0,0,0,0,0
170443,2,1,1986,0,0,0,0,0,0,0,5,0,0
170443,3,1,1986,0,0,0,0,0,0,0,0,0,0
170444,1,1,1986,14,14,14,14,14,14,14,14,14,14
170444,2,1,1986,0,0,0,0,0,0,0,0,0,0
170445,1,1,1986,0,0,0,0,0,0,0,0,0,0
170445,2,1,1986,0,0,0,0,0,0,0,0,0,0
170446,1,1,1986,15,0,0,0,0,9,24,0,0,0
170446,2,1,1986,0,0,0,0,1,0,0,0,0,0
170446,3,1,1986,9,16,0,0,0,0,0,0,0,0
170447,1,1,1986,0,0,0,0,0,0,0,0,0,0
170447,2,1,1986,0,0,0,0,0,0,0,0,0,0
170448,1,1,1986,29,29,29,29,29,29,29,29,29,29
170448,2,1,1986,0,0,0,0,0,0,0,0,0,0
170449,1,1,1986,0,0,0,0,0,0,0,0,0,0
170449,2,1,1986,0,34,0,0,6,0,0,8,30,0
170449,3,1,1986,0,0,0,0,0,0,0,0,0,0
170450,1,1,1986,15,15,15,15,15,15,15,15,15,15
170451,1,1,1986,28,28,28,28,28,28,28,28,28,28
170452,1,1,1986,14,0,6,0,14,25,0,0,0,0
170452,2,1,1986,0,0,0,0,0,0,0,0,0,0
170453,1,1,1986,0,0,0,0,0,0,0,0,0,0
170453,2,1,1986,0,0,0,0,0,0,0,0,0,0
170454,1,1,1986,15,15,15,15,15,15,15,15,15,15
170454,2,1,1986,0,0,0,0,0,0,0,0,7,0
170454,3,1,1986,24,19,10,25,17,16,14,20,29,24
170454,4,1,1986,12,12,12,12,12,12,12,12,12,12
170455,0,1,1986,0,0,0,0,0,0,0,0,0,0
170455,0,2,1986,0,0,4,0,11,0,0,8,21,0
170455,0,3,1986,0,0,9,8,0,11,0,0,0,13
170455,1,1,1986,0,0,12,0,0,0,0,0,0,0
170456,0,1,1986,15,15,15,15,15,15,15,15,15,15
170456,1,1,1986,15,0,18,0,0,0,0,0,0,9
170457,0,1,1986,0,0,0,0,0,0,0,0,0,0
170457,1,1,1986,0,16,0,0,0,0,13,0,14,10
170458,1,1,1986,0,0,0,0,0,0,0,0,0,0
170458,2,1,1986,0,0,0,0,0,0,0,0,0,0
170459,1,1,1986,0,0,0,0,0,0,0,0,0,0
170460,1,1,1986,33,0,30,15,17,12,17,0,32,7
170461,1,1,1986,0,0,0,0,0,0,9,0,0,0
170462,1,1,1986,0,0,9,0,16,0,0,28,0,0
170462,2,1,1986,0,0,0,0,0,0,0,0,0,0
170463,1,1,1986,34,34,34,34,34,34,34,34,34,34
170463,2,1,1986,0,0,0,0,0,0,0,0,0,0
170464,1,1,1986,0,0,0,0,0,0,0,0,0,0
170464,2,1,1986,0,0,0,0,0,0,0,0,0,0
170465,1,1,1986,27,27,27,27,27,27,27,27,27,27
170465,2,1,1986,13,0,14,0,11,22,0,0,26,13
170466,1,1,1986,0,0,0,0,0,0,0,0,21,22
170466,2,1,1986,0,0,0,0,0,0,0,0,0,0
170466,3,1,1986,0,0,0,0,0,0,0,0,0,0
170466,4,1,1986,20,0,7,0,0,0,0,0,0,0
170466,5,1,1986,0,0,0,0,0,0,0,0,0,0
170467,0,1,1986,0,0,12,0,0,0,0,0,0,0
170467,1,1,1986,0,0,0,0,0,0,0,0,0,0
170467,2,1,1986,0,0,0,0,0,0,0,0,0,0
170468,0,1,1986,0,0,0,0,0,0,0,0,0,0
170468,1,1,1986,14,14,14,14,14,14,14,14,14,14
170469,1,1,1986,0,0,0,0,0,0,0,0,0,0
170469,2,1,1986,0,0,0,4,0,0,0,0,0,0
170469,3,1,1986,0,0,0,0,0,0,0,0,0,0
170469,4,1,1986,0,0,0,0,0,0,0,0,0,0
170470,1,1,1986,0,0,0,0,0,0,0,0,7,0
170470,2,1,1986,0,0,0,0,0,0,0,0,0,0
170471,0,1,1986,0,0,0,0,0,0,0,0,10,0
170471,1,1,1986,0,0,0,0,3,0,0,0,0,0
170472,0,1,1986,0,0,0,0,0,0,0,0,0,0
170472,1,1,1986,0,0,0,0,0,0,0,0,0,0
170473,0,1,1986,0,0,0,0,0,0,0,0,0,0
170473,1,1,1986,0,0,0,0,0,0,0,0,0,0
170474,1,1,1986,0,0,0,0,0,0,0,0,0,0
170474,2,1,1986,10,0,0,0,0,0,0,0,0,0
170475,0,1,1986,0,0,0,0,0,0,0,0,0,0
170475,1,1,1986,0,0,0,11,0,0,0,0,11,0
170476,1,1,1986,25,25,25,25,25,25,25,25,25,25
170476,2,1,1986,0,0,0,0,0,0,0,0,0,0
170477,1,1,1986,1,1,1,1,1,1,1,1,1,1
170478,1,1,1986,28,28,28,28,28,28,28,28,28,28
170478,2,1,1986,0,0,0,0,0,22,0,0,0,0
170479,1,1,1986,0,0,0,0,0,0,0,0,0,0
170480,1,1,1986,0,0,0,0,0,0,0,0,0,0
170481,1,1,1986,0,0,0,30,0,2,13,17,22,0
170482,1,1,1986,16,16,16,16,16,16,16,16,16,16
170483,1,1,1986,0,0,0,0,0,0,0,0,0,0
170483,2,1,1986,0,0,0,0,0,0,0,0,0,0
170484,1,1,1986,0,0,0,0,0,0,0,0,0,0
170484,2,1,1986,8,8,8,8,8,8,8,8,8,8
170484,3,1,1986,0,0,0,0,0,0,5,0,0,0
170485,0,1,1986,0,0,0,0,0,0,0,0,0,0
170485,1,1,1986,6,0,0,0,0,18,8,11,0,0
170486,1,1,1986,13,13,13,13,13,13,13,13,13,13
170487,1,1,1986,0,0,0,0,0,0,0,0,0,0
170488,0,1,1986,9,9,9,9,9,9,9,9,9,9
170488,1,1,1986,0,0,0,0,0,0,0,0,0,0
170489,1,1,1986,0,0,0,0,0,0,0,0,0,0
170489,2,1,1986,0,0,7,11,0,6,0,0,0,0
170489,3,1,1986,0,0,0,0,0,0,0,0,0,0
170490,1,1,1986,7,7,7,7,7,7,7,7,7,7
170491,0,1,1986,0,0,0,0,0,0,0,0,0,0
170491,0,2,1986,0,7,0,0,0,0,0,0,8,7
170491,1,1,1986,18,18,18,18,18,18,18,18,18,18
170493,1,1,1986,35,14,4,23,10,15,21,18,4,19
170494,1,1,1986,0,0,0,0,0,0,0,0,0,0
170495,0,1,1986,0,0,0,0,0,0,0,0,0,0
170495,1,1,1986,0,0,0,0,0,0,0,0,0,0
170496,0,1,1986,1,1,1,1,1,1,1,1,1,1
170496,1,1,1986,9,11,13,40,10,14,10,3,11,5
170497,0,1,1986,0,0,0,4,0,0,0,0,0,0
170497,1,1,1986,0,0,0,0,0,0,0,0,0,0
170498,1,1,1986,0,0,0,0,0,0,0,0,0,0
170499,1,1,1986,0,0,0,0,0,0,0,0,0,0
170500,0,5,1986,14,14,14,14,14,14,14,14,14,14
170500,0,6,1986,18,0,15,0,0,0,0,0,22,0
170500,0,7,1986,10,10,12,0,20,0,8,10,0,0
170500,0,8,1986,43,3,3,0,0,11,0,0,11,16
170500,1,1,1986,15,22,0,14,0,13,0,14,26,0
170501,1,1,1986,16,16,16,16,16,16,16,16,16,16
170502,1,1,1986,0,0,0,0,0,0,0,0,0,0
170502,2,1,1986,0,0,0,0,0,0,0,0,0,0
170503,1,1,1986,0,0,0,0,0,0,0,0,0,0
170503,2,1,1986,0,0,0,0,0,0,0,0,0,0
170504,1,1,1986,6,6,6,6,6,6,6,6,6,6
170505,1,1,1986,12,0,0,13,0,24,0,16,14,0
170505,2,1,1986,0,0,0,0,0,0,0,0,0,0
170506,0,1,1986,0,0,0,0,0,0,0,0,0,0
170506,1,1,1986,0,0,0,0,0,0,0,0,0,0
170507,1,1,1986,0,0,0,0,0,0,0,0,0,0
170508,1,1,1986,20,20,20,20,20,20,20,20,20,20
170509,0,1,1986,32,32,32,32,32,32,32,32,32,32
170509,1,1,1986,0,0,0,0,6,0,0,0,0,0
170510,0,1,1986,21,21,21,21,21,21,21,21,21,21
170510,1,1,1986,0,0,0,0,0,0,0,0,0,0
170512,1,1,1986,0,0,0,0,0,0,0,0,0,0
170512,2,1,1986,5,0,0,0,0,0,0,0,0,0
170513,1,1,1986,0,0,15,0,0,0,0,0,8,0
170513,2,1,1986,7,7,7,7,7,7,7,7,7,7
170514,1,1,1986,0,0,0,0,0,0,0,0,0,0
170514,2,1,1986,0,0,0,0,0,0,0,0,0,0
170515,1,1,1986,24,24,24,24,24,24,24,24,24,24
170516,1,1,1986,0,0,0,0,0,0,0,0,0,0
170516,2,1,1986,0,0,0,0,0,0,0,0,0,0
170517,0,1,1986,0,0,0,0,0,0,0,0,0,0
170517,1,1,1986,0,0,0,0,0,0,0,0,0,0
170518,0,1,1986,0,0,0,0,23,0,0,0,0,0
170518,1,1,1986,0,0,0,0,0,0,0,0,0,0
170519,1,1,1986,0,0,0,0,0,0,0,0,0,0
170519,2,1,1986,0,0,0,0,0,0,0,0,0,0
170520,1,1,1986,0,0,0,0,0,0,0,0,0,4
170520,2,1,1986,0,0,0,0,0,0,0,0,0,0
170521,1,1,1986,0,0,0,0,0,0,0,0,0,0
170521,2,1,1986,0,0,0,0,0,0,0,0,0,0
170522,1,1,1986,0,0,0,0,0,0,9,0,0,0
170522,2,1,1986,0,0,0,0,0,0,0,0,0,0
170523,1,1,1986,0,0,0,0,0,0,0,0,0,0
170523,2,1,1986,0,0,0,0,0,0,0,0,0,0
170524,1,1,1986,23,23,23,23,23,23,23,23,23,23
170525,1,1,1986,18,16,8,0,15,13,0,11,11,35
170526,1,1,1986,11,0,0,0,0,0,0,0,0,0
170527,1,1,1986,12,12,12,12,12,12,12,12,12,12
170527,2,1,1986,15,15,15,15,15,15,15,15,15,15
170528,0,1,1986,0,0,0,0,0,0,0,0,0,0
170528,1,1,1986,0,10,0,0,0,0,0,0,0,0
170529,0,1,1986,0,0,0,0,0,0,0,0,0,0
170529,1,1,1986,0,0,0,0,0,0,0,0,0,0
170530,1,1,1986,0,0,0,0,0,0,0,0,0,0
170530,2,1,1986,0,0,0,0,0,0,0,0,0,0
170531,1,1,1986,23,23,23,23,23,23,23,23,23,23
170532,1,1,1986,30,30,30,30,30,30,30,30,30,30
170533,1,1,1986,0,0,0,0,0,0,0,0,0,0
170533,2,1,1986,0,0,0,0,0,0,0,0,0,0
170534,1,1,1986,0,0,0,0,0,0,0,0,0,0
170534,2,1,1986,0,0,0,0,0,0,0,0,0,0
170535,1,1,1986,0,0,0,0,0,0,0,0,0,0
170535,2,1,1986,0,0,0,0,0,0,0,0,0,0
170536,1,1,1986,0,0,0,0,0,0,0,0,0,0
170537,1,1,1986,0,0,0,0,0,0,0,0,0,0
170538,1,1,1986,20,11,17,14,16,20,19,3,11,11
170538,2,1,1986,0,22,6,0,0,17,19,0,0,0
170539,1,1,1986,0,0,0,0,0,0,0,0,0,0
170539,2,1,1986,0,0,0,0,0,0,0,0,0,0
170540,1,1,1986,0,0,0,0,0,0,0,0,0,0
170540,2,1,1986,0,0,0,0,0,0,0,0,0,0
170541,1,1,1986,0,0,4,10,0,0,0,0,0,0
170541,2,1,1986,0,0,0,15,9,0,0,0,13,0
170542,1,1,1986,17,17,17,17,17,17,17,17,17,17
170543,0,1,1986,30,30,30,30,30,30,30,30,30,30
170543,1,1,1986,0,0,16,0,0,0,9,0,0,0
170544,1,1,1986,0,0,0,0,0,0,0,6,0,0
170544,2,1,1986,0,0,0,0,0,0,0,0,0,0
170545,1,1,1986,21,21,21,21,21,21,21,21,21,21
170545,2,1,1986,0,0,0,0,0,9,0,0,0,0
170547,1,1,1986,0,0,0,0,0,0,0,0,0,0
170547,2,1,1986,0,0,0,0,0,0,0,0,0,0
170548,1,1,1986,0,0,0,0,0,0,0,0,0,20
170549,1,1,1986,11,11,9,8,15,27,22,7,13,21
170550,1,1,1986,0,0,0,0,0,5,0,13,5,12
170551,0,1,1986,10,15,11,20,10,0,30,0,18,15
170551,1,1,1986,0,0,0,0,0,0,0,0,0,0
170552,0,1,1986,0,0,0,0,0,0,0,0,0,0
170552,1,1,1986,0,0,0,0,0,0,0,0,0,0
170553,1,1,1986,0,0,0,0,0,0,0,0,0,0
170553,2,1,1986,0,0,0,0,0,0,0,0,0,0
170554,1,1,1986,10,10,10,10,10,10,10,10,10,10
170555,0,1,1986,0,0,0,0,0,0,0,0,0,0
170555,0,2,1986,0,0,0,0,0,0,0,0,0,0
170555,1,1,1986,0,0,0,0,0,0,0,0,0,0
170556,1,1,1986,0,0,0,10,0,0,0,0,0,0
170556,2,1,1986,0,0,0,0,0,0,0,0,0,0
170557,0,1,1986,38,38,38,38,38,38,38,38,38,38
170557,1,1,1986,1,0,15,7,16,24,0,9,24,0
170558,1,1,1986,17,17,17,17,17,17,17,17,17,17
170558,2,1,1986,0,0,0,0,0,0,0,0,0,0
170559,1,1,1986,9,9,9,9,9,9,9,9,9,9
170560,1,1,1986,12,12,12,12,12,12,12,12,12,12
170561,1,1,1986,0,0,0,0,0,0,0,0,0,0
170561,2,1,1986,0,0,0,0,17,0,0,0,16,0
170562,1,1,1986,20,19,29,19,0,15,0,24,0,0
170563,1,1,1986,21,21,21,21,21,21,21,21,21,21
170564,1,1,1986,25,25,25,25,25,25,25,25,25,25
170565,1,1,1986,16,16,16,16,16,16,16,16,16,16
170566,1,1,1986,20,20,20,20,20,20,20,20,20,20
170567,1,1,1986,0,0,0,0,0,0,0,0,0,0
170568,1,1,1986,13,13,13,13,13,13,13,13,13,13
170569,1,1,1986,0,0,0,0,0,0,0,0,0,0
170570,1,1,1986,0,0,0,0,0,0,0,0,0,0
170570,2,1,1986,0,0,0,0,0,0,0,0,0,0
170571,1,1,1986,12,12,11,0,27,2,30,6,0,13
170572,1,1,1986,27,27,27,27,27,27,27,27,27,27
170573,1,1,1986,4,4,4,4,4,4,4,4,4,4
170573,2,1,1986,0,0,0,0,0,0,0,0,0,0
170574,0,1,1986,0,0,0,0,0,0,0,0,0,0
170574,1,1,1986,0,0,0,0,0,0,0,0,0,0
170575,1,1,1986,15,15,15,15,15,15,15,15,15,15
170575,2,1,1986,0,0,0,0,0,0,0,0,0,0
170576,0,1,1986,11,11,11,11,11,11,11,11,11,11
170576,1,1,1986,0,0,0,0,0,0,0,11,0,41
170577,1,1,1986,0,6,0,0,2,0,0,0,0,1
170577,2,1,1986,0,0,0,0,0,0,0,0,0,0
170578,1,1,1986,0,0,0,0,0,0,0,0,0,0
170579,1,1,1986,5,0,15,0,0,5,0,0,0,0
170580,1,1,1986,0,0,0,0,0,0,0,0,0,0
170580,2,1,1986,0,0,0,0,0,0,0,0,0,0
170581,1,1,1986,0,0,0,0,0,0,0,0,0,0
170582,1,1,1986,0,0,0,0,0,0,0,0,0,0
170582,2,1,1986,0,0,0,0,0,0,0,0,0,0
170583,1,1,1986,0,0,0,0,0,0,0,0,0,0
170583,2,1,1986,0,0,0,0,0,0,0,0,0,0
170584,0,1,1986,0,0,0,0,0,0,0,0,0,0
170584,1,1,1986,0,0,0,0,0,0,0,0,0,0
170585,1,1,1986,0,0,8,0,0,0,0,0,0,0
170585,2,1,1986,0,0,0,0,0,0,0,0,0,0
170586,1,1,1986,0,0,8,0,0,8,0,0,0,0
170587,1,1,1986,1,1,1,1,1,1,1,1,1,1
170588,0,1,1986,0,0,0,0,0,0,0,0,0,0
170588,1,1,1986,0,0,0,0,0,0,0,0,0,0
170589,1,1,1986,20,20,20,20,20,20,20,20,20,20
170590,1,1,1986,25,25,25,25,25,25,25,25,25,25
170591,1,1,1986,9,9,9,9,9,9,9,9,9,9
170592,1,1,1986,31,31,31,31,31,31,31,31,31,31
170593,1,1,1986,19,19,19,19,19,19,19,19,19,19
170594,1,1,1986,18,16,19,0,11,6,0,16,14,10
170594,2,1,1986,4,4,4,4,4,4,4,4,4,4
170595,1,1,1986,0,0,0,0,0,0,0,0,0,0
170596,1,1,1986,0,0,0,0,0,0,0,0,0,0
170596,2,1,1986,0,0,0,0,0,0,0,0,0,0
170597,1,1,1986,4,4,4,4,4,4,4,4,4,4
170598,1,1,1986,19,19,19,19,19,19,19,19,19,19
170599,1,1,1986,22,22,22,22,22,22,22,22,22,22
170599,2,1,1986,0,0,0,0,0,0,0,0,0,0
170600,1,1,1986,7,7,7,7,7,7,7,7,7,7
170600,2,1,1986,0,0,0,0,0,0,0,0,0,0
170601,1,1,1986,0,0,0,0,0,0,0,0,0,0
170602,1,1,1986,0,0,0,0,5,0,0,0,0,0
170602,2,1,1986,0,0,0,0,0,0,0,0,0,0
170603,0,1,1986,0,0,0,0,0,0,0,0,0,0
170603,1,1,1986,2,0,0,0,0,0,0,0,0,0
170604,1,1,1986,0,0,0,0,15,0,0,0,0,0
170604,2,1,1986,0,0,0,0,0,0,0,0,0,0
170605,0,1,1986,0,0,0,0,0,0,0,0,0,0
170605,1,1,1986,0,0,15,0,0,0,0,0,0,0
170606,1,1,1986,0,0,0,0,0,0,0,0,0,0
170606,2,1,1986,0,0,8,4,0,0,0,0,0,0
170606,3,1,1986,0,0,0,0,0,58,0,0,0,0
170607,1,1,1986,17,17,17,17,17,17,17,17,17,17
170607,2,1,1986,0,0,0,0,0,0,0,0,0,0
170608,0,1,1986,0,0,0,0,0,0,0,0,0,0
170608,1,1,1986,0,0,0,0,0,0,0,0,0,0
170609,1,1,1986,0,0,0,0,0,0,0,0,0,0
170609,2,1,1986,0,0,14,0,0,0,6,0,0,0
170610,1,1,1986,0,0,0,0,0,0,0,0,0,0
170611,0,1,1986,9,9,9,9,9,9,9,9,9,9
170611,0,2,1986,22,23,8,0,0,7,7,0,0,44
170611,1,1,1986,0,0,0,17,0,0,0,0,0,0
170612,0,1,1986,20,20,20,20,20,20,20,20,20,20
170612,1,1,1986,0,0,0,0,0,0,0,0,0,0
170613,1,1,1986,16,16,16,16,16,16,16,16,16,16
170614,1,1,1986,37,37,37,37,37,37,37,37,37,37
170614,2,1,1986,0,0,0,0,0,0,0,0,0,0
170615,1,1,1986,0,0,0,0,0,0,0,0,0,0
170615,2,1,1986,0,0,0,0,0,0,0,0,0,0
170616,1,1,1986,0,0,0,0,0,0,0,0,0,0
170616,2,1,1986,0,0,7,0,0,0,0,0,0,0
170617,1,1,1986,0,0,0,0,0,3,0,0,0,0
170618,1,1,1986,0,0,0,0,0,0,0,0,0,0
170619,1,1,1986,0,0,0,0,0,0,0,0,0,0
170619,2,1,1986,0,0,0,0,0,0,0,0,0,0
170620,0,1,1986,0,0,0,0,0,0,0,0,0,0
170620,1,1,1986,0,0,0,0,0,0,0,0,0,0
170621,1,1,1986,13,22,0,0,0,0,0,0,0,0
170622,1,1,1986,14,14,14,14,14,14,14,14,14,14
170623,1,1,1986,10,0,0,22,0,0,0,0,0,22
170624,1,1,1986,11,11,11,11,11,11,11,11,11,11
170624,2,1,1986,14,14,14,14,14,14,14,14,14,14
170625,0,1,1986,0,0,0,0,0,0,0,0,0,0
170625,1,1,1986,21,21,21,21,21,21,21,21,21,21
170626,1,1,1986,0,0,0,0,0,0,0,0,0,0
170626,2,1,1986,0,0,0,0,12,0,0,0,0,0
170627,1,1,1986,24,24,24,24,24,24,24,24,24,24
170627,2,1,1986,0,11,0,0,0,0,9,0,10,0
170628,1,1,1986,14,14,14,14,14,14,14,14,14,14
170629,1,1,1986,0,14,13,11,0,27,0,6,8,12
170630,1,1,1986,0,0,0,0,0,0,0,0,0,0
170630,2,1,1986,0,0,0,0,0,0,0,0,0,0
170631,1,1,1986,3,3,3,3,3,3,3,3,3,3
170632,1,1,1986,10,10,10,10,10,10,10,10,10,10
170633,1,1,1986,0,0,0,0,18,0,10,0,0,0
170633,2,1,1986,0,0,0,0,0,0,0,0,0,0
170634,1,1,1986,22,22,22,22,22,22,22,22,22,22
170635,1,1,1986,20,20,20,20,20,20,20,20,20,20
170636,1,1,1986,0,19,0,0,0,25,0,0,0,0
170636,2,1,1986,0,6,0,0,15,0,0,26,0,0
170637,1,1,1986,0,0,0,0,0,0,0,0,0,0
170638,1,1,1986,7,7,7,7,7,7,7,7,7,7
170639,1,1,1986,0,0,0,0,0,0,0,0,0,0
170640,1,1,1986,5,7,0,0,4,0,0,10,0,3
170640,2,1,1986,0,0,0,0,0,0,0,0,0,0
170641,1,1,1986,0,0,0,0,0,0,0,0,0,0
170642,1,1,1986,0,0,0,0,0,0,0,0,0,0
170643,1,1,1986,0,0,0,0,0,0,0,0,0,0
170644,1,1,1986,12,12,12,12,12,12,12,12,12,12
170645,1,1,1986,17,17,17,17,17,17,17,17,17,17
170646,1,1,1986,18,18,18,18,18,18,18,18,18,18
170647,1,1,1986,20,20,20,20,20,20,20,20,20,20
170648,1,1,1986,6,6,6,6,6,6,6,6,6,6
170649,1,1,1986,31,31,31,31,31,31,31,31,31,31
170650,1,1,1986,0,0,0,0,0,0,0,0,0,0
170651,1,1,1986,0,0,0,0,0,0,0,0,0,0
170652,1,1,1986,24,24,24,24,24,24,24,24,24,24
170654,1,1,1986,0,0,0,0,0,0,0,0,0,0
170655,1,1,1986,5,5,5,5,5,5,5,5,5,5
170656,1,1,1986,17,17,17,17,17,17,17,17,17,17
170657,1,1,1986,4,4,4,4,4,4,4,4,4,4
170658,1,1,1986,8,8,8,8,8,8,8,8,8,8
170659,1,1,1986,0,0,0,0,0,0,0,0,0,0
170660,1,1,1986,9,9,9,9,9,9,9,9,9,9
170660,2,1,1986,0,0,0,0,5,16,0,0,0,0