ST_CASE,VEH_NO,PER_NO,YEAR,P1,P2,P3,P4,P5,P6,P7,P8,P9,P10
170661,1,1,1986,30,30,30,30,30,30,30,30,30,30
170662,0,1,1986,41,41,41,41,41,41,41,41,41,41
170662,1,1,1986,0,0,0,0,0,0,0,0,0,0
170663,1,1,1986,0,0,0,0,0,0,0,0,0,7
170664,1,1,1986,6,6,6,6,6,6,6,6,6,6
170665,1,1,1986,16,16,16,16,16,16,16,16,16,16
170666,0,1,1986,6,6,6,6,6,6,6,6,6,6
170666,1,1,1986,0,0,0,0,0,0,0,19,0,0
170667,1,1,1986,11,11,11,11,11,11,11,11,11,11
170668,0,1,1986,0,0,0,0,0,0,0,0,0,0
170668,0,2,1986,0,0,0,0,0,0,0,0,0,0
170668,1,1,1986,0,0,0,0,0,0,0,0,0,12
170669,1,1,1986,0,0,0,0,0,0,0,0,0,0
170669,2,1,1986,0,0,0,0,0,0,0,0,0,23
170670,1,1,1986,5,5,5,5,5,5,5,5,5,5
170671,0,1,1986,0,0,0,0,0,0,0,0,0,0
170671,1,1,1986,0,14,0,8,0,0,0,12,0,0
170672,0,1,1986,0,0,0,0,0,0,0,0,0,0
170672,1,1,1986,0,0,0,0,0,0,0,0,0,0
170673,1,1,1986,0,0,27,8,0,15,19,11,29,21
170674,1,1,1986,28,28,28,28,28,28,28,28,28,28
170674,2,1,1986,0,0,0,0,0,0,0,0,0,0
170675,1,1,1986,30,30,30,30,30,30,30,30,30,30
170675,2,1,1986,0,0,0,0,0,0,0,12,0,0
170676,1,1,1986,30,30,30,30,30,30,30,30,30,30
170676,2,1,1986,0,0,0,0,0,0,0,11,0,0
170676,3,1,1986,11,0,0,0,0,0,0,0,0,0
170677,1,1,1986,11,11,11,11,11,11,11,11,11,11
170677,2,1,1986,0,0,0,0,0,0,0,0,0,0
170677,3,1,1986,0,8,0,0,0,0,7,0,0,0
170678,1,1,1986,13,13,13,13,13,13,13,13,13,13
170678,2,1,1986,0,0,0,0,0,0,0,0,0,0
170679,1,1,1986,16,16,16,16,16,16,16,16,16,16
170679,2,1,1986,0,19,0,0,0,0,0,15,0,0
170679,3,1,1986,0,0,0,0,0,0,0,0,0,0
170680,1,1,1986,20,0,0,0,8,0,0,0,0,0
170680,2,1,1986,6,6,6,6,6,6,6,6,6,6
170681,0,1,1986,0,0,0,0,0,0,0,0,0,0
170681,1,1,1986,0,0,0,0,0,0,0,0,0,0
170682,0,1,1986,0,0,0,0,0,0,0,0,0,0
170682,1,1,1986,6,18,27,23,9,17,19,31,18,17
170683,1,1,1986,20,20,20,20,20,20,20,20,20,20
170683,2,1,1986,0,0,0,0,0,0,0,0,0,0
170683,3,1,1986,0,0,0,0,0,0,0,5,0,0
170684,1,1,1986,21,21,21,21,21,21,21,21,21,21
170685,1,1,1986,0,0,0,0,0,0,0,0,0,0
170685,2,1,1986,0,0,0,0,0,0,0,0,0,0
170686,1,1,1986,0,0,0,10,0,7,0,0,0,0
170687,1,1,1986,11,11,11,11,11,11,11,11,11,11
170688,1,1,1986,16,16,16,16,16,16,16,16,16,16
170689,1,1,1986,2,2,2,2,2,2,2,2,2,2
170690,1,1,1986,0,0,0,0,0,0,0,0,0,0
170690,2,1,1986,0,0,0,0,0,0,0,0,0,0
170690,3,1,1986,11,0,0,0,0,0,0,0,0,0
170691,1,1,1986,14,14,14,14,14,14,14,14,14,14
170692,1,1,1986,0,0,0,0,0,0,0,0,0,0
170692,2,1,1986,0,0,0,0,0,0,0,0,0,0
170693,0,1,1986,0,0,0,0,0,0,0,0,0,0
170693,1,1,1986,0,0,0,0,6,0,0,0,0,0
170694,1,1,1986,10,10,10,10,10,10,10,10,10,10
170694,2,1,1986,9,0,19,0,0,21,0,0,0,0
170695,1,1,1986,0,0,0,0,0,0,0,0,0,0
170695,2,1,1986,0,0,0,0,0,0,0,14,0,0
170695,3,1,1986,2,0,0,0,0,0,0,0,0,0
170696,1,1,1986,18,20,6,19,12,16,18,17,16,4
170697,0,1,1986,30,30,30,30,30,30,30,30,30,30
170697,1,1,1986,12,0,16,0,0,0,0,0,0,0
170698,1,1,1986,0,0,0,0,0,0,0,0,0,0
170699,1,1,1986,0,0,0,0,0,0,0,0,0,0
170699,2,1,1986,0,0,0,0,0,0,0,0,0,0
170700,1,1,1986,9,9,9,9,9,9,9,9,9,9
170700,2,1,1986,0,4,16,0,14,0,0,18,0,8
170701,1,1,1986,0,0,0,0,0,0,0,14,0,26
170701,2,1,1986,0,0,0,0,0,0,0,0,0,0
170702,1,1,1986,0,0,0,0,0,0,0,0,0,0
170702,2,1,1986,0,0,0,0,0,0,0,0,0,0
170703,1,1,1986,0,0,14,0,0,0,11,0,0,0
170703,2,1,1986,0,0,0,0,0,0,0,0,0,0
170704,1,1,1986,13,7,16,19,17,0,22,20,16,30
170705,1,1,1986,21,26,20,19,5,14,12,18,0,22
170706,0,1,1986,0,0,0,0,0,0,0,0,0,0
170706,1,1,1986,0,25,13,7,0,0,4,37,0,0
170707,1,1,1986,0,0,0,0,0,0,0,0,0,0
170708,0,1,1986,0,17,29,0,29,10,0,24,38,30
170708,1,1,1986,19,25,13,13,15,3,15,18,18,20
170709,1,1,1986,15,15,15,15,15,15,15,15,15,15
170710,1,1,1986,11,11,11,11,11,11,11,11,11,11
170711,1,1,1986,0,0,0,0,0,7,0,0,0,0
170711,2,1,1986,0,0,0,0,0,0,0,11,0,0
170712,1,1,1986,0,0,14,0,0,0,0,0,10,8
170713,1,1,1986,10,10,10,10,10,10,10,10,10,10
170714,1,1,1986,0,5,12,10,11,22,19,15,12,7
170714,2,1,1986,0,0,0,0,0,0,0,0,0,0
170715,1,1,1986,10,10,10,10,10,10,10,10,10,10
170715,2,1,1986,0,0,0,0,0,0,0,0,0,0
170716,1,1,1986,15,15,15,15,15,15,15,15,15,15
170717,1,1,1986,37,37,37,37,37,37,37,37,37,37
170718,1,1,1986,0,0,0,0,0,0,0,0,0,0
170718,2,1,1986,0,0,0,5,7,15,0,3,0,0
170718,3,1,1986,0,0,0,0,0,17,0,0,0,0
170719,1,1,1986,0,0,0,0,0,0,0,0,0,0
170719,2,1,1986,0,0,0,0,5,0,0,0,0,0
170720,1,1,1986,0,0,0,0,0,0,0,0,0,0
170720,2,1,1986,0,0,0,0,0,0,0,0,0,0
170720,3,1,1986,0,20,0,0,0,0,0,0,0,0
170720,4,1,1986,3,3,3,3,3,3,3,3,3,3
170721,1,1,1986,0,0,0,0,0,0,0,0,0,0
170721,2,1,1986,0,0,0,0,0,0,0,0,0,0
170722,1,1,1986,0,0,0,0,0,0,0,0,0,0
170722,2,1,1986,0,0,0,0,0,0,0,0,0,0
170723,1,1,1986,0,0,0,0,0,0,0,0,0,0
170723,2,1,1986,0,0,0,0,0,0,0,0,0,0
170724,1,1,1986,0,0,0,0,0,0,0,0,0,0
170724,2,1,1986,25,0,0,0,0,0,0,0,20,0
170725,1,1,1986,20,20,20,20,20,20,20,20,20,20
170726,0,1,1986,0,0,0,0,0,0,0,0,0,0
170726,1,1,1986,0,0,0,0,0,0,0,0,0,0
170727,0,1,1986,0,0,0,0,0,0,0,0,0,0
170727,1,1,1986,0,0,0,0,0,0,0,0,0,0
170728,0,1,1986,0,0,0,0,0,0,0,0,0,0
170728,1,1,1986,0,0,0,12,13,0,17,0,5,8
170730,1,1,1986,0,0,0,0,0,0,0,0,0,0
170730,2,1,1986,0,0,0,0,0,0,0,10,0,0
170731,1,1,1986,0,0,0,0,0,0,0,0,0,0
170731,2,1,1986,0,0,0,0,12,0,0,0,0,0
170732,1,1,1986,0,0,0,0,0,5,3,0,0,0
170732,2,1,1986,0,0,0,0,0,0,0,0,0,0
170733,1,1,1986,0,0,0,0,0,0,0,0,0,0
170734,0,1,1986,0,0,0,0,0,0,0,0,0,0
170734,1,1,1986,0,0,0,4,0,0,0,0,0,0
170735,1,1,1986,0,0,0,0,0,0,0,0,0,0
170736,0,1,1986,0,0,0,0,0,0,0,0,0,0
170736,1,1,1986,0,0,0,0,0,0,0,0,0,0
170737,0,1,1986,0,0,0,0,0,0,0,0,0,0
170737,1,1,1986,0,0,0,27,0,0,0,0,0,0
170737,2,1,1986,0,0,12,0,0,0,0,0,0,0
170738,0,1,1986,0,0,0,0,0,0,0,0,0,0
170738,1,1,1986,0,0,0,0,0,0,0,13,18,0
170739,1,1,1986,0,0,0,0,0,0,0,0,0,0
170740,1,1,1986,0,0,0,0,0,0,0,0,0,0
170740,2,1,1986,0,0,0,0,0,0,0,0,0,3
170741,1,1,1986,0,0,0,0,0,0,0,0,0,0
170742,1,1,1986,0,0,0,0,0,0,0,0,0,0
170743,1,1,1986,0,0,0,0,0,0,0,0,0,0
170743,2,1,1986,0,0,0,0,0,0,0,0,0,0
170744,1,1,1986,0,0,0,0,0,0,0,0,0,0
170745,0,1,1986,0,0,0,0,0,0,0,0,0,0
170745,1,1,1986,0,0,0,0,20,0,0,0,0,0
170746,1,1,1986,16,0,0,0,26,0,18,0,0,0
170746,2,1,1986,16,0,0,0,0,0,8,0,0,0
170747,1,1,1986,0,0,0,0,0,0,0,0,0,0
170747,2,1,1986,0,0,0,0,0,0,0,0,0,0
170748,1,1,1986,0,0,0,0,0,0,0,0,0,0
170748,2,1,1986,0,0,0,4,0,0,10,0,0,0
170749,1,1,1986,17,17,17,17,17,17,17,17,17,17
170750,0,1,1986,0,18,19,5,28,0,5,0,0,22
170750,0,2,1986,0,0,0,0,0,0,0,0,0,0
170750,1,1,1986,0,0,15,0,0,0,6,0,0,0
170751,1,1,1986,6,25,17,0,21,0,0,13,14,36
170752,1,1,1986,0,0,0,0,0,0,0,0,0,0
170753,1,1,1986,16,16,16,16,16,16,16,16,16,16
170754,1,1,1986,12,12,12,12,12,12,12,12,12,12
170754,2,1,1986,0,0,0,0,0,0,0,0,0,0
170755,1,1,1986,10,12,0,15,29,20,11,0,4,22
170756,1,1,1986,0,0,0,0,0,21,0,0,8,0
170756,2,1,1986,0,0,0,0,0,0,0,0,0,0
170757,0,1,1986,20,20,20,20,20,20,20,20,20,20
170757,1,1,1986,13,23,24,0,17,18,16,0,0,19
170758,1,1,1986,14,14,14,14,14,14,14,14,14,14
170758,2,1,1986,0,0,0,5,0,0,0,0,0,0
170759,1,1,1986,25,25,25,25,25,25,25,25,25,25
170760,1,1,1986,0,0,0,0,0,0,0,0,0,0
170761,1,1,1986,11,11,11,11,11,11,11,11,11,11
170761,2,1,1986,0,0,0,0,0,0,0,0,0,0
170761,3,1,1986,0,11,0,0,0,0,0,0,0,0
170762,1,1,1986,12,12,12,12,12,12,12,12,12,12
170762,2,1,1986,0,0,0,0,6,0,0,0,4,0
170763,1,1,1986,5,5,5,5,5,5,5,5,5,5
170764,1,1,1986,13,13,13,13,13,13,13,13,13,13
170764,2,1,1986,0,16,20,0,0,0,14,0,0,0
170765,1,1,1986,0,0,0,0,0,0,0,0,0,0
170765,2,1,1986,0,0,0,0,0,0,0,11,0,0
170766,0,1,1986,1,1,1,1,1,1,1,1,1,1
170766,1,1,1986,0,0,0,0,0,0,0,0,0,0
170767,1,1,1986,22,22,22,22,22,22,22,22,22,22
170767,2,1,1986,0,21,0,12,8,0,0,14,13,0
170768,1,1,1986,0,0,0,0,0,0,0,0,0,0
170768,2,1,1986,0,0,0,0,0,0,0,0,0,0
170769,0,1,1986,0,0,0,0,0,0,0,0,0,0
170769,1,1,1986,0,0,0,14,0,0,0,0,0,0
170770,1,1,1986,0,0,0,0,0,0,0,0,0,0
170771,0,1,1986,0,0,0,0,0,0,0,0,0,0
170771,1,1,1986,0,0,0,0,0,0,0,0,0,0
170772,1,1,1986,22,22,22,22,22,22,22,22,22,22
170773,1,1,1986,0,0,0,0,0,0,0,0,0,0
170773,2,1,1986,0,0,0,0,0,0,0,0,0,0
170774,1,1,1986,0,0,0,0,0,0,0,0,0,0
170774,2,1,1986,0,0,0,0,0,0,11,11,7,0
170775,1,1,1986,0,0,0,0,0,0,0,0,0,0
170776,1,1,1986,24,24,24,24,24,24,24,24,24,24
170777,0,1,1986,0,0,0,0,0,0,0,0,0,0
170777,1,1,1986,0,0,0,0,0,0,0,0,0,0
170778,1,1,1986,0,6,0,0,0,0,0,0,0,0
170778,2,1,1986,0,0,0,0,0,0,0,0,0,0
170779,0,1,1986,15,15,15,15,15,15,15,15,15,15
170779,1,1,1986,0,0,0,0,0,0,0,12,25,0
170780,0,1,1986,9,9,9,9,9,9,9,9,9,9
170780,1,1,1986,0,0,18,0,18,0,20,0,0,0
170781,1,1,1986,18,18,18,18,18,18,18,18,18,18
170782,1,1,1986,0,0,0,0,0,0,0,0,0,0
170782,2,1,1986,0,0,0,0,0,0,0,0,0,0
170783,0,1,1986,0,0,0,0,0,0,0,0,0,0
170783,1,1,1986,0,8,0,0,0,0,0,0,0,0
170784,1,1,1986,26,0,0,6,0,0,0,0,0,0
170784,2,1,1986,0,0,0,0,0,0,0,0,0,0
170785,0,1,1986,0,0,0,0,0,0,0,0,0,0
170785,1,1,1986,0,0,0,0,0,0,0,0,0,0
170786,1,1,1986,0,0,0,0,0,0,0,0,0,0
170787,0,1,1986,0,0,0,0,0,0,0,0,0,0
170787,0,2,1986,21,38,24,30,0,15,11,14,0,16
170787,1,1,1986,0,0,0,0,0,0,0,0,0,0
170788,1,1,1986,18,18,18,18,18,18,18,18,18,18
170788,2,1,1986,0,0,0,0,0,0,0,0,0,0
170789,0,1,1986,23,23,23,23,23,23,23,23,23,23
170789,1,1,1986,18,30,26,0,13,29,26,3,27,19
170790,1,1,1986,11,11,11,11,11,11,11,11,11,11
170791,0,1,1986,0,0,0,0,0,0,0,0,0,0
170791,0,2,1986,0,6,29,0,13,4,10,0,19,16
170791,1,1,1986,0,0,4,0,0,0,39,0,0,0
170793,0,1,1986,15,15,15,15,15,15,15,15,15,15
170793,1,1,1986,0,23,0,0,0,0,17,0,7,0
170794,1,1,1986,23,23,23,23,23,23,23,23,23,23
170795,1,1,1986,10,10,10,10,10,10,10,10,10,10
170796,0,1,1986,0,0,0,0,0,0,0,0,0,0
170796,1,1,1986,12,0,0,0,0,0,0,19,0,0
170797,1,1,1986,7,7,7,7,7,7,7,7,7,7
170798,1,1,1986,0,0,0,0,0,0,0,0,0,0
170798,2,1,1986,0,0,0,0,0,0,0,0,0,0
170799,1,1,1986,27,27,27,27,27,27,27,27,27,27
170800,1,1,1986,22,22,22,22,22,22,22,22,22,22
170801,1,1,1986,6,6,6,6,6,6,6,6,6,6
170802,1,1,1986,6,31,0,28,27,22,25,0,23,13
170803,1,1,1986,0,0,0,0,0,0,0,0,0,0
170803,2,1,1986,0,0,0,0,0,0,0,0,0,0
170804,1,1,1986,9,15,0,17,0,8,35,0,8,15
170805,1,1,1986,0,0,0,0,0,0,0,0,0,0
170805,2,1,1986,0,0,0,0,0,0,0,0,0,0
170807,0,1,1986,0,0,0,0,0,0,0,0,0,0
170807,1,1,1986,0,0,0,0,0,0,0,0,0,0
170808,1,1,1986,9,9,9,9,9,9,9,9,9,9
170809,1,1,1986,0,0,0,0,0,0,0,0,0,0
170809,2,1,1986,0,0,0,0,0,0,0,0,0,0
170810,0,1,1986,49,0,35,17,15,5,21,13,27,32
170810,2,1,1986,0,0,0,0,0,0,0,0,0,0
170810,3,1,1986,0,0,0,0,0,0,0,12,0,0
170811,0,1,1986,22,22,22,22,22,22,22,22,22,22
170811,1,1,1986,33,13,12,30,0,0,0,5,23,23
170812,0,1,1986,0,0,0,0,0,0,0,0,0,0
170812,1,1,1986,6,0,0,3,0,0,0,0,0,0
170813,1,1,1986,14,14,14,14,14,14,14,14,14,14
170814,1,1,1986,13,13,13,13,13,13,13,13,13,13
170815,1,1,1986,16,16,16,16,16,16,16,16,16,16
170816,1,1,1986,17,17,17,17,17,17,17,17,17,17
170816,2,1,1986,0,0,0,0,0,0,0,0,0,0
170817,0,1,1986,12,12,12,12,12,12,12,12,12,12
170817,1,1,1986,0,0,0,0,0,5,0,0,0,0
170818,1,1,1986,8,8,8,8,8,8,8,8,8,8
170819,1,1,1986,15,15,15,15,15,15,15,15,15,15
170820,0,1,1986,16,16,16,16,16,16,16,16,16,16
170820,1,1,1986,0,0,0,0,0,0,0,0,0,0
170821,1,1,1986,2,2,2,2,2,2,2,2,2,2
170821,2,1,1986,19,0,0,0,0,0,0,0,0,0
170822,0,1,1986,0,0,0,0,0,0,0,0,0,0
170822,1,1,1986,0,0,0,0,0,0,0,0,15,0
170823,1,1,1986,20,20,20,20,20,20,20,20,20,20
170824,1,1,1986,25,25,25,25,25,25,25,25,25,25
170824,2,1,1986,0,0,0,0,0,0,3,0,0,0
170825,1,1,1986,13,13,10,13,11,7,8,6,6,15
170826,1,1,1986,0,0,0,0,0,0,0,0,0,12
170826,2,1,1986,6,0,0,0,0,0,0,0,0,0
170827,1,1,1986,0,3,0,0,0,0,11,0,0,0
170827,2,1,1986,0,0,0,0,26,0,0,18,0,14
170828,1,1,1986,34,34,34,34,34,34,34,34,34,34
170829,1,1,1986,0,0,0,0,0,0,0,0,0,0
170829,2,1,1986,0,0,0,0,0,0,0,0,0,0
170830,1,1,1986,13,13,13,13,13,13,13,13,13,13
170831,1,1,1986,22,22,22,22,22,22,22,22,22,22
170832,1,1,1986,27,27,27,27,27,27,27,27,27,27
170833,1,1,1986,11,11,11,11,11,11,11,11,11,11
170833,2,1,1986,0,0,0,0,0,0,0,0,0,0
170834,1,1,1986,23,23,23,23,23,23,23,23,23,23
170835,0,1,1986,15,23,26,15,29,18,22,23,21,19
170835,1,1,1986,5,0,0,14,0,0,0,0,13,0
170836,1,1,1986,0,0,0,0,0,0,0,0,0,0
170837,1,1,1986,22,22,22,22,22,22,22,22,22,22
170838,1,1,1986,21,21,21,21,21,21,21,21,21,21
170839,1,1,1986,6,6,6,6,6,6,6,6,6,6
170839,2,1,1986,16,16,16,16,16,16,16,16,16,16
170840,1,1,1986,16,16,16,16,16,16,16,16,16,16
170841,1,1,1986,6,6,6,6,6,6,6,6,6,6
170841,2,1,1986,0,0,0,0,0,0,0,0,0,0
170842,1,1,1986,16,16,16,16,16,16,16,16,16,16
170843,1,1,1986,0,0,0,0,0,0,0,0,0,0
170843,2,1,1986,0,0,0,0,0,0,0,0,0,0
170844,0,1,1986,0,0,0,0,0,0,24,0,0,7
170844,1,1,1986,0,4,0,0,0,0,0,0,0,0
170845,0,1,1986,0,0,0,0,0,0,0,0,0,0
170845,1,1,1986,0,0,0,0,0,5,0,0,0,0
170846,1,1,1986,0,0,0,0,0,0,0,0,0,0
170846,2,1,1986,0,0,0,0,0,0,0,0,0,0
170847,0,1,1986,25,25,25,25,25,25,25,25,25,25
170847,1,1,1986,0,0,5,0,0,0,0,0,0,0
170848,1,1,1986,0,0,0,0,0,0,0,0,0,0
170848,2,1,1986,0,0,0,0,0,0,0,0,0,0
170849,0,1,1986,0,0,0,0,0,0,0,0,0,0
170849,1,1,1986,0,0,0,0,0,0,0,0,0,0
170850,1,1,1986,8,0,0,0,0,0,0,15,0,7
170850,2,1,1986,0,0,0,0,0,0,0,0,0,0
170851,1,1,1986,14,14,14,14,14,14,14,14,14,14
170851,2,1,1986,0,0,0,0,0,0,0,0,0,0
170852,1,1,1986,0,4,0,12,0,0,0,4,0,0
170853,1,1,1986,0,0,0,0,0,0,0,0,0,0
170853,2,1,1986,0,0,0,0,0,0,0,0,0,0
170854,1,1,1986,0,0,0,0,0,0,0,0,0,0
170855,0,1,1986,0,6,0,16,12,0,19,0,12,8
170855,0,2,1986,0,11,10,0,25,0,0,0,30,0
170855,0,3,1986,0,0,0,0,0,0,0,0,0,0
170855,1,1,1986,19,19,19,19,19,19,19,19,19,19
170856,1,1,1986,0,0,0,0,0,0,0,0,0,0
170856,2,1,1986,3,0,0,0,0,0,0,0,0,0
170857,1,1,1986,0,0,0,0,0,0,0,0,0,0
170857,2,1,1986,0,0,0,0,0,0,0,0,0,0
170858,1,1,1986,0,0,0,0,0,0,0,0,0,0
170858,2,1,1986,11,11,11,11,11,11,11,11,11,11
170859,1,1,1986,26,26,26,26,26,26,26,26,26,26
170860,1,1,1986,0,0,0,0,0,0,0,0,0,0
170860,2,1,1986,0,0,0,0,0,0,0,0,0,0
170860,3,1,1986,0,0,0,0,0,0,0,0,0,0
170861,1,1,1986,24,24,24,24,24,24,24,24,24,24
170862,1,1,1986,17,17,17,17,17,17,17,17,17,17
170863,1,1,1986,0,0,0,0,0,0,0,0,0,0
170863,2,1,1986,0,0,0,0,0,0,0,0,0,0
170864,1,1,1986,0,0,0,0,0,0,0,0,0,0
170864,2,1,1986,0,16,0,0,6,0,14,0,0,0
170865,0,1,1986,0,0,0,0,0,0,0,0,0,0
170865,1,1,1986,10,2,0,9,13,17,0,7,0,0
170866,1,1,1986,15,15,15,15,15,15,15,15,15,15
170867,0,1,1986,14,14,14,14,14,14,14,14,14,14
170867,1,1,1986,0,0,0,8,0,0,16,3,13,0
170868,1,1,1986,1,1,1,1,1,1,1,1,1,1
170868,2,1,1986,15,15,15,15,15,15,15,15,15,15
170869,1,1,1986,6,6,6,6,6,6,6,6,6,6
170870,1,1,1986,0,0,0,0,0,0,0,19,0,0
170871,0,1,1986,0,0,0,0,0,0,0,0,0,0
170871,1,1,1986,0,0,0,0,0,0,0,0,0,0
170872,1,1,1986,0,0,0,0,0,0,0,0,0,0
170872,2,1,1986,0,0,0,0,0,0,0,0,0,0
170873,1,1,1986,0,0,0,0,0,0,0,0,0,0
170874,1,1,1986,15,15,15,15,15,15,15,15,15,15
170875,1,1,1986,0,0,0,0,0,0,0,0,0,0
170875,2,1,1986,0,0,0,0,0,0,0,0,0,0
170876,1,1,1986,0,0,0,9,0,0,0,0,0,0
170877,1,1,1986,12,12,12,12,12,12,12,12,12,12
170878,0,1,1986,0,0,0,0,0,0,0,0,0,0
170878,1,1,1986,0,0,0,0,0,0,0,0,0,0
170879,1,1,1986,0,9,0,0,0,0,0,0,11,0
170879,2,1,1986,15,15,15,15,15,15,15,15,15,15
170880,0,1,1986,0,0,0,0,0,0,0,0,0,0
170880,0,2,1986,0,0,0,0,0,0,0,0,0,0
170880,1,1,1986,0,0,0,0,0,0,0,0,0,0
170881,1,1,1986,0,0,0,0,0,0,0,0,0,0
170881,2,1,1986,0,0,0,0,8,0,0,0,0,0
170881,3,1,1986,0,0,0,0,0,0,0,0,0,0
170881,4,1,1986,0,0,0,0,0,0,0,0,0,0
170881,5,1,1986,0,0,0,0,0,0,0,0,0,0
170882,1,1,1986,0,0,0,0,0,0,0,0,0,0
170882,2,1,1986,25,0,9,0,0,0,0,14,22,21
170883,1,1,1986,30,12,19,20,16,20,18,14,0,14
170884,0,1,1986,0,0,0,0,0,0,0,0,0,0
170884,1,1,1986,0,0,25,0,0,0,0,0,0,0
170886,1,1,1986,33,33,33,33,33,33,33,33,33,33
170887,1,1,1986,0,0,0,0,0,0,0,0,0,0
170888,1,1,1986,0,0,0,0,0,0,0,0,0,0
170888,2,1,1986,0,0,0,0,0,0,0,0,0,0
170888,3,1,1986,0,0,0,0,0,0,0,0,0,0
170889,1,1,1986,0,0,0,0,0,0,0,0,0,0
170890,1,1,1986,0,0,0,0,0,0,9,0,0,0
170890,2,1,1986,22,22,22,22,22,22,22,22,22,22
170891,1,1,1986,3,3,3,3,3,3,3,3,3,3
170891,2,1,1986,0,0,0,0,0,0,0,0,0,0
170892,1,1,1986,0,0,0,0,0,0,0,0,0,0
170892,2,1,1986,0,0,8,0,0,0,0,0,0,0
170893,1,1,1986,0,0,0,0,0,0,0,0,0,0
170894,1,1,1986,27,27,27,27,27,27,27,27,27,27
170894,2,1,1986,0,0,0,0,0,0,0,12,0,0
170894,3,1,1986,0,0,0,0,0,18,16,0,0,0
170895,1,1,1986,3,5,20,8,16,20,9,12,9,5
170895,2,1,1986,0,0,0,0,0,0,0,0,0,0
170896,1,1,1986,16,16,16,16,16,16,16,16,16,16
170897,1,1,1986,26,0,0,0,44,9,6,8,15,0
170898,1,1,1986,11,11,11,11,11,11,11,11,11,11
170898,2,1,1986,0,0,0,0,0,0,15,21,25,4
170899,0,1,1986,22,22,22,22,22,22,22,22,22,22
170899,1,1,1986,21,0,0,14,18,26,0,0,5,37
170899,2,1,1986,7,0,0,0,0,0,0,0,0,0
170900,1,1,1986,26,26,26,26,26,26,26,26,26,26
170901,1,1,1986,0,10,0,0,0,0,0,0,0,0
170902,1,1,1986,25,25,25,25,25,25,25,25,25,25
170902,2,1,1986,0,0,0,0,0,0,0,0,10,0
170903,1,1,1986,0,0,0,0,0,0,0,0,0,0
170903,2,1,1986,0,0,12,0,0,0,7,0,0,0
170904,1,1,1986,0,0,0,0,0,0,6,0,0,0
170905,1,1,1986,5,5,5,5,5,5,5,5,5,5
170905,2,1,1986,0,0,0,0,0,0,0,0,0,0
170906,1,1,1986,20,20,20,20,20,20,20,20,20,20
170907,1,1,1986,20,20,20,20,20,20,20,20,20,20
170907,2,1,1986,25,25,25,25,25,25,25,25,25,25
170908,1,1,1986,0,0,18,25,6,0,29,11,16,17
170909,1,1,1986,0,0,0,0,0,0,0,0,0,0
170909,2,1,1986,0,0,0,0,0,0,0,15,0,18
170910,0,1,1986,0,0,0,0,0,0,0,0,0,0
170910,1,1,1986,0,0,0,0,0,0,0,0,0,0
170911,1,1,1986,0,0,0,0,0,0,0,0,0,0
170911,2,1,1986,0,0,0,0,0,0,0,0,0,0
170912,1,1,1986,14,0,0,0,0,15,36,23,19,0
170912,2,1,1986,0,0,0,0,0,0,0,0,0,0
170913,0,1,1986,0,0,0,0,0,0,0,0,0,0
170913,1,1,1986,0,0,0,0,0,0,0,0,0,0
170914,1,1,1986,28,28,28,28,28,28,28,28,28,28
170915,1,1,1986,0,0,0,0,0,0,0,0,0,0
170915,2,1,1986,0,0,0,0,0,0,0,0,9,0
170916,1,1,1986,0,0,0,0,13,0,0,0,0,0
170916,2,1,1986,0,0,0,0,0,0,0,0,0,0
170916,3,1,1986,0,0,0,0,0,0,0,0,0,0
170917,1,1,1986,0,0,0,0,0,0,0,0,0,0
170919,1,1,1986,0,0,0,0,0,0,0,0,0,0
170920,1,1,1986,0,0,0,0,0,0,0,0,0,0
170920,2,1,1986,15,15,15,15,15,15,15,15,15,15
170921,0,1,1986,0,0,0,0,0,0,0,0,0,0
170921,1,1,1986,0,0,0,0,0,0,0,0,0,3
170922,0,1,1986,0,0,0,0,0,0,0,0,0,0
170922,1,1,1986,0,0,0,0,0,0,0,0,0,0
170923,1,1,1986,0,0,0,0,0,0,0,0,0,0
170923,2,1,1986,0,0,0,0,0,0,0,0,0,0
170924,1,1,1986,0,0,0,0,0,0,0,0,0,0
170925,0,1,1986,2,2,2,2,2,2,2,2,2,2
170925,1,1,1986,0,0,0,10,0,0,0,0,4,0
170926,1,1,1986,27,27,27,27,27,27,27,27,27,27
170927,1,1,1986,5,5,5,5,5,5,5,5,5,5
170928,1,1,1986,0,0,0,0,0,0,0,0,0,0
170928,2,1,1986,0,0,0,0,0,0,0,0,0,0
170929,0,1,1986,20,20,20,20,20,20,20,20,20,20
170929,1,1,1986,0,0,8,0,0,22,0,0,0,0
170930,1,1,1986,18,18,18,18,18,18,18,18,18,18
170931,1,1,1986,0,0,11,17,0,0,23,0,0,7
170931,2,1,1986,13,13,13,13,13,13,13,13,13,13
170932,1,1,1986,0,0,0,0,0,0,0,0,0,0
170933,1,1,1986,0,15,31,13,0,0,0,14,0,0
170933,2,1,1986,0,0,0,0,0,0,14,0,0,0