ST_CASE,VEH_NO,PER_NO,YEAR,P1,P2,P3,P4,P5,P6,P7,P8,P9,P10
171195,0,1,1986,15,15,15,15,15,15,15,15,15,15
171195,1,1,1986,0,0,0,0,0,0,0,0,0,0
171196,0,1,1986,0,0,0,0,0,0,0,0,0,0
171196,1,1,1986,0,0,0,0,0,0,18,0,0,0
171197,1,1,1986,0,0,0,0,0,0,0,0,0,0
171197,2,1,1986,0,0,0,0,0,0,8,0,0,0
171198,1,1,1986,0,0,0,0,0,0,0,0,0,0
171199,1,1,1986,0,0,0,0,0,0,0,0,0,0
171200,1,1,1986,3,0,0,0,0,0,0,19,0,0
171200,2,1,1986,19,0,0,0,0,0,0,0,4,0
171201,1,1,1986,13,13,13,13,13,13,13,13,13,13
171201,2,1,1986,0,17,0,19,11,13,0,0,0,8
171202,1,1,1986,18,23,7,10,9,18,15,10,0,28
171203,1,1,1986,0,0,0,0,0,0,0,0,0,0
171204,1,1,1986,0,0,0,0,0,0,0,0,0,0
171204,2,1,1986,0,0,0,0,0,0,0,0,0,0
171205,1,1,1986,17,20,14,18,12,36,8,28,5,22
171206,0,1,1986,0,0,0,0,0,0,0,0,0,0
171206,1,1,1986,10,0,0,0,0,0,0,0,0,0
171206,2,1,1986,0,0,0,0,0,0,0,0,0,0
171207,1,1,1986,17,17,17,17,17,17,17,17,17,17
171208,1,1,1986,9,9,9,9,9,9,9,9,9,9
171208,2,1,1986,0,0,20,0,0,0,0,17,0,0
171209,1,1,1986,0,0,0,0,0,0,0,0,0,0
171209,2,1,1986,22,22,22,22,22,22,22,22,22,22
171209,3,1,1986,0,0,3,0,0,0,0,0,0,0
171210,0,1,1986,0,0,0,0,0,0,0,0,0,0
171210,1,1,1986,18,0,0,14,15,12,22,18,0,26
171212,1,1,1986,11,11,11,11,11,11,11,11,11,11
171213,1,1,1986,0,0,0,0,0,0,0,0,0,0
171214,1,1,1986,0,0,0,0,0,0,0,0,0,0
171215,1,1,1986,0,0,0,0,0,0,0,0,0,0
171215,2,1,1986,3,3,3,3,3,3,3,3,3,3
171216,1,1,1986,31,31,31,31,31,31,31,31,31,31
171217,1,1,1986,23,23,23,23,23,23,23,23,23,23
171217,2,1,1986,0,0,0,0,0,0,0,0,0,6
171218,1,1,1986,12,12,12,12,12,12,12,12,12,12
171218,2,1,1986,0,0,0,0,0,0,0,0,0,0
171219,1,1,1986,0,0,0,0,0,0,0,0,0,0
171219,2,1,1986,0,0,0,0,0,0,0,0,0,0
171220,1,1,1986,0,0,0,0,0,0,0,0,0,0
171220,2,1,1986,0,21,21,0,0,0,0,0,0,0
171221,1,1,1986,35,35,35,35,35,35,35,35,35,35
171222,1,1,1986,26,26,26,26,26,26,26,26,26,26
171222,2,1,1986,0,0,18,0,0,0,0,0,0,0
171222,3,1,1986,0,0,0,0,0,0,0,0,0,0
171222,4,1,1986,0,0,0,0,0,0,0,0,0,0
171223,1,1,1986,0,0,0,0,0,0,0,7,0,0
171223,2,1,1986,0,11,0,0,0,9,0,0,0,0
171224,0,1,1986,0,0,0,0,0,0,0,0,0,0
171224,1,1,1986,0,0,0,0,0,0,0,0,0,0
171225,1,1,1986,0,0,0,0,0,20,0,0,0,0
171225,2,1,1986,0,0,0,0,0,0,0,0,0,0
171226,1,1,1986,34,34,34,34,34,34,34,34,34,34
171227,0,1,1986,0,0,0,0,0,0,0,0,0,0
171227,0,2,1986,0,0,0,0,8,8,0,0,0,0
171227,1,1,1986,0,0,0,0,0,0,0,0,0,0
171228,1,1,1986,22,22,22,22,22,22,22,22,22,22
171229,0,1,1986,47,24,17,21,19,23,13,0,0,0
171229,0,2,1986,0,26,0,33,18,0,0,29,17,7
171229,1,1,1986,0,0,0,0,0,0,0,0,0,0
171229,2,1,1986,0,20,0,9,0,12,0,8,0,0
171230,1,1,1986,21,21,21,21,21,21,21,21,21,21
171231,1,1,1986,13,13,13,13,13,13,13,13,13,13
171232,1,1,1986,0,0,0,0,0,0,0,0,0,0
171233,1,1,1986,21,21,21,21,21,21,21,21,21,21
171234,1,1,1986,16,16,16,16,16,16,16,16,16,16
171234,2,1,1986,26,26,26,26,26,26,26,26,26,26
171235,1,1,1986,0,0,0,0,0,0,0,0,0,0
171235,2,1,1986,0,0,0,0,0,0,0,0,0,0
171236,1,1,1986,16,16,16,16,16,16,16,16,16,16
171236,2,1,1986,0,15,0,0,0,0,0,0,6,0
171237,1,1,1986,29,29,29,29,29,29,29,29,29,29
171237,2,1,1986,0,9,0,0,7,0,0,0,0,0
171238,1,1,1986,13,13,13,13,13,13,13,13,13,13
171238,2,1,1986,0,0,0,0,0,0,0,0,0,0
171239,0,1,1986,18,14,5,0,0,0,8,0,0,20
171239,1,1,1986,3,3,3,3,3,3,3,3,3,3
171239,2,1,1986,0,0,0,0,0,0,0,0,0,0
171240,1,1,1986,0,9,0,0,0,0,0,0,0,0
171240,2,1,1986,0,0,0,0,11,0,0,0,0,0
171241,1,1,1986,31,10,7,5,17,28,27,17,23,22
171241,2,1,1986,0,0,0,0,0,0,0,0,0,0
171241,3,1,1986,0,0,0,0,0,0,0,0,0,0
171242,1,1,1986,13,10,0,9,21,24,0,30,0,17
171243,1,1,1986,0,0,0,0,0,0,0,0,0,0
171243,2,1,1986,0,0,0,0,0,0,0,0,0,0
171244,1,1,1986,15,15,15,15,15,15,15,15,15,15
171244,2,1,1986,0,0,0,0,0,0,0,0,0,0
171245,0,1,1986,0,0,16,0,0,13,0,0,0,13
171245,0,2,1986,34,0,0,0,0,0,15,15,0,0
171245,0,3,1986,9,17,13,0,0,0,27,0,0,0
171245,1,1,1986,0,0,0,0,9,0,0,0,0,0
171246,1,1,1986,0,0,0,0,0,0,0,0,0,0
171247,1,1,1986,0,0,0,0,0,0,0,0,0,0
171247,2,1,1986,0,6,0,0,0,0,0,0,0,0
171248,1,1,1986,19,33,23,3,16,0,18,5,12,7
171248,2,1,1986,0,0,0,0,18,0,0,0,0,0
171249,1,1,1986,20,20,20,20,20,20,20,20,20,20
171250,1,1,1986,0,0,0,0,0,0,0,0,0,0
171250,2,1,1986,0,0,0,0,0,0,0,0,0,0
171251,0,1,1986,0,0,0,0,4,0,4,0,0,0
171251,1,1,1986,0,0,0,0,0,0,0,0,0,0
171252,1,1,1986,1,1,1,1,1,1,1,1,1,1
171253,1,1,1986,20,20,20,20,20,20,20,20,20,20
171254,1,1,1986,16,16,16,16,16,16,16,16,16,16
171254,2,1,1986,0,0,0,0,0,0,0,0,5,0
171255,1,1,1986,1,1,1,1,1,1,1,1,1,1
171255,2,1,1986,0,0,0,0,0,0,0,0,11,0
171255,3,1,1986,0,0,0,0,0,0,0,0,0,0
171256,1,1,1986,3,3,3,3,3,3,3,3,3,3
171256,2,1,1986,0,0,0,0,0,0,0,0,0,0
171257,1,1,1986,0,0,0,0,0,0,0,0,0,0
171258,1,1,1986,0,0,0,0,0,13,0,0,2,0
171258,2,1,1986,0,0,0,0,0,0,0,0,0,0
171259,1,1,1986,0,0,0,0,0,0,0,0,0,0
171260,1,1,1986,16,16,16,16,16,16,16,16,16,16
171261,1,1,1986,0,0,0,0,0,0,0,0,0,0
171261,2,1,1986,0,0,0,0,0,0,0,0,0,0
171262,0,1,1986,0,21,15,5,14,36,0,16,0,12
171262,0,2,1986,24,48,43,15,19,27,24,34,27,13
171262,0,3,1986,9,19,16,0,16,16,0,13,16,14
171262,0,4,1986,0,18,0,10,10,16,0,0,0,0
171262,0,5,1986,23,4,0,6,8,0,35,0,29,29
171262,0,6,1986,0,10,5,18,13,29,0,0,30,0
171262,0,7,1986,12,10,0,27,12,0,11,0,42,48
171262,0,8,1986,0,0,13,0,0,10,18,0,8,0
171262,0,9,1986,0,3,12,7,0,10,16,9,20,18
171262,0,10,1986,0,23,0,34,12,16,3,28,5,0
171262,0,11,1986,25,20,4,10,21,0,3,0,0,6
171262,0,12,1986,0,13,17,0,20,0,0,0,17,0
171262,0,13,1986,21,0,10,6,24,43,9,11,6,6
171262,0,14,1986,0,20,21,14,23,28,0,10,12,5
171262,0,15,1986,15,30,22,11,17,21,0,0,13,5
171262,0,16,1986,5,27,0,8,19,18,30,10,25,0
171262,0,17,1986,9,31,4,10,18,13,6,0,14,21
171262,0,18,1986,0,13,13,25,0,0,0,15,10,27
171262,0,19,1986,16,0,8,19,0,0,14,0,16,0
171262,0,20,1986,12,0,0,0,31,0,0,0,0,0
171262,0,21,1986,0,0,0,18,0,0,0,0,0,0
171262,1,1,1986,17,5,30,29,9,16,19,35,18,22
171263,1,1,1986,7,7,7,7,7,7,7,7,7,7
171264,1,1,1986,11,11,11,11,11,11,11,11,11,11
171264,2,1,1986,0,0,0,0,0,0,0,0,0,0
171265,1,1,1986,10,10,10,10,10,10,10,10,10,10
171265,2,1,1986,0,0,0,0,0,0,0,0,0,0
171266,1,1,1986,0,0,0,0,0,0,0,0,0,0
171266,2,1,1986,9,0,0,0,13,0,11,5,0,6
171266,3,1,1986,0,0,0,0,0,0,0,0,0,0
171266,4,1,1986,0,0,0,0,0,0,0,0,0,0
171266,5,1,1986,0,0,0,0,0,0,0,0,0,0
171267,0,1,1986,0,0,0,0,0,0,0,0,0,0
171267,1,1,1986,0,0,0,0,0,0,0,0,0,0
171268,1,1,1986,0,0,0,0,0,0,0,0,0,0
171269,1,1,1986,9,9,9,9,9,9,9,9,9,9
171270,0,1,1986,0,0,0,0,0,0,0,0,0,0
171270,1,1,1986,0,0,0,0,0,0,0,0,0,0
171271,1,1,1986,0,0,0,0,0,0,0,0,0,0
171272,1,1,1986,0,0,0,0,0,0,0,0,0,0
171272,2,1,1986,0,0,0,0,0,0,0,13,0,0
171272,3,1,1986,11,0,12,14,16,7,25,14,6,7
171273,1,1,1986,16,16,16,16,16,16,16,16,16,16
171275,1,1,1986,0,0,0,0,0,0,0,0,0,0
171276,1,1,1986,6,6,6,6,6,6,6,6,6,6
171276,2,1,1986,0,0,0,0,0,0,0,0,0,0
171277,1,1,1986,0,0,0,0,0,0,0,0,0,0
171277,2,1,1986,0,0,0,0,0,0,0,0,0,0
171278,1,1,1986,0,0,0,0,0,0,0,0,0,0
171279,1,1,1986,18,24,6,5,14,13,5,9,17,14
171279,2,1,1986,0,0,0,0,0,0,0,0,5,0
171280,1,1,1986,13,13,13,13,13,13,13,13,13,13
171281,1,1,1986,4,4,4,4,4,4,4,4,4,4
171282,1,1,1986,0,0,0,3,0,0,0,0,0,0
171282,2,1,1986,0,0,0,0,0,0,0,0,0,0
171282,3,1,1986,0,0,0,0,0,0,0,0,0,0
171283,1,1,1986,20,20,20,20,20,20,20,20,20,20
171284,1,1,1986,0,0,0,0,0,0,0,0,0,0
171284,2,1,1986,0,0,0,0,0,0,0,0,0,0
171285,0,1,1986,4,4,4,4,4,4,4,4,4,4
171285,0,2,1986,0,9,21,0,4,0,14,27,7,24
171285,1,1,1986,19,19,19,19,19,19,19,19,19,19
171286,1,1,1986,29,29,29,29,29,29,29,29,29,29
171287,1,1,1986,17,17,17,17,17,17,17,17,17,17
171288,1,1,1986,24,24,24,24,24,24,24,24,24,24
171289,1,1,1986,25,25,25,25,25,25,25,25,25,25
171290,1,1,1986,0,0,0,0,0,0,0,0,0,0
171290,2,1,1986,0,0,0,0,0,0,0,0,0,0
171290,3,1,1986,0,0,0,0,0,0,0,0,0,0
171291,1,1,1986,17,17,17,17,17,17,17,17,17,17
171291,2,1,1986,6,0,0,0,0,0,0,0,0,0
171292,1,1,1986,0,0,0,0,14,0,0,0,0,0
171292,2,1,1986,0,0,0,0,0,0,0,0,0,0
171293,1,1,1986,0,0,0,0,0,0,0,0,0,9
171293,2,1,1986,0,0,0,0,0,0,0,0,0,0
171294,1,1,1986,2,0,0,0,0,0,0,0,0,0
171295,1,1,1986,0,0,0,0,0,0,0,0,0,0
171295,2,1,1986,0,0,0,0,0,0,0,8,0,0
171296,1,1,1986,9,9,9,9,9,9,9,9,9,9
171297,1,1,1986,0,0,0,0,0,0,0,0,0,13
171297,2,1,1986,0,12,0,0,0,0,0,0,0,0
171298,1,1,1986,12,12,12,12,12,12,12,12,12,12
171298,2,1,1986,12,0,0,0,0,0,0,0,0,0
171299,0,1,1986,15,21,0,0,0,18,0,0,0,0
171299,1,1,1986,1,1,1,1,1,1,1,1,1,1
171299,2,1,1986,0,0,0,0,0,0,0,0,0,0
171300,1,1,1986,0,0,0,0,0,0,0,0,0,0
171300,2,1,1986,0,0,0,0,0,0,0,0,0,0
171301,1,1,1986,0,0,0,0,0,0,0,0,0,0
171301,2,1,1986,0,0,0,0,0,0,0,0,0,0
171302,1,1,1986,0,0,0,0,0,0,0,0,0,0
171303,1,1,1986,0,0,0,0,0,0,0,0,0,0
171303,2,1,1986,0,0,0,0,17,0,0,0,0,0
171304,1,1,1986,23,23,23,23,23,23,23,23,23,23
171305,1,1,1986,0,0,0,0,0,0,0,0,0,0
171305,2,1,1986,0,0,0,0,0,0,0,0,0,0
171306,1,1,1986,0,0,0,0,0,0,0,0,0,0
171307,1,1,1986,26,26,26,26,26,26,26,26,26,26
171307,2,1,1986,0,0,0,0,0,0,0,0,0,0
171308,1,1,1986,0,0,0,0,0,0,0,0,0,0
171308,2,1,1986,0,0,0,0,0,0,0,0,0,0
171309,1,1,1986,0,0,0,0,0,0,0,0,0,0
171309,2,1,1986,0,0,0,27,0,0,0,0,0,0
171310,1,1,1986,13,13,13,13,13,13,13,13,13,13
171311,1,1,1986,21,21,5,15,31,5,21,22,7,15
171311,2,1,1986,18,18,18,18,18,18,18,18,18,18
171312,1,1,1986,15,0,14,0,0,0,0,16,0,0
171313,1,1,1986,17,17,17,17,17,17,17,17,17,17
171314,1,1,1986,15,15,15,15,15,15,15,15,15,15
171315,1,1,1986,37,37,37,37,37,37,37,37,37,37
171316,0,1,1986,13,13,13,13,13,13,13,13,13,13
171316,1,1,1986,6,0,0,0,12,0,0,0,0,0
171317,1,1,1986,0,0,0,0,0,0,0,0,0,0
171317,2,1,1986,0,0,0,0,0,0,0,0,0,0
171318,0,1,1986,0,0,0,0,0,0,0,0,0,0
171318,1,1,1986,0,0,0,0,0,0,0,0,0,0
171319,1,1,1986,20,20,20,20,20,20,20,20,20,20
171319,2,1,1986,0,0,0,0,0,0,0,0,0,0
171320,0,1,1986,0,0,0,0,0,0,0,0,0,0
171320,1,1,1986,0,0,0,0,0,0,0,0,0,0
171321,1,1,1986,12,12,12,12,12,12,12,12,12,12
171322,1,1,1986,24,24,24,24,24,24,24,24,24,24
171322,2,1,1986,0,0,0,0,0,0,0,0,0,6
171323,1,1,1986,12,12,12,12,12,12,12,12,12,12
171323,2,1,1986,0,0,0,0,0,0,0,0,0,0
171324,1,1,1986,22,22,22,22,22,22,22,22,22,22
171324,2,1,1986,0,0,0,14,0,0,0,0,0,0
171325,1,1,1986,1,1,1,1,1,1,1,1,1,1
171326,0,1,1986,0,0,0,0,0,0,0,0,0,0
171326,1,1,1986,14,39,0,13,0,0,15,9,0,0
171327,1,1,1986,0,0,0,0,0,20,0,0,0,0
171327,2,1,1986,0,0,0,0,0,0,0,0,0,8
171328,1,1,1986,0,0,0,0,0,0,0,0,0,0
171328,2,1,1986,0,0,0,0,0,0,0,0,0,0
171329,1,1,1986,0,0,0,0,0,0,0,0,0,0
171329,2,1,1986,0,6,0,0,0,0,0,0,0,0
171330,1,1,1986,7,0,13,0,0,0,0,0,0,0
171330,2,1,1986,0,0,0,0,0,0,0,0,0,0
171331,1,1,1986,8,0,0,0,0,0,0,0,0,0
171331,2,1,1986,0,0,0,0,0,0,0,0,0,0
171332,1,1,1986,0,0,0,0,0,0,0,0,0,0
171332,2,1,1986,0,0,0,0,0,13,0,0,0,0
171333,0,1,1986,0,0,0,0,0,0,0,0,0,0
171333,1,1,1986,0,0,0,0,0,0,0,0,0,0
171334,0,1,1986,17,17,17,17,17,17,17,17,17,17
171334,1,1,1986,0,0,0,0,0,0,0,0,0,0
171334,2,1,1986,0,0,0,9,0,0,0,0,0,0
171335,1,1,1986,13,13,13,13,13,13,13,13,13,13
171336,0,1,1986,0,16,17,14,24,16,15,40,25,9
171336,1,1,1986,0,0,0,0,0,0,0,0,0,0
171337,1,1,1986,0,0,0,0,0,0,0,0,0,0
171337,2,1,1986,0,0,0,0,13,0,18,0,0,0
171338,0,1,1986,0,0,0,0,0,0,0,0,0,0
171338,1,1,1986,0,0,0,0,0,0,0,0,0,0
171339,1,1,1986,0,0,0,0,0,0,0,0,0,0
171339,2,1,1986,0,0,0,0,0,0,0,0,0,0
171339,3,1,1986,0,0,0,0,0,0,0,0,0,0
171339,4,1,1986,0,0,0,0,0,0,0,0,0,0
171340,1,1,1986,34,34,34,34,34,34,34,34,34,34
171340,2,1,1986,0,0,0,0,0,0,0,0,0,0
171341,1,1,1986,0,0,23,0,0,0,0,0,0,7
171342,1,1,1986,7,7,7,7,7,7,7,7,7,7
171343,1,1,1986,25,25,25,25,25,25,25,25,25,25
171344,1,1,1986,0,0,0,0,0,0,0,0,0,0
171345,1,1,1986,0,0,0,0,0,0,0,0,0,0
171346,1,1,1986,23,23,23,23,23,23,23,23,23,23
171346,2,1,1986,14,14,14,14,14,14,14,14,14,14
171347,1,1,1986,31,31,31,31,31,31,31,31,31,31
171348,1,1,1986,23,18,16,21,0,0,10,5,0,0
171348,2,1,1986,0,0,0,0,0,0,0,0,0,0
171349,0,1,1986,1,1,1,1,1,1,1,1,1,1
171349,0,2,1986,8,5,12,0,0,25,12,0,0,0
171349,1,1,1986,2,20,15,35,16,32,0,22,12,0
171350,1,1,1986,24,24,24,24,24,24,24,24,24,24
171351,1,1,1986,0,0,0,0,0,0,0,0,0,0
171351,2,1,1986,0,0,0,0,0,0,0,0,0,0
171352,1,1,1986,4,4,4,4,4,4,4,4,4,4
171353,1,1,1986,0,0,0,0,0,0,0,0,0,0
171353,2,1,1986,0,0,0,0,0,0,0,0,0,0
171353,3,1,1986,0,0,0,0,0,0,0,0,0,0
171354,0,1,1986,19,19,19,19,19,19,19,19,19,19
171354,1,1,1986,0,0,0,0,0,0,0,0,0,0
171355,1,1,1986,0,0,0,0,0,0,0,0,0,0
171356,1,1,1986,0,0,0,0,0,0,0,0,0,0
171356,2,1,1986,0,0,0,0,0,0,0,0,0,0
171357,0,1,1986,2,2,2,2,2,2,2,2,2,2
171357,1,1,1986,28,0,0,0,0,0,0,11,0,9
171358,1,1,1986,0,16,14,6,0,0,0,0,0,0
171358,2,1,1986,12,0,0,0,0,0,0,0,0,0
171359,0,1,1986,0,0,0,0,0,0,0,0,0,0
171359,1,1,1986,0,0,0,0,0,0,0,0,0,0
171360,1,1,1986,0,0,0,0,0,0,0,5,3,3
171360,2,1,1986,24,24,24,24,24,24,24,24,24,24
171361,1,1,1986,9,9,9,9,9,9,9,9,9,9
171361,2,1,1986,0,0,0,0,0,0,0,0,0,0
171362,0,1,1986,0,0,0,0,0,0,0,0,0,0
171362,1,1,1986,0,0,0,4,0,0,0,0,0,0
171363,1,1,1986,12,13,40,9,0,14,25,23,22,25
171364,1,1,1986,40,40,40,40,40,40,40,40,40,40
171364,2,1,1986,0,0,0,0,0,0,0,0,0,0
171365,1,1,1986,22,22,22,22,22,22,22,22,22,22
171366,0,1,1986,0,0,0,0,0,0,0,0,0,0
171366,1,1,1986,0,0,0,0,0,0,0,0,0,0
171367,1,1,1986,0,0,0,0,0,0,0,0,0,0
171368,1,1,1986,13,13,13,13,13,13,13,13,13,13
171369,1,1,1986,0,6,0,0,0,0,0,0,0,0
171369,2,1,1986,0,0,0,0,0,0,0,0,0,0
171370,1,1,1986,38,38,38,38,38,38,38,38,38,38
171370,2,1,1986,0,0,0,0,0,0,0,0,0,0
171371,1,1,1986,0,0,0,0,0,0,0,0,0,0
171372,1,1,1986,0,0,0,0,0,0,0,0,0,0
171373,1,1,1986,21,21,21,21,21,21,21,21,21,21
171374,0,1,1986,0,0,0,0,0,0,0,0,0,0
171374,0,2,1986,0,0,0,0,0,0,0,0,0,7
171374,1,1,1986,0,0,0,0,0,0,0,0,0,0
171375,1,1,1986,13,13,13,13,13,13,13,13,13,13
171376,1,1,1986,35,10,0,27,15,15,0,0,14,27
171377,1,1,1986,14,14,14,14,14,14,14,14,14,14
171378,0,1,1986,0,0,0,0,0,0,0,0,0,0
171378,1,1,1986,0,0,0,0,0,0,0,0,0,0
171379,1,1,1986,9,9,9,9,9,9,9,9,9,9
171380,1,1,1986,0,0,0,0,0,0,0,0,0,0
171381,0,1,1986,0,0,0,0,0,0,0,0,0,0
171381,1,1,1986,19,0,0,0,0,0,0,5,0,0
171382,0,1,1986,42,42,42,42,42,42,42,42,42,42
171382,1,1,1986,5,0,0,0,0,0,13,31,0,0
171382,2,1,1986,0,0,0,0,0,0,0,0,0,0
171382,3,1,1986,13,0,18,0,0,0,16,0,0,0
171383,0,1,1986,0,0,0,0,0,0,0,0,0,0
171383,1,1,1986,0,0,0,0,0,0,0,0,0,0
171384,1,1,1986,0,0,0,0,0,0,0,0,0,0
171384,2,1,1986,10,0,0,11,0,0,0,0,0,0
171385,1,1,1986,0,0,0,0,0,0,0,0,0,0
171385,2,1,1986,0,0,0,0,0,0,0,0,0,0
171386,1,1,1986,0,0,0,0,0,0,0,0,0,0
171386,2,1,1986,0,0,9,14,0,19,0,0,0,0
171387,1,1,1986,0,0,3,0,0,0,0,0,0,21
171387,2,1,1986,0,0,0,0,0,0,0,0,0,0
171387,3,1,1986,0,0,0,0,0,0,0,0,0,0
171388,1,1,1986,0,0,0,0,0,0,0,0,0,0
171388,2,1,1986,0,0,0,0,11,16,0,0,18,3
171389,1,1,1986,30,30,30,30,30,30,30,30,30,30
171390,1,1,1986,0,0,0,0,0,0,0,0,0,0
171390,2,1,1986,0,0,0,15,0,0,0,0,0,0
171390,3,1,1986,0,0,0,0,0,0,0,0,0,0
171391,0,1,1986,0,0,0,0,0,0,0,0,0,0
171391,1,1,1986,0,0,0,0,0,0,0,0,0,0
171392,1,1,1986,0,0,0,0,0,0,0,0,0,0
171392,2,1,1986,0,0,0,0,0,0,0,0,0,0
171392,3,1,1986,0,0,0,0,0,0,0,0,0,0
171393,1,1,1986,0,0,0,0,0,0,0,0,0,0
171393,2,1,1986,0,0,0,0,0,0,0,0,0,0
171394,1,1,1986,0,0,0,0,0,0,0,0,0,0
171394,2,1,1986,0,0,0,0,0,0,0,10,0,2
171395,0,1,1986,0,0,0,0,0,0,0,0,0,0
171395,1,1,1986,0,0,0,0,0,7,15,0,0,0
171396,0,1,1986,0,0,0,0,0,0,0,0,0,0
171396,1,1,1986,0,0,0,0,0,0,0,0,0,0
171397,1,1,1986,0,0,0,0,0,0,0,0,0,0
171397,2,1,1986,0,0,0,0,0,0,0,0,0,0
171398,1,1,1986,34,34,34,34,34,34,34,34,34,34
171399,1,1,1986,10,10,10,10,10,10,10,10,10,10
171400,1,1,1986,45,45,45,45,45,45,45,45,45,45
171400,2,1,1986,0,0,0,0,0,0,0,0,0,0
171401,0,1,1986,0,0,0,0,0,0,0,0,0,0
171401,1,1,1986,0,0,0,0,0,0,0,0,0,0
171401,2,1,1986,0,0,0,0,0,0,0,0,0,0
171402,1,1,1986,11,11,11,11,11,11,11,11,11,11
171402,2,1,1986,0,0,0,0,0,0,0,0,0,0
171403,1,1,1986,29,29,29,29,29,29,29,29,29,29
171403,2,1,1986,4,0,13,17,21,25,15,8,0,11
171404,1,1,1986,0,0,0,0,0,0,0,0,0,0
171405,1,1,1986,14,0,0,0,14,0,0,0,14,13
171406,1,1,1986,0,0,0,0,0,0,0,0,0,0
171407,1,1,1986,0,8,0,0,0,0,8,0,0,12
171408,1,1,1986,0,0,0,0,0,0,0,0,0,0
171409,1,1,1986,36,36,36,36,36,36,36,36,36,36
171410,0,1,1986,22,22,22,22,22,22,22,22,22,22
171410,1,1,1986,0,0,0,0,0,0,0,0,0,0
171411,0,1,1986,25,25,25,25,25,25,25,25,25,25
171411,1,1,1986,0,0,0,6,9,0,0,0,28,0
171412,0,1,1986,27,27,27,27,27,27,27,27,27,27
171412,1,1,1986,18,18,18,18,18,18,18,18,18,18
171413,1,1,1986,18,16,24,12,13,5,26,5,18,12
171413,2,1,1986,0,0,0,0,0,0,0,0,13,6
171414,1,1,1986,6,0,16,15,16,0,24,21,10,21
171414,2,1,1986,0,0,0,0,0,0,0,0,0,0
171415,1,1,1986,0,0,0,0,0,0,0,0,0,0
171415,2,1,1986,0,0,0,0,0,0,0,0,0,0
171416,0,1,1986,0,0,0,17,20,0,0,16,0,0
171416,1,1,1986,0,0,0,12,2,0,15,14,3,17
171416,2,1,1986,0,0,11,0,28,10,0,0,0,0
171417,0,1,1986,0,0,0,0,0,0,0,0,0,0
171417,2,1,1986,0,0,0,0,0,0,0,0,0,0
171418,1,1,1986,19,19,19,19,19,19,19,19,19,19
171418,2,1,1986,6,0,0,0,0,0,0,0,0,0
171419,1,1,1986,13,13,13,13,13,13,13,13,13,13
171420,1,1,1986,21,21,21,21,21,21,21,21,21,21
171421,1,1,1986,16,16,16,16,16,16,16,16,16,16
171422,0,1,1986,0,0,0,0,0,0,0,0,0,0
171422,1,1,1986,0,0,0,0,0,0,0,0,0,0
171423,0,1,1986,0,0,0,0,0,0,0,0,0,0
171423,0,2,1986,0,15,23,0,7,36,2,0,0,0
171423,2,1,1986,0,6,11,11,0,0,0,0,0,0
171424,1,1,1986,14,14,14,14,14,14,14,14,14,14
171426,0,1,1986,0,0,0,0,0,0,0,0,0,0
171426,1,1,1986,18,0,0,0,0,0,0,0,0,0
171427,1,1,1986,19,19,19,19,19,19,19,19,19,19
171427,2,1,1986,0,0,0,0,0,0,0,0,0,0
171428,1,1,1986,0,0,0,0,0,0,0,0,0,0
171429,1,1,1986,8,0,30,0,0,16,19,25,10,21
171430,1,1,1986,5,5,5,5,5,5,5,5,5,5
171431,0,1,1986,0,0,0,0,0,0,0,0,0,0
171431,1,1,1986,0,0,0,0,0,0,0,0,0,0
171432,0,1,1986,0,0,0,0,0,0,0,0,0,0
171432,1,1,1986,0,0,0,0,0,0,0,0,0,15
171432,2,1,1986,0,0,0,0,0,0,0,0,0,6
171433,1,1,1986,0,0,0,0,0,0,0,0,0,0
171433,2,1,1986,0,0,14,0,11,8,7,0,15,0
171434,1,1,1986,9,9,9,9,9,9,9,9,9,9
171435,1,1,1986,17,17,17,17,17,17,17,17,17,17
171435,2,1,1986,0,0,0,0,0,0,0,0,0,0
171435,3,1,1986,0,0,0,0,0,0,0,0,0,0
171436,1,1,1986,0,0,0,14,2,0,0,0,0,0
171437,1,1,1986,9,9,9,9,9,9,9,9,9,9
171438,0,1,1986,0,0,0,0,0,0,0,0,0,0
171438,1,1,1986,8,0,23,12,0,0,0,0,16,0
171438,2,1,1986,13,3,0,0,0,0,0,0,7,0
171439,1,1,1986,0,42,16,24,9,11,20,11,13,33
171439,2,1,1986,0,0,0,0,0,0,0,0,0,0
171440,1,1,1986,18,18,18,18,18,18,18,18,18,18
171441,1,1,1986,24,24,24,24,24,24,24,24,24,24
171441,2,1,1986,0,0,0,0,0,0,0,0,0,0
171442,1,1,1986,0,0,0,0,0,0,0,9,0,9
171443,1,1,1986,19,20,6,11,4,3,13,15,9,6
171444,1,1,1986,0,0,0,0,0,0,0,0,0,0
171444,2,1,1986,0,0,0,0,0,0,0,0,0,0
171445,1,1,1986,28,28,28,28,28,28,28,28,28,28
171446,1,1,1986,0,0,0,0,0,0,0,0,0,0
171446,2,1,1986,0,0,0,0,0,0,0,0,0,0