ST_CASE,VEH_NO,PER_NO,YEAR,P1,P2,P3,P4,P5,P6,P7,P8,P9,P10
171447,1,1,1986,0,0,0,0,0,0,0,0,0,0
171447,2,1,1986,0,0,0,0,0,0,0,0,0,0
171448,1,1,1986,0,0,0,0,0,0,0,0,0,0
171449,1,1,1986,21,21,21,21,21,21,21,21,21,21
171449,2,1,1986,4,4,4,4,4,4,4,4,4,4
171450,0,1,1986,0,0,0,0,0,15,0,0,0,7
171450,1,1,1986,0,0,18,0,0,0,0,0,0,0
171451,1,1,1986,12,12,12,12,12,12,12,12,12,12
171452,1,1,1986,34,34,34,34,34,34,34,34,34,34
171452,2,1,1986,0,0,0,0,0,0,0,0,0,0
171453,1,1,1986,0,0,0,0,0,0,0,0,0,0
171453,2,1,1986,0,0,0,0,0,0,0,0,0,0
171453,3,1,1986,0,0,0,0,0,0,0,0,0,0
171454,1,1,1986,18,18,18,18,18,18,18,18,18,18
171455,1,1,1986,19,19,19,19,19,19,19,19,19,19
171456,0,1,1986,11,24,0,7,24,0,0,0,27,0
171456,0,2,1986,0,0,0,0,0,0,0,0,0,0
171456,1,1,1986,17,0,0,0,0,0,3,0,0,0
171457,1,1,1986,7,7,7,7,7,7,7,7,7,7
171458,1,1,1986,20,20,20,20,20,20,20,20,20,20
171459,0,1,1986,0,0,0,0,0,0,0,0,0,0
171459,0,2,1986,0,0,0,0,0,0,0,0,0,0
171459,1,1,1986,0,0,0,20,24,19,0,0,0,0
171460,1,1,1986,2,2,2,2,2,2,2,2,2,2
171461,1,1,1986,22,22,22,22,22,22,22,22,22,22
171462,1,1,1986,27,27,27,27,27,27,27,27,27,27
171463,1,1,1986,12,12,12,12,12,12,12,12,12,12
171464,1,1,1986,0,0,0,0,0,0,0,0,0,0
171465,0,1,1986,0,0,0,0,0,0,0,0,0,0
171465,1,1,1986,0,0,0,0,3,0,0,0,0,0
171466,1,1,1986,9,20,17,31,40,11,18,20,25,15
171467,0,1,1986,30,30,30,30,30,30,30,30,30,30
171467,1,1,1986,0,0,0,0,0,0,0,0,0,0
171468,1,1,1986,41,41,41,41,41,41,41,41,41,41
171470,1,1,1986,0,0,0,0,0,0,0,0,0,0
171471,1,1,1986,11,11,11,11,11,11,11,11,11,11
171471,2,1,1986,0,16,0,0,5,15,0,0,0,0
171472,1,1,1986,23,23,23,23,23,23,23,23,23,23
171472,2,1,1986,0,0,0,0,0,0,0,0,0,0
171473,0,1,1986,0,0,0,0,0,0,0,0,0,0
171473,1,1,1986,0,0,0,0,0,0,0,0,0,0
171474,1,1,1986,4,4,4,4,4,4,4,4,4,4
171474,2,1,1986,0,0,0,0,0,0,0,0,0,0
171476,1,1,1986,0,0,0,0,0,0,0,0,0,0
171476,2,1,1986,0,0,0,0,0,0,0,0,0,0
171477,1,1,1986,0,0,0,0,0,0,0,0,0,0
171478,0,1,1986,22,22,22,22,22,22,22,22,22,22
171478,1,1,1986,0,0,0,0,0,0,0,0,0,0
171479,1,1,1986,0,18,0,14,23,32,28,0,0,19
171479,2,1,1986,0,0,0,0,0,0,0,0,0,0
171481,1,1,1986,0,0,0,0,0,0,0,0,0,0
171481,2,1,1986,0,0,0,0,0,0,0,0,0,0
171481,3,1,1986,0,0,0,0,13,0,0,0,0,0
180001,1,1,1986,22,22,22,22,22,22,22,22,22,22
180001,2,1,1986,0,0,0,0,0,0,11,0,0,0
180002,1,1,1986,0,0,0,0,0,0,0,0,0,0
180003,1,1,1986,0,0,0,0,0,0,0,0,0,0
180004,1,1,1986,13,13,13,13,13,13,13,13,13,13
180005,1,1,1986,0,0,0,0,0,0,0,0,0,0
180005,2,1,1986,0,0,0,0,0,0,0,0,0,0
180006,1,1,1986,0,0,0,0,0,0,0,0,0,0
180007,1,1,1986,17,17,17,17,17,17,17,17,17,17
180008,1,1,1986,0,0,0,0,0,0,0,0,0,0
180009,1,1,1986,15,15,15,15,15,15,15,15,15,15
180010,1,1,1986,0,0,0,0,0,0,0,0,0,0
180010,2,1,1986,0,0,0,0,0,0,0,0,0,0
180010,3,1,1986,0,0,0,0,0,0,0,0,0,0
180010,4,1,1986,0,0,0,0,0,0,0,0,0,0
180011,0,1,1986,0,0,0,0,0,0,0,0,0,0
180011,1,1,1986,0,0,0,0,0,0,0,0,0,0
180012,1,1,1986,0,0,0,9,0,0,0,0,0,0
180012,2,1,1986,0,0,0,0,0,0,0,0,0,0
180013,1,1,1986,17,17,17,17,17,17,17,17,17,17
180014,1,1,1986,15,15,15,15,15,15,15,15,15,15
180015,1,1,1986,0,0,0,0,0,0,0,0,0,0
180015,2,1,1986,0,0,0,0,0,0,0,0,0,0
180016,1,1,1986,27,27,27,27,27,27,27,27,27,27
180016,2,1,1986,0,0,0,0,0,0,0,0,0,0
180017,1,1,1986,29,29,29,29,29,29,29,29,29,29
180018,1,1,1986,14,14,14,14,14,14,14,14,14,14
180019,1,1,1986,11,11,11,11,11,11,11,11,11,11
180020,1,1,1986,0,0,0,0,0,0,0,0,0,0
180020,2,1,1986,0,0,0,0,0,0,0,0,0,0
180021,1,1,1986,0,0,0,0,0,0,13,0,0,0
180021,2,1,1986,0,0,0,0,0,0,0,0,0,0
180022,1,1,1986,12,12,12,12,12,12,12,12,12,12
180023,0,1,1986,0,0,0,0,0,0,0,0,0,0
180023,1,1,1986,0,0,6,0,0,0,0,0,0,0
180024,1,1,1986,10,10,10,10,10,10,10,10,10,10
180025,1,1,1986,0,0,0,0,0,0,0,0,0,0
180026,1,1,1986,20,20,20,20,20,20,20,20,20,20
180028,0,1,1986,0,0,0,0,0,0,0,0,0,0
180028,1,1,1986,0,0,0,0,0,0,0,0,0,0
180029,0,1,1986,0,0,0,0,0,0,0,19,0,0
180029,1,1,1986,0,0,0,0,0,24,0,0,0,0
180030,1,1,1986,15,15,15,15,15,15,15,15,15,15
180031,1,1,1986,22,22,22,22,22,22,22,22,22,22
180031,2,1,1986,0,0,0,0,0,0,0,0,0,0
180032,0,1,1986,0,0,0,0,0,0,0,0,0,0
180032,1,1,1986,0,0,0,0,0,0,0,0,0,0
180033,1,1,1986,33,33,33,33,33,33,33,33,33,33
180033,2,1,1986,0,0,0,0,0,0,0,0,0,0
180034,1,1,1986,11,11,11,11,11,11,11,11,11,11
180034,2,1,1986,0,0,0,0,0,0,0,0,0,0
180035,1,1,1986,25,25,25,25,25,25,25,25,25,25
180037,1,1,1986,0,0,0,0,0,0,0,0,0,0
180037,2,1,1986,0,0,0,0,0,0,0,0,0,0
180038,0,1,1986,0,0,0,0,46,0,0,0,0,13
180038,1,1,1986,0,0,0,0,0,0,0,0,0,0
180039,1,1,1986,0,0,0,0,0,0,0,0,0,0
180039,2,1,1986,0,0,0,0,0,0,0,0,0,0
180040,1,1,1986,30,30,30,30,30,30,30,30,30,30
180041,1,1,1986,2,2,2,2,2,2,2,2,2,2
180042,1,1,1986,13,0,10,31,9,19,0,9,24,0
180043,1,1,1986,0,0,0,0,0,0,0,0,0,0
180044,1,1,1986,0,0,0,0,0,0,0,9,0,0
180044,2,1,1986,0,0,0,27,0,0,0,0,0,0
180045,1,1,1986,29,29,29,29,29,29,29,29,29,29
180045,2,1,1986,0,0,0,0,0,0,0,0,0,0
180045,3,1,1986,0,0,0,0,0,0,0,0,0,0
180046,1,1,1986,17,17,17,17,17,17,17,17,17,17
180047,1,1,1986,0,0,0,0,0,0,0,0,0,0
180047,2,1,1986,0,14,36,15,28,0,5,31,0,27
180047,3,1,1986,0,9,12,7,0,0,18,0,0,15
180048,1,1,1986,18,18,18,18,18,18,18,18,18,18
180049,1,1,1986,0,0,0,0,0,0,0,0,0,0
180049,2,1,1986,0,0,0,0,0,0,0,0,0,0
180050,1,1,1986,0,0,0,0,0,0,0,0,0,0
180050,2,1,1986,0,0,0,0,0,0,0,0,0,0
180051,1,1,1986,13,13,13,13,13,13,13,13,13,13
180052,1,1,1986,9,9,9,9,9,9,9,9,9,9
180052,2,1,1986,0,0,0,0,0,0,0,0,0,0
180053,0,1,1986,0,0,0,35,0,19,25,0,16,0
180053,1,1,1986,0,0,0,0,0,0,0,0,0,0
180054,1,1,1986,20,20,20,20,20,20,20,20,20,20
180055,1,1,1986,0,0,0,0,0,0,0,0,0,0
180056,1,1,1986,0,0,0,0,0,0,0,0,0,0
180057,1,1,1986,0,0,0,0,0,0,0,0,0,0
180057,2,1,1986,0,0,0,0,0,0,0,0,0,11
180058,1,1,1986,0,0,0,0,0,0,0,0,0,0
180058,2,1,1986,0,0,0,0,0,0,0,0,0,0
180059,1,1,1986,0,0,0,0,0,0,0,0,0,0
180059,2,1,1986,0,0,0,0,0,0,0,0,0,0
180060,1,1,1986,0,6,0,0,0,0,0,0,0,0
180062,1,1,1986,0,0,0,0,0,0,0,0,0,0
180063,1,1,1986,18,18,18,18,18,18,18,18,18,18
180063,2,1,1986,0,0,0,0,0,0,0,0,0,0
180064,1,1,1986,0,0,0,0,0,0,0,0,0,0
180064,2,1,1986,0,0,0,0,0,0,0,0,0,0
180065,1,1,1986,9,9,9,9,9,9,9,9,9,9
180065,2,1,1986,0,0,0,0,0,0,0,0,0,0
180066,1,1,1986,17,17,17,17,17,17,17,17,17,17
180066,2,1,1986,0,0,0,0,0,0,0,0,0,0
180067,1,1,1986,20,20,20,20,20,20,20,20,20,20
180068,1,1,1986,0,0,0,0,0,0,0,0,0,0
180068,2,1,1986,0,0,0,0,0,0,0,0,0,0
180069,1,1,1986,0,0,0,0,0,0,0,0,0,0
180069,2,1,1986,0,0,0,0,0,0,0,0,0,0
180069,3,1,1986,0,0,0,0,0,0,0,0,0,0
180070,1,1,1986,34,34,34,34,34,34,34,34,34,34
180070,2,1,1986,0,0,0,0,0,0,0,0,0,0
180071,1,1,1986,15,15,15,15,15,15,15,15,15,15
180072,0,1,1986,0,0,0,0,0,0,0,0,0,0
180072,1,1,1986,0,0,0,0,0,0,0,0,0,0
180073,1,1,1986,0,0,0,0,0,0,0,0,0,0
180073,2,1,1986,0,0,0,0,0,0,0,0,0,0
180074,1,1,1986,10,10,10,10,10,10,10,10,10,10
180075,1,1,1986,0,0,0,0,0,0,0,0,0,0
180075,2,1,1986,0,0,0,0,0,15,0,0,0,0
180075,3,1,1986,0,0,0,0,0,0,0,0,0,0
180077,1,1,1986,0,0,0,0,0,0,0,0,0,0
180077,2,1,1986,0,0,0,0,0,0,0,0,0,0
180078,1,1,1986,0,0,0,0,0,0,0,0,0,0
180079,1,1,1986,16,16,16,16,16,16,16,16,16,16
180079,2,1,1986,0,0,0,0,0,0,0,0,0,0
180080,1,1,1986,13,13,13,13,13,13,13,13,13,13
180082,0,1,1986,0,0,0,0,0,0,0,0,0,0
180082,1,1,1986,0,0,0,0,0,0,0,0,0,0
180083,1,1,1986,0,0,0,0,0,0,0,0,0,0
180083,2,1,1986,0,0,0,0,0,0,0,0,0,0
180084,1,1,1986,0,0,0,0,0,0,0,0,0,0
180084,2,1,1986,0,0,0,0,0,0,0,0,0,0
180085,1,1,1986,17,17,17,17,17,17,17,17,17,17
180086,1,1,1986,1,1,1,1,1,1,1,1,1,1
180087,1,1,1986,8,8,8,8,8,8,8,8,8,8
180087,2,1,1986,0,0,0,0,0,0,0,0,0,0
180088,1,1,1986,0,0,0,0,0,0,0,0,0,0
180088,2,1,1986,0,0,0,0,0,0,0,0,0,0
180089,1,1,1986,19,19,19,19,19,19,19,19,19,19
180089,2,1,1986,0,0,0,0,0,0,0,0,0,0
180089,3,1,1986,0,17,0,0,0,0,0,0,0,0
180090,0,1,1986,22,22,22,22,22,22,22,22,22,22
180090,2,1,1986,0,0,0,0,0,0,0,0,0,0
180090,3,1,1986,0,0,0,12,0,0,0,0,0,0
180091,1,1,1986,0,0,0,0,0,0,0,0,0,0
180091,2,1,1986,0,0,0,13,0,0,0,0,0,0
180092,1,1,1986,0,0,0,16,0,0,0,0,0,0
180092,2,1,1986,0,9,0,0,8,0,0,0,0,0
180093,1,1,1986,14,14,14,14,14,14,14,14,14,14
180094,1,1,1986,1,1,1,1,1,1,1,1,1,1
180095,1,1,1986,0,0,0,0,0,0,0,0,0,0
180096,1,1,1986,23,10,21,19,7,15,9,17,18,16
180097,1,1,1986,0,0,0,0,0,0,0,0,0,16
180097,2,1,1986,0,0,0,0,0,0,0,0,0,0
180098,1,1,1986,15,15,15,15,15,15,15,15,15,15
180099,1,1,1986,7,7,7,7,7,7,7,7,7,7
180099,2,1,1986,0,0,0,0,0,0,0,0,0,0
180100,0,1,1986,0,0,5,0,0,18,0,0,0,0
180100,1,1,1986,21,21,21,21,21,21,21,21,21,21
180101,1,1,1986,0,0,0,0,0,0,0,0,0,0
180101,2,1,1986,0,0,0,0,0,0,0,0,0,0
180101,3,1,1986,0,0,0,0,0,0,0,0,0,0
180101,4,1,1986,0,0,0,0,0,0,0,0,0,0
180101,5,1,1986,0,0,0,0,0,0,0,0,0,0
180102,1,1,1986,24,24,24,24,24,24,24,24,24,24
180102,2,1,1986,0,0,0,0,0,0,0,0,0,0
180103,1,1,1986,0,0,0,0,0,0,0,0,0,0
180105,1,1,1986,36,36,36,36,36,36,36,36,36,36
180106,1,1,1986,0,0,0,0,0,0,0,0,0,0
180106,2,1,1986,0,0,0,0,0,0,0,0,0,0
180107,1,1,1986,0,0,0,0,0,0,0,0,0,0
180109,1,1,1986,18,18,18,18,18,18,18,18,18,18
180110,1,1,1986,0,0,0,0,0,0,0,0,0,0
180110,2,1,1986,0,0,0,0,0,0,0,0,0,0
180111,1,1,1986,22,22,22,22,22,22,22,22,22,22
180112,1,1,1986,25,25,25,25,25,25,25,25,25,25
180113,1,1,1986,16,16,16,16,16,16,16,16,16,16
180113,2,1,1986,15,0,0,0,0,0,0,0,0,0
180114,1,1,1986,27,27,27,27,27,27,27,27,27,27
180115,0,1,1986,0,0,0,0,0,0,0,0,0,0
180115,1,1,1986,0,0,0,0,0,0,0,0,0,0
180116,0,1,1986,0,0,0,0,0,0,0,0,0,0
180116,1,1,1986,18,18,18,18,18,18,18,18,18,18
180117,1,1,1986,0,0,0,0,0,0,0,0,0,0
180117,2,1,1986,0,0,0,0,0,0,0,0,0,0
180118,1,1,1986,10,10,10,10,10,10,10,10,10,10
180118,2,1,1986,0,0,0,0,0,0,0,0,0,0
180119,1,1,1986,11,11,11,11,11,11,11,11,11,11
180120,1,1,1986,5,5,5,5,5,5,5,5,5,5
180120,2,1,1986,0,0,0,0,0,0,0,0,0,0
180122,1,1,1986,15,15,15,15,15,15,15,15,15,15
180123,1,1,1986,0,0,0,16,0,0,0,0,0,0
180123,2,1,1986,0,0,0,0,0,0,0,0,0,0
180124,1,1,1986,26,26,26,26,26,26,26,26,26,26
180126,1,1,1986,25,25,25,25,25,25,25,25,25,25
180127,1,1,1986,0,0,0,0,0,0,0,0,0,0
180127,2,1,1986,0,0,0,0,0,0,0,8,0,0
180128,1,1,1986,0,0,0,0,0,0,0,0,0,0
180128,2,1,1986,0,0,0,0,0,0,0,0,0,0
180128,3,1,1986,0,0,0,0,0,0,0,0,0,0
180129,1,1,1986,0,0,0,0,0,0,0,0,0,0
180129,2,1,1986,0,0,0,0,0,0,0,0,0,0
180130,1,1,1986,20,20,20,20,20,20,20,20,20,20
180131,1,1,1986,19,19,19,19,19,19,19,19,19,19
180132,1,1,1986,0,0,0,0,0,0,0,0,0,0
180133,1,1,1986,18,18,18,18,18,18,18,18,18,18
180134,1,1,1986,12,12,12,12,12,12,12,12,12,12
180134,2,1,1986,0,0,0,0,0,0,0,0,0,0
180135,1,1,1986,19,0,0,0,0,0,0,0,0,0
180135,2,1,1986,0,0,0,0,0,0,0,0,0,0
180136,1,1,1986,0,0,0,0,0,0,0,0,0,0
180136,2,1,1986,0,0,0,0,0,0,0,8,0,0
180137,1,1,1986,25,25,25,25,25,25,25,25,25,25
180138,1,1,1986,0,0,0,0,0,0,0,0,0,0
180139,1,1,1986,0,0,0,0,0,0,0,0,0,0
180139,2,1,1986,0,0,0,0,0,0,0,0,0,0
180140,1,1,1986,0,0,0,0,0,0,0,0,0,0
180140,2,1,1986,0,0,0,0,0,0,0,0,0,0
180141,1,1,1986,0,0,0,0,0,0,0,0,0,0
180141,2,1,1986,0,0,0,0,0,0,0,0,0,0
180142,1,1,1986,0,0,0,0,0,0,0,0,0,0
180142,2,1,1986,0,0,0,0,0,0,0,0,0,0
180143,1,1,1986,17,17,17,17,17,17,17,17,17,17
180144,0,1,1986,0,0,0,0,0,0,0,0,0,0
180144,1,1,1986,0,0,0,0,0,0,0,0,0,0
180145,1,1,1986,0,0,0,0,0,0,0,0,0,0
180145,2,1,1986,0,0,0,0,0,0,0,0,0,0
180146,1,1,1986,0,0,0,0,0,0,0,0,0,0
180146,2,1,1986,0,0,0,0,0,0,0,0,0,0
180147,1,1,1986,5,5,5,5,5,5,5,5,5,5
180148,1,1,1986,0,0,0,0,0,0,0,0,0,0
180148,2,1,1986,20,20,20,20,20,20,20,20,20,20
180149,1,1,1986,0,0,0,0,0,0,0,0,0,0
180149,2,1,1986,0,0,0,0,0,0,0,0,0,0
180150,1,1,1986,0,0,0,0,0,0,0,0,0,0
180151,1,1,1986,10,10,10,10,10,10,10,10,10,10
180152,0,1,1986,0,10,0,0,0,0,0,21,0,0
180152,1,1,1986,0,0,0,10,0,0,0,0,0,0
180153,1,1,1986,22,22,22,22,22,22,22,22,22,22
180153,2,1,1986,0,0,0,0,0,29,0,0,0,0
180154,1,1,1986,0,0,0,0,0,0,0,0,0,0
180154,2,1,1986,0,0,0,0,0,0,0,0,0,0
180155,1,1,1986,0,0,0,0,0,0,0,0,0,0
180155,2,1,1986,0,0,0,0,0,0,0,0,0,0
180156,1,1,1986,16,16,16,16,16,16,16,16,16,16
180156,2,1,1986,0,0,18,11,0,21,12,6,0,16
180156,3,1,1986,0,0,0,0,0,0,0,0,0,0
180157,1,1,1986,0,0,0,0,0,0,0,0,0,0
180158,1,1,1986,20,20,20,20,20,20,20,20,20,20
180158,2,1,1986,0,0,0,0,0,0,0,0,0,0
180159,1,1,1986,0,0,0,0,0,0,0,0,0,0
180159,2,1,1986,2,2,2,2,2,2,2,2,2,2
180160,1,1,1986,0,0,0,0,0,0,0,0,0,0
180160,2,1,1986,0,0,0,0,0,0,0,0,0,0
180161,1,1,1986,0,0,0,0,0,0,0,0,0,0
180161,2,1,1986,0,0,0,0,0,0,0,0,0,0
180162,1,1,1986,0,0,0,0,0,0,0,0,0,0
180162,2,1,1986,13,13,13,13,13,13,13,13,13,13
180163,1,1,1986,22,22,22,22,22,22,22,22,22,22
180164,1,1,1986,0,0,0,0,0,0,0,0,0,0
180165,1,1,1986,19,19,19,19,19,19,19,19,19,19
180166,1,1,1986,0,0,0,0,0,0,0,0,0,0
180169,1,1,1986,35,35,35,35,35,35,35,35,35,35
180170,1,1,1986,17,17,17,17,17,17,17,17,17,17
180171,1,1,1986,14,14,14,14,14,14,14,14,14,14
180172,1,1,1986,21,21,21,21,21,21,21,21,21,21
180173,1,1,1986,0,0,0,0,0,0,0,0,0,0
180173,2,1,1986,0,0,0,0,0,0,0,0,0,0
180174,1,1,1986,14,14,14,14,14,14,14,14,14,14
180175,1,1,1986,1,1,1,1,1,1,1,1,1,1
180175,2,1,1986,0,0,0,0,0,0,0,0,0,0
180176,1,1,1986,29,29,29,29,29,29,29,29,29,29
180176,2,1,1986,0,0,0,0,0,0,0,0,0,0
180177,1,1,1986,0,0,0,0,0,0,0,0,0,0
180177,2,1,1986,0,0,0,0,0,0,0,0,0,0
180178,1,1,1986,0,0,0,0,0,0,0,0,0,0
180179,1,1,1986,0,0,0,0,0,0,0,0,0,0
180179,2,1,1986,0,0,0,0,0,0,0,0,0,0
180179,3,1,1986,0,0,0,0,0,0,0,0,0,0
180180,1,1,1986,0,0,0,0,0,0,0,0,0,0
180180,2,1,1986,0,0,0,0,0,0,0,0,0,0
180181,1,1,1986,0,0,0,0,0,0,0,0,0,0
180181,2,1,1986,9,9,9,9,9,9,9,9,9,9
180182,0,1,1986,0,0,0,0,0,0,0,0,0,0
180182,1,1,1986,0,0,0,0,0,0,0,0,0,0
180183,1,1,1986,23,23,23,23,23,23,23,23,23,23
180184,1,1,1986,20,20,20,20,20,20,20,20,20,20
180185,1,1,1986,26,26,26,26,26,26,26,26,26,26
180186,1,1,1986,0,0,0,0,0,0,0,0,0,0
180187,1,1,1986,0,0,0,0,0,0,0,0,0,0
180187,2,1,1986,0,0,0,0,0,0,0,0,0,0
180188,1,1,1986,0,0,0,0,0,0,0,0,0,0
180189,1,1,1986,13,20,0,0,14,19,0,14,14,0
180189,2,1,1986,0,5,0,0,0,0,0,0,0,0
180190,1,1,1986,0,0,0,0,0,0,0,0,0,0
180190,2,1,1986,0,0,0,0,0,0,0,0,0,0
180192,1,1,1986,19,19,19,19,19,19,19,19,19,19
180192,2,1,1986,0,0,0,0,0,0,0,0,0,0
180193,1,1,1986,2,2,2,2,2,2,2,2,2,2
180193,2,1,1986,0,0,0,0,0,0,0,0,10,0
180194,1,1,1986,27,27,27,27,27,27,27,27,27,27
180194,2,1,1986,0,0,0,0,0,0,0,0,0,0
180195,0,1,1986,0,0,0,0,0,0,0,0,0,0
180195,1,1,1986,0,0,0,0,0,0,0,0,0,0
180196,1,1,1986,0,0,0,0,0,0,0,0,0,0
180196,2,1,1986,0,0,0,0,0,0,0,0,0,0
180197,1,1,1986,4,4,4,4,4,4,4,4,4,4
180198,1,1,1986,29,29,29,29,29,29,29,29,29,29
180199,0,1,1986,11,11,11,11,11,11,11,11,11,11
180199,1,1,1986,8,14,14,24,9,8,16,12,15,18
180200,1,1,1986,5,5,5,5,5,5,5,5,5,5
180200,2,1,1986,1,1,1,1,1,1,1,1,1,1
180201,1,1,1986,6,6,6,6,6,6,6,6,6,6
180202,1,1,1986,16,16,16,16,16,16,16,16,16,16
180203,1,1,1986,12,12,12,12,12,12,12,12,12,12
180205,0,1,1986,0,0,0,0,0,0,0,0,0,0
180205,1,1,1986,0,0,0,0,0,0,0,0,0,0
180206,1,1,1986,22,22,22,22,22,22,22,22,22,22
180207,1,1,1986,27,27,27,27,27,27,27,27,27,27
180208,1,1,1986,0,0,0,0,0,0,0,0,0,0
180208,2,1,1986,0,0,0,0,0,0,0,0,0,0
180209,1,1,1986,10,10,10,10,10,10,10,10,10,10
180210,1,1,1986,0,0,0,0,0,0,0,0,0,0
180210,2,1,1986,0,0,0,0,0,0,0,0,0,0
180211,1,1,1986,0,0,0,0,0,0,0,0,0,0
180212,1,1,1986,0,0,0,0,0,0,0,0,0,0
180212,2,1,1986,19,19,19,19,19,19,19,19,19,19
180214,1,1,1986,9,9,9,9,9,9,9,9,9,9
180215,1,1,1986,13,13,13,13,13,13,13,13,13,13
180216,1,1,1986,0,0,0,0,0,0,0,0,0,0
180216,2,1,1986,4,4,4,4,4,4,4,4,4,4
180217,0,1,1986,0,0,0,33,0,0,0,0,0,0
180217,1,1,1986,0,0,0,0,0,0,0,0,0,0
180218,1,1,1986,17,17,17,17,17,17,17,17,17,17
180219,0,1,1986,0,0,0,0,0,0,0,0,0,0
180219,1,1,1986,0,0,0,0,0,0,7,0,0,20
180220,0,1,1986,0,0,0,0,0,0,0,0,0,0
180220,0,2,1986,0,0,0,0,0,0,0,0,0,0
180220,1,1,1986,0,0,0,0,0,0,0,0,0,0
180220,2,1,1986,0,0,0,0,0,0,0,0,0,0
180221,0,1,1986,0,0,0,0,0,0,0,0,0,0
180221,0,2,1986,0,0,0,0,0,0,0,0,0,0
180221,1,1,1986,0,0,0,0,0,0,0,0,0,0
180222,0,1,1986,0,0,0,0,0,0,0,0,0,9
180222,1,1,1986,0,0,0,11,0,0,0,6,0,0
180223,1,1,1986,31,31,31,31,31,31,31,31,31,31
180223,2,1,1986,0,0,0,0,0,0,0,0,0,0
180224,1,1,1986,16,16,16,16,16,16,16,16,16,16
180225,1,1,1986,31,31,31,31,31,31,31,31,31,31
180226,1,1,1986,0,0,0,0,0,0,0,0,0,0
180227,1,1,1986,18,18,18,18,18,18,18,18,18,18
180228,1,1,1986,0,0,0,0,0,0,0,0,0,0
180229,1,1,1986,17,17,17,17,17,17,17,17,17,17
180230,1,1,1986,33,33,33,33,33,33,33,33,33,33
180232,1,1,1986,0,0,0,0,0,0,0,0,0,0
180232,2,1,1986,0,0,0,0,0,0,0,0,0,0
180233,1,1,1986,21,21,21,21,21,21,21,21,21,21
180234,0,1,1986,0,0,0,0,0,0,0,0,0,0
180234,1,1,1986,0,0,7,24,44,7,0,0,22,28
180235,1,1,1986,1,1,1,1,1,1,1,1,1,1
180235,2,1,1986,0,0,0,0,0,0,0,0,0,0
180236,0,1,1986,0,0,0,0,0,0,0,0,0,0
180236,1,1,1986,0,0,0,0,0,0,0,0,0,0
180236,2,1,1986,0,0,0,0,0,0,0,0,0,0
180237,1,1,1986,16,16,16,16,16,16,16,16,16,16
180237,2,1,1986,28,28,28,28,28,28,28,28,28,28
180238,1,1,1986,0,0,0,0,0,0,0,0,0,0
180238,2,1,1986,0,0,0,0,0,0,0,0,0,0
180239,0,1,1986,0,53,0,0,0,31,0,51,20,0
180239,1,1,1986,14,14,14,14,14,14,14,14,14,14
180242,0,1,1986,0,0,0,0,0,0,0,0,0,0
180242,1,1,1986,20,20,20,20,20,20,20,20,20,20
180243,1,1,1986,0,10,0,0,0,0,0,0,0,0
180243,2,1,1986,4,4,4,4,4,4,4,4,4,4
180244,1,1,1986,0,0,0,0,0,0,0,0,0,0
180245,1,1,1986,0,0,0,0,0,0,0,0,0,0
180245,2,1,1986,0,0,0,0,0,0,0,0,0,0
180246,1,1,1986,5,0,5,9,13,0,14,0,12,0
180247,1,1,1986,13,13,13,13,13,13,13,13,13,13
180248,1,1,1986,15,15,15,15,15,15,15,15,15,15
180248,2,1,1986,0,0,0,0,0,0,0,0,0,0
180249,1,1,1986,20,20,20,20,20,20,20,20,20,20
180250,1,1,1986,0,0,0,0,0,0,0,0,0,0
180250,2,1,1986,0,0,0,0,0,0,0,0,0,0
180251,1,1,1986,0,0,0,0,0,0,0,0,0,0
180251,2,1,1986,0,0,0,0,0,0,0,0,0,0
180252,1,1,1986,0,0,0,0,0,0,0,0,0,0
180252,2,1,1986,0,0,0,0,0,0,0,0,0,0
180253,1,1,1986,0,0,0,0,0,0,0,0,0,0
180254,1,1,1986,32,32,32,32,32,32,32,32,32,32
180254,2,1,1986,0,0,16,0,0,17,0,0,0,0
180255,1,1,1986,0,0,0,0,0,0,0,0,0,0
180255,2,1,1986,0,0,0,0,0,0,0,0,0,0
180256,0,1,1986,0,0,0,0,0,0,0,0,0,0
180256,1,1,1986,0,0,0,0,0,0,0,0,0,0
180257,1,1,1986,25,25,25,25,25,25,25,25,25,25
180258,1,1,1986,0,0,0,0,0,0,0,0,0,0
180259,1,1,1986,34,34,34,34,34,34,34,34,34,34
180260,1,1,1986,23,23,23,23,23,23,23,23,23,23
180261,1,1,1986,1,1,1,1,1,1,1,1,1,1
180261,2,1,1986,0,0,0,0,0,0,0,0,0,0
180262,1,1,1986,0,0,0,0,0,0,0,0,0,0
180263,1,1,1986,15,15,15,15,15,15,15,15,15,15
180265,1,1,1986,13,13,13,13,13,13,13,13,13,13
180266,1,1,1986,7,7,7,7,7,7,7,7,7,7
180267,1,1,1986,13,13,13,13,13,13,13,13,13,13
180268,1,1,1986,26,26,26,26,26,26,26,26,26,26
180269,1,1,1986,10,10,10,10,10,10,10,10,10,10