ST_CASE,VEH_NO,PER_NO,YEAR,P1,P2,P3,P4,P5,P6,P7,P8,P9,P10
180270,1,1,1986,0,0,0,0,0,0,0,0,0,0
180271,1,1,1986,6,6,6,6,6,6,6,6,6,6
180272,1,1,1986,0,0,0,0,0,0,0,0,0,0
180272,2,1,1986,13,13,13,13,13,13,13,13,13,13
180273,1,1,1986,13,0,0,0,0,0,0,0,0,0
180274,1,1,1986,18,18,18,18,18,18,18,18,18,18
180275,1,1,1986,0,0,0,0,0,0,0,0,0,0
180276,1,1,1986,0,0,0,0,0,0,0,0,0,0
180277,1,1,1986,20,20,20,20,20,20,20,20,20,20
180277,2,1,1986,0,0,0,0,0,0,0,0,0,0
180278,1,1,1986,27,27,27,27,27,27,27,27,27,27
180280,0,1,1986,22,22,22,22,22,22,22,22,22,22
180280,1,1,1986,0,0,0,0,0,0,0,0,0,0
180281,1,1,1986,0,0,0,0,0,0,0,0,0,0
180281,2,1,1986,0,0,0,0,0,15,0,0,0,0
180282,1,1,1986,0,0,0,0,0,0,0,0,0,0
180282,2,1,1986,0,0,0,19,0,0,0,0,0,0
180283,1,1,1986,0,0,0,0,0,0,0,0,0,0
180284,1,1,1986,0,0,16,0,7,0,0,0,0,0
180284,2,1,1986,0,0,0,0,0,0,0,0,0,0
180285,0,1,1986,0,0,11,0,0,0,0,0,0,0
180285,1,1,1986,0,6,23,33,0,0,13,13,0,0
180286,1,1,1986,9,0,0,0,9,0,0,0,0,0
180286,2,1,1986,0,0,0,0,0,0,0,0,0,0
180287,1,1,1986,6,6,6,6,6,6,6,6,6,6
180287,2,1,1986,0,0,0,0,0,0,0,0,0,0
180288,1,1,1986,14,16,21,0,0,0,24,0,0,23
180289,1,1,1986,21,21,21,21,21,21,21,21,21,21
180290,0,1,1986,0,0,0,0,0,0,0,0,0,0
180290,1,1,1986,0,0,0,0,0,0,0,0,0,0
180291,0,1,1986,4,4,4,4,4,4,4,4,4,4
180291,1,1,1986,0,5,0,0,0,0,0,0,0,0
180292,1,1,1986,0,0,0,0,0,0,0,0,0,0
180292,2,1,1986,0,0,0,0,0,0,0,0,0,0
180293,1,1,1986,16,10,0,0,0,0,0,0,0,9
180293,2,1,1986,0,0,0,0,0,0,0,0,0,0
180294,0,1,1986,21,24,0,20,13,36,29,0,0,0
180294,1,1,1986,0,0,0,0,0,0,0,0,0,0
180295,0,1,1986,0,0,0,0,0,0,0,0,0,0
180295,1,1,1986,0,0,0,0,0,0,0,0,0,0
180296,1,1,1986,0,0,0,0,0,0,0,0,0,0
180297,1,1,1986,16,16,16,16,16,16,16,16,16,16
180297,2,1,1986,0,0,0,0,0,0,0,0,0,0
180298,1,1,1986,0,0,0,0,0,0,0,0,0,0
180299,1,1,1986,0,0,0,0,0,0,0,0,0,0
180299,2,1,1986,0,0,0,0,0,0,0,0,0,0
180300,1,1,1986,1,1,1,1,1,1,1,1,1,1
180301,1,1,1986,0,0,0,0,0,0,0,0,0,0
180302,1,1,1986,0,0,0,0,7,0,0,0,0,9
180302,2,1,1986,0,0,0,0,0,0,0,0,0,0
180303,1,1,1986,19,19,19,19,19,19,19,19,19,19
180303,2,1,1986,0,0,0,0,0,0,0,0,0,0
180303,3,1,1986,0,0,0,0,0,0,0,0,0,0
180303,4,1,1986,0,0,0,0,0,0,0,0,0,0
180304,0,1,1986,0,0,0,0,0,0,8,0,0,0
180304,1,1,1986,0,0,0,0,0,0,0,0,0,0
180305,1,1,1986,14,14,14,14,14,14,14,14,14,14
180306,1,1,1986,22,22,22,22,22,22,22,22,22,22
180307,1,1,1986,13,13,13,13,13,13,13,13,13,13
180308,1,1,1986,4,4,4,4,4,4,4,4,4,4
180309,1,1,1986,0,0,0,0,0,0,0,0,0,0
180309,2,1,1986,0,0,0,0,0,0,0,0,0,0
180310,1,1,1986,0,0,0,0,0,0,0,0,0,0
180310,2,1,1986,0,0,0,0,0,0,0,0,0,0
180311,1,1,1986,9,9,9,9,9,9,9,9,9,9
180311,2,1,1986,0,0,5,0,0,0,0,0,0,0
180312,1,1,1986,0,0,13,0,0,13,0,0,0,0
180313,1,1,1986,0,0,0,0,0,0,0,0,0,0
180313,2,1,1986,0,0,0,0,0,0,0,0,0,0
180314,1,1,1986,0,0,0,0,0,0,0,0,0,0
180314,2,1,1986,0,0,0,0,0,0,0,0,0,0
180315,1,1,1986,14,14,14,14,14,14,14,14,14,14
180315,2,1,1986,0,0,0,0,0,0,0,0,0,0
180316,1,1,1986,0,0,0,0,0,0,0,0,0,0
180316,2,1,1986,0,0,0,0,0,0,0,0,0,0
180316,3,1,1986,0,0,0,0,0,0,0,0,0,0
180316,4,1,1986,0,0,0,0,0,6,0,0,0,0
180317,1,1,1986,0,0,0,0,0,0,0,0,0,0
180317,2,1,1986,0,0,0,0,0,0,0,0,0,0
180318,1,1,1986,0,0,0,0,0,0,0,0,0,0
180319,1,1,1986,0,0,0,0,0,0,0,0,0,0
180320,1,1,1986,0,0,0,0,0,0,0,0,0,0
180321,1,1,1986,12,9,0,0,0,0,9,10,0,10
180321,2,1,1986,0,0,0,0,0,0,0,0,0,0
180322,1,1,1986,0,0,0,0,0,0,0,0,0,0
180322,2,1,1986,0,0,0,0,0,0,0,0,0,0
180322,3,1,1986,0,0,0,0,0,0,0,0,0,0
180323,1,1,1986,12,12,12,12,12,12,12,12,12,12
180323,2,1,1986,11,11,11,11,11,11,11,11,11,11
180324,1,1,1986,21,21,21,21,21,21,21,21,21,21
180324,2,1,1986,0,0,0,0,0,0,0,0,0,0
180324,3,1,1986,0,0,0,0,0,0,0,0,0,0
180325,0,1,1986,0,0,0,0,0,10,0,22,0,17
180325,0,2,1986,0,0,0,0,0,24,0,11,0,0
180325,1,1,1986,9,9,9,9,9,9,9,9,9,9
180326,1,1,1986,0,0,0,0,0,9,32,0,19,0
180326,2,1,1986,19,0,0,0,0,0,0,0,0,0
180327,1,1,1986,0,0,0,0,0,0,0,0,0,0
180328,1,1,1986,0,0,0,0,10,0,0,0,0,24
180328,2,1,1986,9,9,9,9,9,9,9,9,9,9
180329,1,1,1986,0,0,0,0,0,0,0,0,0,0
180329,2,1,1986,0,0,0,0,0,0,0,0,0,0
180330,1,1,1986,24,24,24,24,24,24,24,24,24,24
180331,1,1,1986,0,0,0,0,0,0,0,0,0,0
180331,2,1,1986,0,0,0,0,0,0,0,0,0,0
180332,0,1,1986,42,0,17,18,3,0,3,0,22,21
180332,1,1,1986,0,0,0,0,0,0,0,4,0,0
180333,1,1,1986,0,0,0,0,0,0,0,0,0,0
180333,2,1,1986,0,0,0,0,0,0,0,0,0,0
180334,0,1,1986,27,27,27,27,27,27,27,27,27,27
180334,1,1,1986,0,0,0,0,0,0,0,0,0,0
180335,1,1,1986,0,0,0,16,0,0,0,0,0,0
180335,2,1,1986,27,0,15,31,5,13,10,10,19,0
180336,1,1,1986,31,31,31,31,31,31,31,31,31,31
180338,0,1,1986,24,24,24,24,24,24,24,24,24,24
180338,1,1,1986,0,0,0,12,0,18,0,0,0,13
180339,1,1,1986,0,0,0,0,0,0,0,0,0,0
180340,1,1,1986,21,21,21,21,21,21,21,21,21,21
180340,2,1,1986,0,0,0,0,0,0,0,0,0,0
180341,0,1,1986,13,13,13,13,13,13,13,13,13,13
180341,1,1,1986,0,0,0,0,0,0,0,0,0,0
180342,1,1,1986,0,0,0,0,0,0,0,0,0,0
180342,2,1,1986,0,0,0,0,0,0,0,0,0,0
180343,1,1,1986,0,0,0,0,0,0,0,0,0,0
180343,2,1,1986,7,7,7,7,7,7,7,7,7,7
180344,0,1,1986,0,0,0,0,0,0,0,0,0,0
180344,1,1,1986,0,0,0,0,0,0,0,0,0,0
180345,1,1,1986,6,6,6,6,6,6,6,6,6,6
180345,2,1,1986,0,0,0,4,0,0,0,0,0,0
180347,1,1,1986,0,0,0,0,0,0,0,0,0,0
180347,2,1,1986,0,0,0,0,0,0,0,0,0,0
180348,1,1,1986,1,1,1,1,1,1,1,1,1,1
180348,2,1,1986,0,0,0,13,0,0,0,0,0,0
180349,1,1,1986,0,0,2,0,0,0,0,0,0,0
180349,2,1,1986,0,0,0,0,0,0,0,0,0,0
180350,1,1,1986,0,0,0,0,0,0,0,0,0,0
180350,2,1,1986,0,0,0,0,0,0,0,0,0,0
180351,1,1,1986,30,30,30,30,30,30,30,30,30,30
180352,1,1,1986,15,15,15,15,15,15,15,15,15,15
180353,1,1,1986,25,25,25,25,25,25,25,25,25,25
180354,0,1,1986,0,0,0,0,0,0,0,0,0,13
180354,1,1,1986,0,0,0,0,0,0,0,0,0,0
180355,1,1,1986,12,12,12,12,12,12,12,12,12,12
180356,1,1,1986,0,0,0,0,0,0,0,0,0,0
180357,1,1,1986,5,5,5,5,5,5,5,5,5,5
180357,2,1,1986,0,0,0,0,0,0,0,0,0,0
180357,3,1,1986,0,0,0,0,0,0,0,0,0,0
180358,0,1,1986,0,0,0,0,0,0,0,0,0,0
180358,1,1,1986,0,0,0,0,0,0,0,0,0,0
180359,0,1,1986,29,29,29,29,29,29,29,29,29,29
180359,1,1,1986,0,0,0,0,0,0,0,0,0,0
180360,1,1,1986,19,19,19,19,19,19,19,19,19,19
180361,0,1,1986,0,0,0,0,12,11,31,13,10,17
180361,1,1,1986,0,0,0,0,0,0,0,0,0,0
180362,1,1,1986,0,0,0,0,0,0,0,0,0,0
180362,2,1,1986,15,15,15,15,15,15,15,15,15,15
180363,0,1,1986,0,0,0,0,0,0,0,0,0,0
180363,1,1,1986,0,0,0,0,0,0,0,0,0,0
180364,1,1,1986,0,0,0,0,0,0,0,0,0,0
180365,0,1,1986,0,0,0,0,0,0,0,0,0,0
180365,1,1,1986,0,0,0,0,0,0,0,0,0,0
180366,1,1,1986,22,22,22,22,22,22,22,22,22,22
180367,1,1,1986,0,0,0,0,0,0,0,0,0,0
180367,2,1,1986,0,0,0,0,0,0,0,0,0,0
180368,1,1,1986,22,22,22,22,22,22,22,22,22,22
180369,1,1,1986,17,17,17,17,17,17,17,17,17,17
180369,2,1,1986,0,0,0,0,0,0,0,0,0,0
180370,1,1,1986,0,0,0,0,0,0,0,0,0,0
180370,2,1,1986,0,0,0,0,0,0,0,0,0,0
180371,1,1,1986,0,0,0,0,0,0,0,0,0,0
180373,1,1,1986,10,10,10,10,10,10,10,10,10,10
180373,2,1,1986,7,7,7,7,7,7,7,7,7,7
180374,1,1,1986,0,0,0,0,0,0,0,0,0,0
180374,2,1,1986,31,31,31,31,31,31,31,31,31,31
180375,1,1,1986,0,0,0,0,12,0,0,0,0,0
180375,2,1,1986,0,0,0,0,0,0,0,0,0,0
180376,1,1,1986,0,0,0,0,0,0,0,0,0,0
180377,1,1,1986,7,0,0,0,0,0,0,0,0,0
180377,2,1,1986,0,0,0,0,0,0,0,0,0,0
180378,1,1,1986,9,9,9,9,9,9,9,9,9,9
180379,0,1,1986,0,0,0,0,0,0,0,0,0,0
180379,1,1,1986,0,0,0,0,0,0,0,0,0,0
180380,1,1,1986,32,32,32,32,32,32,32,32,32,32
180381,1,1,1986,30,30,30,30,30,30,30,30,30,30
180382,1,1,1986,0,0,0,0,0,0,0,0,0,0
180383,1,1,1986,0,0,0,0,0,0,0,0,0,0
180383,2,1,1986,0,0,0,0,0,0,0,0,0,0
180384,1,1,1986,0,0,0,0,0,0,0,0,0,0
180384,2,1,1986,0,0,0,0,0,0,0,0,0,0
180384,3,1,1986,0,0,0,0,0,0,0,0,0,0
180385,0,1,1986,0,13,0,12,0,0,0,0,0,0
180385,1,1,1986,0,0,0,5,0,0,0,0,0,0
180386,1,1,1986,10,10,10,10,10,10,10,10,10,10
180387,1,1,1986,0,0,0,0,0,0,0,0,0,0
180387,2,1,1986,0,0,0,0,0,0,0,0,0,0
180388,1,1,1986,5,5,5,5,5,5,5,5,5,5
180388,2,1,1986,0,0,0,0,0,0,0,0,0,0
180388,3,1,1986,0,0,0,0,0,0,0,0,0,0
180389,1,1,1986,9,9,9,9,9,9,9,9,9,9
180389,2,1,1986,0,0,0,0,0,0,0,0,0,0
180391,1,1,1986,21,21,21,21,21,21,21,21,21,21
180391,2,1,1986,0,0,0,0,0,0,0,0,0,15
180393,1,1,1986,0,0,0,0,23,0,0,0,10,0
180393,2,1,1986,0,0,0,0,0,0,0,0,0,0
180394,0,1,1986,1,1,1,1,1,1,1,1,1,1
180394,1,1,1986,0,0,0,0,0,0,0,0,0,0
180395,1,1,1986,14,14,14,14,14,14,14,14,14,14
180395,2,1,1986,0,0,0,0,0,0,0,0,0,0
180396,0,1,1986,0,0,0,0,0,0,0,0,0,0
180396,1,1,1986,0,0,0,0,0,0,0,0,0,0
180397,1,1,1986,0,0,16,0,0,0,0,0,0,0
180398,1,1,1986,0,0,0,0,0,0,0,0,0,0
180399,1,1,1986,13,13,13,13,13,13,13,13,13,13
180400,1,1,1986,0,0,0,0,0,0,0,0,0,0
180401,1,1,1986,0,0,0,0,0,0,0,0,0,0
180401,2,1,1986,0,0,0,0,0,0,0,0,0,0
180402,1,1,1986,0,0,0,0,0,0,0,0,0,0
180402,2,1,1986,20,20,20,20,20,20,20,20,20,20
180403,1,1,1986,6,6,6,6,6,6,6,6,6,6
180404,1,1,1986,0,16,9,0,7,0,15,24,0,12
180405,1,1,1986,0,0,0,0,0,0,0,0,0,0
180406,1,1,1986,0,12,0,0,0,0,0,0,0,0
180406,2,1,1986,0,19,0,0,0,0,0,0,0,0
180407,1,1,1986,19,19,19,19,19,19,19,19,19,19
180408,1,1,1986,0,0,0,0,0,0,0,0,0,0
180408,2,1,1986,0,0,0,0,0,0,0,0,0,0
180408,3,1,1986,0,0,0,0,0,0,0,0,0,0
180408,4,1,1986,0,0,0,0,0,0,0,0,0,0
180408,5,1,1986,0,0,0,0,0,0,0,0,0,0
180408,6,1,1986,0,0,0,0,0,0,0,0,0,0
180409,1,1,1986,5,5,5,5,5,5,5,5,5,5
180410,0,1,1986,32,32,32,32,32,32,32,32,32,32
180410,1,1,1986,12,0,0,0,0,0,0,0,0,0
180411,1,1,1986,0,0,0,0,0,0,0,0,0,0
180411,2,1,1986,0,0,0,0,0,0,0,0,12,0
180412,1,1,1986,18,18,18,18,18,18,18,18,18,18
180413,1,1,1986,10,10,10,10,10,10,10,10,10,10
180414,1,1,1986,19,19,19,19,19,19,19,19,19,19
180414,2,1,1986,0,0,0,0,0,0,0,0,0,0
180414,3,1,1986,0,0,0,0,0,0,0,0,0,0
180415,1,1,1986,30,30,30,30,30,30,30,30,30,30
180415,2,1,1986,0,0,0,0,0,0,0,0,0,0
180416,1,1,1986,25,25,25,25,25,25,25,25,25,25
180417,1,1,1986,6,6,6,6,6,6,6,6,6,6
180417,2,1,1986,0,0,0,0,0,0,0,0,0,0
180418,1,1,1986,0,0,0,0,0,0,0,0,0,0
180419,1,1,1986,0,0,0,0,0,0,0,0,0,0
180419,2,1,1986,0,0,0,0,0,0,0,0,0,0
180420,1,1,1986,5,5,5,5,5,5,5,5,5,5
180421,1,1,1986,19,19,19,19,19,19,19,19,19,19
180422,0,1,1986,0,0,0,0,0,0,0,0,0,0
180422,0,2,1986,0,0,0,0,0,0,0,0,0,0
180422,1,1,1986,22,22,22,22,22,22,22,22,22,22
180423,1,1,1986,0,0,0,0,0,0,0,0,0,0
180423,2,1,1986,0,0,0,0,0,0,0,0,0,0
180424,1,1,1986,4,4,4,4,4,4,4,4,4,4
180425,1,1,1986,0,0,0,0,0,0,0,0,0,0
180425,2,1,1986,0,0,0,0,0,0,0,0,0,0
180427,1,1,1986,0,0,0,0,0,0,0,0,0,0
180427,2,1,1986,36,36,36,36,36,36,36,36,36,36
180428,1,1,1986,15,15,15,15,15,15,15,15,15,15
180429,0,1,1986,0,0,0,0,0,0,0,0,0,0
180429,1,1,1986,0,0,0,0,0,0,0,0,0,0
180430,1,1,1986,17,17,17,17,17,17,17,17,17,17
180431,1,1,1986,0,16,15,12,16,6,0,21,0,0
180432,0,1,1986,0,0,0,0,0,0,0,0,0,0
180432,1,1,1986,1,1,1,1,1,1,1,1,1,1
180433,1,1,1986,6,6,6,6,6,6,6,6,6,6
180434,1,1,1986,18,18,18,18,18,18,18,18,18,18
180435,1,1,1986,5,5,5,5,5,5,5,5,5,5
180436,1,1,1986,27,27,27,27,27,27,27,27,27,27
180437,1,1,1986,1,1,1,1,1,1,1,1,1,1
180438,1,1,1986,1,1,1,1,1,1,1,1,1,1
180439,1,1,1986,9,0,0,7,9,36,0,0,0,0
180439,2,1,1986,14,0,0,0,0,0,0,18,8,0
180440,1,1,1986,42,13,29,23,28,19,40,15,17,8
180442,0,1,1986,0,0,0,0,0,0,0,0,0,11
180442,1,1,1986,28,0,12,13,0,21,8,0,17,20
180443,1,1,1986,13,13,13,13,13,13,13,13,13,13
180444,1,1,1986,0,0,0,0,0,0,0,0,0,0
180444,2,1,1986,0,0,0,0,0,0,0,0,0,0
180445,0,1,1986,0,0,0,0,0,0,0,0,0,0
180445,1,1,1986,0,0,0,0,0,0,0,0,0,0
180446,1,1,1986,0,0,0,0,0,0,0,0,0,0
180447,1,1,1986,0,0,0,0,0,0,0,0,0,0
180447,2,1,1986,0,0,0,0,0,0,0,0,0,0
180448,1,1,1986,0,0,0,0,0,0,0,0,0,0
180448,2,1,1986,0,0,0,0,0,0,0,0,0,0
180448,3,1,1986,0,0,0,0,0,0,0,0,0,0
180449,1,1,1986,8,8,8,8,8,8,8,8,8,8
180450,1,1,1986,17,18,23,10,21,0,21,0,0,0
180451,1,1,1986,25,25,25,25,25,25,25,25,25,25
180452,1,1,1986,0,0,0,0,0,0,0,0,0,0
180453,1,1,1986,31,31,31,31,31,31,31,31,31,31
180455,1,1,1986,0,0,0,0,0,0,0,0,0,0
180455,2,1,1986,0,0,0,0,0,0,0,0,0,0
180456,1,1,1986,1,1,1,1,1,1,1,1,1,1
180457,1,1,1986,0,0,0,0,0,0,0,0,0,0
180457,2,1,1986,0,0,0,0,6,21,0,0,0,0
180458,1,1,1986,0,0,0,0,0,0,0,0,0,0
180458,2,1,1986,0,0,0,0,0,0,0,0,0,0
180459,0,1,1986,0,35,14,21,0,34,18,19,14,37
180459,1,1,1986,0,0,0,0,25,0,0,0,0,0
180459,2,1,1986,7,7,7,7,7,7,7,7,7,7
180460,1,1,1986,24,24,24,24,24,24,24,24,24,24
180461,1,1,1986,8,8,8,8,8,8,8,8,8,8
180462,1,1,1986,26,26,26,26,26,26,26,26,26,26
180462,2,1,1986,33,33,33,33,33,33,33,33,33,33
180463,1,1,1986,26,26,26,26,26,26,26,26,26,26
180464,1,1,1986,0,0,0,0,0,0,0,0,0,0
180464,2,1,1986,0,0,0,0,0,0,0,0,0,0
180465,1,1,1986,27,27,27,27,27,27,27,27,27,27
180466,1,1,1986,28,28,28,28,28,28,28,28,28,28
180466,2,1,1986,0,0,0,0,0,0,0,0,0,0
180467,1,1,1986,3,3,3,3,3,3,3,3,3,3
180467,2,1,1986,0,0,0,0,0,0,0,0,0,0
180468,0,1,1986,0,15,0,0,0,30,0,32,0,0
180468,1,1,1986,0,0,0,0,0,0,0,0,0,0
180469,1,1,1986,18,18,18,18,18,18,18,18,18,18
180469,2,1,1986,0,0,0,0,0,0,0,0,0,0
180470,1,1,1986,8,11,0,0,15,19,0,0,0,11
180470,2,1,1986,5,0,23,5,10,3,19,27,0,0
180471,1,1,1986,0,0,0,0,0,0,0,0,0,0
180471,2,1,1986,0,0,0,0,0,0,0,0,0,0
180473,1,1,1986,0,0,0,0,0,0,0,0,0,0
180473,2,1,1986,0,0,0,0,0,0,0,0,0,0
180475,1,1,1986,8,8,8,8,8,8,8,8,8,8
180475,2,1,1986,0,0,0,0,0,0,0,0,0,0
180476,1,1,1986,0,0,0,0,0,0,0,0,0,3
180477,1,1,1986,0,0,0,0,0,0,0,0,0,0
180477,2,1,1986,0,0,0,0,0,0,0,0,0,0
180478,1,1,1986,0,0,0,0,0,0,0,0,0,0
180478,2,1,1986,0,0,0,0,0,0,0,0,0,0
180479,1,1,1986,0,0,0,0,0,0,0,0,0,0
180479,2,1,1986,1,1,1,1,1,1,1,1,1,1
180480,1,1,1986,0,6,0,0,0,0,0,0,0,0
180480,2,1,1986,0,0,0,0,0,0,0,0,0,0
180481,1,1,1986,0,0,0,0,0,0,0,0,0,0
180482,1,1,1986,0,0,0,0,0,0,0,0,0,0
180482,2,1,1986,0,0,0,0,0,0,0,0,0,0
180483,1,1,1986,22,22,22,22,22,22,22,22,22,22
180483,2,1,1986,0,0,0,0,0,0,0,0,0,0
180484,1,1,1986,29,29,29,29,29,29,29,29,29,29
180484,2,1,1986,0,0,0,0,0,0,0,0,0,0
180484,3,1,1986,0,0,0,0,0,0,0,0,0,0
180485,0,1,1986,0,0,0,0,0,0,0,0,0,0
180485,1,1,1986,0,0,0,0,0,0,0,0,0,0
180486,1,1,1986,0,0,0,10,0,0,12,0,17,0
180487,1,1,1986,0,0,0,0,10,0,0,0,10,0
180488,1,1,1986,22,22,22,22,22,22,22,22,22,22
180489,0,1,1986,15,15,15,15,15,15,15,15,15,15
180489,1,1,1986,15,13,23,5,16,0,0,0,0,0
180490,1,1,1986,0,0,0,0,0,0,0,0,0,0
180490,2,1,1986,0,0,0,0,0,0,0,0,0,0
180491,1,1,1986,0,0,0,0,0,0,0,0,0,0
180491,2,1,1986,0,0,0,0,0,0,0,0,0,0
180492,1,1,1986,0,0,0,0,0,0,0,0,0,0
180493,1,1,1986,0,0,0,0,0,0,0,0,0,0
180494,0,1,1986,0,11,20,0,0,0,0,0,13,0
180494,1,1,1986,3,0,0,0,0,0,0,0,0,0
180495,1,1,1986,0,0,0,0,0,0,0,0,0,0
180495,2,1,1986,0,0,0,0,0,0,0,0,0,0
180496,1,1,1986,0,0,0,0,0,0,0,0,0,0
180496,2,1,1986,0,0,0,0,0,0,0,0,0,0
180497,0,1,1986,0,0,35,0,22,0,0,23,17,15
180497,1,1,1986,14,14,14,14,14,14,14,14,14,14
180498,1,1,1986,0,0,0,0,0,0,0,0,0,0
180499,1,1,1986,25,25,25,25,25,25,25,25,25,25
180500,0,1,1986,0,0,0,0,0,0,0,0,0,0
180500,1,1,1986,0,0,0,0,0,0,0,0,0,0
180501,1,1,1986,18,18,18,18,18,18,18,18,18,18
180501,2,1,1986,0,0,0,0,0,0,0,0,0,0
180502,1,1,1986,30,30,30,30,30,30,30,30,30,30
180502,2,1,1986,25,25,25,25,25,25,25,25,25,25
180503,1,1,1986,10,15,27,20,9,27,7,21,0,10
180504,1,1,1986,1,1,1,1,1,1,1,1,1,1
180505,1,1,1986,29,29,29,29,29,29,29,29,29,29
180505,2,1,1986,19,0,21,0,0,12,0,11,0,5
180505,3,1,1986,0,0,0,0,0,0,0,0,0,0
180506,1,1,1986,0,0,0,0,0,0,0,0,0,0
180507,1,1,1986,0,0,0,0,0,0,0,0,0,0
180507,2,1,1986,2,2,2,2,2,2,2,2,2,2
180508,1,1,1986,0,0,0,0,0,0,0,0,0,0
180508,2,1,1986,0,0,0,0,0,0,0,0,0,0
180509,0,1,1986,29,29,29,29,29,29,29,29,29,29
180509,1,1,1986,0,0,0,0,0,0,0,0,0,0
180510,1,1,1986,0,0,0,0,0,0,0,0,0,0
180511,0,1,1986,16,16,16,16,16,16,16,16,16,16
180511,1,1,1986,11,0,8,0,5,0,0,0,0,0
180512,1,1,1986,11,11,11,11,11,11,11,11,11,11
180513,1,1,1986,0,0,0,0,0,0,0,0,0,0
180514,1,1,1986,0,0,0,0,0,0,0,0,0,0
180514,2,1,1986,0,0,0,0,0,0,0,0,0,0
180514,3,1,1986,0,0,0,0,0,0,0,0,0,0
180515,1,1,1986,0,0,0,0,0,0,0,0,0,0
180515,2,1,1986,0,0,0,0,0,0,0,0,5,0
180516,1,1,1986,0,0,0,0,0,0,0,0,0,0
180517,1,1,1986,0,0,0,0,0,0,0,0,0,0
180517,2,1,1986,7,0,22,0,15,1,11,0,0,0
180518,1,1,1986,21,21,21,21,21,21,21,21,21,21
180519,0,1,1986,0,0,0,0,0,0,0,0,0,0
180519,0,2,1986,0,0,0,0,0,0,0,0,0,0
180519,1,1,1986,0,0,0,0,0,0,0,0,0,0
180520,0,1,1986,0,0,0,0,0,0,3,0,0,0
180520,1,1,1986,0,0,0,0,0,0,0,0,0,0
180520,2,1,1986,0,0,0,0,0,0,0,0,0,0
180521,1,1,1986,0,0,0,0,0,0,0,0,0,0
180521,2,1,1986,0,0,0,0,0,0,0,0,0,0
180522,1,1,1986,0,0,12,0,0,0,0,0,0,0
180522,2,1,1986,3,0,0,0,0,0,0,0,0,0
180523,1,1,1986,15,15,15,15,15,15,15,15,15,15
180524,0,1,1986,34,34,34,34,34,34,34,34,34,34
180524,0,2,1986,0,0,9,0,0,14,0,0,10,0
180524,1,1,1986,0,0,15,3,0,9,15,0,23,18
180525,0,1,1986,0,0,0,0,0,0,0,0,0,0
180525,1,1,1986,0,0,0,0,0,0,0,0,0,0
180526,1,1,1986,0,0,0,0,0,0,0,0,0,12
180527,1,1,1986,0,0,0,0,0,0,0,0,0,0
180528,1,1,1986,0,0,0,0,0,0,0,0,0,0
180528,2,1,1986,0,0,0,0,0,0,0,0,0,0
180529,1,1,1986,0,0,0,0,0,0,0,0,0,0
180529,2,1,1986,0,15,0,6,0,0,0,0,0,0
180530,1,1,1986,10,10,10,10,10,10,10,10,10,10
180530,2,1,1986,0,0,0,0,0,0,0,0,0,0
180531,1,1,1986,0,0,0,0,0,0,0,0,0,0
180532,0,1,1986,0,0,0,0,0,12,0,0,0,0
180532,1,1,1986,19,19,19,19,19,19,19,19,19,19
180533,1,1,1986,28,28,28,28,28,28,28,28,28,28
180534,1,1,1986,26,26,26,26,26,26,26,26,26,26
180535,1,1,1986,0,0,0,0,0,0,0,0,0,0
180535,2,1,1986,22,22,22,22,22,22,22,22,22,22
180536,1,1,1986,0,0,0,0,0,0,0,0,0,0
180536,2,1,1986,24,24,24,24,24,24,24,24,24,24
180537,1,1,1986,18,18,18,18,18,18,18,18,18,18
180538,0,1,1986,0,0,0,0,0,0,0,0,0,0
180538,1,1,1986,0,0,0,0,0,0,0,0,0,0
180539,1,1,1986,0,0,0,0,0,0,0,0,0,0
180539,2,1,1986,0,0,0,0,0,0,0,0,0,0
180540,1,1,1986,0,0,0,0,0,0,0,0,0,0
180540,2,1,1986,0,0,0,0,0,0,0,0,0,19
180541,1,1,1986,0,0,0,0,0,0,0,0,0,0
180542,1,1,1986,0,0,0,0,0,0,0,0,0,0
180542,2,1,1986,0,0,0,0,0,0,0,0,0,0
180543,1,1,1986,29,29,29,29,29,29,29,29,29,29
180544,1,1,1986,0,0,0,0,0,0,0,0,0,0
180544,2,1,1986,0,0,0,0,0,0,0,0,0,0
180545,1,1,1986,0,0,0,0,0,0,0,0,0,0
180545,2,1,1986,0,0,0,0,0,9,0,0,0,0
180546,1,1,1986,0,0,0,0,0,0,0,0,0,0
180547,1,1,1986,23,23,23,23,23,23,23,23,23,23
180548,1,1,1986,3,3,3,3,3,3,3,3,3,3
180549,1,1,1986,28,28,28,28,28,28,28,28,28,28
180550,1,1,1986,18,18,18,18,18,18,18,18,18,18
180550,2,1,1986,0,0,0,0,0,0,0,0,0,0
180551,1,1,1986,0,0,0,0,0,0,0,0,0,0
180551,2,1,1986,0,0,0,0,0,0,0,0,0,0
180551,3,1,1986,0,0,0,0,0,0,0,0,0,0
180552,0,1,1986,0,0,0,0,0,0,0,0,0,0
180552,1,1,1986,0,0,0,0,0,0,0,0,0,0
180553,1,1,1986,0,0,0,0,0,0,0,0,0,0
180553,2,1,1986,0,3,0,0,0,0,0,0,0,0
180554,1,1,1986,22,22,22,22,22,22,22,22,22,22
180555,0,1,1986,3,3,3,3,3,3,3,3,3,3
180555,1,1,1986,19,31,0,6,0,16,0,28,22,0
180556,1,1,1986,30,30,30,30,30,30,30,30,30,30