ST_CASE,VEH_NO,PER_NO,YEAR,P1,P2,P3,P4,P5,P6,P7,P8,P9,P10
180557,1,1,1986,0,0,0,0,0,0,0,0,0,0
180558,0,1,1986,0,0,0,0,0,0,0,0,0,0
180558,1,1,1986,0,0,0,0,8,0,0,0,0,0
180559,1,1,1986,10,10,10,10,10,10,10,10,10,10
180560,1,1,1986,0,0,0,0,0,0,0,0,0,0
180561,1,1,1986,0,0,0,12,0,4,0,0,0,0
180561,2,1,1986,3,3,3,3,3,3,3,3,3,3
180563,1,1,1986,0,0,0,0,0,0,0,0,0,0
180564,1,1,1986,0,0,0,0,0,0,0,0,0,0
180565,1,1,1986,0,0,0,12,0,0,0,0,0,0
180566,0,1,1986,21,21,21,21,21,21,21,21,21,21
180566,1,1,1986,0,0,0,0,0,0,0,0,0,0
180567,0,1,1986,0,0,0,0,0,0,0,0,0,0
180567,1,1,1986,0,4,0,0,0,0,0,0,0,11
180568,1,1,1986,14,14,14,14,14,14,14,14,14,14
180569,1,1,1986,31,31,31,31,31,31,31,31,31,31
180570,1,1,1986,13,13,13,13,13,13,13,13,13,13
180570,2,1,1986,0,0,0,0,0,0,0,0,0,0
180570,3,1,1986,0,6,0,0,0,0,0,0,0,0
180571,1,1,1986,0,0,0,0,0,0,0,0,0,0
180571,2,1,1986,0,0,0,0,0,0,0,0,0,0
180571,3,1,1986,0,0,0,0,0,0,0,0,0,0
180572,1,1,1986,0,0,0,27,0,0,0,0,0,0
180572,2,1,1986,17,17,17,17,17,17,17,17,17,17
180573,1,1,1986,21,21,21,21,21,21,21,21,21,21
180574,1,1,1986,0,0,0,0,0,0,0,0,0,0
180574,2,1,1986,0,0,0,0,0,0,0,0,0,0
180574,3,1,1986,0,0,0,0,0,0,0,0,16,0
180575,1,1,1986,21,21,21,21,21,21,21,21,21,21
180576,1,1,1986,9,9,9,9,9,9,9,9,9,9
180577,1,1,1986,0,0,0,0,0,0,0,0,0,0
180578,1,1,1986,0,0,0,0,0,0,0,0,0,0
180578,2,1,1986,0,0,0,0,0,0,0,0,0,0
180579,1,1,1986,0,0,0,0,0,0,0,0,0,0
180579,2,1,1986,0,0,0,0,0,0,0,0,0,0
180580,1,1,1986,0,0,0,0,0,0,0,0,0,0
180580,2,1,1986,0,0,0,0,0,0,0,16,0,0
180581,1,1,1986,0,0,0,0,0,0,0,0,0,0
180581,2,1,1986,0,0,0,0,0,0,0,0,0,0
180582,1,1,1986,0,0,0,0,0,0,0,0,0,0
180582,2,1,1986,21,14,10,0,11,13,0,0,0,0
180583,1,1,1986,25,25,25,25,25,25,25,25,25,25
180584,1,1,1986,0,0,0,0,0,0,0,0,0,0
180584,2,1,1986,5,5,5,5,5,5,5,5,5,5
180584,3,1,1986,0,0,0,0,0,0,0,0,4,8
180585,1,1,1986,20,20,20,20,20,20,20,20,20,20
180585,2,1,1986,0,0,0,0,0,0,0,0,0,0
180586,1,1,1986,5,5,5,5,5,5,5,5,5,5
180586,2,1,1986,0,0,0,0,0,0,0,0,0,0
180587,1,1,1986,9,9,9,9,9,9,9,9,9,9
180587,2,1,1986,0,0,0,0,0,18,0,0,0,0
180588,0,1,1986,0,0,0,0,0,0,0,0,0,0
180588,1,1,1986,0,15,0,0,0,0,0,0,0,0
180589,1,1,1986,0,0,0,0,0,0,0,0,0,0
180589,2,1,1986,0,0,0,0,0,0,0,0,0,0
180591,0,1,1986,11,11,11,11,11,11,11,11,11,11
180591,1,1,1986,0,0,0,0,0,0,0,0,0,0
180592,1,1,1986,20,20,20,20,20,20,20,20,20,20
180592,2,1,1986,0,0,0,0,0,0,0,0,0,0
180593,1,1,1986,0,0,0,0,0,0,0,0,0,0
180593,2,1,1986,0,0,0,0,0,0,0,0,0,0
180594,1,1,1986,0,0,0,0,0,0,0,0,0,0
180596,1,1,1986,0,0,0,0,0,0,0,0,0,0
180596,2,1,1986,0,0,0,0,0,0,0,0,0,0
180597,1,1,1986,0,0,0,0,0,0,0,0,0,0
180597,2,1,1986,0,0,0,0,0,0,0,0,0,0
180598,1,1,1986,0,0,0,0,0,0,0,0,0,0
180598,2,1,1986,0,0,0,0,0,0,0,0,0,0
180599,1,1,1986,15,15,15,15,15,15,15,15,15,15
180600,1,1,1986,24,24,24,24,24,24,24,24,24,24
180601,1,1,1986,22,22,22,22,22,22,22,22,22,22
180601,2,1,1986,0,0,0,0,0,0,0,0,0,0
180602,1,1,1986,28,28,28,28,28,28,28,28,28,28
180603,0,1,1986,0,0,0,0,0,0,0,0,0,0
180603,1,1,1986,0,0,0,0,0,0,0,0,0,0
180604,1,1,1986,18,18,18,18,18,18,18,18,18,18
180604,2,1,1986,0,0,0,0,0,0,0,0,0,0
180605,1,1,1986,0,0,0,0,0,0,9,0,0,0
180605,2,1,1986,0,0,0,0,0,0,0,0,0,0
180606,1,1,1986,19,19,19,19,19,19,19,19,19,19
180607,1,1,1986,0,0,0,0,0,0,0,0,0,0
180607,2,1,1986,0,0,0,0,0,0,0,0,0,0
180607,3,1,1986,0,0,0,0,0,0,0,0,0,0
180608,1,1,1986,28,11,19,25,0,27,0,0,0,0
180608,2,1,1986,15,0,0,23,33,0,0,20,22,13
180608,3,1,1986,0,0,0,8,0,0,0,0,0,0
180609,0,1,1986,6,6,6,6,6,6,6,6,6,6
180609,1,1,1986,0,0,0,0,0,0,0,0,0,0
180610,1,1,1986,0,0,0,0,0,0,0,0,0,0
180611,1,1,1986,0,0,0,0,0,0,0,0,0,0
180611,2,1,1986,2,2,2,2,2,2,2,2,2,2
180612,1,1,1986,0,0,0,0,0,0,0,0,0,0
180612,2,1,1986,0,0,0,0,0,0,0,0,0,0
180613,1,1,1986,0,0,0,0,0,0,0,0,0,0
180614,1,1,1986,23,23,23,23,23,23,23,23,23,23
180615,1,1,1986,0,0,0,0,0,0,0,0,0,0
180615,2,1,1986,0,0,8,0,0,0,0,0,0,0
180616,1,1,1986,21,21,21,21,21,21,21,21,21,21
180617,1,1,1986,0,0,0,0,0,0,0,0,0,0
180617,2,1,1986,0,0,0,0,0,0,0,0,0,0
180618,1,1,1986,0,0,0,0,0,0,0,0,0,0
180618,2,1,1986,7,7,7,7,7,7,7,7,7,7
180619,1,1,1986,9,9,9,9,9,9,9,9,9,9
180619,2,1,1986,0,0,0,0,0,0,0,0,5,0
180620,1,1,1986,33,33,33,33,33,33,33,33,33,33
180621,1,1,1986,22,22,22,22,22,22,22,22,22,22
180621,2,1,1986,0,0,0,0,0,0,0,0,0,0
180622,1,1,1986,0,0,0,0,0,0,0,0,0,23
180622,2,1,1986,0,0,0,0,0,0,0,0,0,0
180623,1,1,1986,0,31,0,18,17,17,0,21,0,11
180623,2,1,1986,0,0,0,0,0,0,0,0,0,0
180624,1,1,1986,0,0,0,0,0,0,0,0,0,0
180624,2,1,1986,0,0,0,0,0,0,0,0,0,0
180625,1,1,1986,25,6,18,16,20,22,18,32,17,27
180626,1,1,1986,0,0,0,0,0,0,0,0,0,0
180627,1,1,1986,0,0,0,0,0,0,0,0,0,0
180628,1,1,1986,0,0,0,0,0,0,0,0,0,0
180628,2,1,1986,25,25,25,25,25,25,25,25,25,25
180628,3,1,1986,0,0,4,0,9,0,0,0,0,0
180629,1,1,1986,0,0,0,0,0,0,0,0,0,0
180629,2,1,1986,0,5,0,0,0,0,0,0,0,0
180630,0,1,1986,0,0,0,0,0,0,0,0,0,0
180630,1,1,1986,0,0,0,0,0,0,0,0,0,0
180631,1,1,1986,0,0,0,0,0,0,0,0,0,0
180631,2,1,1986,0,0,0,0,0,0,0,0,0,0
180632,1,1,1986,0,0,0,0,0,0,0,0,0,0
180632,2,1,1986,0,0,0,0,0,0,0,0,0,0
180633,1,1,1986,0,0,0,0,0,0,0,0,0,0
180633,2,1,1986,0,0,0,0,0,0,0,0,0,0
180634,0,1,1986,0,0,0,0,0,0,0,0,0,0
180634,1,1,1986,0,0,0,0,0,0,0,0,0,0
180635,0,1,1986,0,0,0,0,0,0,0,0,0,0
180635,1,1,1986,0,0,0,17,0,0,0,0,0,0
180636,0,1,1986,0,0,0,0,0,0,0,0,0,0
180636,1,1,1986,0,0,0,0,0,0,0,0,0,0
180637,1,1,1986,10,10,10,10,10,10,10,10,10,10
180638,1,1,1986,19,19,19,19,19,19,19,19,19,19
180639,0,1,1986,0,0,0,0,0,0,0,0,0,0
180639,1,1,1986,0,0,0,0,0,0,0,0,0,0
180640,1,1,1986,14,14,14,14,14,14,14,14,14,14
180641,1,1,1986,12,12,12,12,12,12,12,12,12,12
180642,1,1,1986,0,0,0,0,0,0,0,0,0,0
180642,2,1,1986,0,0,0,0,0,0,0,0,0,0
180643,0,1,1986,0,0,0,0,0,0,0,0,0,0
180643,1,1,1986,50,8,0,2,6,10,14,0,8,6
180644,1,1,1986,19,19,19,19,19,19,19,19,19,19
180644,2,1,1986,0,0,0,0,0,0,0,0,0,0
180645,0,1,1986,0,0,0,0,0,0,0,0,0,0
180645,1,1,1986,0,0,0,0,0,0,0,0,0,0
180646,1,1,1986,23,23,23,23,23,23,23,23,23,23
180647,0,1,1986,0,0,0,0,0,0,0,0,0,0
180647,1,1,1986,0,0,0,0,0,0,0,0,0,0
180648,1,1,1986,16,16,16,16,16,16,16,16,16,16
180648,2,1,1986,0,0,0,10,0,0,0,0,0,0
180649,1,1,1986,0,0,0,0,0,0,0,0,0,0
180649,2,1,1986,0,0,0,0,0,0,0,0,0,0
180650,1,1,1986,0,0,0,0,0,0,0,0,0,0
180650,2,1,1986,0,0,0,0,0,0,0,0,0,0
180651,1,1,1986,0,0,0,19,6,0,6,0,0,0
180651,2,1,1986,26,26,26,26,26,26,26,26,26,26
180652,1,1,1986,16,26,19,18,26,18,23,4,14,22
180653,1,1,1986,0,0,0,0,0,0,0,0,0,0
180653,2,1,1986,0,15,0,0,0,0,0,0,0,0
180654,1,1,1986,0,0,0,0,0,0,0,0,0,0
180655,1,1,1986,25,25,25,25,25,25,25,25,25,25
180655,2,1,1986,0,0,0,0,0,0,0,0,0,0
180656,1,1,1986,0,0,0,0,0,0,0,0,0,0
180656,2,1,1986,0,0,0,0,0,0,0,0,0,0
180656,3,1,1986,0,0,0,0,0,0,0,0,0,0
180657,1,1,1986,0,0,0,0,0,0,0,0,0,0
180657,2,1,1986,0,0,0,0,0,0,0,0,0,0
180658,1,1,1986,16,16,16,16,16,16,16,16,16,16
180659,1,1,1986,0,0,0,0,0,0,0,0,0,0
180660,1,1,1986,0,0,0,0,0,0,0,0,0,0
180661,1,1,1986,0,0,0,0,0,0,0,0,0,0
180661,2,1,1986,0,0,0,0,0,0,0,0,0,0
180662,1,1,1986,0,0,0,0,0,0,0,0,0,0
180663,1,1,1986,27,27,27,27,27,27,27,27,27,27
180664,1,1,1986,4,4,4,4,4,4,4,4,4,4
180664,2,1,1986,0,0,0,0,0,0,0,0,0,0
180665,1,1,1986,0,0,0,0,0,0,0,0,0,0
180665,2,1,1986,0,0,0,0,0,0,0,0,0,0
180667,1,1,1986,23,23,23,23,23,23,23,23,23,23
180667,2,1,1986,0,0,0,0,0,0,0,0,0,0
180668,0,1,1986,0,0,0,0,0,0,0,0,0,0
180668,1,1,1986,1,1,1,1,1,1,1,1,1,1
180669,1,1,1986,28,28,28,28,28,28,28,28,28,28
180670,1,1,1986,21,21,21,21,21,21,21,21,21,21
180671,1,1,1986,0,0,0,0,0,0,0,0,0,0
180671,2,1,1986,0,0,0,0,0,0,0,0,0,0
180672,1,1,1986,0,0,0,0,0,0,0,0,0,0
180672,2,1,1986,0,0,0,0,0,0,0,0,0,0
180673,1,1,1986,22,22,22,22,22,22,22,22,22,22
180674,1,1,1986,0,0,0,0,0,0,0,0,0,0
180674,2,1,1986,0,0,0,0,0,0,0,0,0,0
180675,1,1,1986,24,24,24,24,24,24,24,24,24,24
180676,1,1,1986,25,25,25,25,25,25,25,25,25,25
180676,2,1,1986,0,0,14,0,0,0,0,0,0,0
180676,3,1,1986,0,0,0,0,0,0,0,0,0,0
180677,1,1,1986,0,0,0,0,0,0,0,0,0,0
180678,1,1,1986,0,0,0,0,0,0,0,0,0,0
180679,1,1,1986,3,3,3,3,3,3,3,3,3,3
180679,2,1,1986,0,0,0,0,0,0,0,0,0,0
180680,1,1,1986,0,0,0,0,0,0,0,0,0,0
180680,2,1,1986,0,0,0,0,0,0,0,0,0,0
180680,3,1,1986,0,0,0,0,0,0,0,0,0,0
180681,1,1,1986,14,14,14,14,14,14,14,14,14,14
180682,1,1,1986,16,16,16,16,16,16,16,16,16,16
180682,2,1,1986,0,0,0,0,0,0,0,0,0,0
180683,1,1,1986,26,26,26,26,26,26,26,26,26,26
180683,2,1,1986,0,0,0,0,0,0,0,0,0,0
180684,1,1,1986,8,8,8,8,8,8,8,8,8,8
180685,1,1,1986,23,0,0,0,0,0,0,0,0,0
180686,1,1,1986,17,17,17,17,17,17,17,17,17,17
180686,2,1,1986,0,0,0,0,0,0,0,0,0,0
180687,1,1,1986,0,0,0,0,0,0,0,0,0,0
180688,1,1,1986,28,28,28,28,28,28,28,28,28,28
180689,1,1,1986,0,14,0,0,16,30,4,0,0,0
180690,1,1,1986,8,8,8,8,8,8,8,8,8,8
180691,1,1,1986,0,0,0,0,0,0,0,0,0,0
180692,1,1,1986,24,24,24,24,24,24,24,24,24,24
180693,1,1,1986,0,0,0,4,0,0,0,4,0,0
180694,1,1,1986,23,23,23,23,23,23,23,23,23,23
180695,1,1,1986,0,0,0,0,0,0,0,8,0,13
180696,1,1,1986,0,0,0,0,0,0,0,0,0,0
180697,1,1,1986,0,0,0,0,0,0,0,0,0,0
180697,2,1,1986,0,0,0,0,0,0,0,0,0,0
180698,1,1,1986,0,0,0,0,0,0,0,0,0,0
180698,2,1,1986,0,0,0,0,0,0,0,0,0,0
180699,1,1,1986,0,0,0,0,0,0,0,0,0,0
180700,1,1,1986,4,4,4,4,4,4,4,4,4,4
180701,1,1,1986,3,3,3,3,3,3,3,3,3,3
180701,2,1,1986,0,0,0,0,0,0,0,0,0,0
180702,1,1,1986,0,0,0,0,0,0,0,0,0,0
180703,1,1,1986,0,0,0,0,0,0,0,0,0,0
180704,0,1,1986,0,0,0,0,0,0,0,0,0,0
180704,1,1,1986,0,0,0,0,0,0,0,0,0,0
180705,0,1,1986,0,0,0,0,0,0,0,0,0,0
180705,1,1,1986,0,0,0,0,0,0,0,0,0,0
180706,1,1,1986,0,0,0,0,0,0,0,0,0,0
180706,2,1,1986,0,0,0,0,0,0,0,0,0,0
180707,1,1,1986,16,16,16,16,16,16,16,16,16,16
180707,2,1,1986,0,0,0,0,0,0,0,0,0,0
180708,1,1,1986,16,16,16,16,16,16,16,16,16,16
180708,2,1,1986,17,17,17,17,17,17,17,17,17,17
180709,1,1,1986,1,1,1,1,1,1,1,1,1,1
180709,2,1,1986,0,0,0,0,0,0,0,0,0,0
180710,1,1,1986,10,10,10,10,10,10,10,10,10,10
180710,2,1,1986,0,0,0,0,0,0,0,0,0,0
180711,1,1,1986,15,8,17,11,0,9,0,26,15,0
180711,2,1,1986,0,0,0,0,0,0,0,0,0,0
180712,1,1,1986,24,24,24,24,24,24,24,24,24,24
180713,1,1,1986,0,0,0,0,0,0,0,0,0,0
180713,2,1,1986,0,0,0,0,0,0,0,0,0,0
180713,3,1,1986,10,0,0,0,0,0,0,0,0,0
180714,1,1,1986,23,23,23,23,23,23,23,23,23,23
180715,1,1,1986,0,0,0,0,0,0,0,0,0,0
180715,2,1,1986,0,0,5,0,0,0,0,0,0,0
180715,3,1,1986,0,0,0,0,0,0,0,0,0,0
180716,1,1,1986,18,0,0,8,0,0,0,0,0,0
180716,2,1,1986,14,14,14,14,14,14,14,14,14,14
180717,1,1,1986,24,24,24,24,24,24,24,24,24,24
180717,2,1,1986,0,0,0,0,8,0,0,0,0,0
180718,1,1,1986,0,0,0,0,0,0,0,0,0,0
180718,2,1,1986,0,0,0,0,0,0,0,0,0,0
180718,3,1,1986,0,0,0,0,0,18,0,0,7,0
180718,4,1,1986,0,0,0,0,0,0,0,0,0,0
180718,5,1,1986,18,0,10,0,0,0,0,0,0,0
180718,6,1,1986,0,0,4,0,0,20,0,0,0,0
180718,7,1,1986,0,0,0,0,0,0,0,0,0,0
180719,1,1,1986,0,0,0,0,0,0,0,0,0,0
180719,2,1,1986,0,0,0,0,0,0,0,0,0,0
180720,1,1,1986,0,0,0,0,0,0,0,0,0,0
180720,2,1,1986,0,0,0,0,0,0,0,0,0,0
180721,1,1,1986,0,0,0,0,0,0,0,0,0,0
180721,2,1,1986,14,0,0,0,0,19,0,0,0,0
180722,0,1,1986,0,19,0,0,0,0,0,0,0,0
180722,1,1,1986,16,16,16,16,16,16,16,16,16,16
180723,1,1,1986,0,0,0,0,0,0,0,0,0,0
180724,1,1,1986,13,0,0,2,14,0,0,7,0,0
180724,2,1,1986,12,12,12,12,12,12,12,12,12,12
180725,1,1,1986,0,0,0,0,0,0,0,0,14,0
180726,0,1,1986,0,11,0,18,0,12,0,0,0,0
180726,1,1,1986,0,0,0,0,0,0,0,0,0,0
180727,0,1,1986,31,31,31,31,31,31,31,31,31,31
180727,1,1,1986,14,14,14,14,14,14,14,14,14,14
180728,1,1,1986,0,0,0,0,0,0,0,0,0,0
180729,1,1,1986,0,0,0,0,0,0,0,0,0,0
180730,0,1,1986,0,0,0,0,0,0,0,0,0,0
180730,1,1,1986,0,20,0,0,0,0,0,0,27,0
180731,1,1,1986,0,0,0,0,0,0,0,0,0,0
180731,2,1,1986,0,0,0,0,0,0,0,0,0,0
180732,1,1,1986,0,0,0,0,0,0,0,0,0,0
180732,2,1,1986,14,14,14,14,14,14,14,14,14,14
180733,1,1,1986,0,0,0,0,0,0,0,0,0,0
180733,2,1,1986,0,0,0,0,0,0,0,0,0,0
180734,1,1,1986,0,0,0,0,0,0,0,0,0,0
180734,2,1,1986,0,0,0,0,0,0,0,0,0,0
180735,1,1,1986,15,15,15,15,15,15,15,15,15,15
180735,2,1,1986,0,0,0,0,0,0,0,0,0,0
180736,1,1,1986,10,10,10,10,10,10,10,10,10,10
180736,2,1,1986,0,0,0,0,0,0,0,0,0,0
180737,1,1,1986,4,4,4,4,4,4,4,4,4,4
180738,1,1,1986,10,0,0,0,19,0,5,0,0,0
180739,1,1,1986,0,0,0,0,0,0,0,0,0,0
180739,2,1,1986,0,0,0,0,0,0,0,0,0,0
180740,1,1,1986,0,0,0,0,0,0,0,0,0,0
180740,2,1,1986,0,0,0,0,0,0,0,0,0,0
180741,1,1,1986,0,0,0,0,0,0,0,0,0,0
180742,1,1,1986,0,0,0,0,0,0,0,0,0,0
180742,2,1,1986,16,16,16,16,16,16,16,16,16,16
180743,1,1,1986,32,32,32,32,32,32,32,32,32,32
180744,1,1,1986,9,9,9,9,9,9,9,9,9,9
180745,1,1,1986,19,19,19,19,19,19,19,19,19,19
180745,2,1,1986,0,0,0,0,0,0,0,0,0,0
180746,1,1,1986,0,0,0,0,0,0,0,0,0,0
180746,2,1,1986,0,0,0,0,0,0,0,0,0,0
180747,0,1,1986,26,0,16,0,31,33,10,9,21,12
180747,1,1,1986,18,18,18,18,18,18,18,18,18,18
180748,1,1,1986,20,20,20,20,20,20,20,20,20,20
180749,1,1,1986,24,24,24,24,24,24,24,24,24,24
180749,2,1,1986,0,0,0,0,0,0,0,0,0,0
180749,3,1,1986,0,0,0,0,0,0,0,0,0,0
180751,1,1,1986,0,0,0,0,0,0,0,0,0,0
180751,2,1,1986,0,0,0,0,0,0,0,0,0,0
180751,3,1,1986,0,0,0,0,15,0,0,0,0,0
180752,1,1,1986,0,0,0,0,0,0,0,0,0,0
180752,2,1,1986,4,4,4,4,4,4,4,4,4,4
180753,1,1,1986,17,17,17,17,17,17,17,17,17,17
180754,1,1,1986,0,0,0,0,0,0,0,0,0,0
180755,1,1,1986,17,17,17,17,17,17,17,17,17,17
180756,1,1,1986,0,0,0,0,0,0,0,0,0,0
180759,1,1,1986,0,0,0,0,0,0,0,0,0,0
180759,2,1,1986,0,9,0,0,0,0,7,17,0,0
180759,3,1,1986,0,0,0,0,0,0,0,0,0,0
180760,0,1,1986,0,0,0,0,0,0,0,0,0,0
180760,1,1,1986,0,0,0,0,0,0,0,0,0,0
180761,1,1,1986,0,0,0,0,0,0,0,0,0,0
180762,1,1,1986,0,0,0,0,0,0,0,0,0,0
180762,2,1,1986,0,0,0,0,0,0,0,0,0,0
180763,1,1,1986,0,0,0,0,0,0,0,0,0,0
180763,2,1,1986,18,18,18,18,18,18,18,18,18,18
180764,1,1,1986,0,0,0,0,0,0,0,0,0,0
180766,1,1,1986,18,18,18,18,18,18,18,18,18,18
180766,2,1,1986,0,0,0,0,0,0,0,0,0,0
180767,1,1,1986,17,17,17,17,17,17,17,17,17,17
180767,2,1,1986,0,0,0,0,0,0,0,0,0,0
180768,1,1,1986,21,21,21,21,21,21,21,21,21,21
180768,2,1,1986,0,0,0,0,0,0,0,0,0,0
180769,1,1,1986,0,0,0,0,0,0,0,0,0,0
180769,2,1,1986,10,0,0,10,9,0,0,19,0,0
180770,0,1,1986,26,26,26,26,26,26,26,26,26,26
180770,1,1,1986,22,0,0,0,0,0,16,0,0,0
180771,1,1,1986,16,16,16,16,16,16,16,16,16,16
180772,1,1,1986,0,0,0,0,0,0,0,0,0,0
180773,1,1,1986,0,0,0,0,0,0,0,0,0,0
180773,2,1,1986,0,0,0,0,0,0,0,0,0,0
180774,1,1,1986,7,18,15,0,0,15,18,19,13,0
180777,0,1,1986,0,0,0,0,0,0,0,0,0,0
180777,1,1,1986,0,0,0,0,0,0,0,0,0,0
180778,1,1,1986,22,22,22,22,22,22,22,22,22,22
180779,1,1,1986,24,24,24,24,24,24,24,24,24,24
180780,1,1,1986,0,0,0,0,0,0,0,0,0,0
180780,2,1,1986,0,0,0,0,0,0,0,0,0,0
180780,3,1,1986,30,30,30,30,30,30,30,30,30,30
180781,1,1,1986,0,0,0,0,0,0,0,0,0,0
180781,2,1,1986,0,0,0,0,0,0,0,0,0,0
180782,1,1,1986,0,0,0,0,0,0,0,0,0,0
180783,1,1,1986,0,0,0,0,0,0,0,0,0,0
180783,2,1,1986,0,0,0,0,0,0,0,0,0,0
180784,1,1,1986,0,0,0,0,0,0,0,0,0,0
180784,2,1,1986,0,0,0,0,0,0,0,0,0,0
180785,1,1,1986,9,9,9,9,9,9,9,9,9,9
180786,1,1,1986,11,11,11,11,11,11,11,11,11,11
180786,2,1,1986,10,10,10,10,10,10,10,10,10,10
180788,1,1,1986,33,33,33,33,33,33,33,33,33,33
180788,2,1,1986,0,0,0,0,0,0,0,0,0,0
180788,3,1,1986,0,0,0,0,0,0,0,0,0,0
180789,1,1,1986,0,0,0,0,0,0,0,0,0,0
180789,2,1,1986,0,0,0,0,0,0,0,0,0,0
180790,1,1,1986,0,0,0,0,0,0,0,0,0,0
180792,1,1,1986,0,0,0,0,0,0,0,0,0,0
180792,2,1,1986,0,0,0,0,0,0,0,0,0,0
180793,1,1,1986,0,0,0,0,0,0,0,0,0,0
180793,2,1,1986,0,0,0,0,0,0,0,0,0,0
180793,3,1,1986,0,0,0,0,0,0,0,0,0,0
180793,4,1,1986,28,14,0,0,0,13,0,0,0,16
180794,1,1,1986,17,17,17,17,17,17,17,17,17,17
180795,0,1,1986,18,18,18,18,18,18,18,18,18,18
180795,1,1,1986,0,33,9,0,3,0,0,0,0,14
180796,0,1,1986,1,1,1,1,1,1,1,1,1,1
180796,1,1,1986,0,0,0,0,0,0,0,0,0,0
180797,1,1,1986,0,0,0,0,0,0,0,0,0,0
180797,2,1,1986,0,0,0,0,0,0,0,0,0,0
180798,1,1,1986,0,0,0,0,0,0,0,0,0,0
180799,1,1,1986,0,0,0,0,0,0,0,0,0,0
180800,1,1,1986,12,12,12,12,12,12,12,12,12,12
180800,2,1,1986,0,0,0,0,0,0,0,5,0,0
180801,1,1,1986,18,18,18,18,18,18,18,18,18,18
180802,1,1,1986,18,18,18,18,18,18,18,18,18,18
180802,2,1,1986,0,0,0,0,0,0,0,0,0,0
180803,1,1,1986,33,33,33,33,33,33,33,33,33,33
180804,1,1,1986,18,18,18,18,18,18,18,18,18,18
180805,1,1,1986,21,21,21,21,21,21,21,21,21,21
180807,1,1,1986,0,0,0,0,0,9,0,0,0,0
180807,2,1,1986,0,0,0,0,0,0,0,0,0,0
180808,1,1,1986,0,0,0,0,0,0,0,0,0,0
180809,1,1,1986,24,24,24,24,24,24,24,24,24,24
180809,2,1,1986,0,0,0,0,0,0,0,0,0,0
180810,1,1,1986,25,25,25,25,25,25,25,25,25,25
180810,2,1,1986,0,0,0,0,0,0,0,0,0,0
180811,1,1,1986,14,14,14,14,14,14,14,14,14,14
180812,1,1,1986,0,0,0,0,0,0,0,0,0,0
180812,2,1,1986,0,0,0,0,0,0,0,0,0,0
180814,1,1,1986,0,0,0,0,0,0,0,0,0,0
180815,1,1,1986,13,13,13,13,13,13,13,13,13,13
180815,2,1,1986,0,0,0,0,0,0,0,0,0,0
180816,1,1,1986,0,0,0,0,0,0,0,0,0,0
180816,2,1,1986,0,0,0,0,0,0,0,0,0,0
180818,1,1,1986,0,15,0,0,0,0,0,0,0,0
180820,1,1,1986,0,0,0,0,0,0,0,0,0,0
180821,1,1,1986,0,0,0,0,0,0,0,0,0,0
180821,2,1,1986,0,0,0,0,0,0,0,0,0,0
180822,1,1,1986,21,21,21,21,21,21,21,21,21,21
180824,1,1,1986,0,0,0,0,0,0,0,0,0,0
180824,2,1,1986,9,9,9,9,9,9,9,9,9,9
180824,3,1,1986,0,0,0,0,0,0,0,0,0,0
180825,1,1,1986,0,0,0,0,0,0,0,0,0,0
180825,2,1,1986,0,0,0,0,0,0,0,0,0,0
180826,1,1,1986,7,7,7,7,7,7,7,7,7,7
180826,2,1,1986,0,0,0,0,0,0,0,0,0,0
180827,1,1,1986,29,29,29,29,29,29,29,29,29,29
180828,1,1,1986,0,0,0,0,0,0,0,0,0,0
180828,2,1,1986,0,0,0,0,0,0,0,0,0,0
180828,3,1,1986,0,14,0,0,0,0,0,0,0,0
180829,1,1,1986,20,20,20,20,20,20,20,20,20,20
180829,2,1,1986,13,13,13,13,13,13,13,13,13,13
180830,1,1,1986,0,3,4,15,0,14,5,0,0,2
180830,2,1,1986,0,0,0,0,0,0,0,23,0,0
180831,1,1,1986,10,10,10,10,10,10,10,10,10,10
180832,1,1,1986,0,0,0,0,0,0,0,11,0,0
180832,2,1,1986,0,0,0,0,0,0,0,0,0,0
180833,1,1,1986,0,0,0,0,0,0,0,0,0,0
180833,2,1,1986,0,0,0,0,0,0,0,0,0,0
180834,1,1,1986,24,24,24,24,24,24,24,24,24,24
180835,1,1,1986,0,0,0,0,0,0,0,0,0,0
180835,2,1,1986,0,0,0,0,0,0,0,0,0,0
180836,1,1,1986,0,0,0,0,0,0,0,0,0,0
180837,1,1,1986,0,0,0,0,0,0,0,0,0,0
180837,2,1,1986,0,0,0,0,0,0,0,0,0,0
180838,1,1,1986,0,0,0,0,0,0,0,0,0,0
180838,2,1,1986,17,17,17,17,17,17,17,17,17,17
180839,1,1,1986,0,0,0,0,0,0,0,0,0,0
180839,2,1,1986,0,0,3,0,0,0,0,11,0,0
180840,1,1,1986,0,0,0,0,0,0,0,0,0,0
180841,1,1,1986,0,0,0,0,0,0,0,0,0,0
180841,2,1,1986,0,0,0,0,0,0,0,0,0,0
180842,0,1,1986,16,16,16,16,16,16,16,16,16,16
180842,1,1,1986,0,0,0,0,0,0,0,0,0,0
180843,1,1,1986,0,0,0,0,0,0,0,0,0,0
180843,2,1,1986,0,0,0,0,0,0,0,0,0,0
180844,1,1,1986,19,19,19,19,19,19,19,19,19,19
180845,1,1,1986,0,0,0,0,0,0,0,0,0,0