ST_CASE,VEH_NO,PER_NO,YEAR,P1,P2,P3,P4,P5,P6,P7,P8,P9,P10
180846,1,1,1986,7,7,7,7,7,7,7,7,7,7
180846,2,1,1986,0,0,0,0,0,0,0,0,0,0
180847,1,1,1986,0,0,0,0,0,0,0,0,0,0
180849,0,1,1986,0,8,17,22,2,16,0,6,8,23
180849,0,2,1986,0,0,0,0,0,0,0,0,0,0
180849,0,3,1986,0,0,0,0,0,0,0,0,0,0
180849,1,1,1986,9,9,9,9,9,9,9,9,9,9
180849,2,1,1986,10,10,10,10,10,10,10,10,10,10
180851,0,1,1986,14,14,14,14,14,14,14,14,14,14
180851,1,1,1986,0,14,0,0,0,0,0,0,0,0
180852,1,1,1986,26,26,26,26,26,26,26,26,26,26
180853,1,1,1986,0,0,0,0,0,0,0,0,0,0
180854,1,1,1986,0,0,0,0,0,0,0,0,0,0
180854,2,1,1986,0,0,0,0,0,0,0,0,0,0
180855,1,1,1986,0,0,0,0,0,0,0,0,0,0
180855,2,1,1986,0,0,0,0,0,0,0,0,0,0
180856,1,1,1986,0,0,0,0,0,0,0,0,0,0
180856,2,1,1986,0,0,0,0,0,0,0,0,0,0
180858,1,1,1986,0,0,0,0,0,0,0,0,0,0
180858,2,1,1986,0,0,0,0,0,0,0,0,0,0
180859,1,1,1986,0,0,0,0,0,0,0,0,0,0
180859,2,1,1986,0,0,0,0,0,0,0,0,0,0
180860,1,1,1986,26,11,20,17,13,9,13,11,18,0
180861,1,1,1986,0,0,0,0,0,0,0,0,0,0
180861,2,1,1986,0,0,0,0,0,0,0,0,0,0
180863,1,1,1986,25,21,21,9,0,14,21,13,6,0
180864,1,1,1986,0,0,0,0,0,0,0,0,0,0
180865,1,1,1986,25,25,25,25,25,25,25,25,25,25
180865,2,1,1986,4,4,4,4,4,4,4,4,4,4
180866,1,1,1986,10,10,10,10,10,10,10,10,10,10
180866,2,1,1986,21,21,21,21,21,21,21,21,21,21
180867,1,1,1986,21,24,10,9,11,0,20,10,15,14
180867,2,1,1986,0,0,0,0,0,0,0,0,0,0
180868,1,1,1986,7,7,7,7,7,7,7,7,7,7
180869,0,1,1986,0,0,0,0,0,0,0,0,0,0
180869,1,1,1986,0,0,0,0,0,0,0,0,0,0
180870,1,1,1986,12,12,12,12,12,12,12,12,12,12
180871,1,1,1986,0,0,0,0,0,0,0,0,0,0
180871,2,1,1986,22,22,22,22,22,22,22,22,22,22
180872,1,1,1986,0,0,0,0,0,0,0,0,0,0
180873,0,1,1986,0,0,0,0,0,0,0,0,0,0
180873,1,1,1986,13,30,16,24,20,0,6,12,19,19
180874,1,1,1986,0,0,0,0,0,0,0,0,0,0
180874,2,1,1986,0,0,0,0,0,0,0,0,0,0
180875,1,1,1986,0,0,0,0,0,0,0,3,0,0
180875,2,1,1986,0,0,0,0,0,0,0,0,0,0
180876,1,1,1986,0,0,0,0,0,0,0,0,0,0
180877,1,1,1986,23,23,23,23,23,23,23,23,23,23
180877,2,1,1986,0,0,0,0,0,0,0,0,0,0
180878,1,1,1986,0,0,0,0,0,0,0,0,0,16
180878,2,1,1986,0,0,0,0,0,0,0,0,0,0
180879,1,1,1986,0,0,0,0,0,0,0,0,0,0
180879,2,1,1986,0,0,0,0,0,0,0,0,0,0
180880,1,1,1986,17,17,17,17,17,17,17,17,17,17
180881,1,1,1986,0,0,27,0,0,0,19,0,0,0
180882,1,1,1986,0,0,0,0,0,0,14,0,0,0
180883,1,1,1986,10,11,19,27,6,8,19,12,0,18
180884,1,1,1986,21,21,21,21,21,21,21,21,21,21
180887,0,1,1986,0,0,15,0,0,22,25,12,5,0
180887,2,1,1986,0,0,0,11,0,0,0,0,0,0
180887,3,1,1986,0,0,0,0,0,0,0,0,0,0
180887,4,1,1986,0,0,0,0,10,0,0,0,0,0
180888,1,1,1986,0,0,0,0,0,0,0,0,0,0
180888,2,1,1986,0,0,0,0,0,0,0,0,0,0
180889,1,1,1986,0,0,0,0,0,0,0,0,0,0
180889,2,1,1986,0,0,0,0,0,0,0,0,0,0
180890,1,1,1986,19,19,19,19,19,19,19,19,19,19
180891,1,1,1986,20,20,20,20,20,20,20,20,20,20
180891,2,1,1986,0,0,0,0,0,0,0,0,0,0
180892,1,1,1986,0,0,0,0,0,0,0,0,0,0
180892,2,1,1986,22,22,22,22,22,22,22,22,22,22
180893,1,1,1986,0,0,0,0,0,0,0,0,0,0
180893,2,1,1986,0,0,0,0,0,0,0,0,0,0
180893,3,1,1986,0,0,0,0,0,0,0,0,0,0
180894,1,1,1986,0,0,0,0,0,0,0,0,0,0
180894,2,1,1986,0,0,0,0,0,1,0,0,0,0
180894,3,1,1986,0,0,0,0,0,0,0,0,0,0
180895,1,1,1986,0,0,0,0,0,0,0,0,0,0
180896,1,1,1986,0,0,0,0,0,0,0,0,0,0
180896,2,1,1986,0,0,0,0,0,0,0,0,0,0
180897,0,1,1986,0,0,0,0,0,0,0,0,0,0
180897,1,1,1986,0,0,0,0,0,0,0,0,0,0
180898,1,1,1986,0,0,0,0,0,0,0,0,0,0
180899,1,1,1986,16,13,19,11,0,23,0,9,20,14
180900,1,1,1986,9,9,9,9,9,9,9,9,9,9
180900,2,1,1986,0,0,0,0,0,0,0,0,0,0
180901,1,1,1986,0,0,0,0,0,0,0,0,0,0
180901,2,1,1986,0,0,0,0,0,0,0,0,0,0
180902,1,1,1986,9,9,9,9,9,9,9,9,9,9
180902,2,1,1986,0,0,0,0,0,0,0,0,0,0
180902,3,1,1986,0,0,0,0,0,0,0,0,0,0
180903,1,1,1986,3,3,3,3,3,3,3,3,3,3
180903,2,1,1986,0,0,0,0,0,0,0,0,0,0
180904,1,1,1986,0,0,0,0,0,0,0,0,0,0
180904,2,1,1986,0,0,0,0,0,0,0,0,0,0
180905,1,1,1986,0,0,0,0,0,0,0,0,0,0
180906,1,1,1986,0,0,0,0,0,0,0,0,0,0
180906,2,1,1986,0,0,0,0,0,0,20,0,0,0
180907,1,1,1986,39,39,39,39,39,39,39,39,39,39
180907,2,1,1986,0,0,0,0,0,0,0,0,0,0
180907,3,1,1986,0,0,0,0,0,0,0,0,0,0
180908,1,1,1986,15,15,15,15,15,15,15,15,15,15
180910,1,1,1986,0,0,0,0,0,0,0,0,0,0
180911,1,1,1986,20,20,20,20,20,20,20,20,20,20
180912,1,1,1986,30,30,30,30,30,30,30,30,30,30
180913,0,1,1986,3,3,3,3,3,3,3,3,3,3
180913,0,2,1986,0,0,0,0,17,0,0,0,0,0
180913,1,1,1986,22,14,0,14,25,31,12,15,0,30
180914,1,1,1986,0,0,0,0,0,0,0,0,0,0
180914,2,1,1986,0,0,0,0,0,0,0,0,0,0
180915,1,1,1986,0,0,0,0,0,0,0,0,0,0
180915,2,1,1986,0,0,0,0,0,0,0,0,0,0
180916,1,1,1986,0,0,0,0,0,0,0,0,0,0
180916,2,1,1986,4,0,0,0,0,0,0,0,0,0
180917,1,1,1986,0,0,0,0,0,0,0,0,0,0
180917,2,1,1986,0,0,0,0,0,0,0,0,0,0
180918,1,1,1986,1,1,1,1,1,1,1,1,1,1
180919,0,1,1986,0,0,0,0,0,0,0,0,0,0
180919,1,1,1986,0,0,0,0,0,0,0,0,0,0
180920,1,1,1986,0,0,0,0,0,0,0,0,0,0
180921,0,1,1986,19,19,19,19,19,19,19,19,19,19
180921,1,1,1986,0,18,12,13,0,11,0,15,0,0
180922,0,1,1986,0,0,0,0,0,0,0,0,0,0
180922,1,1,1986,18,0,20,0,0,0,0,0,14,0
180923,1,1,1986,6,6,6,6,6,6,6,6,6,6
180923,2,1,1986,0,0,8,0,0,0,0,0,0,0
180923,3,1,1986,0,0,0,0,0,0,0,0,0,0
180924,1,1,1986,10,0,0,0,17,10,0,26,0,0
180924,2,1,1986,0,0,0,0,0,0,0,0,0,0
180925,1,1,1986,0,0,0,0,0,0,0,0,0,0
180925,2,1,1986,0,0,0,0,0,0,0,0,0,0
180926,1,1,1986,0,0,0,0,0,0,0,0,0,0
180926,2,1,1986,0,0,0,0,0,0,0,0,0,0
180927,0,1,1986,0,0,0,0,0,0,0,0,0,0
180927,1,1,1986,0,0,0,0,0,0,0,0,0,0
180928,0,1,1986,0,0,0,0,0,0,0,0,0,0
180928,1,1,1986,0,0,0,0,0,0,0,0,0,0
180929,1,1,1986,16,16,16,16,16,16,16,16,16,16
180929,2,1,1986,14,14,14,14,14,14,14,14,14,14
180930,1,1,1986,0,0,0,0,0,0,0,0,0,0
180930,2,1,1986,0,0,0,0,0,0,0,0,0,0
180931,1,1,1986,23,23,23,23,23,23,23,23,23,23
180932,0,1,1986,17,17,17,17,17,17,17,17,17,17
180932,1,1,1986,13,13,13,13,13,13,13,13,13,13
180933,1,1,1986,0,0,0,0,0,0,0,0,0,0
180934,1,1,1986,0,0,0,0,0,0,0,0,0,0
180934,2,1,1986,0,0,0,0,0,0,0,0,0,0
180935,1,1,1986,13,13,13,13,13,13,13,13,13,13
180936,1,1,1986,37,37,37,37,37,37,37,37,37,37
180937,1,1,1986,17,17,17,17,17,17,17,17,17,17
180938,1,1,1986,0,0,0,0,0,0,0,0,0,0
180938,2,1,1986,0,0,0,0,0,0,0,0,0,0
180939,1,1,1986,26,26,26,26,26,26,26,26,26,26
180940,1,1,1986,0,0,0,0,0,0,0,0,0,0
180940,2,1,1986,0,0,0,0,0,0,0,0,0,0
180941,1,1,1986,21,21,21,21,21,21,21,21,21,21
180942,1,1,1986,24,24,24,24,24,24,24,24,24,24
180943,1,1,1986,0,0,0,0,0,0,0,0,0,0
180943,2,1,1986,0,0,0,0,0,0,0,0,0,0
180944,1,1,1986,0,0,0,0,0,0,0,0,0,0
180944,2,1,1986,0,0,0,0,17,0,0,0,0,0
180945,1,1,1986,0,0,0,0,0,0,0,0,0,0
180946,1,1,1986,19,19,19,19,19,19,19,19,19,19
180946,2,1,1986,17,17,17,17,17,17,17,17,17,17
180947,1,1,1986,0,0,0,0,0,0,0,0,0,0
180947,2,1,1986,0,0,0,0,0,0,0,0,0,0
180948,0,1,1986,28,28,28,28,28,28,28,28,28,28
180948,1,1,1986,0,0,0,0,0,0,0,0,0,0
180949,1,1,1986,13,13,13,13,13,13,13,13,13,13
180950,1,1,1986,0,0,0,0,0,0,0,0,0,0
180951,1,1,1986,14,14,14,14,14,14,14,14,14,14
180952,1,1,1986,30,30,30,30,30,30,30,30,30,30
180953,1,1,1986,20,20,20,20,20,20,20,20,20,20
180954,1,1,1986,0,4,11,28,16,0,0,0,0,0
180955,1,1,1986,14,14,14,14,14,14,14,14,14,14
180956,1,1,1986,0,0,0,0,0,0,0,0,0,0
180957,1,1,1986,0,0,0,0,0,0,0,0,0,0
180957,2,1,1986,0,0,0,0,0,0,0,0,0,0
180957,3,1,1986,0,0,0,0,0,11,0,0,0,0
180958,1,1,1986,0,0,0,0,0,0,0,0,0,0
180958,2,1,1986,0,0,0,0,0,0,0,0,0,0
180959,1,1,1986,26,26,26,26,26,26,26,26,26,26
180960,1,1,1986,0,0,0,0,0,0,0,0,0,0
180961,1,1,1986,4,4,4,4,4,4,4,4,4,4
180962,1,1,1986,0,0,0,0,0,0,0,0,0,0
180962,2,1,1986,0,0,0,0,0,0,0,0,0,0
180963,1,1,1986,0,0,0,0,0,0,0,0,0,0
180964,0,1,1986,29,29,29,29,29,29,29,29,29,29
180964,1,1,1986,11,0,0,29,0,0,23,0,0,26
180965,1,1,1986,0,0,0,0,0,0,0,0,0,0
180965,2,1,1986,0,0,0,0,0,0,0,0,0,0
180965,3,1,1986,0,0,0,0,0,0,0,0,0,0
180966,1,1,1986,0,0,0,0,0,0,0,0,0,0
180967,1,1,1986,15,15,15,15,15,15,15,15,15,15
180968,1,1,1986,2,2,2,2,2,2,2,2,2,2
180970,1,1,1986,21,21,21,21,21,21,21,21,21,21
180971,1,1,1986,35,35,35,35,35,35,35,35,35,35
180972,1,1,1986,28,28,28,28,28,28,28,28,28,28
180973,1,1,1986,27,27,27,27,27,27,27,27,27,27
180973,2,1,1986,0,0,0,0,0,0,0,0,0,0
180974,0,1,1986,22,22,22,22,22,22,22,22,22,22
180974,1,1,1986,0,15,0,0,0,10,0,0,0,0
180975,0,1,1986,0,0,0,0,0,0,0,0,0,0
180975,1,1,1986,0,0,15,16,16,6,0,20,0,6
180976,0,1,1986,0,0,0,27,19,0,0,22,0,0
180976,1,1,1986,0,0,0,0,0,0,0,0,0,0
180977,1,1,1986,0,0,0,0,0,0,0,0,0,0
180978,1,1,1986,0,0,0,0,0,0,0,0,0,0
180978,2,1,1986,0,0,0,0,0,0,0,0,0,0
180979,1,1,1986,0,0,0,0,6,0,0,0,0,0
180981,1,1,1986,0,0,0,0,0,0,0,0,0,0
180981,2,1,1986,0,0,0,0,0,0,0,0,0,0
180982,1,1,1986,0,0,0,0,0,0,0,0,0,0
180983,1,1,1986,0,0,0,0,0,0,0,0,0,0
180983,2,1,1986,0,0,0,0,0,0,0,0,0,0
180984,1,1,1986,0,0,0,0,0,0,0,0,0,0
180984,2,1,1986,0,0,0,0,0,0,0,0,0,0
180985,1,1,1986,12,12,12,12,12,12,12,12,12,12
180985,2,1,1986,0,0,0,0,0,0,0,0,0,0
180987,1,1,1986,0,0,0,0,0,0,0,0,0,0
180987,2,1,1986,0,0,0,0,0,0,0,0,0,0
180987,3,1,1986,0,0,0,0,0,0,0,0,0,0
190001,1,1,1986,19,19,19,19,19,19,19,19,19,19
190001,2,1,1986,0,0,0,0,0,0,0,0,0,0
190002,1,1,1986,0,0,0,0,0,0,0,0,0,0
190002,2,1,1986,0,0,0,0,0,0,0,0,0,0
190003,1,1,1986,0,0,0,0,0,0,0,0,0,0
190003,2,1,1986,0,0,0,0,0,0,0,0,0,0
190004,1,1,1986,0,0,0,0,0,0,0,0,0,0
190004,2,1,1986,0,0,0,0,0,0,0,0,0,0
190006,1,1,1986,0,0,0,0,0,0,0,7,0,0
190006,2,1,1986,0,19,8,0,0,0,11,0,0,0
190007,0,1,1986,0,0,0,0,0,0,0,0,0,0
190008,1,1,1986,14,0,0,0,0,0,0,0,0,0
190008,2,1,1986,0,0,0,0,0,0,0,0,0,0
190009,0,1,1986,30,37,0,0,21,0,0,19,21,0
190009,1,1,1986,0,0,0,0,0,0,0,0,0,0
190010,0,1,1986,0,0,0,0,0,0,0,0,0,0
190010,0,2,1986,0,0,0,0,0,0,0,0,0,0
190010,1,1,1986,0,4,0,0,0,0,0,0,0,0
190011,1,1,1986,0,0,0,0,0,0,0,0,0,0
190012,1,1,1986,0,0,0,0,0,0,0,0,0,0
190012,2,1,1986,0,0,0,0,0,0,0,0,0,0
190012,3,1,1986,0,0,0,0,0,0,0,0,0,0
190013,1,1,1986,0,0,0,0,0,0,0,0,0,0
190013,2,1,1986,0,15,0,0,0,0,0,0,8,0
190014,1,1,1986,0,0,0,0,0,0,0,0,0,0
190014,2,1,1986,0,0,0,0,0,0,0,0,0,0
190015,1,1,1986,14,14,14,14,14,14,14,14,14,14
190016,1,1,1986,0,0,0,0,0,0,9,0,0,0
190016,2,1,1986,0,0,0,0,0,0,0,0,0,0
190017,1,1,1986,11,11,11,11,11,11,11,11,11,11
190018,1,1,1986,12,12,12,12,12,12,12,12,12,12
190018,2,1,1986,20,20,20,20,20,20,20,20,20,20
190019,1,1,1986,0,0,0,0,0,0,0,0,0,0
190019,2,1,1986,0,0,0,0,0,0,0,0,7,0
190020,1,1,1986,0,0,0,0,0,0,0,0,0,0
190020,2,1,1986,10,10,10,10,10,10,10,10,10,10
190021,1,1,1986,0,11,0,0,0,0,0,0,0,0
190021,2,1,1986,0,0,0,0,0,0,0,0,0,0
190022,1,1,1986,0,0,0,0,0,0,0,0,0,0
190022,2,1,1986,0,0,0,0,0,0,0,0,0,0
190023,1,1,1986,0,0,0,0,0,0,0,0,0,0
190023,2,1,1986,0,0,0,0,0,0,0,0,0,0
190024,1,1,1986,6,6,6,6,6,6,6,6,6,6
190025,2,1,1986,28,0,22,10,0,18,22,10,23,18
190026,1,1,1986,0,0,0,0,0,0,6,0,0,0
190027,1,1,1986,11,11,11,11,11,11,11,11,11,11
190027,2,1,1986,22,22,22,22,22,22,22,22,22,22
190028,0,1,1986,28,28,28,28,28,28,28,28,28,28
190028,1,1,1986,11,11,11,11,11,11,11,11,11,11
190029,1,1,1986,0,0,0,0,0,0,0,0,0,0
190029,2,1,1986,0,0,0,0,0,0,0,0,0,0
190030,1,1,1986,16,16,16,16,16,16,16,16,16,16
190031,1,1,1986,0,0,0,0,0,0,0,0,0,0
190032,1,1,1986,23,23,23,23,23,23,23,23,23,23
190033,1,1,1986,0,0,0,0,0,6,0,0,0,0
190033,2,1,1986,0,0,0,0,0,0,0,0,0,0
190034,1,1,1986,0,0,0,0,24,0,0,0,0,0
190034,2,1,1986,0,0,0,2,0,0,0,0,0,0
190035,1,1,1986,0,0,0,0,0,0,0,0,0,0
190035,2,1,1986,0,0,0,0,0,0,0,0,0,0
190036,1,1,1986,0,0,0,0,0,0,11,0,0,0
190036,2,1,1986,0,0,0,0,0,0,0,0,16,0
190037,1,1,1986,10,10,10,10,10,10,10,10,10,10
190037,2,1,1986,6,6,6,6,6,6,6,6,6,6
190038,1,1,1986,28,28,28,28,28,28,28,28,28,28
190039,1,1,1986,0,0,0,0,0,0,0,0,0,0
190039,2,1,1986,0,0,0,0,0,0,0,0,10,0
190040,1,1,1986,5,0,0,0,0,21,15,0,0,0
190040,2,1,1986,0,0,0,0,0,0,0,0,0,0
190041,1,1,1986,22,22,22,22,22,22,22,22,22,22
190042,1,1,1986,0,0,0,0,0,0,0,0,0,0
190042,2,1,1986,12,0,15,0,0,0,0,0,0,0
190042,3,1,1986,0,0,0,0,0,0,0,0,0,0
190043,0,1,1986,15,15,15,15,15,15,15,15,15,15
190043,2,1,1986,0,0,0,0,0,0,0,0,0,0
190044,1,1,1986,0,0,0,0,0,0,0,0,0,0
190044,2,1,1986,29,29,29,29,29,29,29,29,29,29
190045,0,1,1986,0,0,0,0,0,0,0,0,0,0
190045,0,2,1986,0,0,0,0,0,0,0,0,0,0
190045,1,1,1986,0,29,0,0,0,0,0,0,0,0
190046,1,1,1986,0,0,0,0,0,0,0,0,0,0
190047,1,1,1986,0,0,0,0,0,0,0,0,0,0
190048,1,1,1986,20,20,20,20,20,20,20,20,20,20
190048,2,1,1986,12,0,0,0,0,0,0,9,0,0
190049,1,1,1986,24,24,24,24,24,24,24,24,24,24
190050,1,1,1986,0,0,0,0,0,0,0,0,0,0
190050,2,1,1986,0,0,0,0,0,0,0,0,0,0
190051,1,1,1986,16,16,16,16,16,16,16,16,16,16
190052,1,1,1986,13,13,13,13,13,13,13,13,13,13
190053,1,1,1986,14,14,14,14,14,14,14,14,14,14
190054,1,1,1986,17,17,17,17,17,17,17,17,17,17
190055,1,1,1986,0,0,0,0,0,0,0,0,0,0
190055,2,1,1986,0,0,0,0,0,0,0,0,0,0
190056,1,1,1986,24,24,24,24,24,24,24,24,24,24
190057,1,1,1986,13,13,13,13,13,13,13,13,13,13
190058,1,1,1986,0,0,0,0,0,0,0,0,0,0
190058,2,1,1986,0,0,0,0,0,0,0,0,0,0
190059,1,1,1986,0,0,0,12,0,0,0,0,0,0
190059,2,1,1986,0,0,0,0,0,0,0,0,0,0
190060,1,1,1986,0,0,0,0,0,0,0,0,0,0
190060,2,1,1986,0,0,0,0,0,0,0,0,0,0
190061,1,1,1986,0,0,0,0,0,0,0,0,0,0
190061,2,1,1986,0,0,0,0,0,0,0,0,0,0
190062,1,1,1986,0,0,0,0,0,0,0,0,0,0
190063,1,1,1986,18,18,18,18,18,18,18,18,18,18
190064,1,1,1986,19,19,19,19,19,19,19,19,19,19
190065,1,1,1986,0,0,0,0,0,0,0,0,0,0
190065,2,1,1986,3,3,3,3,3,3,3,3,3,3
190066,1,1,1986,23,23,23,23,23,23,23,23,23,23
190067,1,1,1986,0,0,0,0,0,0,0,0,9,7
190068,1,1,1986,16,0,0,0,0,0,0,0,0,0
190068,2,1,1986,0,0,0,0,0,0,0,0,0,0
190069,1,1,1986,0,0,0,0,0,0,0,0,0,0
190069,2,1,1986,23,23,23,23,23,23,23,23,23,23
190069,3,1,1986,0,0,0,0,0,0,0,0,0,0
190070,1,1,1986,10,10,10,10,10,10,10,10,10,10
190070,2,1,1986,0,0,0,0,0,0,0,0,0,0
190071,1,1,1986,16,16,16,16,16,16,16,16,16,16
190071,2,1,1986,0,0,0,0,0,0,0,0,0,0
190072,1,1,1986,0,0,0,0,0,0,0,0,0,0
190072,2,1,1986,0,0,0,0,0,0,0,0,0,0
190073,1,1,1986,0,0,0,0,0,0,0,0,0,8
190073,2,1,1986,26,26,26,26,26,26,26,26,26,26
190074,1,1,1986,16,16,16,16,16,16,16,16,16,16
190074,2,1,1986,0,0,0,0,0,0,0,0,0,0
190075,1,1,1986,0,0,0,0,0,0,0,0,0,0
190075,2,1,1986,0,0,0,0,0,0,0,0,0,0
190076,1,1,1986,0,0,16,22,0,0,23,0,0,0
190076,2,1,1986,0,0,0,0,0,0,0,0,0,0
190077,0,1,1986,0,0,0,0,0,0,0,0,0,0
190077,1,1,1986,0,0,0,0,0,0,0,0,0,0
190078,1,1,1986,0,0,0,0,0,0,0,0,0,0
190078,2,1,1986,0,0,0,0,0,0,0,0,0,0
190079,1,1,1986,0,0,0,0,0,0,0,0,0,0
190079,2,1,1986,0,0,0,0,0,0,11,0,0,0
190080,1,1,1986,12,12,12,12,12,12,12,12,12,12
190081,1,1,1986,0,0,0,0,0,5,0,0,0,0
190081,2,1,1986,16,0,0,0,0,10,0,0,20,0
190082,1,1,1986,13,7,12,0,19,0,0,16,17,8
190083,1,1,1986,29,29,29,29,29,29,29,29,29,29
190084,1,1,1986,0,0,0,0,0,0,0,0,0,0
190085,1,1,1986,23,23,23,23,23,23,23,23,23,23
190086,1,1,1986,21,21,21,21,21,21,21,21,21,21
190086,2,1,1986,0,7,0,0,0,0,0,4,0,0
190087,1,1,1986,17,17,17,17,17,17,17,17,17,17
190087,2,1,1986,0,0,0,0,0,0,0,0,0,0
190088,1,1,1986,6,6,6,6,6,6,6,6,6,6
190088,2,1,1986,0,0,0,0,0,0,0,0,0,0
190089,1,1,1986,0,0,0,0,0,0,0,0,0,0
190089,2,1,1986,0,0,0,0,17,0,0,0,0,0
190090,1,1,1986,11,11,11,11,11,11,11,11,11,11
190091,1,1,1986,0,0,0,0,0,0,0,0,0,0
190092,1,1,1986,0,0,0,0,0,0,0,0,0,0
190093,1,1,1986,0,0,0,0,0,0,0,0,0,0
190093,2,1,1986,20,0,0,0,0,0,0,0,0,0
190094,1,1,1986,0,0,0,0,0,0,0,0,0,0
190094,2,1,1986,0,0,0,0,0,0,0,0,0,0
190095,1,1,1986,15,15,15,15,15,15,15,15,15,15
190096,1,1,1986,23,23,23,23,23,23,23,23,23,23
190097,1,1,1986,0,0,11,0,0,0,0,0,0,0
190098,1,1,1986,0,0,0,0,0,0,0,0,0,0
190098,2,1,1986,0,0,22,9,19,12,0,0,0,0
190099,0,1,1986,0,0,0,0,0,0,0,0,0,0
190099,1,1,1986,19,19,19,19,19,19,19,19,19,19
190100,1,1,1986,0,0,0,0,0,0,0,0,0,0
190101,1,1,1986,0,0,0,0,0,0,11,0,0,0
190101,2,1,1986,0,0,0,0,0,0,0,0,0,0
190102,1,1,1986,0,0,0,0,0,0,0,0,0,0
190102,2,1,1986,0,0,0,0,0,0,0,0,0,0
190103,1,1,1986,20,20,20,20,20,20,20,20,20,20
190104,1,1,1986,0,0,0,0,0,0,0,0,0,0
190105,1,1,1986,16,16,16,16,16,16,16,16,16,16
190105,2,1,1986,0,0,0,0,0,0,0,0,0,0
190106,1,1,1986,14,14,14,14,14,14,14,14,14,14
190106,2,1,1986,0,0,0,0,0,0,0,0,0,0
190107,1,1,1986,5,0,0,0,0,0,0,0,11,0
190107,2,1,1986,3,3,3,3,3,3,3,3,3,3
190108,1,1,1986,0,0,0,0,0,0,0,0,0,0
190109,1,1,1986,17,17,17,17,17,17,17,17,17,17
190110,1,1,1986,21,21,21,21,21,21,21,21,21,21
190111,1,1,1986,0,0,0,0,0,0,0,0,0,0
190112,1,1,1986,0,0,0,0,0,0,0,0,0,0
190112,2,1,1986,0,0,0,0,0,0,0,0,0,0
190113,1,1,1986,0,0,0,0,0,0,0,0,0,0
190113,2,1,1986,4,4,4,4,4,4,4,4,4,4
190114,1,1,1986,0,0,0,0,0,0,0,0,0,0
190114,2,1,1986,0,0,0,0,0,0,0,0,0,0
190114,3,1,1986,0,0,0,0,0,0,0,0,0,0
190115,1,1,1986,0,10,0,0,0,0,0,0,0,0
190116,1,1,1986,12,12,12,12,12,12,12,12,12,12
190117,1,1,1986,0,0,0,0,0,0,0,0,0,0
190117,2,1,1986,0,0,0,0,0,0,0,0,0,0
190118,1,1,1986,0,0,0,0,0,0,0,0,0,0
190118,2,1,1986,0,0,0,0,0,0,0,0,0,0
190119,1,1,1986,0,0,0,0,0,0,0,0,0,0
190119,2,1,1986,0,0,0,0,0,0,0,0,0,0
190120,1,1,1986,12,15,0,0,9,0,13,0,27,22
190121,1,1,1986,0,0,0,0,0,0,0,0,0,0
190121,2,1,1986,0,0,0,0,0,0,0,0,0,0
190122,1,1,1986,4,4,4,4,4,4,4,4,4,4
190122,2,1,1986,0,0,0,0,0,0,0,0,0,0
190123,1,1,1986,25,25,25,25,25,25,25,25,25,25
190124,1,1,1986,26,26,26,26,26,26,26,26,26,26
190125,1,1,1986,30,30,30,30,30,30,30,30,30,30
190126,1,1,1986,13,13,13,13,13,13,13,13,13,13
190127,1,1,1986,17,17,17,17,17,17,17,17,17,17
190128,1,1,1986,0,0,0,0,0,0,0,0,0,0
190128,2,1,1986,0,0,0,0,0,0,0,0,0,0
190129,0,1,1986,0,0,0,0,0,0,0,0,0,0
190129,1,1,1986,0,0,0,0,0,0,0,0,0,0
190130,1,1,1986,0,0,0,0,0,0,0,0,0,0
190130,2,1,1986,0,0,0,0,0,0,0,0,0,0
190131,1,1,1986,0,0,0,0,0,0,0,0,0,0
190131,2,1,1986,0,0,0,0,0,0,0,0,0,0
190132,1,1,1986,0,0,0,0,0,0,0,0,0,0
190132,2,1,1986,12,12,12,12,12,12,12,12,12,12
190133,1,1,1986,12,12,12,12,12,12,12,12,12,12
190134,1,1,1986,25,25,25,25,25,25,25,25,25,25
190135,1,1,1986,0,0,0,0,0,0,0,0,0,0
190135,2,1,1986,0,0,0,0,0,0,0,0,0,0
190136,1,1,1986,3,3,3,3,3,3,3,3,3,3
190137,1,1,1986,0,0,0,0,0,0,0,0,0,0
190137,2,1,1986,0,0,0,0,0,0,0,0,0,0
190138,1,1,1986,15,15,15,15,15,15,15,15,15,15
190139,1,1,1986,16,16,16,16,16,16,16,16,16,16
190140,1,1,1986,0,0,0,0,0,0,0,0,0,0
190141,1,1,1986,14,25,12,0,0,0,15,36,8,0
190142,0,1,1986,0,0,0,0,0,0,0,0,0,0
190142,1,1,1986,0,0,0,0,0,0,0,0,0,0
190143,1,1,1986,11,11,11,11,11,11,11,11,11,11
190144,1,1,1986,0,0,0,0,0,0,0,0,0,0
190144,2,1,1986,17,17,17,17,17,17,17,17,17,17
190145,1,1,1986,0,0,0,0,0,0,0,0,0,0
190145,2,1,1986,0,0,0,0,0,0,0,0,0,10
190146,0,1,1986,0,0,0,0,0,0,0,0,0,0
190146,0,2,1986,0,0,0,0,0,0,0,0,0,0
190146,1,1,1986,0,0,0,0,0,0,0,0,0,0
190147,1,1,1986,19,19,19,19,19,19,19,19,19,19
190148,1,1,1986,3,3,3,3,3,3,3,3,3,3