ST_CASE,VEH_NO,PER_NO,YEAR,P1,P2,P3,P4,P5,P6,P7,P8,P9,P10
190149,1,1,1986,11,11,11,11,11,11,11,11,11,11
190149,2,1,1986,0,0,0,0,0,0,0,0,0,0
190150,1,1,1986,0,0,0,0,0,0,0,0,0,0
190150,2,1,1986,0,0,0,0,0,0,0,0,6,0
190151,1,1,1986,31,31,31,31,31,31,31,31,31,31
190152,1,1,1986,1,1,1,1,1,1,1,1,1,1
190153,1,1,1986,0,0,0,0,0,0,0,0,0,0
190153,2,1,1986,13,13,13,13,13,13,13,13,13,13
190154,1,1,1986,0,0,0,0,0,0,0,0,0,0
190154,2,1,1986,0,0,0,0,0,0,0,0,0,0
190155,1,1,1986,0,0,0,0,0,0,0,0,0,0
190155,2,1,1986,4,4,4,4,4,4,4,4,4,4
190156,1,1,1986,18,18,18,18,18,18,18,18,18,18
190157,1,1,1986,18,18,18,18,18,18,18,18,18,18
190158,1,1,1986,9,16,0,26,6,20,18,25,7,20
190158,2,1,1986,0,0,0,0,0,0,0,0,0,0
190159,0,1,1986,0,0,7,0,15,0,0,0,0,0
190159,1,1,1986,0,0,0,0,0,0,0,0,0,0
190160,1,1,1986,0,0,0,0,0,0,0,0,0,0
190161,1,1,1986,14,14,14,14,14,14,14,14,14,14
190162,1,1,1986,0,0,0,0,0,0,0,0,0,0
190162,2,1,1986,0,0,0,0,0,0,0,0,0,0
190163,1,1,1986,11,11,11,11,11,11,11,11,11,11
190163,2,1,1986,0,0,0,0,0,0,0,0,0,0
190164,1,1,1986,0,0,0,0,0,0,0,0,0,0
190165,1,1,1986,0,0,0,0,0,0,0,0,0,0
190166,1,1,1986,17,17,17,17,17,17,17,17,17,17
190166,2,1,1986,0,0,0,13,0,0,0,0,0,0
190166,3,1,1986,0,0,0,18,0,0,0,0,0,9
190167,1,1,1986,21,21,21,21,21,21,21,21,21,21
190167,2,1,1986,0,6,0,0,0,0,6,0,0,0
190168,1,1,1986,12,0,0,0,0,0,0,0,0,0
190168,2,1,1986,0,0,0,0,0,0,0,0,0,0
190169,1,1,1986,0,0,0,0,0,0,0,0,0,0
190170,1,1,1986,23,23,23,23,23,23,23,23,23,23
190171,1,1,1986,22,22,22,22,22,22,22,22,22,22
190172,1,1,1986,0,0,0,0,0,18,0,0,0,0
190173,1,1,1986,3,3,3,3,3,3,3,3,3,3
190173,2,1,1986,0,0,0,0,0,18,0,0,13,0
190174,1,1,1986,0,0,0,0,0,0,0,0,0,0
190174,2,1,1986,0,0,0,5,0,0,0,0,0,0
190175,1,1,1986,0,0,0,0,0,0,0,12,0,0
190175,2,1,1986,18,18,18,18,18,18,18,18,18,18
190176,0,1,1986,24,51,42,44,13,0,0,0,23,0
190176,1,1,1986,0,0,0,0,0,0,0,0,0,0
190177,1,1,1986,0,0,0,13,27,0,0,0,0,0
190178,1,1,1986,0,0,0,0,0,0,0,0,0,0
190178,2,1,1986,0,0,0,0,0,0,0,0,0,10
190179,1,1,1986,0,0,0,0,0,0,0,0,16,0
190179,2,1,1986,0,0,0,0,0,0,0,0,0,0
190180,1,1,1986,10,10,10,10,10,10,10,10,10,10
190180,2,1,1986,0,10,0,0,0,0,0,17,0,0
190181,0,1,1986,0,0,0,0,0,0,0,0,0,0
190181,1,1,1986,0,0,0,0,0,0,0,0,0,0
190182,1,1,1986,13,13,13,13,13,13,13,13,13,13
190183,1,1,1986,10,10,10,10,10,10,10,10,10,10
190183,2,1,1986,10,19,0,0,0,0,0,0,2,0
190184,0,1,1986,15,15,15,15,15,15,15,15,15,15
190184,1,1,1986,0,0,0,0,0,0,0,0,0,0
190185,1,1,1986,24,24,24,24,24,24,24,24,24,24
190185,2,1,1986,0,0,22,0,0,7,11,0,8,0
190186,0,1,1986,20,20,20,20,20,20,20,20,20,20
190186,1,1,1986,0,0,0,17,0,0,17,0,0,0
190187,1,1,1986,24,11,23,0,30,31,25,19,10,12
190188,1,1,1986,0,0,0,0,0,0,0,0,0,0
190188,2,1,1986,0,0,0,0,0,0,0,0,0,0
190189,1,1,1986,21,21,21,21,21,21,21,21,21,21
190190,1,1,1986,4,4,4,4,4,4,4,4,4,4
190191,1,1,1986,0,0,24,8,9,10,8,9,17,0
190191,2,1,1986,0,0,0,0,0,0,0,0,0,0
190192,1,1,1986,0,0,0,0,0,0,0,0,0,0
190193,1,1,1986,4,0,0,18,0,11,0,0,27,0
190193,2,1,1986,0,0,0,0,0,0,0,0,0,0
190194,1,1,1986,17,17,17,17,17,17,17,17,17,17
190195,1,1,1986,0,0,0,0,0,0,0,0,0,0
190196,1,1,1986,0,0,0,0,0,0,0,0,0,0
190196,2,1,1986,0,0,0,0,0,0,0,0,0,0
190197,1,1,1986,21,21,21,21,21,21,21,21,21,21
190198,1,1,1986,14,14,14,14,14,14,14,14,14,14
190199,1,1,1986,0,0,0,0,0,0,0,0,0,0
190200,1,1,1986,0,0,0,0,0,0,0,0,0,0
190201,1,1,1986,28,28,28,28,28,28,28,28,28,28
190202,1,1,1986,0,0,0,0,0,0,0,0,0,0
190202,2,1,1986,25,25,25,25,25,25,25,25,25,25
190203,1,1,1986,20,20,20,20,20,20,20,20,20,20
190204,1,1,1986,11,11,11,11,11,11,11,11,11,11
190205,1,1,1986,16,16,16,16,16,16,16,16,16,16
190206,1,1,1986,22,22,22,22,22,22,22,22,22,22
190207,1,1,1986,0,0,0,0,0,0,0,0,0,0
190207,2,1,1986,0,0,0,0,0,0,0,0,0,0
190208,1,1,1986,0,0,28,0,0,0,0,11,0,0
190208,2,1,1986,8,8,8,8,8,8,8,8,8,8
190209,1,1,1986,18,18,18,18,18,18,18,18,18,18
190210,1,1,1986,18,23,29,0,20,15,24,0,0,15
190211,1,1,1986,2,2,2,2,2,2,2,2,2,2
190213,0,1,1986,5,5,5,5,5,5,5,5,5,5
190213,1,1,1986,9,7,13,2,7,16,22,16,11,0
190214,1,1,1986,29,29,29,29,29,29,29,29,29,29
190215,1,1,1986,0,0,0,0,0,0,7,0,0,0
190215,2,1,1986,0,0,0,0,0,0,0,0,0,0
190216,0,1,1986,0,0,0,0,0,0,0,0,0,0
190216,1,1,1986,0,0,0,0,0,0,0,0,0,0
190217,1,1,1986,0,0,0,0,0,0,0,0,0,0
190217,2,1,1986,0,0,0,0,0,0,0,0,0,0
190218,0,1,1986,0,0,9,9,17,0,0,0,0,0
190218,1,1,1986,0,0,8,0,0,5,14,0,12,0
190219,1,1,1986,0,0,0,0,0,0,0,20,0,0
190219,2,1,1986,0,0,0,0,0,0,0,0,0,0
190220,1,1,1986,18,18,18,18,18,18,18,18,18,18
190221,1,1,1986,0,0,0,0,0,0,20,0,0,0
190223,1,1,1986,0,0,0,0,0,0,0,0,0,0
190224,1,1,1986,0,0,0,0,0,8,0,0,0,0
190225,1,1,1986,17,17,17,17,17,17,17,17,17,17
190225,2,1,1986,0,0,0,0,0,0,0,0,0,0
190226,1,1,1986,0,0,0,0,0,0,0,0,0,0
190226,2,1,1986,16,16,16,16,16,16,16,16,16,16
190227,1,1,1986,18,18,18,18,18,18,18,18,18,18
190228,1,1,1986,0,0,0,0,0,0,0,0,0,0
190229,1,1,1986,8,8,8,8,8,8,8,8,8,8
190230,0,1,1986,0,0,0,0,0,0,0,0,0,0
190230,1,1,1986,0,0,0,0,0,0,0,0,0,0
190231,1,1,1986,17,17,17,17,17,17,17,17,17,17
190231,2,1,1986,0,0,0,0,0,0,0,0,0,0
190232,1,1,1986,16,16,16,16,16,16,16,16,16,16
190233,1,1,1986,9,0,0,0,0,13,0,0,19,0
190234,0,1,1986,23,0,0,0,0,0,0,0,0,0
190234,1,1,1986,0,0,0,0,0,0,0,0,0,0
190235,0,1,1986,0,0,0,0,0,0,0,0,0,0
190235,1,1,1986,0,0,0,0,0,0,0,0,0,0
190236,1,1,1986,0,0,0,0,0,0,0,0,16,0
190236,2,1,1986,1,1,1,1,1,1,1,1,1,1
190237,0,1,1986,0,0,0,0,0,0,0,0,0,0
190237,1,1,1986,0,0,0,0,0,0,0,0,0,0
190238,1,1,1986,24,24,24,24,24,24,24,24,24,24
190239,1,1,1986,0,0,0,0,0,0,0,0,0,0
190239,2,1,1986,0,0,0,0,0,0,0,0,0,0
190240,1,1,1986,0,0,0,0,0,0,0,0,0,0
190240,2,1,1986,0,0,0,0,0,0,0,0,0,0
190241,1,1,1986,0,0,0,0,0,0,9,0,0,0
190242,1,1,1986,4,4,4,4,4,4,4,4,4,4
190243,1,1,1986,16,16,16,16,16,16,16,16,16,16
190244,1,1,1986,0,0,0,0,0,0,0,0,0,0
190244,2,1,1986,0,0,0,0,0,0,0,0,0,0
190245,1,1,1986,0,0,0,0,0,0,0,0,0,0
190245,2,1,1986,0,0,0,0,0,0,0,0,0,0
190246,1,1,1986,0,0,0,0,0,0,0,0,0,0
190246,2,1,1986,0,0,0,0,0,0,0,0,0,0
190247,1,1,1986,12,12,12,12,12,12,12,12,12,12
190247,2,1,1986,2,2,2,2,2,2,2,2,2,2
190248,0,1,1986,0,0,0,0,0,0,0,0,0,0
190248,1,1,1986,0,0,0,0,0,0,0,0,0,0
190249,1,2,1986,14,14,14,14,14,14,14,14,14,14
190250,1,1,1986,25,25,25,25,25,25,25,25,25,25
190251,0,1,1986,15,15,15,15,15,15,15,15,15,15
190251,1,1,1986,10,0,0,0,0,5,0,0,0,0
190252,1,1,1986,12,12,12,12,12,12,12,12,12,12
190253,1,1,1986,22,22,22,22,22,22,22,22,22,22
190254,1,1,1986,0,0,0,0,0,0,0,0,0,0
190254,2,1,1986,0,0,0,0,0,0,0,0,0,0
190255,1,1,1986,0,0,0,0,0,0,0,0,0,0
190256,1,1,1986,20,20,20,20,20,20,20,20,20,20
190257,1,1,1986,0,14,0,0,14,13,16,16,11,4
190258,1,1,1986,0,0,0,0,0,0,0,0,0,0
190258,2,1,1986,0,0,0,0,0,0,0,0,0,0
190259,1,1,1986,17,17,17,17,17,17,17,17,17,17
190260,1,1,1986,0,0,0,0,0,0,0,0,0,0
190260,2,1,1986,11,11,11,11,11,11,11,11,11,11
190261,1,1,1986,26,26,26,26,26,26,26,26,26,26
190262,0,1,1986,0,0,0,0,0,0,0,0,0,0
190262,1,1,1986,16,16,16,16,16,16,16,16,16,16
190263,1,1,1986,28,28,28,28,28,28,28,28,28,28
190264,1,1,1986,0,0,0,0,0,0,0,0,0,0
190264,2,1,1986,0,0,0,0,0,0,0,0,0,0
190265,1,1,1986,23,23,23,23,23,23,23,23,23,23
190266,1,1,1986,0,0,0,0,0,0,0,0,0,0
190266,2,1,1986,0,0,0,0,0,12,0,0,0,0
190267,1,1,1986,0,0,0,0,0,0,0,0,0,0
190268,1,1,1986,0,0,0,0,0,0,0,0,0,0
190268,2,1,1986,0,0,0,0,0,0,0,0,0,0
190269,1,1,1986,0,0,0,0,0,0,0,0,0,16
190269,2,1,1986,0,0,0,0,0,0,0,0,0,0
190269,3,1,1986,0,0,0,0,0,0,0,0,0,0
190269,4,1,1986,0,0,0,0,0,0,0,0,0,0
190270,1,1,1986,0,0,0,0,0,0,0,0,0,0
190270,2,1,1986,2,2,2,2,2,2,2,2,2,2
190271,1,1,1986,0,0,0,0,0,0,0,0,0,0
190271,2,1,1986,5,5,5,5,5,5,5,5,5,5
190272,1,1,1986,30,30,30,30,30,30,30,30,30,30
190273,1,1,1986,0,0,0,0,0,0,0,0,0,0
190273,2,1,1986,0,0,0,0,0,0,0,0,0,0
190274,1,1,1986,8,8,8,8,8,8,8,8,8,8
190275,1,1,1986,6,6,6,6,6,6,6,6,6,6
190275,2,1,1986,0,0,0,0,0,0,0,0,0,0
190276,1,1,1986,9,9,9,9,9,9,9,9,9,9
190277,1,1,1986,0,0,0,0,0,0,0,0,0,0
190277,2,1,1986,0,0,0,0,0,0,0,0,0,0
190278,1,1,1986,0,0,0,0,0,0,0,0,0,0
190279,1,1,1986,5,0,19,0,0,6,0,0,0,16
190280,1,1,1986,0,0,0,0,0,0,0,0,0,0
190280,2,1,1986,0,0,0,0,0,0,0,0,0,0
190281,1,1,1986,9,9,9,9,9,9,9,9,9,9
190282,0,1,1986,0,7,0,0,0,0,0,0,13,0
190282,1,1,1986,0,0,0,0,0,0,0,0,0,0
190283,1,1,1986,15,15,15,15,15,15,15,15,15,15
190284,1,1,1986,22,22,22,22,22,22,22,22,22,22
190285,0,1,1986,0,0,0,0,0,0,0,0,0,7
190285,1,1,1986,4,0,0,0,0,0,0,0,0,0
190286,1,1,1986,15,15,15,15,15,15,15,15,15,15
190287,1,1,1986,0,0,0,0,0,0,0,0,0,0
190287,2,1,1986,0,0,0,0,0,0,0,0,0,0
190288,1,1,1986,0,0,0,0,0,0,0,0,0,0
190288,2,1,1986,0,0,0,0,0,0,8,0,0,20
190289,1,1,1986,0,0,0,0,0,0,0,0,0,0
190289,2,1,1986,0,0,0,0,0,0,0,0,0,0
190290,1,1,1986,14,14,14,14,14,14,14,14,14,14
190290,2,1,1986,0,0,0,0,0,0,0,0,0,0
190291,1,1,1986,22,22,22,22,22,22,22,22,22,22
190292,1,1,1986,23,23,23,23,23,23,23,23,23,23
190293,1,1,1986,0,0,0,0,0,0,0,0,0,0
190293,2,1,1986,0,0,0,0,0,0,0,0,0,0
190294,1,1,1986,14,14,14,14,14,14,14,14,14,14
190295,1,1,1986,0,0,0,0,0,0,0,0,0,0
190295,2,1,1986,20,23,8,9,10,11,14,12,12,25
190296,1,1,1986,0,4,0,6,4,0,24,0,19,0
190296,2,1,1986,5,0,26,0,0,5,0,0,0,0
190297,1,1,1986,0,0,0,0,0,17,0,0,0,0
190297,2,1,1986,0,0,0,0,8,0,0,0,0,0
190297,3,1,1986,7,0,0,0,0,19,0,0,0,0
190298,1,1,1986,0,0,0,0,0,0,0,0,0,0
190298,2,1,1986,10,10,10,10,10,10,10,10,10,10
190299,1,1,1986,0,0,0,0,0,0,0,0,0,0
190299,2,1,1986,0,0,0,0,0,0,0,0,0,0
190301,1,1,1986,16,39,9,7,18,23,0,17,11,29
190302,1,1,1986,0,0,0,0,0,0,20,0,0,4
190303,1,1,1986,0,0,0,0,0,0,0,0,0,0
190304,1,1,1986,0,0,0,0,0,0,0,0,0,0
190304,2,1,1986,0,0,0,0,0,0,0,0,0,0
190305,1,1,1986,14,14,14,14,14,14,14,14,14,14
190306,1,1,1986,0,0,0,0,0,0,0,0,0,0
190306,2,1,1986,0,0,0,0,0,0,0,0,0,0
190307,1,1,1986,15,15,15,15,15,15,15,15,15,15
190308,0,1,1986,22,22,22,22,22,22,22,22,22,22
190308,1,1,1986,0,0,0,0,0,0,0,0,0,0
190309,0,1,1986,6,6,6,6,6,6,6,6,6,6
190309,0,2,1986,0,0,0,0,4,0,0,0,0,0
190309,1,1,1986,0,8,0,9,13,9,0,22,9,23
190310,1,1,1986,0,0,0,0,0,0,0,0,0,0
190310,2,1,1986,0,0,0,0,0,0,0,0,0,0
190311,1,1,1986,19,19,19,19,19,19,19,19,19,19
190312,1,1,1986,11,11,11,11,11,11,11,11,11,11
190313,1,1,1986,0,0,0,0,0,0,0,0,17,0
190314,1,1,1986,0,0,0,0,0,0,0,0,0,0
190314,2,1,1986,0,0,0,0,0,0,0,0,0,0
190315,1,1,1986,0,0,0,0,0,0,0,0,0,0
190315,2,1,1986,0,0,0,0,0,0,0,0,0,0
190315,3,1,1986,10,10,10,10,10,10,10,10,10,10
190315,4,1,1986,13,13,13,13,13,13,13,13,13,13
190316,1,1,1986,0,17,0,24,10,0,0,0,0,0
190316,2,1,1986,0,0,0,0,0,0,0,0,0,0
190317,1,1,1986,0,0,0,0,0,0,0,0,0,0
190317,2,1,1986,0,0,0,0,0,0,0,0,0,0
190318,0,1,1986,0,0,0,0,0,0,0,0,0,0
190318,1,1,1986,0,0,0,0,0,0,0,0,0,0
190319,1,1,1986,0,0,0,0,0,0,0,0,0,0
190320,1,1,1986,0,0,0,0,0,0,0,0,0,0
190320,2,1,1986,0,0,0,0,0,0,0,0,0,0
190322,1,1,1986,0,0,0,0,0,0,0,0,0,0
190323,1,1,1986,0,0,0,0,0,0,0,0,0,0
190323,2,1,1986,0,0,0,12,0,0,0,0,0,9
190324,1,1,1986,0,0,0,0,0,0,0,0,0,0
190325,1,1,1986,0,0,0,0,0,0,0,0,0,0
190325,2,1,1986,9,0,0,0,0,0,0,0,0,0
190327,0,1,1986,0,0,0,0,0,9,0,0,0,0
190327,1,1,1986,0,0,0,0,0,0,0,0,0,0
190328,1,1,1986,5,5,5,5,5,5,5,5,5,5
190329,1,1,1986,0,0,0,0,0,0,0,0,0,0
190329,2,1,1986,0,0,0,0,0,0,0,0,0,0
190330,0,1,1986,29,29,29,29,29,29,29,29,29,29
190330,1,1,1986,0,0,0,0,0,0,0,0,0,0
190331,1,1,1986,0,0,0,0,21,0,5,0,0,0
190331,2,1,1986,0,0,0,0,0,0,0,0,0,9
190332,1,1,1986,0,0,0,0,0,7,20,17,14,1
190333,1,1,1986,0,0,0,0,0,0,0,0,0,0
190333,2,1,1986,0,0,0,0,0,0,0,0,0,0
190334,0,1,1986,0,0,0,0,0,0,0,0,0,0
190334,1,1,1986,0,0,0,0,0,0,0,0,0,0
190335,0,1,1986,0,0,16,0,0,0,0,0,0,0
190335,1,1,1986,0,0,0,0,0,0,0,0,0,0
190336,1,1,1986,19,19,19,19,19,19,19,19,19,19
190337,1,1,1986,21,0,0,0,0,0,3,0,0,0
190337,2,1,1986,0,0,0,0,0,0,0,14,16,0
190338,1,1,1986,0,2,0,0,0,0,0,0,0,0
190338,2,1,1986,0,0,0,0,0,0,0,0,0,0
190339,1,1,1986,2,2,2,2,2,2,2,2,2,2
190339,2,1,1986,0,0,0,0,0,12,0,0,0,0
190340,1,1,1986,26,26,26,26,26,26,26,26,26,26
190341,1,1,1986,0,0,0,0,0,0,0,0,0,0
190341,2,1,1986,5,5,5,5,5,5,5,5,5,5
190342,1,1,1986,20,20,20,20,20,20,20,20,20,20
190343,1,1,1986,18,18,18,18,18,18,18,18,18,18
190344,1,1,1986,0,0,0,0,0,0,0,0,9,18
190345,1,1,1986,13,13,13,13,13,13,13,13,13,13
190346,1,1,1986,23,23,23,23,23,23,23,23,23,23
190347,1,1,1986,22,22,22,22,22,22,22,22,22,22
190347,2,1,1986,5,0,0,0,0,0,0,0,0,0
190348,1,1,1986,0,14,0,0,0,0,0,0,0,0
190349,1,2,1986,12,16,11,8,22,33,13,12,22,16
190350,1,1,1986,0,0,0,0,0,0,0,0,0,0
190351,1,1,1986,0,0,0,0,0,0,0,0,0,0
190351,2,1,1986,0,12,0,0,11,0,0,0,0,0
190352,1,1,1986,0,0,0,0,0,0,0,0,0,0
190352,2,1,1986,0,0,0,0,0,0,0,0,0,0
190353,1,1,1986,19,0,0,0,11,0,0,19,0,0
190353,2,1,1986,0,0,0,0,0,0,0,0,0,0
190354,1,1,1986,0,0,0,0,0,0,0,0,0,0
190354,2,1,1986,0,0,0,0,0,0,0,0,11,0
190355,1,1,1986,0,0,0,0,0,0,0,0,0,0
190355,2,1,1986,0,0,0,0,0,0,0,0,0,0
190355,3,1,1986,0,0,0,0,0,0,0,0,0,0
190356,0,1,1986,25,25,25,25,25,25,25,25,25,25
190356,1,1,1986,0,0,0,0,0,0,0,0,0,0
190356,2,1,1986,12,0,24,0,0,23,0,11,15,22
190356,3,1,1986,22,0,0,0,0,0,5,0,0,0
190357,1,1,1986,7,7,7,7,7,7,7,7,7,7
190358,1,1,1986,21,21,21,21,21,21,21,21,21,21
190359,1,1,1986,18,16,21,25,21,11,24,0,9,0
190360,1,1,1986,9,0,0,0,9,0,0,0,0,0
190361,1,1,1986,14,14,14,14,14,14,14,14,14,14
190362,1,1,1986,34,34,34,34,34,34,34,34,34,34
190362,2,1,1986,16,16,16,16,16,16,16,16,16,16
190363,1,1,1986,0,0,0,0,0,0,0,0,0,0
190363,2,1,1986,0,0,0,0,0,0,0,0,0,0
190364,1,1,1986,4,4,4,4,4,4,4,4,4,4
190365,1,1,1986,17,17,17,17,17,17,17,17,17,17
190366,1,1,1986,2,2,2,2,2,2,2,2,2,2
190367,1,1,1986,0,0,0,8,0,0,0,0,0,0
190367,2,1,1986,0,0,0,0,0,0,0,0,0,0
190368,1,1,1986,0,0,0,0,0,0,0,0,0,0
190368,2,1,1986,0,0,0,0,0,0,0,0,0,0
190369,1,1,1986,0,0,0,0,0,0,0,0,0,0
190369,2,1,1986,0,0,0,0,0,0,0,0,0,0
190369,3,1,1986,0,0,0,0,0,5,0,0,0,0
190370,1,1,1986,0,0,0,0,0,0,17,7,0,0
190371,1,1,1986,0,0,0,0,0,0,0,0,25,0
190371,2,1,1986,0,0,0,0,0,0,0,0,0,0
190372,1,1,1986,0,0,0,0,0,0,0,0,0,12
190372,2,1,1986,0,0,0,0,0,0,0,0,0,0
190373,1,1,1986,0,0,0,0,0,0,0,0,0,0
190373,2,1,1986,0,0,0,0,0,0,0,0,0,0
190374,1,1,1986,0,0,0,0,0,0,0,8,0,0
190374,2,1,1986,0,0,0,0,0,0,0,0,0,0
190375,1,1,1986,0,0,7,0,0,0,0,0,19,0
190376,1,1,1986,0,0,0,0,0,0,0,0,0,0
190377,1,1,1986,0,0,0,0,0,0,0,0,0,0
190377,2,1,1986,0,0,0,0,0,0,0,0,0,0
190378,1,1,1986,0,0,0,0,0,0,0,0,0,0
190379,1,1,1986,0,0,0,0,0,0,0,0,0,0
190380,1,1,1986,24,24,24,24,24,24,24,24,24,24
190381,0,1,1986,26,19,0,20,21,0,29,0,13,0
190381,1,1,1986,0,0,0,0,0,0,0,0,0,0
190382,1,1,1986,32,32,32,32,32,32,32,32,32,32
190383,1,1,1986,0,0,0,0,0,0,0,0,0,0
190383,2,1,1986,0,0,0,0,0,0,0,0,0,0
190384,0,1,1986,0,0,0,14,0,7,6,0,0,0
190385,1,1,1986,24,24,24,24,24,24,24,24,24,24
190386,1,1,1986,0,0,0,0,0,0,0,0,0,0
190386,2,1,1986,0,0,0,0,0,0,0,0,0,0
190387,1,1,1986,9,9,9,9,9,9,9,9,9,9
190388,1,1,1986,14,14,14,14,14,14,14,14,14,14
190389,1,1,1986,12,12,12,12,12,12,12,12,12,12
190390,0,1,1986,0,0,0,0,0,0,0,0,0,0
190390,1,1,1986,10,0,0,0,0,0,0,0,0,0
190391,1,1,1986,0,0,0,0,0,0,0,0,0,0
190391,2,1,1986,0,0,0,0,0,0,0,0,0,0
190392,1,1,1986,0,0,0,0,0,0,10,0,0,0
190392,2,1,1986,0,0,0,0,0,0,0,0,0,0
190392,3,1,1986,0,0,0,0,0,0,0,0,0,0
190393,1,1,1986,0,0,0,0,0,0,0,0,0,0
190395,1,1,1986,11,11,11,11,11,11,11,11,11,11
200001,1,1,1986,6,6,6,6,6,6,6,6,6,6
200001,2,1,1986,0,0,0,0,0,6,0,0,0,0
200002,1,1,1986,0,0,0,0,0,0,0,0,0,0
200002,2,1,1986,0,0,0,0,0,0,0,0,0,0
200003,1,1,1986,30,30,30,30,30,30,30,30,30,30
200004,1,1,1986,9,9,9,9,9,9,9,9,9,9
200005,1,1,1986,22,22,22,22,22,22,22,22,22,22
200007,0,1,1986,0,0,0,0,0,0,0,0,0,0
200007,1,1,1986,4,0,0,0,0,20,6,26,15,5
200008,1,1,1986,0,0,0,18,0,0,0,16,0,0
200008,2,1,1986,0,0,0,0,0,0,0,0,0,0
200009,1,1,1986,0,0,0,0,4,0,0,5,0,0
200010,1,1,1986,17,17,17,17,17,17,17,17,17,17
200011,1,1,1986,0,0,0,0,0,0,0,0,0,0
200011,2,1,1986,0,0,0,0,0,0,0,0,0,0
200012,1,1,1986,16,16,16,16,16,16,16,16,16,16
200013,0,1,1986,25,25,25,25,25,25,25,25,25,25
200013,1,1,1986,0,0,0,0,9,0,0,0,0,0
200014,0,1,1986,0,0,0,0,0,0,0,0,0,0
200014,1,1,1986,3,14,0,21,6,0,13,0,18,7
200015,0,1,1986,0,0,0,0,0,0,0,0,0,0
200015,1,1,1986,0,0,0,0,0,0,0,0,0,0
200016,1,1,1986,0,0,18,17,26,18,0,0,0,15
200017,1,1,1986,0,19,0,0,0,0,0,4,0,0
200017,2,1,1986,0,0,0,0,0,0,0,0,0,0
200018,1,1,1986,18,18,18,18,18,18,18,18,18,18
200019,1,1,1986,0,0,0,0,0,0,0,0,0,0
200019,2,1,1986,3,0,7,0,0,10,0,0,0,0
200020,1,1,1986,11,11,11,11,11,11,11,11,11,11
200021,1,1,1986,17,17,17,17,17,17,17,17,17,17
200022,1,1,1986,0,0,0,0,0,0,0,0,0,0
200022,2,1,1986,0,0,0,0,0,11,0,0,0,0
200023,1,1,1986,0,0,0,0,0,0,0,0,0,0
200024,1,1,1986,28,28,28,28,28,28,28,28,28,28
200025,1,1,1986,9,9,9,9,9,9,9,9,9,9
200026,1,1,1986,0,0,0,0,0,0,0,0,0,0
200026,2,1,1986,0,0,26,14,0,4,0,0,0,12
200027,1,1,1986,25,25,25,25,25,25,25,25,25,25
200028,1,1,1986,0,0,0,0,0,0,0,0,0,0
200028,2,1,1986,0,0,0,0,0,0,0,0,0,0
200030,1,1,1986,0,0,0,0,0,0,0,0,0,0
200031,1,1,1986,0,0,0,0,0,0,0,0,0,5
200032,1,1,1986,1,0,12,0,5,0,0,0,0,0
200032,2,1,1986,0,0,24,0,16,0,0,8,0,0
200033,1,1,1986,0,0,0,0,0,0,0,0,0,0
200033,2,1,1986,0,0,0,0,0,0,0,0,0,0
200034,1,1,1986,0,0,0,0,0,0,0,0,0,0
200034,2,1,1986,0,0,0,0,0,0,0,0,0,0
200035,0,1,1986,0,0,0,16,0,0,0,0,0,19
200035,1,1,1986,0,0,0,0,0,0,0,0,0,0
200036,1,1,1986,0,0,0,0,0,0,0,0,0,0
200037,0,1,1986,13,13,13,13,13,13,13,13,13,13
200037,1,1,1986,0,0,0,0,10,0,0,0,0,0
200038,1,1,1986,0,0,0,0,0,0,0,0,0,0
200038,2,1,1986,0,0,0,0,0,0,0,0,0,0
200040,1,1,1986,13,0,0,0,22,3,32,0,6,0
200041,1,1,1986,0,3,0,0,0,16,0,0,0,0
200042,1,1,1986,0,0,0,0,0,0,0,0,0,0
200042,2,1,1986,0,0,0,0,0,0,0,0,0,0
200043,1,1,1986,10,10,10,10,10,10,10,10,10,10
200044,1,1,1986,15,15,15,15,15,15,15,15,15,15
200044,2,1,1986,16,0,23,18,20,19,15,8,32,25
200044,3,1,1986,19,0,29,14,13,0,8,0,0,0
200045,1,1,1986,9,9,9,9,9,9,9,9,9,9
200045,2,1,1986,0,0,0,0,0,0,0,0,0,0
200046,0,1,1986,0,0,0,0,0,0,0,0,0,0
200046,1,1,1986,2,0,0,0,0,0,13,0,0,0
200047,1,1,1986,0,0,0,0,0,0,0,0,0,0
200048,1,1,1986,0,0,0,0,0,0,0,0,0,0
200048,2,1,1986,0,0,0,0,0,0,0,0,0,0
200049,1,1,1986,0,0,0,0,13,0,0,0,0,0
200049,2,1,1986,0,8,0,0,0,0,0,0,0,0
200050,1,1,1986,13,13,13,13,13,13,13,13,13,13
200051,1,1,1986,0,0,0,0,0,0,0,0,0,0
200051,2,1,1986,0,0,0,0,0,0,0,0,0,0
200052,1,1,1986,0,0,0,0,0,0,0,0,0,0
200054,1,1,1986,10,10,10,10,10,10,10,10,10,10
200055,1,1,1986,35,0,0,11,11,0,19,15,16,16
200056,1,1,1986,0,0,0,0,0,0,0,0,0,0
200057,1,1,1986,0,0,2,0,0,0,0,0,0,0
200057,2,1,1986,0,0,0,0,0,0,0,0,0,0
200058,1,1,1986,0,0,0,0,0,9,0,0,0,0