ST_CASE,VEH_NO,PER_NO,YEAR,P1,P2,P3,P4,P5,P6,P7,P8,P9,P10
200059,1,1,1986,0,0,0,0,0,0,11,0,0,0
200059,2,1,1986,0,0,0,0,0,0,0,0,0,0
200060,1,1,1986,18,18,18,18,18,18,18,18,18,18
200061,1,1,1986,0,0,0,18,0,0,0,0,18,0
200061,2,1,1986,7,7,7,7,7,7,7,7,7,7
200062,1,1,1986,0,0,0,24,20,0,0,0,0,0
200063,1,1,1986,31,31,31,31,31,31,31,31,31,31
200064,1,1,1986,0,0,14,18,0,0,0,23,0,0
200065,1,1,1986,17,17,17,17,17,17,17,17,17,17
200065,2,1,1986,0,0,0,0,0,0,0,0,0,0
200066,1,1,1986,0,7,0,0,0,0,0,0,0,0
200066,2,1,1986,0,0,0,0,0,0,0,0,0,0
200067,1,1,1986,0,0,0,0,0,0,0,0,10,3
200068,1,1,1986,14,14,14,14,14,14,14,14,14,14
200069,1,1,1986,26,26,26,26,26,26,26,26,26,26
200070,0,1,1986,0,0,0,0,0,0,0,0,0,0
200070,0,2,1986,0,0,0,0,0,52,0,0,15,22
200070,1,1,1986,9,8,0,19,0,23,18,20,0,3
200071,1,1,1986,0,0,0,0,0,0,0,0,0,0
200071,2,1,1986,0,0,0,0,0,0,0,0,0,0
200073,1,1,1986,0,0,0,0,0,0,0,0,0,9
200073,2,1,1986,0,0,0,0,0,0,0,0,0,0
200074,1,1,1986,0,0,0,25,0,0,0,0,0,0
200074,2,1,1986,0,0,0,0,0,0,0,0,0,0
200075,1,1,1986,11,11,11,11,11,11,11,11,11,11
200076,1,1,1986,23,23,23,23,23,23,23,23,23,23
200077,1,1,1986,18,18,18,18,18,18,18,18,18,18
200077,2,1,1986,0,21,0,0,0,0,0,0,0,0
200077,3,1,1986,0,0,0,0,0,0,0,0,0,0
200078,0,1,1986,22,22,22,22,22,22,22,22,22,22
200078,1,1,1986,0,0,0,0,0,0,0,0,22,0
200079,1,1,1986,0,5,0,0,11,0,6,17,12,0
200080,1,1,1986,0,0,0,0,0,0,0,0,0,0
200081,1,1,1986,6,0,31,0,0,11,0,0,0,0
200082,1,1,1986,0,0,0,0,0,0,16,0,17,0
200082,2,1,1986,10,10,10,10,10,10,10,10,10,10
200083,1,1,1986,0,0,0,0,0,0,0,0,0,0
200083,2,1,1986,0,0,0,0,0,0,0,0,0,0
200084,1,1,1986,0,0,0,0,0,0,0,0,0,0
200084,2,1,1986,0,0,0,0,0,0,0,0,0,0
200085,1,1,1986,10,14,0,0,21,14,17,0,14,6
200086,1,1,1986,0,0,0,0,0,0,0,0,0,0
200087,1,1,1986,0,0,0,0,0,0,0,0,0,0
200087,2,1,1986,22,22,22,22,22,22,22,22,22,22
200088,1,1,1986,30,9,30,30,10,18,20,11,16,19
200089,1,1,1986,20,20,20,20,20,20,20,20,20,20
200090,1,1,1986,0,0,0,0,0,0,0,0,0,0
200090,2,1,1986,6,6,6,6,6,6,6,6,6,6
200091,1,1,1986,0,0,0,13,0,0,0,0,0,0
200092,1,1,1986,0,0,0,0,0,0,27,0,0,0
200093,1,1,1986,0,0,0,0,15,0,0,0,0,0
200093,2,1,1986,0,19,0,0,0,0,0,0,0,0
200094,1,1,1986,0,0,0,0,0,0,0,0,0,0
200094,2,1,1986,39,26,35,27,22,14,24,31,25,14
200095,1,1,1986,0,0,0,0,0,0,0,0,0,0
200096,1,1,1986,0,0,0,0,0,0,0,4,0,0
200096,2,1,1986,20,20,20,20,20,20,20,20,20,20
200097,1,1,1986,0,0,0,0,0,0,0,0,0,0
200098,1,1,1986,0,0,0,0,0,0,0,0,0,0
200098,2,1,1986,0,0,0,0,0,0,0,0,0,0
200100,1,1,1986,0,18,7,0,0,0,0,0,0,15
200101,1,1,1986,2,2,2,2,2,2,2,2,2,2
200102,0,1,1986,0,0,0,0,0,0,0,0,0,0
200102,0,2,1986,12,0,0,0,0,0,0,0,0,0
200102,1,1,1986,21,21,21,21,21,21,21,21,21,21
200103,1,1,1986,16,16,16,16,16,16,16,16,16,16
200104,1,1,1986,32,18,15,22,10,34,16,18,31,16
200105,1,1,1986,0,0,0,0,8,0,0,0,0,0
200106,1,1,1986,14,14,14,14,14,14,14,14,14,14
200107,1,1,1986,0,0,0,0,0,0,0,0,0,0
200108,1,1,1986,0,0,0,0,0,0,21,0,0,20
200108,2,1,1986,0,0,0,0,0,0,0,0,0,0
200109,1,1,1986,21,21,21,21,21,21,21,21,21,21
200110,1,1,1986,15,15,15,15,15,15,15,15,15,15
200111,1,1,1986,0,0,0,0,0,0,0,0,0,0
200112,1,1,1986,0,0,0,24,0,0,0,0,0,0
200112,2,1,1986,0,0,0,0,0,0,0,0,0,0
200113,1,1,1986,0,0,0,0,0,0,0,0,0,0
200113,2,1,1986,0,0,8,0,0,0,0,0,0,0
200114,1,1,1986,5,5,5,5,5,5,5,5,5,5
200114,2,1,1986,12,23,7,4,8,0,15,16,16,19
200115,0,1,1986,25,25,25,25,25,25,25,25,25,25
200115,1,1,1986,14,14,14,14,14,14,14,14,14,14
200116,1,1,1986,25,25,25,25,25,25,25,25,25,25
200117,1,1,1986,0,0,0,0,0,0,0,0,0,0
200117,2,1,1986,0,0,0,0,0,0,0,0,4,0
200118,1,1,1986,0,0,0,0,0,0,0,0,0,0
200119,1,1,1986,0,0,0,0,0,0,0,0,0,0
200119,2,1,1986,0,0,0,0,0,0,0,0,0,0
200119,3,1,1986,0,25,0,15,21,0,0,12,0,0
200120,1,1,1986,14,14,14,14,14,14,14,14,14,14
200121,1,1,1986,0,0,0,0,0,0,0,0,0,0
200121,2,1,1986,0,0,0,0,0,0,0,0,0,0
200122,1,1,1986,19,18,19,0,0,0,0,6,0,12
200123,1,1,1986,0,0,0,0,0,0,0,0,0,0
200124,0,1,1986,0,0,0,0,0,0,0,0,0,0
200124,1,1,1986,0,0,0,0,0,0,0,0,0,0
200125,0,1,1986,0,0,0,0,0,0,0,0,0,0
200125,1,1,1986,0,43,3,10,13,5,5,9,29,8
200126,1,1,1986,16,16,16,16,16,16,16,16,16,16
200127,1,1,1986,8,20,11,10,0,11,0,0,11,9
200128,0,1,1986,0,0,0,0,0,0,0,0,0,0
200128,1,1,1986,0,0,0,0,0,0,0,0,0,0
200129,1,1,1986,15,15,15,15,15,15,15,15,15,15
200130,1,1,1986,0,13,0,0,0,0,9,0,0,0
200131,1,1,1986,17,17,17,17,17,17,17,17,17,17
200132,1,1,1986,0,0,0,0,0,0,0,0,0,0
200132,2,1,1986,0,0,0,0,19,0,0,0,0,0
200133,1,1,1986,7,7,7,7,7,7,7,7,7,7
200134,1,1,1986,21,11,11,20,0,17,19,24,28,3
200135,1,1,1986,0,0,0,0,0,0,0,0,0,0
200135,2,1,1986,0,0,0,0,0,11,0,0,0,0
200136,1,1,1986,0,0,0,0,0,0,0,0,0,0
200136,2,1,1986,7,0,0,0,0,0,0,0,0,0
200137,1,1,1986,0,5,0,0,0,0,0,3,0,0
200137,2,1,1986,0,10,0,0,0,0,0,0,0,0
200138,1,1,1986,27,27,27,27,27,27,27,27,27,27
200139,1,1,1986,1,1,1,1,1,1,1,1,1,1
200139,2,1,1986,0,0,0,0,0,0,0,0,0,0
200140,1,1,1986,0,0,0,13,0,0,0,0,0,0
200140,2,1,1986,0,0,0,0,0,0,0,0,20,0
200141,1,1,1986,20,20,20,20,20,20,20,20,20,20
200143,1,1,1986,7,0,0,0,0,0,0,0,0,0
200143,2,1,1986,0,0,0,0,0,0,0,0,0,0
200144,1,1,1986,11,0,19,3,13,0,14,36,15,0
200145,0,1,1986,0,0,0,0,0,0,20,0,0,0
200145,1,1,1986,0,0,0,0,0,0,0,0,0,0
200146,1,1,1986,0,0,0,0,0,0,0,0,0,0
200148,1,1,1986,9,9,9,9,9,9,9,9,9,9
200149,1,1,1986,0,14,0,0,0,0,0,0,0,14
200150,1,1,1986,0,10,0,10,0,0,13,13,14,0
200150,2,1,1986,0,4,0,0,14,24,0,0,9,0
200151,0,1,1986,7,16,26,18,16,6,14,17,15,9
200151,1,1,1986,23,17,17,6,14,4,11,2,13,22
200152,0,1,1986,27,27,27,27,27,27,27,27,27,27
200152,1,1,1986,0,0,0,0,0,0,0,0,0,0
200153,1,1,1986,0,0,0,0,16,3,0,0,0,16
200154,1,1,1986,27,27,27,27,27,27,27,27,27,27
200154,2,1,1986,14,14,14,14,14,14,14,14,14,14
200155,1,1,1986,0,0,0,0,0,0,0,0,0,0
200155,2,1,1986,0,0,0,0,0,0,0,0,0,0
200156,1,1,1986,0,0,0,0,0,0,0,0,0,0
200157,1,1,1986,0,0,0,0,0,0,0,0,0,0
200157,2,1,1986,0,0,0,0,0,0,0,0,0,0
200158,1,1,1986,12,12,12,12,12,12,12,12,12,12
200158,2,1,1986,0,0,0,0,12,12,0,0,0,0
200159,1,1,1986,0,9,13,16,23,0,34,17,14,21
200160,1,1,1986,53,53,53,53,53,53,53,53,53,53
200161,1,1,1986,15,15,15,15,15,15,15,15,15,15
200161,2,1,1986,15,15,15,15,15,15,15,15,15,15
200162,1,1,1986,15,15,15,15,15,15,15,15,15,15
200163,1,1,1986,0,0,0,0,0,0,0,0,0,0
200163,2,1,1986,0,0,0,0,0,0,0,0,0,0
200163,3,1,1986,0,0,0,0,0,0,0,0,0,0
200164,1,1,1986,0,0,0,0,0,0,0,0,0,0
200164,2,1,1986,0,0,0,0,0,17,0,8,0,0
200165,1,1,1986,0,0,0,0,0,0,0,18,0,0
200165,2,1,1986,2,2,2,2,2,2,2,2,2,2
200168,1,1,1986,14,0,23,22,38,8,13,7,14,10
200169,1,1,1986,25,25,25,25,25,25,25,25,25,25
200169,2,1,1986,0,0,0,0,9,0,0,0,11,0
200170,1,1,1986,0,0,0,0,0,0,0,0,0,0
200170,2,1,1986,0,0,0,0,0,0,0,0,0,0
200171,1,1,1986,3,0,0,0,0,0,12,0,0,0
200171,2,1,1986,0,0,0,0,0,0,0,0,0,0
200172,1,1,1986,10,0,0,0,0,0,12,29,0,0
200173,1,1,1986,14,10,9,10,0,13,32,9,11,12
200174,0,1,1986,0,0,17,11,0,0,0,0,0,0
200174,1,1,1986,0,0,0,0,0,0,0,10,0,0
200175,1,1,1986,4,4,4,4,4,4,4,4,4,4
200176,1,1,1986,0,0,0,0,0,12,0,0,0,0
200176,2,1,1986,21,21,21,21,21,21,21,21,21,21
200177,0,1,1986,13,0,0,0,35,0,0,10,17,0
200177,1,1,1986,5,0,0,6,0,0,0,5,11,0
200177,2,1,1986,0,2,0,0,0,0,0,0,0,0
200178,1,1,1986,0,0,0,0,0,0,0,0,0,0
200179,1,1,1986,0,12,0,19,12,5,0,0,0,9
200179,2,1,1986,0,0,0,0,0,0,6,0,0,0
200180,1,1,1986,14,14,14,14,14,14,14,14,14,14
200180,2,1,1986,0,0,0,0,0,0,0,0,0,0
200181,1,1,1986,13,0,22,0,0,0,0,0,0,0
200182,0,1,1986,22,21,15,12,16,22,17,29,20,12
200182,1,1,1986,0,10,0,18,23,24,19,0,0,12
200183,1,1,1986,20,20,20,20,20,20,20,20,20,20
200184,1,1,1986,0,0,0,0,0,0,0,0,0,0
200186,1,1,1986,16,16,16,16,16,16,16,16,16,16
200186,2,1,1986,0,0,0,12,0,0,0,21,0,0
200186,3,1,1986,0,0,0,0,0,0,0,0,0,0
200187,1,1,1986,0,0,0,0,14,0,11,27,0,0
200187,2,1,1986,0,8,0,0,7,0,0,0,0,0
200188,1,1,1986,0,0,0,0,0,0,0,0,0,0
200189,1,1,1986,9,9,9,9,9,9,9,9,9,9
200190,1,2,1986,0,0,0,13,0,0,0,14,13,0
200191,1,1,1986,17,34,23,8,11,0,27,0,3,6
200192,0,1,1986,0,25,7,0,0,0,0,0,0,0
200192,1,1,1986,0,0,0,0,0,0,0,0,0,0
200193,1,1,1986,6,0,0,0,0,0,0,0,0,0
200194,1,1,1986,6,6,6,6,6,6,6,6,6,6
200194,2,1,1986,0,0,0,0,0,0,0,0,0,0
200195,1,1,1986,7,17,25,24,25,8,17,16,14,14
200196,1,1,1986,26,26,26,26,26,26,26,26,26,26
200197,1,1,1986,0,0,0,0,0,0,0,0,0,0
200198,1,1,1986,16,16,16,16,16,16,16,16,16,16
200199,1,1,1986,8,8,8,8,8,8,8,8,8,8
200200,1,1,1986,26,26,26,26,26,26,26,26,26,26
200201,1,1,1986,0,0,0,0,0,0,0,0,0,0
200201,2,1,1986,1,1,1,1,1,1,1,1,1,1
200202,1,1,1986,1,1,1,1,1,1,1,1,1,1
200202,2,1,1986,0,0,0,0,0,0,0,0,0,15
200203,1,1,1986,7,8,17,3,19,8,4,23,16,6
200203,2,1,1986,19,21,12,14,17,8,31,10,8,18
200204,1,1,1986,12,12,12,12,12,12,12,12,12,12
200205,1,1,1986,0,0,0,0,0,0,0,0,0,0
200205,2,1,1986,0,15,0,0,0,18,0,0,0,2
200206,1,1,1986,0,0,0,0,0,0,0,0,2,0
200206,2,1,1986,20,20,20,20,20,20,20,20,20,20
200206,3,1,1986,0,14,9,0,0,19,0,0,0,0
200206,4,1,1986,0,0,0,0,0,0,0,0,0,0
200207,1,1,1986,13,12,0,0,0,7,20,12,7,0
200207,2,1,1986,0,0,0,0,0,0,0,0,0,0
200208,1,1,1986,0,0,0,0,0,0,0,0,0,0
200208,2,1,1986,0,14,0,0,0,0,0,0,0,0
200209,1,1,1986,17,17,17,17,17,17,17,17,17,17
200210,1,1,1986,0,0,0,0,0,0,0,0,0,0
200210,2,1,1986,0,0,0,0,0,0,0,0,0,0
200211,1,1,1986,15,0,0,0,0,0,0,0,0,0
200211,2,1,1986,9,19,27,13,30,23,25,16,20,13
200212,1,1,1986,0,0,0,0,0,0,0,0,0,0
200212,2,1,1986,0,0,0,0,0,0,0,0,0,0
200213,1,1,1986,22,29,12,19,10,25,17,6,21,8
200214,1,1,1986,0,0,0,0,0,0,0,0,0,0
200215,1,1,1986,23,23,23,23,23,23,23,23,23,23
200216,1,1,1986,1,1,1,1,1,1,1,1,1,1
200216,2,1,1986,8,8,8,8,8,8,8,8,8,8
200217,1,1,1986,6,0,0,0,0,0,0,0,0,0
200218,1,1,1986,20,23,16,4,18,19,9,11,11,17
200219,1,1,1986,0,0,0,0,0,0,0,0,0,0
200220,1,1,1986,24,24,24,24,24,24,24,24,24,24
200221,1,1,1986,0,0,0,0,0,0,0,0,0,0
200221,2,1,1986,0,0,0,25,0,0,0,0,0,0
200222,1,1,1986,0,0,0,0,0,0,0,0,0,0
200222,2,1,1986,0,0,0,0,0,0,0,0,0,0
200223,1,1,1986,0,0,0,0,0,0,0,0,0,0
200223,2,1,1986,34,34,34,34,34,34,34,34,34,34
200224,1,1,1986,0,0,0,0,0,0,8,29,0,0
200225,1,1,1986,0,0,0,0,0,0,0,0,0,0
200225,2,1,1986,44,17,27,19,7,14,0,17,19,11
200226,1,1,1986,0,9,0,0,2,0,0,0,0,0
200226,2,1,1986,21,21,21,21,21,21,21,21,21,21
200227,1,1,1986,0,0,0,0,0,0,0,0,0,0
200227,2,1,1986,0,0,0,0,21,0,0,0,0,0
200228,1,1,1986,0,11,0,0,0,0,0,0,0,0
200229,1,1,1986,0,0,0,0,0,0,0,0,0,0
200229,2,1,1986,0,0,0,0,0,0,0,0,0,0
200230,1,1,1986,0,0,0,0,0,0,0,0,0,0
200231,1,1,1986,0,0,0,0,0,0,0,0,0,0
200231,2,1,1986,0,0,0,0,0,0,0,0,0,0
200231,3,1,1986,0,16,26,0,0,0,0,0,0,0
200232,1,1,1986,0,0,0,17,0,0,0,0,13,0
200233,1,1,1986,0,20,0,0,0,0,0,3,0,9
200234,1,1,1986,0,0,0,0,0,0,0,0,0,0
200234,2,1,1986,0,0,0,0,0,0,0,0,0,0
200234,3,1,1986,0,0,0,0,0,0,0,0,0,0
200235,2,1,1986,18,13,26,0,9,6,0,0,12,0
200236,1,1,1986,26,26,26,26,26,26,26,26,26,26
200236,2,1,1986,0,0,0,0,0,0,0,0,0,0
200237,1,1,1986,0,0,0,0,8,0,0,0,0,0
200237,2,1,1986,34,11,15,24,6,29,18,16,13,24
200238,1,1,1986,23,23,23,23,23,23,23,23,23,23
200239,1,1,1986,19,19,19,19,19,19,19,19,19,19
200240,0,1,1986,0,0,0,0,0,0,0,0,0,0
200240,1,1,1986,0,0,0,0,0,0,0,0,0,0
200241,1,1,1986,0,0,0,0,0,0,0,0,0,0
200241,2,1,1986,0,0,0,0,0,0,0,0,0,0
200242,1,1,1986,0,0,0,0,0,0,0,0,0,0
200242,2,1,1986,0,0,0,0,0,0,0,0,0,0
200243,0,1,1986,0,0,0,0,0,0,0,0,0,0
200243,1,1,1986,0,0,0,0,0,0,0,0,6,0
200244,1,1,1986,13,13,13,13,13,13,13,13,13,13
200245,1,1,1986,0,5,0,0,0,0,0,0,0,0
200246,1,1,1986,20,20,20,20,20,20,20,20,20,20
200247,1,1,1986,4,4,4,4,4,4,4,4,4,4
200248,1,1,1986,0,0,0,0,0,0,0,0,0,0
200248,2,1,1986,15,15,15,15,15,15,15,15,15,15
200249,1,1,1986,26,18,21,11,13,13,25,7,14,8
200250,1,1,1986,14,14,14,14,14,14,14,14,14,14
200250,2,1,1986,0,0,0,0,0,0,5,0,0,0
200251,1,1,1986,0,0,0,0,0,0,0,0,0,0
200251,2,1,1986,0,0,0,0,0,0,0,0,0,0
200252,1,1,1986,0,0,0,0,0,0,0,0,0,0
200252,2,1,1986,0,0,0,0,0,0,0,0,0,0
200253,1,1,1986,0,0,0,0,0,0,0,0,0,0
200253,2,1,1986,0,0,0,0,0,0,0,0,0,0
200254,1,1,1986,0,6,0,0,0,0,0,0,0,0
200254,2,1,1986,0,0,0,0,0,0,0,0,0,0
200255,1,1,1986,0,0,0,11,0,2,0,0,0,0
200256,1,1,1986,0,0,0,0,0,0,0,23,0,0
200256,2,1,1986,0,0,0,0,0,0,0,0,0,0
200257,1,1,1986,18,18,18,18,18,18,18,18,18,18
200257,2,1,1986,8,0,0,0,0,0,0,0,0,0
200258,1,1,1986,0,0,0,0,0,0,0,0,0,0
200259,1,1,1986,27,16,14,25,19,19,22,6,10,30
200260,1,1,1986,13,0,0,15,0,0,0,0,0,0
200260,2,1,1986,19,20,40,0,23,9,0,0,0,0
200261,1,1,1986,16,16,16,16,16,16,16,16,16,16
200262,1,1,1986,15,15,15,15,15,15,15,15,15,15
200262,2,1,1986,0,0,0,0,8,0,0,16,0,0
200263,1,1,1986,3,18,8,12,15,6,12,9,20,15
200263,2,1,1986,22,22,22,22,22,22,22,22,22,22
200264,2,1,1986,0,0,0,0,6,0,0,0,0,0
200264,3,1,1986,0,0,0,0,0,0,0,0,0,0
200265,1,1,1986,0,0,0,0,0,0,0,0,0,0
200265,2,1,1986,0,0,0,0,0,14,0,0,0,0
200266,1,1,1986,20,20,20,20,20,20,20,20,20,20
200267,1,1,1986,0,0,0,0,0,0,0,0,4,0
200267,2,1,1986,0,12,0,0,0,0,0,0,0,0
200268,1,1,1986,0,0,0,0,0,0,0,0,0,0
200268,2,1,1986,18,18,18,18,18,18,18,18,18,18
200269,1,1,1986,0,0,0,30,17,0,12,0,0,0
200270,1,1,1986,0,0,0,0,0,0,0,0,0,0
200271,0,1,1986,0,19,20,9,24,27,17,25,14,9
200271,1,1,1986,19,13,13,0,0,4,0,0,0,0
200272,1,1,1986,0,0,0,0,0,0,0,0,0,0
200273,1,1,1986,0,0,0,0,0,0,0,0,0,0
200274,1,1,1986,0,0,0,0,0,0,0,0,0,0
200274,2,1,1986,4,1,0,0,0,0,0,9,5,0
200275,1,1,1986,0,24,0,0,0,16,28,24,21,17
200276,1,1,1986,0,0,0,0,0,0,0,0,0,0
200276,2,1,1986,0,0,0,0,0,0,0,0,0,0
200277,1,1,1986,28,28,28,28,28,28,28,28,28,28
200277,2,1,1986,0,8,0,0,0,0,0,11,0,0
200278,1,1,1986,0,0,0,0,16,0,0,0,0,0
200278,2,1,1986,8,8,8,8,8,8,8,8,8,8
200279,0,1,1986,0,19,20,19,15,53,9,6,25,11
200279,1,1,1986,30,30,30,30,30,30,30,30,30,30
200280,1,1,1986,0,0,0,0,0,0,0,15,0,0
200280,2,1,1986,29,29,29,29,29,29,29,29,29,29
200281,1,1,1986,34,34,34,34,34,34,34,34,34,34
200282,1,1,1986,3,3,3,3,3,3,3,3,3,3
200282,2,1,1986,0,0,0,0,0,0,0,0,0,0
200283,1,1,1986,14,14,14,14,14,14,14,14,14,14
200283,2,1,1986,0,0,0,0,0,0,0,0,0,0
200284,1,1,1986,11,11,11,11,11,11,11,11,11,11
200284,2,1,1986,0,0,0,0,0,0,0,0,0,0
200285,1,1,1986,0,0,0,0,0,0,0,0,0,0
200285,2,1,1986,0,0,0,0,0,0,0,0,0,0
200286,1,1,1986,0,0,0,0,0,0,0,0,0,0
200286,2,1,1986,13,0,4,0,0,0,0,0,0,0
200287,1,1,1986,0,0,0,0,0,0,0,0,0,0
200288,1,1,1986,0,0,0,0,9,0,0,0,0,0
200289,1,1,1986,11,21,3,18,25,27,15,16,9,29
200290,0,1,1986,29,29,29,29,29,29,29,29,29,29
200290,1,1,1986,4,11,23,33,38,16,8,16,0,24
200291,1,1,1986,0,0,0,0,2,0,0,0,0,9
200291,2,1,1986,0,0,0,0,0,0,0,0,0,0
200292,1,1,1986,26,26,26,26,26,26,26,26,26,26
200293,1,1,1986,0,0,0,0,0,0,0,0,0,0
200293,2,1,1986,0,0,0,0,0,0,0,0,0,0
200294,1,1,1986,0,0,0,0,0,0,0,0,0,0
200294,2,1,1986,0,0,0,0,0,0,0,0,0,0
200295,1,1,1986,0,0,0,0,0,0,0,4,0,0
200295,2,1,1986,16,0,0,21,0,0,0,0,0,0
200297,0,1,1986,19,19,19,19,19,19,19,19,19,19
200297,1,1,1986,0,0,0,0,0,0,8,0,0,8
200298,1,1,1986,16,16,16,16,16,16,16,16,16,16
200299,1,1,1986,0,0,0,0,8,0,0,0,0,0
200299,2,1,1986,0,0,0,0,0,0,0,0,0,0
200300,1,1,1986,0,0,0,0,0,0,0,0,0,0
200300,2,1,1986,0,0,0,0,0,0,0,0,0,0
200301,1,1,1986,0,0,0,0,0,0,0,0,0,0
200301,2,1,1986,0,0,0,0,0,0,0,0,0,0
200302,1,1,1986,0,0,0,0,0,0,0,0,0,0
200302,2,1,1986,0,0,0,0,0,0,0,0,0,0
200303,1,1,1986,0,0,0,0,0,0,0,0,0,0
200304,1,1,1986,19,0,0,0,0,0,20,0,11,29
200304,2,1,1986,0,0,0,0,0,0,0,0,0,0
200305,1,1,1986,16,16,16,16,16,16,16,16,16,16
200305,2,1,1986,0,17,0,0,0,0,0,0,0,0
200306,1,1,1986,0,0,0,0,0,0,0,0,0,0
200306,2,1,1986,2,0,0,0,0,0,0,11,0,0
200307,1,1,1986,13,13,13,13,13,13,13,13,13,13
200307,2,1,1986,24,24,24,24,24,24,24,24,24,24
200308,1,1,1986,0,0,0,0,0,13,0,0,0,0
200308,2,1,1986,0,0,0,0,0,0,0,0,0,0
200309,1,1,1986,0,0,0,0,0,0,0,0,0,0
200310,1,1,1986,17,17,17,17,17,17,17,17,17,17
200311,1,1,1986,18,18,18,18,18,18,18,18,18,18
200312,1,1,1986,0,0,0,0,3,0,0,0,7,0
200313,1,1,1986,0,0,0,0,0,0,0,0,6,0
200313,2,1,1986,0,0,0,0,0,0,0,0,0,0
200314,1,1,1986,0,0,0,0,0,0,0,0,0,0
200314,2,1,1986,20,20,20,20,20,20,20,20,20,20
200315,1,1,1986,17,17,17,17,17,17,17,17,17,17
200315,2,1,1986,12,12,12,12,12,12,12,12,12,12
200316,1,1,1986,0,0,0,0,0,0,0,0,0,0
200317,1,1,1986,0,0,0,0,0,0,0,0,0,0
200317,2,1,1986,25,25,25,25,25,25,25,25,25,25
200318,1,1,1986,9,9,9,9,9,9,9,9,9,9
200319,1,1,1986,0,0,0,0,0,0,0,0,0,0
200319,2,1,1986,0,0,0,0,0,0,0,0,0,0
200320,1,1,1986,15,23,15,0,37,37,13,7,0,15
200320,2,1,1986,0,0,0,0,0,0,0,0,0,0
200321,1,1,1986,13,13,13,13,13,13,13,13,13,13
200322,1,1,1986,0,0,0,0,0,0,0,0,0,0
200322,2,1,1986,3,3,3,3,3,3,3,3,3,3
200323,1,1,1986,14,14,14,14,14,14,14,14,14,14
200324,0,1,1986,0,0,0,0,0,0,0,0,0,0
200324,1,1,1986,6,6,6,6,6,6,6,6,6,6
200325,0,1,1986,0,21,22,0,0,0,0,0,0,0
200325,1,1,1986,0,0,0,0,0,0,3,0,0,0
200326,1,1,1986,0,10,0,0,0,0,0,0,0,0
200326,2,1,1986,0,0,0,0,0,0,0,0,0,0
200327,0,1,1986,11,10,16,11,21,17,19,15,23,0
200327,1,1,1986,10,0,18,0,0,0,0,0,18,13
200328,1,1,1986,0,0,0,0,0,0,0,12,0,0
200328,2,1,1986,0,0,0,0,0,0,0,0,0,0
200329,1,1,1986,4,4,4,4,4,4,4,4,4,4
200329,2,1,1986,31,31,31,31,31,31,31,31,31,31
200330,1,1,1986,16,15,0,0,11,15,17,27,0,25
200331,1,1,1986,1,1,1,1,1,1,1,1,1,1
200332,0,1,1986,0,27,0,18,0,8,0,0,0,0
200332,1,1,1986,16,16,16,16,16,16,16,16,16,16
200332,2,1,1986,0,0,0,0,0,0,0,0,10,0
200333,1,1,1986,26,26,26,26,26,26,26,26,26,26
200334,1,1,1986,0,0,0,0,0,0,0,0,0,0
200334,2,1,1986,0,0,0,0,0,0,0,9,0,0
200335,1,1,1986,8,0,13,0,0,21,13,13,8,0
200336,1,1,1986,16,16,16,16,16,16,16,16,16,16
200337,1,1,1986,27,19,16,16,13,19,18,14,39,28
200337,2,1,1986,0,0,0,0,0,0,0,0,0,0
200338,0,1,1986,20,20,20,20,20,20,20,20,20,20
200338,1,1,1986,0,0,0,0,0,0,0,0,0,0
200340,1,1,1986,29,29,29,29,29,29,29,29,29,29
200340,2,1,1986,19,19,19,19,19,19,19,19,19,19
200341,0,1,1986,31,31,31,31,31,31,31,31,31,31
200341,1,1,1986,0,18,0,0,15,0,0,4,0,7
200342,0,1,1986,0,0,0,0,0,0,0,0,0,0
200342,0,2,1986,40,0,17,29,12,25,28,12,22,17
200342,1,1,1986,0,0,0,0,0,0,0,0,0,0
200343,0,1,1986,0,0,0,0,0,0,0,0,0,0
200343,1,1,1986,0,0,0,0,0,0,0,0,0,0
200343,2,1,1986,0,0,0,0,0,0,0,0,0,0
200344,0,1,1986,4,0,0,0,0,0,0,0,10,0
200344,1,1,1986,0,0,0,0,0,0,0,0,0,0
200345,1,1,1986,0,0,0,0,0,0,0,0,9,0
200346,1,1,1986,5,11,13,7,0,30,21,0,0,11
200346,2,1,1986,23,11,25,24,49,14,0,6,30,32
200346,3,1,1986,12,10,15,28,0,23,12,0,0,0
200347,1,1,1986,24,0,30,14,25,23,32,21,15,10
200348,1,1,1986,0,0,0,0,0,0,0,0,0,0
200348,2,1,1986,0,0,0,0,0,0,0,0,0,0
200349,1,1,1986,12,12,12,12,12,12,12,12,12,12
200350,0,1,1986,19,19,19,19,19,19,19,19,19,19
200350,1,1,1986,0,0,0,0,0,0,0,0,0,9
200352,1,1,1986,0,0,6,0,0,0,0,0,0,0
200353,1,1,1986,0,0,0,0,0,0,0,0,0,0