ST_CASE,VEH_NO,PER_NO,YEAR,P1,P2,P3,P4,P5,P6,P7,P8,P9,P10
210537,1,1,1986,19,19,19,19,19,19,19,19,19,19
210537,2,1,1986,0,0,0,0,0,0,0,0,0,0
210538,1,1,1986,21,21,21,21,21,21,21,21,21,21
210539,1,1,1986,11,11,11,11,11,11,11,11,11,11
210539,2,1,1986,12,12,12,12,12,12,12,12,12,12
210540,1,1,1986,0,0,0,0,0,0,0,0,0,0
210540,2,1,1986,0,0,0,0,0,0,0,0,0,0
210540,3,1,1986,0,0,0,0,0,0,0,0,0,0
210541,1,1,1986,0,0,31,0,0,0,0,0,0,0
210542,1,1,1986,24,24,24,24,24,24,24,24,24,24
210543,1,1,1986,24,24,24,24,24,24,24,24,24,24
210544,1,1,1986,13,13,13,13,13,13,13,13,13,13
210545,1,1,1986,0,0,0,0,0,0,0,0,0,0
210545,2,1,1986,0,0,0,0,0,0,0,0,0,0
210546,1,1,1986,0,0,0,0,0,0,0,0,0,0
210546,2,1,1986,0,0,0,0,11,0,0,0,0,0
210547,1,1,1986,10,20,17,24,8,2,12,10,18,5
210547,2,1,1986,0,8,0,8,9,0,0,0,0,0
210548,0,1,1986,0,0,0,0,0,0,0,0,0,0
210548,1,1,1986,1,1,1,1,1,1,1,1,1,1
210548,2,1,1986,0,0,0,0,0,0,0,0,0,0
210549,1,1,1986,0,0,0,16,7,2,0,23,8,0
210550,0,1,1986,0,0,0,0,0,0,0,0,0,0
210550,1,1,1986,0,0,13,7,23,18,0,0,17,20
210551,1,1,1986,11,11,11,11,11,11,11,11,11,11
210552,1,1,1986,6,6,6,6,6,6,6,6,6,6
210553,1,1,1986,35,35,35,35,35,35,35,35,35,35
210554,1,1,1986,8,8,8,8,8,8,8,8,8,8
210555,0,1,1986,11,0,0,0,0,0,0,0,0,0
210555,1,1,1986,0,0,0,0,0,0,0,0,0,0
210556,1,1,1986,0,0,0,0,0,0,0,0,0,0
210556,2,1,1986,0,0,0,0,0,0,0,0,0,0
210557,1,1,1986,0,0,0,0,0,0,0,0,0,0
210557,2,1,1986,0,0,2,0,0,0,0,0,0,0
210557,3,1,1986,0,0,0,0,0,0,0,0,0,0
210558,1,1,1986,0,0,0,0,0,0,0,0,0,0
210559,1,1,1986,22,22,22,22,22,22,22,22,22,22
210559,2,1,1986,0,0,0,0,0,0,0,0,0,0
210560,1,1,1986,0,0,0,0,0,0,0,0,0,0
210561,1,1,1986,11,29,14,24,16,31,31,21,13,21
210562,1,1,1986,10,10,10,10,10,10,10,10,10,10
210562,2,1,1986,0,0,0,0,0,0,0,0,0,0
210563,1,1,1986,0,0,0,0,0,0,0,0,0,0
210563,2,1,1986,0,0,0,0,0,0,0,0,17,0
210564,0,1,1986,0,0,0,0,0,0,0,0,5,0
210564,1,1,1986,0,0,0,0,0,0,0,0,0,0
210565,1,1,1986,3,3,3,3,3,3,3,3,3,3
210565,2,1,1986,0,0,0,0,0,0,0,0,0,0
210566,1,1,1986,21,21,21,21,21,21,21,21,21,21
210567,1,1,1986,0,0,0,0,0,0,0,0,0,0
210568,1,1,1986,0,0,0,0,0,0,0,0,0,0
210569,1,1,1986,0,0,0,0,0,0,0,0,0,0
210570,0,1,1986,0,0,0,0,0,12,0,0,0,21
210570,1,1,1986,0,0,0,0,0,0,0,0,15,0
210571,1,1,1986,10,10,10,10,10,10,10,10,10,10
210571,2,1,1986,0,0,0,0,0,0,0,0,0,0
210571,3,1,1986,15,15,15,15,15,15,15,15,15,15
210571,4,1,1986,0,0,0,0,0,0,0,0,0,0
210572,0,1,1986,0,0,0,0,0,0,0,0,0,0
210572,1,1,1986,0,0,0,0,0,0,0,0,0,0
210573,0,1,1986,0,0,0,0,0,0,0,0,0,0
210573,1,1,1986,0,6,0,14,0,0,0,0,0,0
210574,1,1,1986,22,22,22,22,22,22,22,22,22,22
210575,1,1,1986,0,0,0,0,0,0,0,0,0,0
210576,1,1,1986,12,0,0,0,0,0,0,0,0,0
210577,1,1,1986,0,0,0,0,0,0,0,0,0,0
210577,2,1,1986,0,0,0,0,0,0,0,0,0,0
210578,1,1,1986,0,0,0,0,0,0,0,0,0,0
210578,2,1,1986,0,0,0,0,0,0,0,0,0,0
210579,0,1,1986,9,0,0,0,12,0,23,0,0,0
210579,1,1,1986,0,0,0,0,0,0,0,0,0,0
210580,1,1,1986,25,25,25,25,25,25,25,25,25,25
210581,1,1,1986,24,24,24,24,24,24,24,24,24,24
210582,1,1,1986,0,0,0,0,0,0,0,0,0,0
210583,1,1,1986,25,25,25,25,25,25,25,25,25,25
210584,1,1,1986,20,20,20,20,20,20,20,20,20,20
210585,1,1,1986,36,36,36,36,36,36,36,36,36,36
210586,1,1,1986,0,0,0,0,0,0,0,0,0,0
210587,1,1,1986,28,28,28,28,28,28,28,28,28,28
210588,1,1,1986,14,0,0,0,0,0,6,0,0,8
210589,1,1,1986,0,0,0,0,0,0,0,0,0,0
210589,2,1,1986,0,0,0,0,0,0,0,0,0,0
210590,1,1,1986,0,0,0,0,0,0,0,0,0,0
210590,2,1,1986,0,0,0,0,0,0,0,0,0,0
210591,1,1,1986,0,0,0,0,0,0,0,0,0,0
210591,2,1,1986,0,0,0,0,0,0,0,0,0,0
210592,0,1,1986,0,0,0,0,0,0,0,0,0,0
210592,1,1,1986,0,0,0,0,0,0,0,0,0,0
210593,1,1,1986,14,14,14,14,14,14,14,14,14,14
210594,1,1,1986,0,0,0,0,0,0,0,0,0,0
210595,1,1,1986,25,22,29,40,7,27,24,36,38,15
210596,1,1,1986,5,5,5,5,5,5,5,5,5,5
210597,1,1,1986,18,18,18,18,18,18,18,18,18,18
210598,1,1,1986,20,20,20,20,20,20,20,20,20,20
210599,1,1,1986,23,23,23,23,23,23,23,23,23,23
210600,0,1,1986,0,0,0,0,0,0,0,0,0,0
210600,1,1,1986,0,19,0,0,0,11,0,0,10,20
210602,1,1,1986,17,17,17,17,17,17,17,17,17,17
210602,2,1,1986,0,0,0,0,0,0,0,0,0,0
210603,1,1,1986,0,0,0,0,0,0,0,0,0,0
210603,2,1,1986,0,0,0,0,0,0,0,0,0,0
210604,1,1,1986,0,0,0,0,0,0,0,7,0,0
210605,1,1,1986,23,23,23,23,23,23,23,23,23,23
210606,1,1,1986,0,15,0,0,0,18,31,19,0,0
210607,1,1,1986,11,11,11,11,11,11,11,11,11,11
210607,2,1,1986,0,0,0,0,0,3,0,0,23,0
210608,1,1,1986,0,0,0,0,0,0,0,0,0,0
210609,0,1,1986,0,0,0,0,0,0,0,0,0,0
210609,1,1,1986,0,0,0,0,0,0,0,0,0,0
210610,1,1,1986,0,0,0,0,0,0,0,0,0,0
210610,2,1,1986,0,0,0,0,0,0,14,0,0,28
210611,1,1,1986,10,10,10,10,10,10,10,10,10,10
210611,2,1,1986,0,0,0,0,0,0,0,0,0,8
210612,1,1,1986,18,18,18,18,18,18,18,18,18,18
210613,1,1,1986,12,12,12,12,12,12,12,12,12,12
210614,1,1,1986,0,0,0,0,0,0,0,0,0,0
210614,2,1,1986,0,0,0,0,0,0,0,0,0,0
210615,1,1,1986,0,0,0,8,0,0,0,14,0,0
210615,2,1,1986,0,0,7,0,0,0,0,0,13,0
210616,1,1,1986,0,0,0,0,0,0,0,0,0,0
210617,0,1,1986,0,0,0,0,0,0,0,0,0,0
210617,1,1,1986,0,0,0,0,0,0,0,0,0,0
210618,1,1,1986,0,0,0,0,0,0,0,0,0,0
210619,1,1,1986,31,31,31,31,31,31,31,31,31,31
210619,2,1,1986,0,0,0,0,0,0,0,0,0,0
210620,1,1,1986,21,21,21,21,21,21,21,21,21,21
210621,1,1,1986,9,9,9,9,9,9,9,9,9,9
210622,1,1,1986,0,0,0,0,0,0,0,0,0,0
210622,2,1,1986,1,1,1,1,1,1,1,1,1,1
210623,1,1,1986,17,17,17,17,17,17,17,17,17,17
210624,1,1,1986,22,22,22,22,22,22,22,22,22,22
210625,1,1,1986,0,0,0,0,0,0,0,0,0,0
210626,1,1,1986,12,12,12,12,12,12,12,12,12,12
210626,2,1,1986,0,0,0,0,0,0,0,0,0,0
210627,0,1,1986,0,0,0,0,0,0,0,0,0,0
210627,0,2,1986,21,27,15,0,18,21,30,33,0,0
210627,1,1,1986,0,0,0,0,0,0,0,0,0,0
210628,1,1,1986,0,0,0,0,0,0,0,0,0,0
210629,0,1,1986,0,0,0,0,0,0,6,0,0,0
210629,1,1,1986,0,0,0,0,0,0,0,0,0,0
210630,1,1,1986,0,0,5,0,0,0,0,0,0,9
210631,1,1,1986,0,0,6,16,0,8,7,0,10,13
210631,2,1,1986,0,0,0,0,0,0,0,0,0,0
210632,0,1,1986,0,0,12,29,0,0,0,0,0,15
210632,0,2,1986,0,0,12,0,0,0,0,0,0,0
210632,1,1,1986,0,0,0,0,0,0,0,0,0,12
210633,1,1,1986,0,0,0,0,0,0,0,0,0,0
210633,2,1,1986,0,0,0,0,0,0,0,0,0,0
210633,3,1,1986,0,0,0,0,0,0,9,0,0,0
210633,4,1,1986,0,0,0,0,0,0,0,0,0,0
210634,1,1,1986,27,27,27,27,27,27,27,27,27,27
210635,2,1,1986,28,26,0,0,0,0,0,0,0,11
210635,3,1,1986,0,0,0,0,0,0,0,0,0,0
210636,1,1,1986,0,0,0,0,0,0,0,0,0,0
210636,2,1,1986,0,0,0,0,0,0,0,0,0,0
210637,1,1,1986,0,0,0,0,0,0,0,0,0,0
210637,2,1,1986,0,0,0,0,0,0,0,0,0,0
210638,0,1,1986,0,0,0,0,0,0,0,0,0,0
210638,0,2,1986,0,0,0,0,0,0,0,0,0,0
210638,1,1,1986,0,0,0,0,16,0,0,0,0,0
210639,1,1,1986,21,44,10,0,24,11,11,15,13,20
210640,0,1,1986,0,0,0,0,0,0,0,0,0,0
210640,1,1,1986,0,0,0,0,0,0,0,0,0,0
210641,1,1,1986,10,10,10,10,10,10,10,10,10,10
210642,1,1,1986,16,16,16,16,16,16,16,16,16,16
210643,1,1,1986,11,0,0,12,0,8,0,17,0,0
210644,1,1,1986,0,0,0,0,0,0,0,0,0,0
210644,2,1,1986,0,0,0,0,0,0,0,0,0,0
210644,3,1,1986,0,0,0,8,0,0,0,0,0,10
210645,1,1,1986,10,10,10,10,10,10,10,10,10,10
210646,1,1,1986,14,14,14,14,14,14,14,14,14,14
210647,1,1,1986,24,24,24,24,24,24,24,24,24,24
210648,1,1,1986,17,17,17,17,17,17,17,17,17,17
210649,0,1,1986,35,35,35,35,35,35,35,35,35,35
210649,1,1,1986,0,0,0,0,0,0,0,0,0,0
210650,1,1,1986,37,37,37,37,37,37,37,37,37,37
210651,1,1,1986,11,11,11,11,11,11,11,11,11,11
210652,0,1,1986,0,0,0,0,0,0,0,0,0,0
210652,1,1,1986,0,0,0,0,0,0,0,0,0,0
210653,1,1,1986,0,0,0,0,0,0,0,0,0,0
210653,2,1,1986,0,0,0,0,0,0,0,0,0,0
210654,1,1,1986,17,0,0,0,8,11,0,0,0,0
210654,2,1,1986,0,0,0,0,0,0,0,0,0,0
210655,1,1,1986,21,0,20,0,9,0,0,14,14,0
210656,1,1,1986,16,16,16,16,16,16,16,16,16,16
210657,1,1,1986,0,4,0,0,0,0,0,0,0,0
210657,2,1,1986,0,0,0,0,0,0,0,0,0,18
210658,1,1,1986,0,0,0,0,17,0,0,6,0,0
210658,2,1,1986,0,0,0,0,0,0,0,0,0,0
210659,1,1,1986,22,22,22,22,22,22,22,22,22,22
210659,2,1,1986,0,0,0,0,0,0,0,0,0,0
210660,1,1,1986,0,0,0,0,0,0,0,0,0,0
210660,2,1,1986,0,0,0,0,0,0,0,0,0,0
210661,1,1,1986,23,0,30,17,8,13,0,34,0,16
210662,1,1,1986,0,0,0,0,0,0,0,0,0,0
210662,2,1,1986,0,0,0,0,0,0,0,0,0,0
210663,1,1,1986,24,24,24,24,24,24,24,24,24,24
210664,1,1,1986,0,0,0,0,0,0,0,0,0,0
210665,1,1,1986,0,0,0,0,0,0,0,0,0,0
210666,1,1,1986,0,0,0,0,0,0,0,0,0,0
210666,2,1,1986,0,0,0,0,0,0,0,0,0,0
210667,1,1,1986,26,26,26,26,26,26,26,26,26,26
210668,1,1,1986,0,0,0,0,0,0,0,0,0,0
210668,2,1,1986,0,0,0,0,0,0,0,0,0,0
210669,1,1,1986,0,0,0,0,0,0,0,0,0,0
210669,2,1,1986,0,0,0,0,0,0,0,0,0,0
210669,3,1,1986,0,0,4,0,0,0,0,0,0,0
210669,4,1,1986,0,0,0,0,0,0,0,0,0,0
210669,5,1,1986,0,0,0,0,0,0,0,0,0,0
210669,6,1,1986,0,0,0,0,0,0,0,0,0,0
210670,1,1,1986,33,33,33,33,33,33,33,33,33,33
210670,2,1,1986,28,0,0,0,0,0,0,0,0,0
210671,1,1,1986,0,0,0,0,0,0,0,0,0,0
210671,2,1,1986,0,0,0,0,0,0,0,0,0,0
210672,1,1,1986,0,0,0,0,0,0,0,0,0,0
210672,2,1,1986,0,0,0,0,0,0,0,0,0,0
210673,1,1,1986,7,7,7,7,7,7,7,7,7,7
210674,1,1,1986,0,0,0,0,0,0,0,0,0,0
210674,2,1,1986,0,0,0,0,0,0,0,0,0,0
210675,0,1,1986,0,0,0,0,0,0,0,0,0,0
210675,0,2,1986,0,0,0,0,0,0,0,0,0,0
210675,0,3,1986,0,0,0,0,0,0,0,0,0,0
210675,1,1,1986,6,6,6,6,6,6,6,6,6,6
210676,1,1,1986,22,22,22,22,22,22,22,22,22,22
210677,1,1,1986,0,0,0,0,0,0,0,0,0,0
210677,2,1,1986,0,0,0,0,0,0,0,0,0,0
210678,1,1,1986,0,0,0,0,0,0,0,0,7,0
210679,0,1,1986,0,0,0,0,0,0,0,0,0,0
210679,1,1,1986,14,14,14,14,14,14,14,14,14,14
210680,1,1,1986,0,0,0,0,0,0,0,0,0,0
210681,0,1,1986,4,0,13,0,0,0,0,0,7,0
210681,1,1,1986,18,0,0,0,0,0,0,0,0,10
210682,1,1,1986,38,38,38,38,38,38,38,38,38,38
210683,0,1,1986,0,0,0,0,0,0,0,0,0,0
210683,1,1,1986,0,0,0,0,0,0,0,0,0,0
210684,1,1,1986,0,0,0,0,0,0,0,0,0,0
210685,1,1,1986,8,8,8,8,8,8,8,8,8,8
210686,1,1,1986,8,13,18,11,0,34,36,15,0,29
210687,1,1,1986,0,0,0,0,0,0,0,0,0,0
210688,1,1,1986,0,0,0,0,0,0,0,0,0,0
210688,2,1,1986,0,0,0,0,0,0,0,0,0,0
210689,1,1,1986,12,18,16,5,2,12,28,17,24,16
210690,1,1,1986,6,6,6,6,6,6,6,6,6,6
210690,2,1,1986,6,6,6,6,6,6,6,6,6,6
210691,1,1,1986,0,0,0,0,0,0,0,0,0,0
210692,1,1,1986,0,0,0,0,0,0,0,0,0,0
210692,2,1,1986,0,0,0,0,0,0,0,0,0,0
210693,1,1,1986,17,17,17,17,17,17,17,17,17,17
210694,1,1,1986,0,0,0,0,0,0,0,0,0,23
210694,2,1,1986,15,15,15,15,15,15,15,15,15,15
210695,1,1,1986,0,0,0,0,0,0,0,0,0,0
210696,0,1,1986,4,0,16,0,0,0,0,0,0,0
210696,1,1,1986,0,0,0,0,0,0,0,0,0,0
210697,1,1,1986,0,0,0,13,0,11,0,0,0,0
210698,0,1,1986,0,0,0,0,0,0,0,0,0,0
210698,1,1,1986,0,0,0,0,0,0,0,0,0,0
210699,1,1,1986,24,24,24,24,24,24,24,24,24,24
210700,1,1,1986,11,0,0,0,0,0,0,0,0,0
210701,1,1,1986,0,6,0,0,0,0,0,0,0,0
210701,2,1,1986,0,0,0,0,2,0,0,0,0,0
210702,1,1,1986,13,13,13,13,13,13,13,13,13,13
210703,1,1,1986,0,0,0,0,0,0,0,0,0,0
210703,2,1,1986,0,0,0,0,0,0,0,0,14,0
210704,1,1,1986,0,0,0,0,0,0,0,0,0,0
210704,2,1,1986,0,0,0,0,0,0,0,0,0,0
210705,1,1,1986,17,17,17,17,17,17,17,17,17,17
210706,0,1,1986,0,0,0,0,0,0,0,0,0,0
210706,1,1,1986,0,0,0,0,0,0,0,0,0,0
210707,1,1,1986,0,0,0,0,0,14,8,0,0,0
210707,2,1,1986,0,0,0,0,0,0,0,0,0,0
210708,1,1,1986,17,17,17,17,17,17,17,17,17,17
210709,1,1,1986,0,0,0,0,0,0,0,0,0,0
210709,2,1,1986,0,0,0,0,0,0,0,0,0,0
210710,1,1,1986,0,0,0,0,0,0,0,0,0,0
210710,2,1,1986,0,0,0,0,0,0,0,0,0,0
210711,1,1,1986,0,0,0,0,0,0,0,0,0,0
210712,1,1,1986,14,14,14,14,14,14,14,14,14,14
210712,2,1,1986,0,0,0,0,0,0,0,0,0,0
210713,1,1,1986,7,7,7,7,7,7,7,7,7,7
210714,1,1,1986,17,17,17,17,17,17,17,17,17,17
210715,0,1,1986,19,19,19,19,19,19,19,19,19,19
210715,1,1,1986,0,13,0,0,0,0,0,0,0,0
210716,0,1,1986,0,0,0,0,0,0,0,0,0,0
210716,1,1,1986,0,0,0,0,0,0,0,0,0,0
210717,1,1,1986,14,14,14,14,14,14,14,14,14,14
210717,2,1,1986,0,0,0,0,0,0,0,0,0,0
210718,1,1,1986,0,0,0,0,0,0,0,0,0,0
210719,0,1,1986,0,32,0,0,0,0,0,0,0,10
210719,1,1,1986,12,0,0,0,0,17,0,0,0,0
210720,1,1,1986,0,0,0,0,0,0,0,0,0,0
210720,2,1,1986,0,0,0,0,0,0,0,0,0,0
210720,3,1,1986,0,0,0,12,0,0,0,0,14,0
210721,1,1,1986,0,0,0,0,0,0,0,0,0,0
210721,2,1,1986,0,0,0,0,0,0,0,0,0,0
210722,0,1,1986,4,0,27,0,41,0,0,0,0,0
210722,0,2,1986,0,0,0,0,0,0,0,0,0,0
210722,1,1,1986,0,0,0,0,0,0,0,0,0,0
210723,1,1,1986,14,14,14,14,14,14,14,14,14,14
210724,1,1,1986,0,0,0,0,0,0,0,0,0,0
210725,1,1,1986,0,0,0,0,0,0,0,0,0,0
210725,2,1,1986,0,0,0,0,0,0,0,0,0,0
210726,1,1,1986,0,0,15,0,0,0,0,0,0,0
210726,2,1,1986,0,0,0,0,0,0,0,0,0,0
210727,1,1,1986,0,0,0,0,0,0,0,0,0,0
210728,1,1,1986,33,33,33,33,33,33,33,33,33,33
210728,2,1,1986,0,0,0,0,0,0,0,0,0,0
210730,1,1,1986,0,0,0,0,0,0,0,0,0,0
210730,2,1,1986,0,0,0,0,0,0,0,0,0,0
210730,3,1,1986,0,0,17,0,0,0,0,0,0,0
210731,1,1,1986,10,10,10,10,10,10,10,10,10,10
210731,2,1,1986,0,0,0,0,0,0,0,0,0,0
210732,1,1,1986,0,0,0,0,0,0,0,0,0,0
210733,1,1,1986,0,0,0,0,0,0,0,0,0,0
210734,1,1,1986,23,23,23,23,23,23,23,23,23,23
210735,1,1,1986,21,21,21,21,21,21,21,21,21,21
210736,1,1,1986,0,0,0,0,0,0,0,0,0,0
210736,2,1,1986,0,0,0,0,0,0,0,0,0,0
210737,1,1,1986,0,0,0,0,0,0,0,0,0,0
210737,2,1,1986,0,0,0,0,0,0,0,0,0,0
210738,1,1,1986,18,18,18,18,18,18,18,18,18,18
210739,1,1,1986,0,0,0,0,0,0,0,0,0,0
210739,2,1,1986,0,0,0,0,0,0,0,0,0,0
210740,1,1,1986,0,0,0,0,0,0,0,0,0,0
210740,2,1,1986,0,0,0,0,0,0,0,0,0,0
210741,1,1,1986,0,0,0,0,0,0,0,0,0,0
210742,1,1,1986,0,0,0,0,0,0,0,0,0,0
210742,2,1,1986,0,0,0,0,0,0,0,0,13,0
210746,1,1,1986,15,15,15,15,15,15,15,15,15,15
210746,2,1,1986,0,0,0,0,0,0,0,0,0,0
210746,3,1,1986,0,0,0,0,0,0,0,0,0,0
220001,1,1,1986,13,13,13,13,13,13,13,13,13,13
220002,1,1,1986,16,27,0,0,8,20,0,0,0,29
220002,2,1,1986,0,0,0,0,0,0,13,0,0,0
220003,1,1,1986,0,0,0,0,0,0,0,0,0,0
220003,2,1,1986,0,0,0,0,0,0,0,0,0,0
220004,1,1,1986,31,16,24,25,21,24,36,26,0,29
220005,1,1,1986,0,18,0,12,0,9,0,9,0,12
220006,0,1,1986,0,0,0,0,0,0,0,0,0,0
220006,1,1,1986,0,0,0,0,0,0,0,0,0,0
220007,1,1,1986,0,0,0,0,0,0,0,0,0,0
220007,2,1,1986,0,0,0,0,16,0,0,0,0,0
220008,1,1,1986,0,0,0,0,0,0,0,0,0,0
220008,2,1,1986,0,0,0,0,0,0,0,0,0,0
220009,1,1,1986,19,19,19,19,19,19,19,19,19,19
220009,2,1,1986,0,0,0,0,0,0,0,0,0,0
220009,3,1,1986,0,0,0,0,0,0,0,0,0,0
220010,0,1,1986,0,4,0,0,0,0,6,0,0,0
220010,0,2,1986,15,0,0,0,0,5,17,0,0,0
220010,1,1,1986,17,17,17,17,17,17,17,17,17,17
220010,2,1,1986,0,0,0,7,14,5,0,5,14,13
220011,1,1,1986,0,5,0,0,9,0,0,0,0,0
220012,1,1,1986,0,0,0,0,15,0,0,0,0,13
220013,1,1,1986,16,11,27,27,21,19,16,27,22,38
220014,1,1,1986,9,9,14,10,9,0,24,0,0,0
220014,2,1,1986,0,0,0,0,0,0,0,0,0,7
220015,1,1,1986,7,23,21,39,28,27,16,5,3,10
220015,2,1,1986,14,0,13,0,0,7,9,0,14,0
220016,0,1,1986,21,0,0,0,0,0,0,0,0,12
220016,1,1,1986,0,0,0,0,0,0,0,0,0,0
220017,1,1,1986,0,0,0,0,0,0,0,0,0,0
220018,1,1,1986,17,27,15,20,30,19,29,25,31,23
220019,1,1,1986,6,0,0,0,0,9,0,0,14,0
220019,2,1,1986,12,0,11,0,0,19,0,0,15,0
220020,1,1,1986,19,35,12,12,21,20,0,23,0,0
220021,0,1,1986,0,0,0,0,0,0,0,0,0,0
220021,1,1,1986,4,4,4,4,4,4,4,4,4,4
220022,1,1,1986,0,0,0,0,0,0,0,13,0,0
220022,2,1,1986,0,0,0,0,0,0,0,0,0,0
220023,1,1,1986,6,6,6,6,6,6,6,6,6,6
220024,1,1,1986,0,0,0,0,0,0,0,0,0,0
220024,2,1,1986,0,0,7,0,0,0,0,0,0,0
220025,1,1,1986,20,23,9,8,12,9,26,0,16,28
220026,1,1,1986,14,18,19,25,18,18,14,15,21,18
220026,2,1,1986,0,15,15,16,0,21,0,10,12,0
220027,0,1,1986,18,25,34,0,0,10,0,17,0,25
220027,1,1,1986,0,0,0,0,0,0,0,0,0,0
220028,1,1,1986,0,0,0,0,0,0,0,0,0,0
220029,1,1,1986,0,15,23,23,18,26,19,16,12,35
220030,1,1,1986,0,12,33,0,23,14,19,0,6,4
220031,1,1,1986,0,0,0,0,0,17,0,19,7,0
220031,2,1,1986,4,0,6,0,0,20,14,0,0,0
220032,0,1,1986,0,38,6,14,16,18,20,32,21,25
220032,1,1,1986,6,0,0,29,22,26,0,29,4,0
220033,1,1,1986,29,0,8,3,11,19,21,11,14,2
220034,1,1,1986,0,0,0,0,0,0,0,0,0,0
220035,1,1,1986,0,0,0,0,0,0,0,0,0,0
220035,2,1,1986,0,18,10,0,0,9,8,9,0,0
220036,1,1,1986,0,0,0,0,0,0,0,0,0,0
220037,1,1,1986,0,0,0,0,0,0,0,0,0,0
220038,1,1,1986,17,20,6,18,16,19,24,30,10,7
220038,2,1,1986,0,0,0,17,0,0,33,0,0,0
220039,0,1,1986,7,7,7,7,7,7,7,7,7,7
220039,1,1,1986,0,0,0,0,0,0,0,0,0,0
220040,1,1,1986,8,0,0,0,12,0,0,0,0,0
220041,0,1,1986,0,0,0,0,0,0,0,0,0,0
220041,1,1,1986,10,10,10,10,10,10,10,10,10,10
220042,1,1,1986,20,0,10,7,15,18,0,0,20,16
220043,1,1,1986,1,1,1,1,1,1,1,1,1,1
220043,2,1,1986,0,0,9,0,0,0,0,0,0,0
220044,0,1,1986,0,27,0,27,8,0,11,0,0,17
220044,1,1,1986,0,0,0,0,0,0,0,0,0,18
220045,1,1,1986,12,0,0,0,0,0,0,0,0,0
220046,1,1,1986,19,13,16,0,18,10,0,0,0,13
220047,1,1,1986,0,0,0,0,0,0,0,0,0,0
220048,1,1,1986,0,0,0,0,0,17,0,8,0,0
220048,2,1,1986,11,12,15,18,10,12,20,19,7,22
220049,1,1,1986,0,0,0,0,0,0,0,19,0,12
220050,1,1,1986,17,15,21,14,7,27,7,15,15,14
220050,2,1,1986,11,0,28,0,0,0,16,0,9,17
220051,1,1,1986,0,0,0,16,31,0,0,12,17,21
220051,2,1,1986,0,0,0,0,22,0,0,0,0,0
220052,1,1,1986,0,0,0,0,0,0,0,0,0,0
220052,2,1,1986,0,0,0,0,0,0,0,0,0,0
220052,3,1,1986,0,0,0,0,0,0,0,0,0,0
220053,1,1,1986,8,0,0,0,8,0,0,0,0,0
220053,2,1,1986,0,0,0,0,0,6,0,0,0,0
220054,0,1,1986,18,0,0,0,0,0,0,0,0,0
220054,1,1,1986,1,1,1,1,1,1,1,1,1,1
220054,2,1,1986,0,0,0,0,0,6,0,0,0,0
220055,1,1,1986,21,0,13,29,17,0,14,0,27,6
220055,2,1,1986,0,0,0,0,0,0,0,0,0,0
220056,1,1,1986,26,18,11,25,20,28,21,25,13,11
220057,1,1,1986,0,0,0,0,0,0,0,0,0,0
220057,2,1,1986,0,0,16,0,0,0,0,0,8,0
220058,1,1,1986,0,0,0,0,0,0,0,0,0,0
220059,1,1,1986,13,0,16,0,13,15,18,30,12,0
220060,1,1,1986,0,0,0,0,0,0,0,0,0,0
220060,2,1,1986,8,8,8,8,8,8,8,8,8,8
220061,1,1,1986,11,0,0,0,0,0,0,0,0,0
220062,1,1,1986,0,0,0,0,0,0,0,0,0,0
220063,1,1,1986,0,0,0,0,0,0,0,0,13,0
220063,2,1,1986,0,0,0,0,9,0,0,0,0,0
220064,1,1,1986,0,0,0,0,0,24,0,0,0,0
220064,2,1,1986,24,0,9,0,29,0,12,16,0,12
220065,1,1,1986,19,19,19,19,19,19,19,19,19,19
220065,2,1,1986,0,13,0,10,5,0,8,0,12,0
220066,1,1,1986,0,0,0,11,14,0,0,13,0,12
220066,2,1,1986,0,0,0,0,0,0,0,0,0,0
220067,0,1,1986,0,0,0,0,0,0,0,0,0,0
220067,1,1,1986,0,0,0,0,0,0,5,0,0,0
220068,1,1,1986,0,0,0,0,0,0,0,0,0,0
220068,2,1,1986,0,0,0,0,0,0,0,0,0,0
220068,3,1,1986,0,0,0,0,0,0,0,0,0,0
220069,1,1,1986,0,0,7,0,0,0,0,0,0,0
220069,2,1,1986,0,0,0,0,0,0,0,0,0,0
220070,1,1,1986,0,0,0,0,0,0,0,0,0,0
220071,1,1,1986,12,13,17,17,24,20,0,15,25,14
220072,1,1,1986,0,14,23,20,20,10,23,19,39,0
220073,1,1,1986,0,12,5,22,13,9,0,10,21,16
220073,2,1,1986,6,0,0,0,0,0,0,0,0,0
220074,1,1,1986,0,0,0,0,0,0,0,0,0,0
220074,2,1,1986,0,0,0,0,0,0,0,0,0,0
220075,1,1,1986,0,0,0,0,0,0,0,0,0,0
220075,2,1,1986,0,0,0,0,0,0,0,0,0,0
220076,1,1,1986,0,0,17,0,0,0,0,0,0,10
220077,1,1,1986,0,0,0,0,0,0,0,0,0,0
220078,1,1,1986,14,20,8,26,5,12,22,12,22,22
220078,2,1,1986,5,14,17,0,24,20,0,30,17,13
220079,1,1,1986,21,21,21,21,21,21,21,21,21,21
220079,2,1,1986,0,0,0,6,9,0,0,0,0,19
220080,1,1,1986,16,5,20,19,19,0,6,11,15,21
220080,2,1,1986,0,0,0,0,0,0,0,0,0,0
220080,3,1,1986,0,0,0,0,0,0,0,0,0,0