ST_CASE,VEH_NO,PER_NO,YEAR,P1,P2,P3,P4,P5,P6,P7,P8,P9,P10
220081,1,1,1986,21,0,0,8,10,26,17,0,22,16
220082,1,1,1986,9,12,7,0,9,10,9,14,3,22
220083,1,1,1986,0,11,0,0,16,0,16,7,0,14
220084,1,1,1986,11,16,0,25,10,0,5,0,0,23
220084,2,1,1986,0,0,0,0,0,0,0,0,0,0
220085,0,1,1986,14,18,0,0,0,16,24,0,28,24
220085,1,1,1986,12,0,23,29,0,0,0,0,58,22
220086,1,1,1986,4,0,20,0,0,0,0,0,0,0
220086,2,1,1986,0,0,0,0,0,0,0,0,0,9
220087,0,1,1986,25,30,27,0,14,12,0,22,0,0
220087,1,1,1986,0,0,0,0,0,0,0,0,0,0
220088,1,1,1986,2,2,2,2,2,2,2,2,2,2
220089,0,1,1986,0,0,0,0,0,0,0,0,0,0
220089,1,1,1986,1,1,1,1,1,1,1,1,1,1
220090,1,1,1986,14,13,36,26,12,22,23,23,0,9
220092,0,1,1986,0,0,0,0,0,0,0,0,0,0
220092,1,1,1986,0,0,15,0,0,16,0,0,0,0
220093,0,1,1986,0,19,0,0,0,0,0,0,0,4
220093,1,1,1986,0,0,0,0,0,0,0,0,0,0
220094,1,1,1986,23,20,10,6,3,22,10,23,10,16
220094,2,1,1986,0,12,19,0,11,0,25,10,6,14
220095,1,1,1986,0,0,0,0,0,0,0,0,0,0
220095,2,1,1986,0,0,0,0,0,0,0,0,0,0
220096,1,1,1986,0,0,0,0,0,0,0,0,0,0
220096,2,1,1986,0,0,0,0,0,0,0,0,0,0
220097,1,1,1986,11,0,0,9,0,0,0,0,0,0
220097,2,1,1986,19,0,0,18,0,17,0,10,0,15
220098,1,1,1986,21,0,24,11,11,0,0,0,9,0
220099,1,1,1986,0,0,0,0,17,0,9,0,0,0
220099,2,1,1986,0,0,0,0,0,0,0,0,0,0
220100,1,1,1986,25,18,37,19,25,7,5,27,34,24
220101,1,1,1986,0,0,0,0,0,0,0,0,0,0
220101,2,1,1986,0,0,0,0,0,0,0,0,0,0
220102,1,1,1986,0,0,0,26,0,24,23,0,0,0
220103,1,1,1986,0,11,0,0,0,0,0,0,0,0
220103,2,1,1986,0,0,0,0,0,0,0,0,0,0
220104,1,1,1986,0,0,0,0,0,0,0,0,0,0
220104,2,1,1986,0,0,16,0,0,0,0,0,0,0
220105,1,1,1986,26,13,8,10,31,9,8,12,11,34
220106,0,1,1986,18,31,30,0,0,0,0,0,21,13
220106,1,1,1986,0,0,0,0,0,0,21,0,0,0
220107,0,1,1986,20,27,0,0,21,20,19,32,17,0
220107,0,2,1986,0,0,0,7,0,0,0,0,9,0
220107,3,1,1986,3,3,3,3,3,3,3,3,3,3
220108,1,1,1986,0,0,0,6,20,14,9,20,22,13
220108,2,1,1986,0,0,0,0,0,0,0,0,0,24
220109,1,1,1986,0,0,13,16,14,15,22,19,0,24
220109,2,1,1986,0,0,0,0,0,0,0,0,0,0
220110,1,1,1986,0,0,19,0,0,0,0,0,0,4
220110,2,1,1986,0,0,0,0,0,0,0,0,0,0
220111,1,1,1986,20,23,20,0,14,21,8,43,10,10
220112,1,1,1986,8,14,6,10,18,12,0,0,26,25
220113,1,1,1986,0,0,10,0,0,0,0,0,0,0
220114,1,1,1986,0,11,0,0,18,15,7,14,20,0
220114,2,1,1986,0,0,0,0,0,0,0,7,0,0
220115,1,1,1986,0,0,0,0,0,0,10,0,0,9
220115,2,1,1986,0,0,0,0,0,0,7,0,6,0
220116,1,1,1986,0,17,0,6,0,0,10,0,0,7
220116,2,1,1986,0,0,0,0,0,0,0,0,0,0
220118,1,1,1986,0,0,21,0,0,0,0,0,0,16
220118,2,1,1986,0,0,21,0,0,0,0,0,0,0
220119,1,1,1986,0,0,0,0,0,0,0,0,0,0
220119,2,1,1986,0,0,0,0,0,0,0,0,0,0
220120,1,1,1986,19,6,21,11,21,13,5,0,7,10
220121,1,1,1986,0,0,0,0,0,0,6,0,17,16
220122,1,1,1986,9,2,0,0,0,0,0,0,0,0
220122,2,1,1986,0,0,0,0,0,0,0,0,18,0
220122,3,1,1986,0,0,0,0,0,0,0,0,0,0
220123,1,1,1986,0,0,0,21,0,0,0,0,0,6
220124,1,1,1986,0,13,23,15,24,14,0,14,29,21
220125,1,1,1986,0,0,0,0,0,0,0,0,0,0
220126,1,1,1986,0,0,0,0,0,0,0,0,0,0
220126,2,1,1986,21,9,22,0,0,18,0,0,0,22
220127,1,1,1986,0,0,0,0,0,0,0,0,0,0
220128,1,1,1986,0,3,14,0,0,12,11,5,0,0
220128,2,1,1986,8,12,0,9,0,0,0,0,0,15
220129,0,1,1986,0,0,0,12,0,0,0,0,0,0
220129,1,1,1986,0,0,0,0,0,0,0,0,0,0
220133,1,1,1986,8,9,5,0,21,0,32,21,16,0
220133,2,1,1986,0,0,8,0,0,0,0,0,0,0
220134,1,1,1986,25,0,0,0,0,0,0,0,0,0
220134,2,1,1986,17,0,0,10,0,0,0,0,0,0
220135,1,1,1986,24,24,0,19,31,16,0,9,12,11
220136,1,1,1986,0,0,0,0,0,10,0,0,0,0
220136,2,1,1986,0,0,0,9,0,0,0,0,0,0
220137,0,1,1986,0,23,20,32,26,28,30,19,12,12
220137,1,1,1986,14,23,11,9,10,16,26,9,18,9
220138,1,1,1986,21,26,35,21,13,7,18,19,21,12
220139,1,1,1986,0,0,0,0,0,0,0,0,0,0
220140,0,1,1986,0,0,0,0,0,0,0,0,0,0
220140,0,2,1986,0,0,0,0,0,0,0,0,0,0
220140,1,1,1986,5,6,16,20,5,14,0,19,9,5
220141,1,1,1986,0,0,0,24,0,0,0,0,0,0
220142,1,1,1986,0,0,0,27,0,0,17,17,0,0
220142,2,1,1986,0,0,0,0,0,0,17,0,0,0
220143,1,1,1986,0,8,0,0,0,0,0,0,0,0
220143,2,1,1986,0,0,0,0,0,0,0,0,0,13
220144,1,1,1986,43,13,16,28,16,0,0,24,15,24
220145,1,1,1986,33,0,6,3,0,11,0,0,0,0
220146,1,1,1986,20,10,15,22,15,17,0,9,0,8
220147,1,1,1986,9,14,12,15,0,11,6,7,11,17
220148,1,1,1986,0,0,0,13,0,0,6,0,0,0
220148,2,1,1986,0,0,0,0,0,0,3,0,0,0
220148,3,1,1986,0,0,0,0,0,0,0,0,0,0
220149,1,1,1986,22,14,6,9,18,13,18,11,18,20
220149,2,1,1986,12,38,0,26,8,22,17,9,0,21
220150,1,1,1986,0,0,0,0,0,0,0,0,0,0
220150,2,1,1986,0,0,0,0,0,0,0,0,3,0
220150,3,1,1986,0,0,0,0,0,0,0,0,0,0
220151,1,1,1986,0,0,0,0,32,0,0,0,0,9
220151,2,1,1986,0,20,8,0,0,20,0,9,30,27
220152,1,1,1986,0,0,19,25,22,11,0,10,0,0
220152,2,1,1986,0,0,0,0,0,0,0,0,0,0
220153,1,1,1986,19,19,19,19,19,19,19,19,19,19
220153,2,1,1986,0,0,0,0,0,0,0,0,0,0
220154,1,1,1986,0,0,0,0,0,0,0,0,0,0
220154,2,1,1986,0,0,0,0,0,0,0,0,0,0
220155,1,1,1986,17,0,0,0,0,0,0,0,0,0
220155,2,1,1986,0,0,0,0,0,0,0,0,0,0
220156,0,1,1986,0,0,0,0,0,0,0,0,0,0
220156,1,1,1986,0,0,0,0,0,0,0,0,0,0
220157,1,1,1986,23,14,10,23,28,0,16,14,27,0
220158,1,1,1986,0,0,0,0,0,0,0,0,0,0
220159,1,1,1986,0,0,0,0,0,0,0,0,0,0
220159,2,1,1986,0,0,0,0,0,0,0,0,0,0
220159,3,1,1986,0,0,0,9,0,0,0,0,0,0
220160,1,1,1986,0,25,0,0,24,0,0,18,0,0
220161,1,1,1986,19,26,16,20,24,0,17,22,21,5
220162,1,1,1986,0,0,0,12,0,0,0,0,21,0
220162,2,1,1986,0,0,6,0,0,14,0,0,16,0
220163,1,1,1986,0,0,0,0,3,0,0,0,0,0
220164,1,1,1986,0,0,0,0,0,0,0,0,0,0
220164,2,1,1986,0,0,0,0,0,0,0,0,0,0
220165,1,1,1986,26,0,0,0,0,0,0,19,19,0
220165,2,1,1986,0,0,0,0,0,0,0,0,0,0
220166,1,1,1986,0,0,0,0,0,0,0,0,0,0
220166,2,1,1986,0,0,0,0,0,0,0,0,0,0
220167,1,1,1986,14,16,30,30,18,13,15,25,22,14
220168,0,1,1986,0,0,0,0,0,0,0,0,0,0
220168,1,1,1986,0,0,0,0,0,0,0,0,0,0
220170,2,1,1986,0,0,0,0,0,0,3,0,0,0
220171,1,1,1986,16,16,0,15,0,13,18,6,42,0
220171,2,1,1986,0,0,0,0,0,0,0,0,0,0
220172,1,1,1986,0,0,0,0,0,0,0,0,0,0
220172,2,1,1986,0,0,0,0,0,0,0,0,0,0
220173,0,1,1986,0,0,0,0,0,0,0,0,0,0
220173,1,1,1986,0,0,0,0,0,0,0,0,0,0
220174,1,1,1986,0,0,11,8,17,14,0,0,0,0
220175,1,1,1986,0,19,24,9,0,0,9,23,17,15
220175,2,1,1986,9,7,0,10,0,0,12,0,7,8
220176,1,1,1986,0,35,10,22,20,14,14,0,19,21
220177,1,1,1986,0,0,0,0,0,0,0,0,0,0
220177,2,1,1986,0,21,0,28,0,19,0,26,0,0
220178,1,1,1986,7,11,0,10,0,0,0,12,6,6
220178,2,1,1986,20,0,10,8,0,15,11,0,21,0
220179,1,1,1986,11,0,0,0,7,0,0,12,0,0
220179,2,1,1986,0,6,0,0,16,0,0,0,0,0
220180,0,1,1986,13,0,0,27,0,0,0,20,0,0
220180,1,1,1986,0,0,0,0,0,0,0,4,0,5
220181,0,1,1986,0,0,15,0,0,15,0,0,0,5
220181,1,1,1986,0,0,0,0,0,0,9,0,0,0
220182,1,1,1986,0,0,0,0,0,0,0,0,0,9
220182,2,1,1986,23,20,0,0,8,0,0,0,28,23
220183,1,1,1986,21,0,12,0,11,15,19,0,0,0
220184,1,1,1986,0,0,0,0,0,0,0,0,0,0
220184,2,1,1986,0,25,0,5,0,0,12,28,0,3
220185,1,1,1986,16,0,13,18,23,18,8,11,9,42
220186,1,1,1986,0,0,6,0,0,0,0,0,0,0
220187,1,1,1986,5,5,5,5,5,5,5,5,5,5
220187,2,1,1986,0,0,0,0,0,0,0,0,0,0
220188,1,1,1986,24,18,0,0,0,0,0,0,18,10
220188,2,1,1986,0,0,0,0,0,0,0,0,0,13
220189,0,1,1986,0,30,16,0,0,0,19,14,0,18
220189,1,1,1986,6,6,6,6,6,6,6,6,6,6
220190,0,1,1986,0,0,0,0,0,0,0,0,0,0
220190,1,1,1986,18,9,0,0,0,0,0,18,0,23
220191,1,1,1986,0,0,0,0,0,0,0,0,0,0
220191,2,1,1986,0,0,0,0,0,15,0,0,0,0
220192,0,1,1986,18,0,23,24,15,21,32,12,0,0
220192,1,1,1986,0,0,0,21,0,0,0,0,16,0
220193,0,1,1986,20,6,16,18,5,38,27,33,16,34
220193,1,1,1986,7,7,7,7,7,7,7,7,7,7
220194,1,1,1986,5,11,18,19,24,20,19,17,6,26
220195,1,1,1986,0,0,21,0,33,14,0,0,18,16
220195,2,1,1986,0,0,0,8,10,0,0,0,0,0
220196,1,1,1986,13,4,17,17,8,0,9,25,9,32
220197,1,1,1986,0,9,0,0,0,0,0,24,0,15
220197,2,1,1986,0,0,18,19,0,0,0,19,0,15
220198,1,1,1986,0,0,0,0,0,0,0,0,15,0
220199,1,1,1986,0,0,8,0,5,11,0,15,0,0
220200,1,1,1986,0,0,0,0,0,0,12,0,0,0
220201,1,1,1986,0,0,0,0,0,0,0,0,0,0
220201,2,1,1986,0,0,0,0,0,0,0,0,0,0
220202,1,1,1986,17,0,18,9,6,16,14,23,15,13
220203,1,1,1986,19,0,0,18,0,0,0,0,0,25
220204,0,1,1986,0,54,16,45,10,0,25,22,19,0
220204,1,1,1986,1,1,1,1,1,1,1,1,1,1
220204,2,1,1986,0,0,8,19,44,0,8,23,11,5
220205,0,1,1986,30,17,25,23,0,13,26,18,0,0
220205,1,1,1986,18,18,18,18,18,18,18,18,18,18
220205,2,1,1986,1,1,1,1,1,1,1,1,1,1
220206,0,1,1986,18,0,17,14,32,14,0,34,19,0
220206,1,1,1986,0,0,10,0,0,0,0,0,17,0
220207,1,1,1986,0,0,0,0,0,0,0,0,3,0
220208,1,1,1986,0,7,32,20,12,7,20,0,16,0
220209,1,1,1986,0,0,9,0,0,0,18,0,0,5
220210,1,1,1986,13,0,26,19,0,0,0,0,0,0
220210,2,1,1986,0,0,0,0,0,0,0,0,0,0
220211,1,1,1986,17,8,16,13,23,22,6,17,13,0
220212,0,1,1986,0,0,0,0,0,0,0,0,0,17
220212,1,1,1986,0,0,0,0,0,0,0,0,0,0
220213,1,1,1986,0,0,0,0,0,0,18,12,12,0
220213,2,1,1986,31,16,11,0,12,8,0,0,0,18
220214,1,1,1986,0,0,0,0,0,0,0,0,0,0
220214,2,1,1986,0,0,0,0,0,0,0,0,0,0
220214,3,1,1986,0,0,0,0,0,0,0,0,0,0
220215,1,1,1986,0,0,30,11,14,13,0,0,0,15
220216,0,1,1986,0,0,0,0,0,0,0,0,0,0
220216,0,2,1986,0,0,17,0,35,7,10,5,15,0
220216,0,3,1986,0,0,0,0,0,0,0,0,0,0
220216,1,1,1986,20,0,0,20,15,6,15,0,42,0
220216,2,1,1986,6,19,16,0,0,0,6,0,25,12
220217,0,1,1986,13,0,21,0,0,15,21,8,16,0
220217,1,1,1986,0,0,0,5,0,0,0,0,0,0
220218,1,1,1986,0,0,0,0,0,0,0,0,0,0
220218,2,1,1986,0,0,0,0,0,0,0,0,0,0
220219,0,1,1986,0,0,0,0,0,0,0,0,0,0
220219,0,2,1986,0,0,3,0,0,5,4,5,14,0
220219,0,3,1986,0,0,0,0,0,0,0,0,0,20
220219,0,4,1986,0,0,0,0,0,0,0,10,0,14
220219,0,5,1986,0,4,0,0,7,0,0,0,0,9
220219,0,6,1986,0,0,0,0,0,0,0,0,0,0
220219,0,7,1986,0,0,0,0,0,0,0,0,0,0
220219,0,8,1986,0,0,0,5,0,8,11,0,20,14
220219,0,9,1986,0,0,0,0,0,0,0,0,0,9
220219,0,10,1986,0,0,0,0,0,0,0,0,0,0
220219,0,11,1986,8,0,20,14,0,0,5,0,0,13
220219,0,12,1986,6,0,0,0,0,10,0,0,12,9
220219,0,13,1986,0,0,6,0,0,0,0,0,0,0
220219,0,14,1986,0,0,0,0,0,0,0,0,0,0
220219,0,15,1986,0,0,0,0,0,0,11,0,29,0
220219,0,16,1986,0,0,0,0,0,0,0,0,0,0
220219,0,17,1986,0,0,0,0,0,0,0,0,0,0
220219,0,18,1986,0,0,0,0,0,0,0,0,0,0
220219,0,19,1986,0,0,0,0,0,0,0,0,0,0
220219,0,20,1986,0,0,0,0,0,0,0,0,0,0
220219,0,21,1986,0,0,16,0,0,0,0,0,0,0
220219,0,22,1986,0,0,0,0,0,0,0,0,0,0
220219,0,23,1986,0,0,3,0,4,0,10,12,0,0
220219,0,24,1986,0,0,0,0,0,0,0,0,0,0
220219,0,25,1986,7,0,0,0,0,0,0,0,0,0
220219,1,1,1986,0,0,0,0,0,0,0,0,0,0
220219,2,1,1986,18,6,0,0,0,0,0,12,0,21
220219,3,1,1986,0,0,0,0,0,0,10,0,0,0
220220,0,1,1986,0,0,0,10,19,31,0,0,0,0
220220,1,1,1986,0,18,0,0,0,0,13,0,0,0
220221,1,1,1986,22,34,16,13,19,8,0,27,29,31
220222,1,1,1986,14,9,4,10,0,0,0,5,9,0
220223,1,1,1986,3,0,0,0,0,0,0,0,0,0
220224,1,1,1986,0,0,0,0,0,0,0,0,0,0
220224,2,1,1986,0,0,0,0,0,0,0,0,0,0
220225,1,1,1986,0,0,0,0,0,0,0,0,0,0
220226,1,1,1986,0,0,0,25,0,14,0,0,0,19
220227,1,1,1986,0,0,0,0,0,0,0,0,0,0
220227,2,1,1986,0,0,18,0,0,14,0,15,0,0
220228,1,1,1986,8,8,0,0,13,0,0,0,0,0
220228,2,1,1986,3,5,0,16,0,8,0,0,0,0
220229,1,1,1986,0,0,25,10,16,0,19,0,0,0
220230,1,1,1986,24,0,0,0,8,0,12,0,21,0
220232,0,1,1986,26,16,15,8,0,37,19,2,0,34
220232,1,1,1986,0,0,0,18,5,17,11,0,0,0
220233,0,1,1986,15,27,19,18,27,0,31,0,23,30
220233,1,1,1986,11,11,11,11,11,11,11,11,11,11
220234,1,1,1986,0,0,17,0,3,0,49,0,12,27
220234,2,1,1986,0,0,16,0,0,0,0,0,0,0
220235,1,1,1986,10,10,10,10,10,10,10,10,10,10
220236,1,1,1986,16,11,4,0,0,7,6,12,13,4
220237,1,1,1986,5,0,0,0,0,0,0,0,0,0
220237,2,1,1986,0,0,6,0,0,0,21,0,19,0
220237,3,1,1986,0,0,0,0,0,0,0,0,0,10
220237,4,1,1986,0,0,0,0,0,0,0,0,0,0
220238,1,1,1986,0,0,0,0,0,0,0,0,0,0
220238,2,1,1986,0,0,0,0,0,0,0,0,0,0
220239,0,1,1986,0,0,0,0,0,0,0,0,0,0
220239,1,1,1986,0,0,0,0,0,0,0,0,0,0
220240,1,1,1986,7,0,21,22,21,0,20,18,13,0
220241,0,1,1986,0,0,26,0,0,17,0,30,0,12
220241,1,1,1986,17,17,17,17,17,17,17,17,17,17
220242,1,1,1986,5,5,5,5,5,5,5,5,5,5
220243,1,1,1986,0,0,0,0,0,0,0,0,0,0
220243,2,1,1986,0,0,0,0,0,0,0,0,0,23
220244,0,1,1986,0,0,0,0,0,0,0,0,0,0
220244,1,1,1986,0,0,0,0,0,0,0,0,0,0
220245,0,1,1986,0,0,0,0,0,0,0,0,0,0
220245,1,1,1986,0,9,0,0,0,0,0,0,0,0
220246,1,1,1986,0,9,0,14,13,22,16,0,0,18
220246,2,1,1986,9,40,23,24,18,17,0,30,0,10
220247,1,1,1986,18,13,19,25,0,23,26,22,19,25
220248,1,1,1986,0,0,0,0,13,0,0,0,0,0
220248,2,1,1986,0,0,0,0,0,0,0,0,0,0
220249,1,1,1986,0,0,0,0,1,0,0,0,0,0
220249,2,1,1986,0,0,0,0,4,0,0,0,0,0
220250,0,1,1986,0,0,30,0,0,18,0,15,0,14
220250,1,1,1986,0,0,0,0,0,0,15,0,0,0
220251,1,1,1986,23,0,44,12,20,17,27,27,15,15
220251,2,1,1986,0,0,0,0,0,0,0,0,0,0
220251,3,1,1986,9,16,6,0,4,6,0,0,0,13
220252,1,1,1986,16,17,11,22,0,0,5,0,0,19
220253,0,1,1986,0,0,0,0,0,0,0,0,0,0
220253,1,1,1986,0,0,0,0,0,0,0,0,0,0
220254,0,1,1986,0,0,0,0,0,0,0,0,0,0
220254,1,1,1986,0,0,0,0,0,0,0,0,0,0
220254,2,1,1986,0,0,0,0,0,0,0,0,0,0
220255,1,1,1986,15,15,15,15,15,15,15,15,15,15
220256,1,1,1986,0,0,12,12,0,0,0,0,0,0
220256,2,1,1986,0,0,0,13,0,0,0,0,0,0
220257,1,1,1986,0,0,0,0,0,0,0,0,0,0
220258,1,1,1986,15,15,15,15,15,15,15,15,15,15
220259,1,1,1986,0,0,0,0,0,0,0,0,0,0
220259,2,1,1986,0,23,0,0,0,0,0,0,0,0
220260,1,1,1986,0,0,0,0,19,0,0,0,0,0
220260,2,1,1986,0,0,0,11,0,0,0,0,7,0
220261,0,1,1986,0,0,0,0,0,0,0,0,0,0
220261,1,1,1986,0,0,0,0,11,0,8,0,0,0
220262,1,1,1986,0,6,0,19,12,17,12,0,0,15
220263,1,1,1986,15,10,25,16,0,0,16,0,0,24
220263,2,1,1986,16,7,0,24,19,0,26,16,16,0
220264,1,1,1986,0,0,0,3,0,0,0,6,0,0
220264,2,1,1986,0,0,13,0,0,0,0,0,0,0
220265,0,1,1986,21,0,0,0,0,0,0,0,0,0
220265,1,1,1986,0,0,0,0,0,0,0,0,10,0
220266,1,1,1986,0,0,7,0,0,0,0,0,0,0
220266,2,1,1986,20,20,20,20,20,20,20,20,20,20
220267,1,1,1986,28,12,0,22,26,14,0,10,0,0
220268,1,1,1986,0,0,0,0,0,0,0,0,0,3
220268,2,1,1986,0,0,0,0,0,0,0,0,0,0
220269,1,1,1986,0,0,0,0,0,0,0,0,0,0
220269,2,1,1986,26,0,0,0,0,0,0,0,0,0
220270,1,1,1986,0,0,0,15,14,22,26,17,0,12
220271,1,1,1986,0,0,0,0,0,0,0,0,0,0
220271,2,1,1986,0,0,0,0,6,0,0,0,11,0
220272,1,1,1986,0,14,0,13,17,13,17,18,5,6
220273,1,1,1986,0,0,0,0,7,0,0,0,0,0
220274,1,1,1986,0,0,0,0,0,0,0,0,0,0
220274,2,1,1986,0,0,0,0,21,0,0,0,0,0
220275,1,1,1986,22,20,0,0,0,23,0,0,15,31
220276,1,1,1986,0,0,0,0,0,0,0,0,0,0
220277,1,1,1986,0,19,0,0,7,0,0,0,0,0
220278,1,1,1986,0,0,0,0,0,0,0,0,0,0
220278,2,1,1986,33,0,0,0,0,0,0,0,0,0
220279,1,1,1986,0,0,0,0,0,0,0,0,0,0
220279,2,1,1986,0,0,0,0,0,0,0,0,0,0
220280,1,1,1986,0,0,0,0,0,0,0,0,0,0
220280,2,1,1986,0,0,12,0,0,0,0,0,6,16
220281,1,1,1986,0,0,0,0,0,0,0,0,0,0
220281,2,1,1986,24,38,0,0,0,0,0,15,0,0
220282,0,1,1986,0,0,0,0,0,0,0,0,0,0
220282,0,2,1986,0,0,0,0,0,0,0,0,0,0
220282,0,3,1986,0,0,0,0,0,0,0,0,0,0
220282,1,1,1986,0,0,0,0,0,0,0,0,0,0
220283,1,1,1986,4,29,10,21,0,0,0,15,25,21
220283,2,1,1986,0,0,0,0,0,0,0,0,0,0
220284,1,1,1986,0,15,4,17,0,0,0,0,0,0
220285,1,1,1986,0,0,0,0,0,0,0,0,0,0
220285,2,1,1986,0,0,0,0,0,0,0,0,0,0
220286,0,1,1986,0,0,0,0,0,0,0,0,0,0
220286,1,1,1986,0,13,0,0,0,0,0,0,0,0
220287,0,1,1986,40,0,16,18,0,18,0,0,27,0
220287,1,1,1986,0,0,4,16,0,0,7,9,0,0
220288,0,1,1986,11,17,10,0,0,2,0,8,43,0
220288,1,1,1986,12,12,12,12,12,12,12,12,12,12
220289,1,1,1986,19,0,0,19,0,0,10,0,0,22
220289,2,1,1986,0,0,7,0,11,19,0,11,12,6
220290,1,1,1986,18,10,16,22,16,18,9,12,9,18
220291,1,1,1986,0,0,0,0,0,0,0,0,0,0
220291,2,1,1986,0,0,0,0,0,0,0,0,0,0
220292,1,1,1986,9,20,23,10,30,10,20,0,0,0
220293,1,1,1986,9,15,0,28,4,7,4,11,12,13
220294,1,1,1986,0,21,38,21,19,0,0,33,0,15
220295,1,1,1986,0,8,0,0,20,11,4,10,10,24
220295,2,1,1986,0,0,0,0,0,0,0,16,0,0
220295,3,1,1986,0,0,0,0,0,0,0,0,0,0
220296,1,1,1986,18,8,0,28,0,12,11,20,34,15
220297,1,1,1986,11,0,12,11,0,14,13,12,10,16
220298,1,1,1986,0,0,14,0,20,0,0,0,0,29
220299,1,1,1986,9,9,9,9,9,9,9,9,9,9
220300,1,1,1986,0,0,0,0,0,0,0,0,0,0
220300,2,1,1986,0,0,0,0,0,0,0,0,0,0
220301,0,1,1986,25,25,25,25,25,25,25,25,25,25
220301,1,1,1986,11,11,11,11,11,11,11,11,11,11
220302,1,1,1986,20,28,0,19,11,14,0,23,20,0
220303,1,1,1986,0,0,0,0,0,0,0,0,0,0
220304,1,1,1986,6,6,6,6,6,6,6,6,6,6
220305,0,1,1986,0,0,0,0,0,0,0,0,0,0
220305,1,1,1986,0,0,0,0,0,0,0,0,0,0
220306,0,1,1986,0,0,0,13,0,37,0,13,0,0
220306,1,1,1986,0,0,0,0,0,0,0,0,0,0
220307,1,1,1986,24,27,26,27,21,17,8,23,10,3
220308,1,1,1986,0,0,8,0,6,9,9,20,0,0
220308,2,1,1986,0,0,0,0,10,0,0,0,0,0
220309,0,1,1986,0,0,0,0,0,0,18,10,17,15
220309,1,1,1986,0,0,0,0,0,0,0,0,0,7
220310,1,1,1986,13,26,17,7,14,14,17,3,24,9
220310,2,1,1986,0,0,0,0,0,0,0,0,0,0
220310,3,1,1986,0,0,0,0,0,0,0,0,0,0
220311,0,1,1986,9,9,9,9,9,9,9,9,9,9
220311,1,1,1986,0,0,0,0,0,0,0,0,21,0
220312,1,1,1986,36,12,14,17,0,18,16,22,22,19
220312,2,1,1986,0,0,0,0,0,0,0,0,0,0
220313,1,1,1986,0,0,0,0,0,0,0,0,0,0
220313,2,1,1986,0,0,0,0,0,0,0,0,11,0
220314,1,1,1986,4,25,30,7,14,25,23,21,35,12
220314,2,1,1986,0,0,0,0,0,0,0,0,0,0
220315,1,1,1986,27,12,15,15,8,4,13,0,20,0
220316,1,1,1986,20,28,25,20,21,17,18,22,28,36
220317,1,1,1986,0,15,0,0,0,0,0,0,0,0
220317,2,1,1986,0,0,0,0,0,0,0,0,0,0
220318,1,1,1986,0,0,0,0,0,0,0,0,0,23
220318,2,1,1986,0,0,0,0,0,0,0,0,0,0
220319,0,1,1986,0,0,0,0,0,0,20,0,0,0
220319,1,1,1986,0,0,0,20,0,0,0,0,0,0
220319,2,1,1986,0,0,0,0,0,0,0,0,0,0
220320,0,1,1986,26,21,20,31,14,23,19,23,16,0
220320,1,1,1986,0,0,11,0,0,0,0,0,2,21
220321,1,1,1986,0,0,0,0,0,0,0,0,0,0
220321,2,1,1986,0,0,0,0,0,0,0,0,0,0
220322,1,1,1986,4,0,0,0,0,0,0,0,0,0
220323,1,1,1986,26,18,33,12,18,13,8,13,31,0
220324,0,1,1986,0,0,8,12,13,21,5,27,26,24
220324,1,1,1986,0,0,0,0,0,0,0,0,0,0
220325,1,1,1986,0,8,16,27,26,15,0,10,0,0
220325,2,1,1986,0,5,0,0,0,0,0,0,0,5
220325,3,1,1986,0,0,0,0,0,0,0,0,0,0
220326,1,1,1986,0,0,0,16,0,0,0,0,0,0
220326,2,1,1986,0,0,0,0,0,0,0,0,0,0
220327,2,1,1986,14,9,22,16,28,0,0,0,28,29
220328,1,1,1986,0,5,0,19,0,0,0,0,26,22
220329,1,1,1986,0,0,0,0,0,0,7,0,0,0
220329,2,1,1986,0,12,0,0,0,0,0,0,0,0
220330,0,1,1986,0,0,0,0,0,0,0,0,0,0
220330,1,1,1986,0,0,0,0,0,0,0,0,0,0
220331,1,1,1986,16,16,16,16,16,16,16,16,16,16
220332,0,1,1986,5,23,0,45,47,18,21,30,0,5
220332,1,1,1986,8,0,0,23,0,19,18,0,13,0
220333,1,1,1986,7,0,15,0,7,19,0,0,22,0
220333,2,1,1986,0,23,0,0,0,13,0,18,8,0
220334,1,1,1986,0,0,0,0,0,0,0,0,0,0
220334,2,1,1986,0,0,0,0,0,0,0,0,0,0
220335,1,1,1986,0,0,6,0,0,10,5,0,0,0
220335,2,1,1986,0,0,0,0,0,0,0,4,0,0
220336,1,1,1986,29,29,29,29,29,29,29,29,29,29
220336,2,1,1986,5,5,5,5,5,5,5,5,5,5
220337,1,1,1986,14,0,8,0,0,0,0,0,0,0
220338,1,1,1986,7,9,18,14,12,22,10,8,15,22
220339,1,1,1986,12,19,19,17,21,7,10,16,14,34
220340,1,1,1986,11,14,16,13,0,30,18,8,24,27
220341,0,1,1986,21,30,25,10,30,22,15,0,34,42
220341,1,1,1986,6,6,6,6,6,6,6,6,6,6
220342,1,1,1986,0,21,0,0,20,0,14,14,0,6
220342,2,1,1986,0,0,0,0,0,0,0,0,0,0
220343,1,1,1986,0,0,0,0,0,0,0,0,0,0
220343,2,1,1986,0,0,0,0,0,0,0,0,0,0
220344,1,1,1986,11,0,0,16,27,0,20,0,10,16
220345,1,1,1986,18,14,6,12,5,16,16,8,9,14