ST_CASE,VEH_NO,PER_NO,YEAR,P1,P2,P3,P4,P5,P6,P7,P8,P9,P10
220346,1,1,1986,15,15,15,15,15,15,15,15,15,15
220347,1,1,1986,3,3,3,3,3,3,3,3,3,3
220348,1,1,1986,0,0,0,0,0,0,0,0,0,0
220348,2,1,1986,0,0,0,0,0,0,0,0,0,0
220349,1,1,1986,20,3,6,10,17,21,22,0,0,52
220350,0,1,1986,31,23,6,10,39,14,26,13,23,23
220350,1,1,1986,0,0,0,0,0,0,0,0,0,0
220351,1,1,1986,0,0,0,0,0,0,0,0,0,0
220351,2,1,1986,0,0,0,0,0,0,0,0,0,0
220352,1,1,1986,0,0,0,0,0,0,0,0,0,0
220352,2,1,1986,0,0,0,0,0,13,0,0,0,0
220353,1,1,1986,0,0,0,10,0,0,0,0,0,0
220353,2,1,1986,0,0,0,0,0,0,0,0,0,0
220354,1,1,1986,14,10,6,19,18,19,18,25,10,14
220355,1,1,1986,17,13,0,23,29,0,21,0,22,0
220356,1,1,1986,15,24,18,10,27,20,12,6,22,21
220357,0,1,1986,0,0,0,0,0,0,0,0,0,0
220357,1,1,1986,0,0,0,0,0,0,0,0,0,0
220358,1,1,1986,0,0,0,0,0,0,0,0,0,0
220359,1,1,1986,0,0,0,0,0,0,0,0,0,0
220360,1,1,1986,13,0,0,0,0,23,0,0,0,0
220360,2,1,1986,0,0,0,0,11,0,0,0,0,0
220361,1,1,1986,0,0,19,0,0,0,0,0,0,0
220362,1,1,1986,0,0,0,0,0,0,0,0,0,0
220362,2,1,1986,0,0,0,0,0,0,0,0,0,0
220363,1,1,1986,0,0,0,0,29,0,0,25,15,10
220364,0,1,1986,0,0,0,8,40,0,0,31,0,0
220364,1,1,1986,0,0,0,0,0,0,12,12,0,0
220365,1,1,1986,15,0,0,0,13,0,0,16,0,0
220366,0,1,1986,13,7,13,14,0,19,9,14,21,16
220366,0,2,1986,14,0,0,21,0,0,0,0,0,0
220366,1,1,1986,0,23,0,0,0,0,0,0,0,0
220367,0,1,1986,0,0,0,0,0,0,23,0,0,0
220367,2,1,1986,0,0,0,0,0,0,0,0,0,0
220368,1,1,1986,0,0,0,0,0,0,0,0,0,0
220369,1,1,1986,14,0,11,0,8,0,0,0,17,0
220370,1,1,1986,24,7,18,6,11,28,9,26,10,18
220371,1,1,1986,0,0,0,0,0,0,0,0,0,0
220371,2,1,1986,0,0,0,0,0,0,0,0,0,0
220372,0,1,1986,0,21,21,0,0,21,24,1,0,0
220372,1,1,1986,6,0,9,0,15,9,4,0,27,0
220373,1,1,1986,3,0,0,0,0,0,0,0,0,0
220373,2,1,1986,0,0,0,0,0,0,0,0,0,0
220374,1,1,1986,0,0,5,0,0,0,0,7,19,0
220374,2,1,1986,0,0,11,0,0,0,0,0,0,0
220375,0,1,1986,0,0,0,0,0,0,11,9,0,0
220375,1,1,1986,0,0,0,0,0,0,0,0,0,0
220376,1,1,1986,0,0,0,17,0,9,0,0,0,0
220376,2,1,1986,14,0,0,0,13,8,9,11,0,0
220377,1,1,1986,0,0,0,0,0,0,0,0,0,0
220377,2,1,1986,13,0,0,0,4,0,0,23,0,0
220378,0,1,1986,2,2,2,2,2,2,2,2,2,2
220378,1,1,1986,9,9,9,9,9,9,9,9,9,9
220379,1,1,1986,35,0,0,10,21,36,33,0,9,24
220380,1,1,1986,24,24,24,24,24,24,24,24,24,24
220381,1,1,1986,20,15,17,22,23,27,23,20,13,18
220382,1,1,1986,0,0,0,0,0,0,0,0,0,22
220383,1,1,1986,28,21,40,41,23,29,21,30,22,10
220384,1,1,1986,13,13,13,13,13,13,13,13,13,13
220384,2,1,1986,18,10,37,7,0,10,25,0,7,0
220385,1,1,1986,6,0,0,0,0,17,19,0,0,4
220385,2,1,1986,0,0,5,24,0,14,0,25,0,0
220386,1,1,1986,0,0,0,0,0,0,0,0,0,0
220387,1,1,1986,19,0,8,0,26,34,15,33,0,0
220388,1,1,1986,0,0,13,0,0,0,0,0,0,12
220389,1,1,1986,2,0,0,0,0,0,0,0,0,0
220389,2,1,1986,0,0,0,0,0,0,0,0,0,0
220390,1,1,1986,17,14,20,16,20,14,13,12,4,23
220391,1,1,1986,0,12,11,10,5,0,0,0,10,12
220391,2,1,1986,0,0,0,0,0,0,0,0,0,0
220391,3,1,1986,0,0,0,0,11,0,0,9,0,0
220392,1,1,1986,0,0,0,0,0,0,0,0,0,0
220393,1,1,1986,10,10,10,10,10,10,10,10,10,10
220393,2,1,1986,0,0,0,0,0,0,0,0,0,0
220394,0,1,1986,36,15,24,16,14,0,12,23,9,0
220394,1,1,1986,0,0,0,0,0,0,0,0,0,0
220395,0,1,1986,9,9,9,9,9,9,9,9,9,9
220395,1,1,1986,0,0,0,5,0,0,23,0,0,0
220396,1,1,1986,0,0,0,0,6,0,0,17,0,0
220397,0,1,1986,0,0,0,0,0,0,0,0,0,0
220397,1,1,1986,0,0,0,0,0,0,0,0,0,0
220398,0,1,1986,0,33,0,0,0,33,15,0,0,0
220398,1,1,1986,0,0,0,0,0,8,0,0,0,0
220399,1,1,1986,21,25,8,6,13,20,15,13,16,10
220399,2,1,1986,0,0,0,0,0,0,0,0,0,0
220400,1,1,1986,18,18,18,18,18,18,18,18,18,18
220400,2,1,1986,0,0,0,0,0,0,8,0,0,0
220401,1,1,1986,0,0,0,0,0,0,0,0,0,0
220401,2,1,1986,15,0,0,4,0,0,0,8,0,9
220402,1,1,1986,0,11,28,0,29,0,19,22,19,0
220402,2,1,1986,0,0,0,0,0,0,0,0,0,0
220403,0,1,1986,14,14,14,14,14,14,14,14,14,14
220403,1,1,1986,0,0,0,0,0,0,0,0,0,0
220404,1,1,1986,16,0,11,15,11,26,0,16,8,7
220404,2,1,1986,0,0,0,0,0,0,0,0,0,0
220405,1,1,1986,0,0,0,0,0,0,0,20,0,0
220405,2,1,1986,14,10,17,0,27,12,19,0,0,0
220407,1,1,1986,0,0,0,0,0,0,0,0,0,0
220407,2,1,1986,0,0,0,0,0,0,0,0,0,0
220407,3,1,1986,0,0,0,0,0,0,0,0,0,0
220408,1,1,1986,17,28,16,19,24,19,22,34,24,18
220409,0,1,1986,18,18,18,18,18,18,18,18,18,18
220409,1,1,1986,3,3,3,3,3,3,3,3,3,3
220410,1,1,1986,8,23,31,0,0,12,0,19,30,18
220410,2,1,1986,8,13,0,24,20,9,0,0,16,0
220411,1,1,1986,0,0,19,0,0,20,0,0,12,0
220412,0,1,1986,0,0,0,0,0,0,0,0,0,0
220412,1,1,1986,0,0,0,0,0,0,0,0,0,0
220413,1,1,1986,0,0,14,6,0,20,2,17,0,4
220414,1,1,1986,0,0,0,0,0,0,0,0,0,0
220414,2,1,1986,28,13,27,0,17,0,9,18,0,14
220415,1,1,1986,0,0,0,0,0,0,0,0,0,0
220416,1,1,1986,13,13,13,13,13,13,13,13,13,13
220416,2,1,1986,0,0,0,0,0,0,0,0,0,0
220416,3,1,1986,0,0,0,0,0,0,0,0,0,0
220417,1,1,1986,0,2,0,0,9,0,0,0,0,8
220417,2,1,1986,0,0,0,0,0,0,0,0,0,0
220417,3,1,1986,0,0,0,0,0,0,0,0,0,0
220417,4,1,1986,0,0,0,0,0,0,0,0,0,0
220417,5,1,1986,0,0,0,0,0,0,0,0,0,0
220417,6,1,1986,0,0,0,0,22,0,15,0,0,0
220417,7,1,1986,0,0,0,0,0,0,0,0,0,0
220417,8,1,1986,0,0,0,0,15,0,0,0,0,0
220418,1,1,1986,0,0,0,0,0,0,0,0,0,0
220418,2,1,1986,0,0,0,9,0,0,0,0,0,0
220419,1,1,1986,8,0,0,0,0,12,0,0,0,0
220419,2,1,1986,0,0,0,0,0,0,0,0,0,0
220420,1,1,1986,13,7,9,10,12,8,5,14,15,6
220421,1,1,1986,18,18,18,18,18,18,18,18,18,18
220421,2,1,1986,20,20,20,20,20,20,20,20,20,20
220422,1,1,1986,19,26,48,21,0,0,12,9,39,26
220423,1,1,1986,6,9,7,16,0,0,10,14,19,15
220424,1,1,1986,36,0,0,18,11,22,0,25,0,32
220425,1,1,1986,0,7,0,28,0,11,9,0,0,24
220426,2,1,1986,0,12,0,0,17,0,0,0,24,0
220427,1,1,1986,0,0,0,0,0,17,15,0,0,0
220427,2,1,1986,0,0,20,21,0,0,14,0,0,0
220427,3,1,1986,0,0,0,0,0,0,0,0,0,0
220429,1,1,1986,0,0,0,0,0,0,0,0,0,0
220430,1,1,1986,0,0,0,0,0,0,0,0,0,0
220430,2,1,1986,0,22,15,10,14,0,0,0,12,0
220431,1,1,1986,0,0,0,0,0,0,0,0,0,0
220431,2,1,1986,0,0,0,0,0,0,0,0,0,0
220432,1,1,1986,10,10,10,10,10,10,10,10,10,10
220433,0,1,1986,26,22,17,20,29,18,26,15,25,19
220433,1,1,1986,0,0,0,0,0,0,0,0,10,0
220433,2,1,1986,0,0,0,0,0,0,0,0,0,0
220434,0,1,1986,0,0,0,0,0,0,0,0,0,0
220434,1,1,1986,0,0,0,0,0,0,0,4,0,0
220435,1,1,1986,0,0,0,0,0,0,15,0,0,0
220436,1,1,1986,21,22,21,0,19,14,27,22,16,22
220437,0,1,1986,0,11,0,0,0,0,0,15,0,0
220437,1,1,1986,3,3,3,3,3,3,3,3,3,3
220438,1,1,1986,0,0,0,16,6,19,26,19,0,21
220439,1,1,1986,0,0,0,0,0,0,0,0,0,0
220439,2,1,1986,0,0,0,0,0,0,0,0,0,0
220440,0,1,1986,0,0,0,0,0,0,0,0,0,0
220440,1,1,1986,0,0,0,0,0,0,0,0,0,0
220441,0,1,1986,27,0,13,0,17,16,8,0,0,31
220441,1,1,1986,11,11,11,11,11,11,11,11,11,11
220442,1,1,1986,20,20,20,20,20,20,20,20,20,20
220443,1,1,1986,0,10,0,0,0,0,0,11,0,0
220443,2,1,1986,0,12,9,0,0,0,13,18,9,0
220444,1,1,1986,6,9,0,9,30,9,5,0,21,6
220445,1,1,1986,0,0,0,0,0,0,0,0,0,0
220445,2,1,1986,0,0,0,0,0,0,0,0,0,0
220446,1,1,1986,0,23,4,7,11,10,14,15,10,19
220447,1,1,1986,0,0,0,0,0,0,6,0,0,0
220447,2,1,1986,0,0,0,0,0,0,0,0,0,0
220448,1,1,1986,14,7,21,0,10,0,0,0,10,9
220449,1,1,1986,12,16,21,0,18,17,15,6,3,20
220450,1,1,1986,0,0,0,12,0,7,0,20,0,18
220450,2,1,1986,0,0,0,0,0,0,0,14,17,0
220450,3,1,1986,0,0,0,0,0,0,0,0,0,0
220451,1,1,1986,29,14,23,25,19,18,16,11,24,23
220452,1,1,1986,20,20,20,20,20,20,20,20,20,20
220452,2,1,1986,23,23,23,23,23,23,23,23,23,23
220453,1,1,1986,0,0,0,0,0,0,0,0,0,0
220453,2,1,1986,13,0,0,0,0,0,0,0,0,0
220454,1,1,1986,0,0,0,0,0,0,0,15,0,0
220455,1,1,1986,23,15,0,10,0,0,0,0,12,0
220455,2,1,1986,0,0,0,0,0,0,0,0,0,0
220456,1,1,1986,0,0,12,0,8,0,0,12,0,0
220457,1,1,1986,0,0,0,0,0,0,0,0,0,0
220457,2,1,1986,9,5,15,0,12,0,0,5,21,15
220458,1,1,1986,16,18,25,20,22,22,24,20,6,22
220459,0,1,1986,0,0,16,0,0,0,0,0,0,0
220459,1,1,1986,0,0,0,0,0,0,0,0,0,0
220460,1,1,1986,16,18,10,14,13,22,2,16,0,16
220460,2,1,1986,0,0,0,0,14,0,0,0,0,0
220461,0,1,1986,0,0,0,0,0,0,0,0,0,30
220461,1,1,1986,0,0,0,0,0,0,0,0,0,19
220462,1,1,1986,0,15,0,6,0,0,0,6,12,0
220463,1,1,1986,0,0,0,0,0,0,0,14,21,0
220464,1,1,1986,0,0,0,0,0,0,0,0,0,0
220464,2,1,1986,0,0,0,0,0,0,0,0,0,0
220465,1,1,1986,25,0,0,15,10,19,23,0,13,0
220466,0,1,1986,0,0,0,0,0,0,0,0,0,0
220466,1,1,1986,0,12,14,21,21,7,14,8,7,11
220466,2,1,1986,0,0,5,0,0,0,0,0,0,0
220467,0,1,1986,15,19,23,13,3,14,21,17,15,0
220467,1,1,1986,27,0,0,0,0,0,0,0,14,0
220467,2,1,1986,0,0,0,11,0,0,0,16,0,0
220467,3,1,1986,0,0,0,6,0,8,0,0,0,0
220468,1,1,1986,15,15,15,15,15,15,15,15,15,15
220468,2,1,1986,0,0,0,0,0,0,0,0,0,3
220469,1,1,1986,0,0,11,0,24,0,0,40,37,0
220469,2,1,1986,0,0,0,0,0,0,0,0,0,0
220470,0,1,1986,0,48,0,22,17,0,17,31,23,0
220470,1,1,1986,0,0,18,0,0,0,0,0,0,0
220471,1,1,1986,0,0,0,0,0,0,0,0,0,9
220472,1,1,1986,11,11,11,11,11,11,11,11,11,11
220472,2,1,1986,12,0,4,0,0,13,0,0,0,0
220473,1,1,1986,0,0,0,0,0,0,0,0,0,0
220474,0,1,1986,0,13,29,19,28,0,18,34,23,29
220474,1,1,1986,0,0,0,0,0,0,7,0,0,0
220475,1,1,1986,0,24,18,0,0,0,0,0,0,0
220476,1,1,1986,0,0,0,0,0,0,0,0,0,0
220477,1,1,1986,0,0,0,0,0,0,0,0,0,0
220477,2,1,1986,0,0,0,0,0,0,7,0,0,0
220477,3,1,1986,0,0,0,0,0,0,0,0,0,0
220478,1,1,1986,22,22,22,22,22,22,22,22,22,22
220479,1,1,1986,0,0,0,15,6,0,8,0,0,0
220479,2,1,1986,0,0,0,0,0,0,0,0,0,0
220480,1,1,1986,15,4,12,34,0,27,19,0,31,19
220481,1,1,1986,20,32,25,9,26,17,15,14,16,31
220482,1,1,1986,14,22,11,16,32,17,22,19,33,11
220483,1,1,1986,0,0,0,0,20,11,16,4,0,5
220483,2,1,1986,13,0,0,0,0,6,0,3,0,0
220484,1,1,1986,13,25,18,3,43,24,0,0,12,0
220485,1,1,1986,16,18,7,10,13,19,9,14,17,0
220486,1,1,1986,0,0,0,0,0,0,0,0,0,0
220486,2,1,1986,0,0,0,0,0,0,5,0,0,0
220486,3,1,1986,0,0,0,0,0,0,0,0,0,0
220487,1,1,1986,0,23,15,0,10,17,20,11,16,24
220488,1,1,1986,0,0,0,0,34,0,13,5,7,0
220488,2,1,1986,0,0,0,0,0,0,0,0,0,0
220489,1,1,1986,13,13,13,13,13,13,13,13,13,13
220490,1,1,1986,22,8,19,9,29,0,14,0,17,0
220491,1,1,1986,25,17,29,41,20,14,21,0,0,21
220492,1,1,1986,0,0,0,0,0,0,0,0,0,12
220492,2,1,1986,0,0,0,0,0,0,0,0,0,0
220493,1,1,1986,0,0,4,9,0,11,0,0,0,6
220494,1,1,1986,7,0,14,5,0,0,16,0,0,17
220495,1,1,1986,21,21,21,21,21,21,21,21,21,21
220496,1,1,1986,17,0,0,0,0,0,0,6,0,0
220497,0,1,1986,24,37,36,7,44,13,0,17,0,16
220497,1,1,1986,0,0,0,0,0,0,0,0,0,0
220498,0,1,1986,0,23,0,26,18,34,14,29,11,25
220498,1,1,1986,0,0,0,0,0,0,0,0,0,0
220499,0,1,1986,13,13,13,13,13,13,13,13,13,13
220499,1,1,1986,0,0,0,0,0,0,0,0,0,0
220500,1,1,1986,20,20,20,20,20,20,20,20,20,20
220501,1,1,1986,23,20,8,12,20,0,8,13,8,17
220501,2,1,1986,12,12,12,12,12,12,12,12,12,12
220502,1,2,1986,0,0,0,0,0,0,0,0,0,0
220503,1,1,1986,0,3,0,0,0,0,0,0,21,3
220503,2,1,1986,0,0,0,0,0,0,0,0,0,0
220504,0,2,1986,0,0,9,0,0,0,17,0,0,0
220504,1,1,1986,0,0,0,0,0,0,0,0,0,0
220504,2,1,1986,0,0,0,0,0,0,0,0,0,0
220505,1,1,1986,24,26,16,13,9,13,11,0,11,0
220506,1,1,1986,12,28,29,13,17,22,0,7,16,18
220507,0,1,1986,0,0,0,0,0,0,0,0,0,0
220507,1,1,1986,6,6,6,6,6,6,6,6,6,6
220508,1,1,1986,16,35,9,29,24,21,12,10,12,11
220509,1,1,1986,0,0,0,0,0,0,0,0,0,0
220509,2,1,1986,0,13,0,0,17,0,0,0,0,0
220510,0,1,1986,21,0,10,0,0,0,0,0,0,0
220510,1,1,1986,0,0,0,0,0,0,0,0,0,0
220511,1,1,1986,21,17,0,38,6,9,24,0,26,15
220511,2,1,1986,0,0,0,0,0,0,0,0,0,0
220512,1,1,1986,0,0,2,0,0,0,0,0,2,0
220512,2,1,1986,0,0,0,0,0,0,0,0,0,0
220512,3,1,1986,0,0,0,0,0,0,0,0,0,0
220513,1,1,1986,0,0,0,0,0,0,0,0,0,0
220513,2,1,1986,50,3,6,23,12,18,13,0,15,17
220514,0,1,1986,0,3,0,14,0,0,0,29,0,25
220514,1,1,1986,0,0,0,0,0,0,0,0,0,0
220515,1,1,1986,0,0,0,0,0,0,0,0,0,0
220515,2,1,1986,0,0,0,0,0,0,0,9,0,0
220516,0,1,1986,0,0,0,0,0,0,0,0,0,0
220516,1,1,1986,20,20,20,20,20,20,20,20,20,20
220517,1,1,1986,12,12,12,12,12,12,12,12,12,12
220518,1,1,1986,0,0,0,0,0,0,0,0,0,0
220518,2,1,1986,0,0,0,0,0,0,0,0,0,0
220519,1,1,1986,9,0,10,10,9,7,29,3,12,0
220520,1,1,1986,29,29,29,29,29,29,29,29,29,29
220520,2,1,1986,0,0,0,0,0,0,0,0,0,0
220521,1,1,1986,0,0,18,0,0,0,0,0,0,0
220521,2,1,1986,0,0,0,0,0,0,0,0,0,0
220522,1,1,1986,9,0,18,10,17,21,17,14,28,16
220523,1,1,1986,13,0,23,16,11,0,21,0,0,0
220524,0,1,1986,12,0,11,17,31,10,21,25,39,15
220524,1,1,1986,0,0,0,0,0,0,0,0,0,0
220525,0,1,1986,0,0,0,0,0,0,0,0,0,0
220525,1,1,1986,17,17,17,17,17,17,17,17,17,17
220526,1,1,1986,0,0,0,0,0,0,0,0,0,0
220526,2,1,1986,0,0,0,0,0,0,0,0,0,0
220527,0,1,1986,3,18,28,28,35,41,23,22,28,16
220527,1,1,1986,0,0,0,0,0,0,0,0,0,0
220528,1,1,1986,0,0,0,0,0,0,0,0,0,0
220528,2,1,1986,0,0,0,0,0,0,0,0,0,3
220529,1,1,1986,13,15,28,19,12,18,17,10,16,17
220530,0,1,1986,29,32,0,13,0,6,6,0,0,0
220530,1,1,1986,10,10,10,10,10,10,10,10,10,10
220531,1,1,1986,0,0,0,0,0,0,0,0,0,0
220531,2,1,1986,0,0,0,0,0,0,0,0,0,0
220532,0,1,1986,0,0,0,0,0,0,0,0,0,0
220532,1,1,1986,0,0,0,0,0,0,0,0,0,17
220533,0,1,1986,0,0,11,14,0,18,33,12,0,24
220533,1,1,1986,0,0,0,0,0,0,0,0,0,0
220534,1,1,1986,0,0,0,0,0,0,0,0,0,0
220534,2,1,1986,0,0,0,0,0,0,0,0,0,0
220535,0,1,1986,0,31,0,0,18,0,0,0,0,0
220535,1,1,1986,0,0,0,0,0,0,0,0,0,0
220537,0,1,1986,26,29,4,22,12,13,24,24,8,0
220537,1,1,1986,0,0,0,0,0,0,0,0,0,0
220538,1,1,1986,21,18,29,7,0,8,0,17,18,0
220540,1,1,1986,0,11,0,0,0,17,0,15,0,0
220541,1,1,1986,0,0,0,0,0,0,0,0,0,0
220541,2,1,1986,0,0,0,0,0,0,0,0,0,0
220542,1,1,1986,18,0,0,0,8,0,0,12,0,0
220542,2,1,1986,0,0,0,0,0,0,0,0,0,0
220543,0,1,1986,22,16,30,34,0,0,0,42,22,0
220543,1,1,1986,7,22,18,14,12,0,14,17,6,34
220545,1,1,1986,0,0,0,0,0,0,0,0,0,0
220545,2,1,1986,0,0,0,0,0,0,0,0,18,0
220546,1,1,1986,0,0,0,0,0,0,0,0,0,0
220546,2,1,1986,0,0,0,0,5,0,0,21,15,0
220547,1,1,1986,24,21,26,23,11,22,15,12,14,20
220548,1,1,1986,0,13,0,0,0,0,10,0,0,0
220548,2,1,1986,0,0,0,0,0,0,0,0,0,0
220549,0,1,1986,0,0,0,0,0,0,0,0,0,0
220549,1,1,1986,5,0,0,0,0,0,0,0,0,0
220550,1,1,1986,0,11,0,0,0,26,0,0,0,0
220550,2,1,1986,12,0,20,0,2,17,14,5,23,7
220551,1,1,1986,35,35,35,35,35,35,35,35,35,35
220552,0,1,1986,26,26,26,26,26,26,26,26,26,26
220552,1,1,1986,14,14,14,14,14,14,14,14,14,14
220553,1,1,1986,28,12,33,15,7,15,20,9,21,13
220554,1,1,1986,0,0,0,0,4,0,0,0,0,0
220554,2,1,1986,0,0,0,0,0,0,0,0,0,0
220555,1,1,1986,0,0,0,0,0,0,0,4,0,0
220555,2,1,1986,0,0,0,0,0,0,0,0,0,0
220556,0,1,1986,27,0,9,0,20,0,27,23,16,0
220556,1,1,1986,0,0,0,0,0,0,0,0,0,0
220557,1,1,1986,12,12,12,12,12,12,12,12,12,12
220558,0,1,1986,0,0,0,0,0,0,0,0,0,0
220558,1,1,1986,18,0,0,0,13,18,0,0,21,0
220559,1,1,1986,17,13,28,17,15,0,7,15,15,9
220559,2,1,1986,0,0,0,0,0,0,0,0,0,0
220560,1,1,1986,18,20,15,17,27,12,0,10,39,13
220560,2,1,1986,0,0,8,0,0,0,5,0,0,0
220561,1,1,1986,0,0,0,13,10,0,11,0,0,0
220562,1,1,1986,20,0,0,38,0,19,0,0,17,0
220563,1,1,1986,30,30,30,30,30,30,30,30,30,30
220563,2,1,1986,0,0,0,0,0,0,0,0,0,0
220564,1,1,1986,0,0,0,0,0,0,0,0,0,0
220565,1,1,1986,23,23,23,23,23,23,23,23,23,23
220566,1,1,1986,0,0,0,0,0,0,0,0,0,0
220567,1,1,1986,0,0,0,0,0,0,0,0,0,0
220567,2,1,1986,0,0,0,0,0,0,0,0,0,0
220567,3,1,1986,0,0,0,0,0,0,0,0,0,0
220568,1,1,1986,19,0,0,0,0,0,0,0,6,0
220568,2,1,1986,0,0,0,0,0,0,0,0,0,0
220568,3,1,1986,0,0,0,0,0,0,0,0,0,0
220569,1,1,1986,0,0,0,0,19,0,0,0,0,0
220569,2,1,1986,0,0,0,0,0,0,0,0,0,0
220570,0,1,1986,0,0,0,0,0,0,0,0,0,0
220570,1,1,1986,5,5,5,5,5,5,5,5,5,5
220571,1,1,1986,10,10,10,10,10,10,10,10,10,10
220572,1,1,1986,0,0,0,0,0,0,0,0,0,0
220572,2,1,1986,0,0,0,0,0,0,0,0,0,0
220574,1,1,1986,0,0,0,0,0,0,0,0,0,0
220574,2,1,1986,0,0,0,0,0,0,0,0,0,0
220575,1,1,1986,0,0,0,25,0,0,0,28,0,0
220576,1,1,1986,0,0,0,0,0,0,0,0,0,0
220576,2,1,1986,0,0,0,0,0,0,0,0,0,0
220577,0,1,1986,19,19,19,19,19,19,19,19,19,19
220577,1,1,1986,0,0,5,0,6,0,0,0,11,0
220578,1,1,1986,14,14,14,14,14,14,14,14,14,14
220579,0,1,1986,39,45,0,0,8,53,21,23,9,38
220579,1,1,1986,0,0,0,0,0,0,0,0,0,0
220579,2,1,1986,0,0,0,0,0,0,0,0,0,0
220580,0,1,1986,20,20,20,20,20,20,20,20,20,20
220580,1,1,1986,5,5,5,5,5,5,5,5,5,5
220581,1,1,1986,0,19,16,30,42,17,23,21,34,15
220582,1,1,1986,4,4,4,4,4,4,4,4,4,4
220582,2,1,1986,0,0,0,0,0,0,0,0,0,0
220583,1,1,1986,0,0,0,0,0,0,0,0,0,0
220583,2,1,1986,0,0,0,0,0,0,0,0,0,0
220584,1,1,1986,13,13,13,13,13,13,13,13,13,13
220584,2,1,1986,12,0,0,0,0,0,0,10,0,0
220584,3,1,1986,0,0,0,0,0,0,0,0,0,0
220584,4,1,1986,0,0,0,0,0,0,0,0,0,0
220584,5,1,1986,0,0,0,0,0,0,0,0,0,0
220585,1,1,1986,0,0,0,0,0,0,0,0,0,0
220585,2,1,1986,0,0,0,0,0,0,0,0,0,0
220586,1,1,1986,0,6,17,0,0,0,0,0,0,18
220586,2,1,1986,0,0,0,0,0,8,0,0,0,0
220587,0,1,1986,0,0,0,15,0,22,0,0,0,0
220587,1,1,1986,0,0,12,0,0,10,0,0,0,0
220588,1,1,1986,0,0,0,0,11,0,0,17,10,0
220589,1,1,1986,32,13,28,13,18,7,36,18,18,11
220590,1,1,1986,0,0,0,0,0,0,0,0,0,0
220590,2,1,1986,0,0,0,0,0,0,0,0,0,0
220591,1,1,1986,0,0,0,0,0,0,0,0,0,0
220591,2,1,1986,0,0,0,0,0,0,0,0,0,0
220592,1,1,1986,0,13,0,9,0,0,0,0,0,0
220592,2,1,1986,9,0,0,13,0,0,6,0,0,0
220593,1,1,1986,15,0,8,35,0,13,0,0,12,12
220594,1,1,1986,18,6,12,9,14,0,18,11,13,10
220594,2,1,1986,0,0,0,0,0,0,0,0,0,0
220594,3,1,1986,0,0,0,0,0,0,0,0,0,0
220595,1,1,1986,22,22,22,22,22,22,22,22,22,22
220596,1,1,1986,29,0,12,0,18,0,0,21,10,7
220597,1,1,1986,0,15,14,0,0,0,0,28,0,30
220598,1,1,1986,0,0,0,0,3,0,0,0,9,0
220599,1,1,1986,17,17,17,17,17,17,17,17,17,17
220600,1,1,1986,4,4,4,4,4,4,4,4,4,4
220601,1,1,1986,10,27,0,0,0,0,0,0,0,0
220601,2,1,1986,0,0,0,0,0,0,0,0,0,0
220602,1,1,1986,11,11,11,11,11,11,11,11,11,11
220602,2,1,1986,0,0,0,0,0,0,0,0,0,0
220603,1,1,1986,19,19,19,19,19,19,19,19,19,19
220604,1,1,1986,17,17,17,17,17,17,17,17,17,17
220605,1,1,1986,11,11,11,11,11,11,11,11,11,11
220605,2,1,1986,0,0,0,0,0,0,0,0,0,0
220606,1,1,1986,14,10,0,14,7,10,9,24,11,0
220607,0,1,1986,0,0,0,0,0,0,0,0,0,0
220607,1,1,1986,0,0,0,0,0,0,0,0,0,0
220607,2,1,1986,0,0,0,0,0,0,0,0,0,0
220608,1,1,1986,21,21,21,21,21,21,21,21,21,21
220609,1,1,1986,0,0,0,0,0,0,0,0,0,0
220609,2,1,1986,0,0,0,0,0,0,0,0,0,0
220610,1,1,1986,9,9,9,9,9,9,9,9,9,9
220611,1,1,1986,0,0,0,0,0,0,0,0,31,0
220611,2,1,1986,0,0,0,12,8,0,0,0,20,0
220611,3,1,1986,0,0,0,0,0,0,0,0,11,0
220612,1,1,1986,0,0,0,0,0,0,0,0,9,0
220613,1,1,1986,27,8,18,6,0,0,0,0,10,7
220614,1,1,1986,15,15,15,15,15,15,15,15,15,15
220615,1,1,1986,23,23,23,23,23,23,23,23,23,23
220616,0,1,1986,13,13,13,13,13,13,13,13,13,13
220616,1,1,1986,0,0,0,0,0,0,0,0,0,0
220617,1,1,1986,0,0,0,23,12,0,0,0,0,0
220618,1,1,1986,18,19,17,4,8,19,15,0,0,10
220619,0,1,1986,12,16,28,21,24,21,17,0,18,45
220619,1,1,1986,0,0,0,0,0,0,0,0,0,0
220620,1,1,1986,21,21,21,21,21,21,21,21,21,21
220621,1,1,1986,28,28,28,28,28,28,28,28,28,28
220622,1,1,1986,23,23,23,23,23,23,23,23,23,23
220623,1,1,1986,11,11,11,11,11,11,11,11,11,11
220624,1,1,1986,24,24,24,24,24,24,24,24,24,24
220624,2,1,1986,17,7,0,18,30,16,11,0,14,0
220625,1,1,1986,9,9,9,9,9,9,9,9,9,9
220625,2,1,1986,6,0,9,0,0,0,0,0,0,14