ST_CASE,VEH_NO,PER_NO,YEAR,P1,P2,P3,P4,P5,P6,P7,P8,P9,P10
250287,1,1,1986,19,19,19,19,19,19,19,19,19,19
250288,0,1,1986,0,0,0,0,0,0,0,0,0,0
250288,1,1,1986,0,0,0,0,0,0,0,0,0,0
250289,1,1,1986,0,0,0,0,0,0,0,0,0,0
250290,1,1,1986,0,0,0,0,0,0,0,0,0,0
250290,2,1,1986,0,0,0,0,0,0,0,0,0,0
250290,3,1,1986,0,0,0,0,0,0,21,0,0,0
250291,1,1,1986,6,20,15,21,6,6,4,10,20,22
250292,1,1,1986,17,0,0,0,0,0,0,0,0,0
250292,2,1,1986,0,11,0,11,0,0,18,0,17,29
250293,1,1,1986,13,13,13,13,13,13,13,13,13,13
250293,2,1,1986,0,0,0,0,0,0,0,0,0,0
250293,3,1,1986,0,0,0,0,0,0,0,0,0,0
250294,1,1,1986,0,0,0,0,0,0,0,0,0,0
250294,2,1,1986,0,0,0,0,0,0,5,0,0,0
250295,1,1,1986,23,23,23,23,23,23,23,23,23,23
250296,1,1,1986,0,13,0,0,0,0,0,0,0,0
250296,2,1,1986,20,20,20,20,20,20,20,20,20,20
250298,1,1,1986,0,0,0,0,0,0,0,0,0,0
250298,2,1,1986,0,0,0,0,2,0,0,0,0,0
250299,0,1,1986,0,0,0,0,0,0,0,0,0,0
250299,1,1,1986,0,0,0,0,0,0,0,0,0,0
250300,1,1,1986,11,15,15,7,21,14,12,19,7,13
250301,1,1,1986,0,10,4,11,0,0,0,20,0,0
250302,1,1,1986,0,0,0,0,0,0,0,0,0,0
250302,2,1,1986,0,0,0,0,0,0,1,0,0,0
250303,1,1,1986,5,5,5,5,5,5,5,5,5,5
250304,0,1,1986,3,3,3,3,3,3,3,3,3,3
250304,1,1,1986,3,17,20,11,24,3,13,4,15,19
250305,1,1,1986,21,14,0,15,18,0,11,0,14,13
250306,1,1,1986,14,0,23,0,9,12,0,0,0,0
250306,2,1,1986,0,0,0,0,0,0,0,0,0,0
250306,3,1,1986,0,0,0,0,0,0,0,0,0,0
250307,1,1,1986,7,6,19,6,16,14,7,0,13,12
250307,2,1,1986,0,0,4,14,0,6,12,5,9,0
250308,1,1,1986,0,0,0,0,0,0,0,0,0,0
250308,2,1,1986,0,0,0,0,0,0,0,0,0,0
250308,3,1,1986,0,0,0,0,0,0,0,0,0,0
250309,1,1,1986,0,0,0,0,0,0,0,0,0,0
250310,0,1,1986,22,22,22,22,22,22,22,22,22,22
250310,1,1,1986,0,0,0,0,0,0,6,0,0,0
250311,1,1,1986,0,9,0,14,0,0,0,0,0,0
250312,1,1,1986,21,12,25,26,14,6,22,13,25,13
250313,1,1,1986,0,0,0,0,0,0,0,0,0,0
250313,2,1,1986,0,0,0,0,0,0,0,0,0,0
250315,1,1,1986,0,0,0,0,0,0,0,0,0,0
250315,2,1,1986,0,0,0,0,0,0,0,18,0,0
250316,1,1,1986,24,24,24,24,24,24,24,24,24,24
250317,1,1,1986,0,0,0,0,6,0,0,14,17,0
250318,1,1,1986,0,0,0,0,0,0,0,0,0,0
250318,2,1,1986,0,0,0,0,0,0,0,0,0,0
250319,1,1,1986,0,0,0,0,0,0,0,0,0,0
250319,2,1,1986,0,0,0,0,0,0,0,0,0,0
250320,1,1,1986,8,0,21,5,0,16,19,8,22,15
250321,1,1,1986,0,0,0,0,0,0,0,0,0,0
250321,2,1,1986,0,0,0,0,0,0,0,0,0,0
250321,3,1,1986,0,0,0,0,0,0,0,0,21,0
250322,0,1,1986,0,0,0,0,0,0,0,0,0,0
250322,1,1,1986,0,0,0,0,0,0,0,0,0,0
250323,1,1,1986,10,10,10,10,10,10,10,10,10,10
250324,1,1,1986,11,11,11,11,11,11,11,11,11,11
250324,2,1,1986,0,0,0,0,0,0,0,0,0,0
250325,0,1,1986,9,9,9,9,9,9,9,9,9,9
250325,1,1,1986,27,28,0,22,10,32,23,16,0,15
250326,1,1,1986,24,24,24,24,24,24,24,24,24,24
250326,2,1,1986,0,0,0,0,0,0,0,0,0,0
250327,1,1,1986,0,0,0,0,0,0,0,0,0,0
250327,2,1,1986,0,0,0,0,0,0,0,0,0,0
250328,1,1,1986,13,19,9,13,4,13,14,18,4,7
250328,2,1,1986,1,1,1,1,1,1,1,1,1,1
250329,1,1,1986,15,3,15,19,13,11,12,13,14,12
250329,2,1,1986,0,0,14,0,0,0,6,0,0,10
250330,0,1,1986,9,9,9,9,9,9,9,9,9,9
250330,1,1,1986,0,0,13,0,0,0,0,0,5,0
250331,0,1,1986,0,0,0,0,0,0,0,0,0,0
250331,1,1,1986,0,0,0,5,13,0,23,0,21,0
250332,0,1,1986,0,0,0,0,0,0,0,0,0,0
250332,1,1,1986,0,0,13,0,0,0,0,0,0,0
250333,1,1,1986,13,0,13,0,3,0,8,18,0,0
250334,0,1,1986,0,0,0,0,0,0,0,0,0,0
250334,1,1,1986,0,0,25,13,0,0,15,13,0,20
250335,0,1,1986,0,0,0,0,0,0,0,0,0,0
250335,1,1,1986,12,0,0,0,0,0,0,0,0,15
250336,0,1,1986,0,0,0,0,0,0,0,0,0,0
250336,1,1,1986,0,0,0,0,0,0,0,0,0,3
250337,1,1,1986,20,20,20,20,20,20,20,20,20,20
250338,1,1,1986,3,3,3,3,3,3,3,3,3,3
250339,1,1,1986,29,29,29,29,29,29,29,29,29,29
250340,0,1,1986,0,0,0,0,0,0,0,0,0,0
250340,1,1,1986,0,0,0,0,0,0,0,0,0,0
250341,0,1,1986,20,20,20,20,20,20,20,20,20,20
250341,1,1,1986,13,9,34,13,20,0,14,19,31,7
250342,1,1,1986,0,0,0,0,0,0,0,0,0,0
250343,0,1,1986,0,0,0,0,0,0,0,0,0,0
250343,1,1,1986,0,0,0,50,12,9,10,0,0,16
250344,1,1,1986,15,15,15,15,15,15,15,15,15,15
250345,1,1,1986,13,0,20,0,0,6,0,0,0,0
250346,1,1,1986,0,0,0,0,0,0,0,0,0,0
250347,0,1,1986,0,0,0,0,0,0,0,0,0,0
250347,1,1,1986,0,0,0,0,0,0,0,8,0,0
250348,1,1,1986,0,6,12,7,7,11,5,6,10,8
250349,1,1,1986,0,0,0,0,0,0,0,0,0,0
250350,1,1,1986,7,0,0,0,0,0,0,0,5,0
250350,2,1,1986,0,0,0,0,0,0,0,0,0,0
250351,1,1,1986,0,0,20,0,0,17,0,0,14,0
250351,2,1,1986,0,0,0,0,0,0,0,0,0,0
250352,1,1,1986,0,0,0,0,0,0,0,0,0,0
250352,2,1,1986,0,0,0,0,0,0,0,0,0,0
250352,3,1,1986,0,0,0,0,0,0,0,0,0,0
250353,1,1,1986,0,0,0,0,0,0,0,0,0,0
250353,2,1,1986,0,0,0,0,0,0,0,0,0,0
250353,3,1,1986,0,0,0,0,0,0,0,0,0,0
250353,4,1,1986,0,0,0,0,0,0,0,0,0,0
250353,5,1,1986,0,0,0,0,0,0,0,12,0,0
250354,1,1,1986,38,38,38,38,38,38,38,38,38,38
250355,1,1,1986,7,5,6,12,4,17,22,8,3,20
250356,0,1,1986,0,0,0,0,0,0,0,0,0,0
250356,0,2,1986,0,0,0,0,0,0,0,0,0,0
250356,1,1,1986,13,0,0,27,6,0,0,22,8,11
250357,1,1,1986,0,11,0,0,0,0,5,13,0,0
250358,1,1,1986,18,18,18,18,18,18,18,18,18,18
250358,2,1,1986,0,0,0,0,0,0,0,0,0,0
250359,0,1,1986,0,0,0,0,0,0,0,0,0,0
250359,1,1,1986,0,0,0,0,0,0,0,0,0,0
250360,1,1,1986,0,0,0,0,0,0,0,0,0,0
250361,1,1,1986,0,0,0,0,0,0,0,0,0,0
250361,2,1,1986,16,0,0,0,0,0,0,0,0,0
250362,1,1,1986,0,0,0,0,0,0,0,0,0,0
250362,2,1,1986,0,0,0,0,0,0,0,0,0,0
250363,1,1,1986,21,21,21,21,21,21,21,21,21,21
250364,0,1,1986,0,0,0,0,0,0,0,0,0,0
250364,1,1,1986,0,0,0,0,0,0,0,0,0,9
250365,0,1,1986,0,0,0,0,0,0,0,0,0,0
250365,1,1,1986,0,13,0,0,0,0,7,0,0,0
250366,0,1,1986,10,10,10,10,10,10,10,10,10,10
250366,1,1,1986,13,11,0,0,10,0,0,25,20,11
250367,0,1,1986,2,2,2,2,2,2,2,2,2,2
250367,1,1,1986,0,0,0,7,0,0,0,0,6,10
250368,1,1,1986,14,14,14,14,14,14,14,14,14,14
250369,1,1,1986,0,0,0,0,0,0,0,0,0,0
250370,0,1,1986,0,0,0,0,0,0,0,0,0,0
250370,1,1,1986,9,3,0,0,0,0,0,0,22,0
250371,0,1,1986,0,0,0,0,0,0,0,0,0,0
250371,1,1,1986,0,0,0,0,0,0,0,0,0,0
250372,1,1,1986,8,8,8,8,8,8,8,8,8,8
250373,1,1,1986,1,1,1,1,1,1,1,1,1,1
250373,2,1,1986,0,0,0,0,0,0,0,0,0,0
250374,1,1,1986,0,0,0,0,0,0,0,12,0,0
250374,2,1,1986,0,0,0,0,0,0,0,0,0,0
250375,1,1,1986,31,31,31,31,31,31,31,31,31,31
250376,1,1,1986,8,8,8,8,8,8,8,8,8,8
250377,0,1,1986,11,11,11,11,11,11,11,11,11,11
250377,1,1,1986,0,14,6,0,17,0,15,0,0,0
250378,0,1,1986,0,0,0,0,0,0,0,0,0,0
250378,1,1,1986,0,0,0,19,0,0,13,17,0,0
250379,1,1,1986,3,0,2,0,0,7,0,0,0,0
250379,2,1,1986,20,20,20,20,20,20,20,20,20,20
250380,0,1,1986,0,0,0,0,0,0,0,0,0,0
250380,1,1,1986,13,0,12,0,0,0,0,0,0,0
250381,1,1,1986,9,30,10,15,17,10,31,26,14,24
250382,1,1,1986,25,25,25,25,25,25,25,25,25,25
250383,0,1,1986,0,0,0,0,0,0,0,0,0,0
250383,1,1,1986,0,36,0,18,25,0,12,10,17,12
250384,1,1,1986,13,13,13,13,13,13,13,13,13,13
250385,1,1,1986,0,0,0,0,0,0,0,0,0,0
250386,1,1,1986,21,21,21,21,21,21,21,21,21,21
250387,0,1,1986,17,0,0,18,0,0,0,0,0,0
250387,1,1,1986,0,0,0,0,0,0,0,0,8,0
250388,0,1,1986,0,0,0,0,0,0,0,0,0,0
250388,1,1,1986,2,16,8,14,26,31,16,12,29,8
250389,0,1,1986,13,13,13,13,13,13,13,13,13,13
250389,1,1,1986,6,0,15,0,0,0,0,0,0,22
250390,1,1,1986,0,0,0,0,0,0,0,0,0,0
250391,1,1,1986,0,0,0,0,0,0,0,0,0,0
250392,0,1,1986,0,0,0,0,0,0,0,0,0,0
250392,1,1,1986,0,10,0,0,0,12,0,0,0,0
250393,1,1,1986,27,27,27,27,27,27,27,27,27,27
250394,1,1,1986,2,2,2,2,2,2,2,2,2,2
250395,1,1,1986,13,0,19,0,0,0,0,0,0,0
250396,1,1,1986,5,5,5,5,5,5,5,5,5,5
250396,2,1,1986,24,24,24,24,24,24,24,24,24,24
250396,3,1,1986,0,0,0,0,0,9,0,0,10,0
250397,0,1,1986,0,0,0,0,0,0,0,0,0,0
250397,1,1,1986,0,0,0,14,0,0,0,0,0,18
250398,1,1,1986,0,0,0,0,0,0,0,0,8,0
250398,2,1,1986,13,15,0,0,0,0,0,11,0,0
250399,1,1,1986,0,0,0,0,0,0,0,0,0,0
250399,2,1,1986,0,0,0,0,0,0,0,0,0,0
250400,1,1,1986,17,17,17,17,17,17,17,17,17,17
250400,2,1,1986,16,8,0,0,0,0,13,40,0,0
250401,0,1,1986,0,0,0,0,0,0,0,0,0,0
250401,1,1,1986,0,22,0,0,15,0,0,0,0,0
250401,2,1,1986,0,0,7,0,0,0,4,0,0,0
250402,1,1,1986,13,13,13,13,13,13,13,13,13,13
250402,2,1,1986,0,0,3,8,16,14,0,13,0,0
250403,1,1,1986,0,0,0,0,0,0,0,0,0,0
250403,2,1,1986,0,0,0,0,0,0,0,12,0,14
250404,1,1,1986,0,0,0,0,0,0,0,0,0,0
250404,2,1,1986,0,0,0,0,0,0,0,0,12,0
250405,1,1,1986,0,0,0,0,0,0,0,0,0,0
250405,2,1,1986,0,0,0,0,0,0,0,0,8,0
250406,1,1,1986,0,1,0,0,0,0,9,21,0,0
250406,2,1,1986,0,0,0,0,0,0,0,0,0,0
250407,1,1,1986,0,0,0,0,0,0,0,0,0,0
250407,2,1,1986,0,0,12,0,0,0,0,0,12,11
250408,1,1,1986,25,25,25,25,25,25,25,25,25,25
250408,2,1,1986,0,0,0,0,3,0,15,0,0,13
250409,1,1,1986,0,0,0,0,0,0,0,0,0,0
250409,2,1,1986,0,0,0,0,0,0,0,0,0,0
250410,1,1,1986,0,0,0,0,0,0,0,0,0,0
250410,2,1,1986,0,0,0,0,0,0,0,0,0,0
250411,1,1,1986,0,0,24,11,0,12,2,0,0,6
250411,2,1,1986,0,0,0,0,0,0,0,0,0,0
250411,3,1,1986,0,0,0,0,0,0,0,0,0,0
250411,4,1,1986,0,0,15,0,0,0,0,0,3,0
250412,1,1,1986,0,0,0,0,0,0,0,0,0,0
250413,1,1,1986,0,0,0,0,0,0,0,0,0,0
250414,1,1,1986,0,0,0,0,0,0,0,0,0,0
250414,2,1,1986,0,0,0,0,0,7,0,0,7,0
250415,1,1,1986,0,0,0,19,0,0,0,0,0,0
250415,2,1,1986,0,0,0,0,0,0,0,0,0,0
250416,1,1,1986,0,0,0,0,0,0,0,0,0,0
250417,1,1,1986,0,0,0,0,0,0,0,0,0,0
250417,2,1,1986,0,0,0,0,0,0,24,11,0,0
250418,1,1,1986,0,0,0,0,0,0,0,0,0,0
250419,1,1,1986,0,0,0,0,0,0,0,0,0,0
250419,2,1,1986,0,0,0,0,0,0,0,0,0,0
250420,1,1,1986,0,0,0,0,19,0,0,20,19,0
250421,0,1,1986,0,0,0,0,0,0,0,0,0,0
250421,0,2,1986,24,10,6,7,31,0,0,0,23,0
250421,1,1,1986,0,17,9,10,29,23,26,18,9,16
250421,2,1,1986,0,0,10,0,0,0,0,0,0,8
250421,3,1,1986,0,0,9,17,12,0,0,0,0,0
250422,1,1,1986,0,0,0,0,0,0,0,0,0,0
250423,1,1,1986,0,0,0,0,0,0,0,0,0,0
250424,1,1,1986,0,0,0,0,0,0,0,0,0,0
250424,2,1,1986,0,0,0,0,0,0,0,0,0,0
250425,1,1,1986,13,13,13,13,13,13,13,13,13,13
250425,2,1,1986,0,0,0,0,0,0,0,0,0,0
250425,3,1,1986,0,0,0,0,0,0,0,0,0,0
250426,1,1,1986,0,0,0,0,0,0,0,0,0,0
250426,2,1,1986,0,0,0,0,0,0,0,0,0,0
250427,1,1,1986,7,14,13,0,13,6,9,13,16,11
250428,0,1,1986,17,17,17,17,17,17,17,17,17,17
250428,1,1,1986,23,7,0,27,8,16,0,21,23,17
250429,0,1,1986,5,5,5,5,5,5,5,5,5,5
250429,1,1,1986,0,0,0,19,17,17,28,25,2,0
250430,1,1,1986,25,25,25,25,25,25,25,25,25,25
250431,1,1,1986,14,14,14,14,14,14,14,14,14,14
250432,0,1,1986,0,0,0,0,0,0,0,0,0,0
250432,0,2,1986,0,22,0,11,18,0,0,0,0,0
250432,1,1,1986,0,0,0,0,0,0,0,0,0,0
250433,1,1,1986,6,6,6,6,6,6,6,6,6,6
250434,0,1,1986,0,0,0,0,0,0,0,0,0,0
250434,1,1,1986,18,0,0,0,10,0,0,7,0,0
250435,0,1,1986,0,0,0,0,0,0,0,0,0,0
250435,1,1,1986,0,0,14,0,0,0,0,0,0,0
250436,1,1,1986,13,13,13,13,13,13,13,13,13,13
250437,0,1,1986,0,0,0,0,0,0,0,0,0,0
250437,1,1,1986,0,8,0,0,0,9,0,0,0,0
250438,1,1,1986,5,5,5,5,5,5,5,5,5,5
250439,1,1,1986,26,0,0,0,0,18,5,0,0,0
250440,1,1,1986,10,10,49,18,30,0,31,13,11,11
250440,2,1,1986,0,16,0,0,0,0,0,10,0,0
250440,3,1,1986,14,9,0,0,19,36,0,0,6,19
250441,1,1,1986,37,37,37,37,37,37,37,37,37,37
250442,1,1,1986,12,12,12,12,12,12,12,12,12,12
250443,1,1,1986,0,0,0,0,4,0,0,0,0,0
250443,2,1,1986,0,0,0,0,0,0,0,0,0,0
250444,1,1,1986,0,19,0,0,0,0,0,0,0,0
250444,2,1,1986,0,0,0,0,0,0,0,11,0,0
250445,0,1,1986,0,0,0,0,0,0,0,0,0,0
250445,1,1,1986,23,0,0,0,0,0,0,0,0,0
250446,1,1,1986,7,7,7,7,7,7,7,7,7,7
250447,1,1,1986,9,9,9,9,9,9,9,9,9,9
250448,1,1,1986,19,7,0,0,8,14,9,23,0,0
250449,1,1,1986,11,9,5,0,24,0,0,0,0,9
250450,0,1,1986,0,0,0,0,0,0,0,0,0,0
250450,1,1,1986,0,0,0,0,0,0,0,0,0,4
250451,1,1,1986,18,18,18,18,18,18,18,18,18,18
250452,1,1,1986,19,19,19,19,19,19,19,19,19,19
250453,0,1,1986,0,0,0,0,0,0,0,0,0,0
250453,1,1,1986,0,0,0,0,0,0,0,0,0,0
250454,0,1,1986,0,0,0,0,0,0,0,0,0,0
250454,1,1,1986,18,0,0,0,0,0,0,16,0,0
250455,1,1,1986,0,0,0,0,0,0,0,0,0,0
250456,1,1,1986,10,10,10,10,10,10,10,10,10,10
250457,0,1,1986,0,0,0,0,0,0,0,0,0,0
250457,1,1,1986,0,0,0,0,0,0,0,0,0,0
250458,0,1,1986,0,0,0,0,0,0,0,0,0,0
250458,1,1,1986,0,0,0,0,0,0,0,0,0,0
250459,1,1,1986,2,2,2,2,2,2,2,2,2,2
250460,1,1,1986,0,0,0,0,9,0,0,17,11,0
250461,1,1,1986,21,21,21,21,21,21,21,21,21,21
250462,1,1,1986,7,7,7,7,7,7,7,7,7,7
250463,1,1,1986,12,7,11,20,15,25,16,19,24,21
250464,1,1,1986,18,18,18,18,18,18,18,18,18,18
250465,1,1,1986,17,17,17,17,17,17,17,17,17,17
250466,1,1,1986,0,0,0,0,0,0,0,10,0,0
250466,2,1,1986,0,0,0,0,0,0,0,0,0,0
250467,1,1,1986,12,12,12,12,12,12,12,12,12,12
250467,2,1,1986,4,0,0,0,28,6,0,34,0,0
250468,1,1,1986,0,0,0,0,7,0,0,0,9,0
250468,2,1,1986,0,0,0,0,0,0,0,0,0,0
250468,3,1,1986,0,0,0,0,0,0,0,0,0,0
250469,1,1,1986,19,19,19,19,19,19,19,19,19,19
250469,2,1,1986,0,0,0,0,0,0,0,0,11,0
250470,1,1,1986,0,0,22,0,0,19,0,0,0,0
250470,2,1,1986,0,0,0,0,0,0,19,0,0,0
250471,1,1,1986,6,3,22,13,21,21,17,2,13,9
250471,2,1,1986,0,0,0,0,0,0,0,0,0,0
250472,1,1,1986,0,0,0,0,0,10,0,27,0,0
250472,2,1,1986,0,0,0,0,0,0,0,0,0,0
250473,1,1,1986,12,0,0,0,12,0,0,0,16,0
250473,2,1,1986,0,0,0,0,0,0,0,0,0,0
250474,1,1,1986,0,0,0,0,0,0,0,0,0,0
250474,2,1,1986,0,0,0,0,0,0,0,0,0,0
250475,1,1,1986,10,10,10,10,10,10,10,10,10,10
250475,2,1,1986,0,13,0,0,0,0,0,0,0,24
250476,1,1,1986,14,0,0,10,0,5,0,0,0,0
250476,2,1,1986,11,11,11,11,11,11,11,11,11,11
250477,1,1,1986,0,0,0,0,0,0,0,0,0,0
250477,2,1,1986,9,0,0,13,0,0,12,8,3,0
250477,3,1,1986,0,0,0,0,0,0,0,7,0,0
250479,1,1,1986,0,0,0,0,0,0,0,0,0,12
250480,1,1,1986,0,0,0,0,0,0,0,0,0,0
250480,2,1,1986,33,10,0,22,0,0,0,0,21,0
250481,1,1,1986,0,0,0,0,0,0,0,0,0,0
250481,2,1,1986,0,0,0,0,0,0,0,0,0,0
250482,1,1,1986,0,0,30,0,0,0,0,0,0,0
250482,2,1,1986,0,0,0,0,0,0,0,0,0,0
250483,1,1,1986,0,0,0,0,0,0,0,0,0,0
250484,1,1,1986,0,0,0,0,0,0,0,0,0,0
250484,2,1,1986,26,26,26,26,26,26,26,26,26,26
250485,0,1,1986,0,0,0,0,0,0,0,0,0,0
250485,1,1,1986,0,0,0,0,0,0,0,0,0,0
250486,1,1,1986,16,16,16,16,16,16,16,16,16,16
250487,0,1,1986,23,23,23,23,23,23,23,23,23,23
250487,1,1,1986,0,0,0,0,0,0,0,0,0,0
250488,0,1,1986,0,0,0,0,0,0,0,0,11,0
250488,1,1,1986,0,0,0,0,0,0,0,0,0,0
250489,1,1,1986,0,0,0,6,0,0,0,0,0,0
250489,2,1,1986,0,0,0,0,0,0,0,0,0,0
250490,0,1,1986,0,0,0,0,0,0,0,0,0,0
250490,1,1,1986,0,17,0,10,0,0,0,0,0,0
250491,1,1,1986,16,16,16,16,16,16,16,16,16,16
250492,1,1,1986,0,0,15,0,0,0,0,0,0,0
250492,2,1,1986,14,14,13,19,17,5,14,8,4,6
250493,1,1,1986,0,0,0,0,0,0,0,0,0,0
250493,2,1,1986,0,0,0,0,0,0,0,25,0,0
250494,0,1,1986,0,0,0,0,0,0,0,0,0,0
250494,1,1,1986,13,3,14,23,14,26,26,11,22,32
250495,1,1,1986,14,14,14,14,14,14,14,14,14,14
250496,1,1,1986,27,27,27,27,27,27,27,27,27,27
250497,1,1,1986,39,39,39,39,39,39,39,39,39,39
250497,2,1,1986,0,0,3,0,0,0,0,0,0,0
250498,1,1,1986,0,0,0,0,0,0,0,0,0,0
250499,1,1,1986,22,22,22,22,22,22,22,22,22,22
250500,1,1,1986,30,30,30,30,30,30,30,30,30,30
250501,1,1,1986,21,21,21,21,21,21,21,21,21,21
250502,0,1,1986,0,0,0,0,0,0,0,0,0,0
250502,1,1,1986,0,0,0,0,0,0,0,0,0,0
250503,0,1,1986,17,17,17,17,17,17,17,17,17,17
250503,1,1,1986,11,4,4,0,7,0,12,5,26,5
250504,0,1,1986,21,21,21,21,21,21,21,21,21,21
250504,1,1,1986,0,0,17,0,0,0,0,0,0,0
250505,1,1,1986,17,17,17,17,17,17,17,17,17,17
250506,1,1,1986,0,0,0,0,0,0,0,0,0,0
250506,2,1,1986,0,11,0,0,0,0,0,7,0,0
250507,0,1,1986,0,0,0,0,0,0,0,0,0,0
250507,1,1,1986,0,0,0,0,0,0,0,0,0,0
250508,0,1,1986,17,17,17,17,17,17,17,17,17,17
250508,1,1,1986,14,0,0,0,0,17,0,0,0,0
250509,1,1,1986,2,2,2,2,2,2,2,2,2,2
250509,2,1,1986,0,0,0,0,0,0,7,0,0,0
250510,1,1,1986,0,0,0,0,0,0,0,0,0,0
250511,0,1,1986,0,0,0,0,0,0,0,0,0,0
250511,1,1,1986,0,0,0,0,0,0,0,0,0,0
250512,0,1,1986,17,17,17,17,17,17,17,17,17,17
250512,1,1,1986,7,0,9,0,0,0,8,0,12,0
250512,2,1,1986,15,13,0,0,11,6,0,4,0,0
250513,1,1,1986,0,7,0,0,0,0,0,0,0,0
250514,0,1,1986,0,0,0,0,0,0,0,0,0,0
250514,1,1,1986,19,0,9,7,18,16,9,16,21,7
250515,1,1,1986,18,18,18,18,18,18,18,18,18,18
250516,0,1,1986,0,0,0,0,0,0,0,0,0,0
250516,1,1,1986,6,6,6,6,6,6,6,6,6,6
250517,1,1,1986,0,0,0,0,0,0,0,0,0,0
250518,1,1,1986,0,24,21,0,23,9,9,26,11,14
250518,2,1,1986,0,0,0,0,0,0,0,0,0,4
250519,1,1,1986,0,0,0,0,0,0,0,0,0,0
250520,1,1,1986,0,0,18,24,0,0,0,10,16,0
250521,0,1,1986,31,31,31,31,31,31,31,31,31,31
250521,1,1,1986,5,13,10,9,6,12,14,10,21,4
250522,1,1,1986,0,0,0,15,0,0,0,0,0,0
250522,2,1,1986,7,7,7,7,7,7,7,7,7,7
250523,1,1,1986,13,13,13,13,13,13,13,13,13,13
250523,2,1,1986,0,0,0,0,0,0,0,0,0,0
250524,1,1,1986,7,7,7,7,7,7,7,7,7,7
250525,1,1,1986,0,0,0,0,0,0,0,0,0,0
250525,2,1,1986,0,0,0,0,0,0,0,0,0,0
250526,1,1,1986,20,20,20,20,20,20,20,20,20,20
250527,0,1,1986,0,0,0,0,0,0,0,0,0,0
250527,1,1,1986,0,0,0,0,0,0,0,0,0,0
250528,1,1,1986,4,4,4,4,4,4,4,4,4,4
250528,2,1,1986,0,0,0,0,0,0,0,0,0,0
250529,1,1,1986,25,25,25,25,25,25,25,25,25,25
250529,2,1,1986,0,0,0,16,0,0,26,12,2,27
250530,0,1,1986,0,0,0,0,0,0,0,0,0,0
250530,1,1,1986,0,0,0,0,17,0,0,0,0,0
250531,1,1,1986,0,0,0,0,0,0,0,0,0,0
250531,2,1,1986,0,0,0,0,0,0,0,0,0,0
250532,0,1,1986,0,0,0,0,0,0,0,0,0,0
250532,1,1,1986,0,8,0,0,0,0,0,0,0,0
250533,1,1,1986,0,0,0,0,0,0,0,0,0,14
250533,2,1,1986,19,19,19,19,19,19,19,19,19,19
250534,1,1,1986,11,3,0,8,0,24,0,7,9,28
250534,2,1,1986,10,10,10,10,10,10,10,10,10,10
250536,1,1,1986,17,17,17,17,17,17,17,17,17,17
250536,2,1,1986,24,16,14,0,0,24,0,0,20,0
250537,0,1,1986,0,0,0,0,0,0,0,0,0,0
250537,1,1,1986,28,5,7,0,0,24,0,13,23,5
250538,1,1,1986,0,0,0,0,0,0,0,0,0,0
250538,2,1,1986,22,22,22,22,22,22,22,22,22,22
250539,1,1,1986,8,0,26,34,0,0,4,4,0,0
250539,2,1,1986,0,0,9,0,0,0,0,0,0,0
250541,1,1,1986,0,0,0,23,19,0,0,0,9,21
250541,2,1,1986,27,27,27,27,27,27,27,27,27,27
250543,1,1,1986,15,15,15,15,15,15,15,15,15,15
250544,1,1,1986,0,0,0,0,0,0,0,0,0,0
250544,2,1,1986,0,0,0,0,0,0,0,0,0,0
250544,3,1,1986,0,0,0,0,3,0,0,17,0,0
250545,0,1,1986,1,1,1,1,1,1,1,1,1,1
250545,0,2,1986,0,0,15,0,0,0,0,0,0,12
250545,1,1,1986,13,13,13,13,13,13,13,13,13,13
250546,1,1,1986,0,0,0,0,0,0,0,0,0,0
250547,1,1,1986,0,15,0,0,0,0,4,0,0,0
250547,2,1,1986,21,21,21,21,21,21,21,21,21,21
250548,1,1,1986,5,5,5,5,5,5,5,5,5,5
250548,2,1,1986,0,0,3,0,0,0,0,21,24,24
250548,3,1,1986,0,0,0,0,0,0,0,0,0,0
250549,0,1,1986,13,0,0,0,0,0,35,0,0,0
250549,1,1,1986,0,0,0,0,0,0,0,15,3,0
250550,1,1,1986,0,0,0,0,0,0,0,0,0,0
250550,2,1,1986,0,12,0,0,11,0,0,16,13,9
250551,1,1,1986,26,29,16,18,25,3,8,11,29,9
250552,0,1,1986,0,0,0,0,0,0,0,0,0,0
250552,1,1,1986,0,0,0,0,0,0,0,3,0,0
250553,1,1,1986,0,0,0,0,0,0,0,0,0,0
250553,2,1,1986,0,0,0,0,0,0,0,0,0,0
250554,1,1,1986,24,24,24,24,24,24,24,24,24,24
250555,1,1,1986,5,0,0,0,0,0,0,0,0,0
250555,2,1,1986,22,22,22,22,22,22,22,22,22,22
250555,3,1,1986,0,0,12,0,0,0,0,18,0,0
250556,0,1,1986,3,3,3,3,3,3,3,3,3,3
250556,2,1,1986,5,7,5,8,0,11,0,11,0,0
250557,1,1,1986,0,0,0,0,0,0,0,0,0,0
250558,0,1,1986,0,0,0,0,0,0,0,0,0,0
250558,1,1,1986,10,0,0,27,0,7,24,18,0,0
250559,1,1,1986,0,0,0,0,0,0,0,0,0,0
250560,1,1,1986,0,0,0,0,0,0,0,0,0,0
250560,2,1,1986,0,0,0,0,0,0,0,0,0,0