ST_CASE,VEH_NO,PER_NO,YEAR,P1,P2,P3,P4,P5,P6,P7,P8,P9,P10
250560,3,1,1986,0,0,0,0,16,0,0,0,0,0
250560,4,1,1986,0,0,0,0,0,0,0,0,0,0
250560,5,1,1986,0,0,0,0,0,0,0,0,0,0
250561,0,1,1986,16,0,0,16,27,0,35,0,0,0
250561,1,1,1986,0,0,0,0,15,10,32,0,0,4
250562,0,1,1986,6,6,6,6,6,6,6,6,6,6
250562,1,1,1986,0,5,0,23,0,3,0,0,0,0
250563,1,1,1986,0,12,15,16,0,37,0,0,13,9
250563,2,1,1986,0,0,0,0,0,0,0,0,0,0
250564,1,1,1986,0,0,0,0,0,0,0,0,0,0
250565,1,1,1986,0,0,0,0,0,0,0,14,17,0
250565,2,1,1986,0,0,0,0,0,0,0,0,0,0
250566,1,1,1986,0,0,0,0,0,0,0,0,0,0
250566,2,1,1986,0,0,0,0,0,0,0,0,0,0
250567,1,1,1986,0,0,0,0,0,0,0,0,0,0
250567,2,1,1986,0,11,0,0,0,0,0,0,0,0
250568,0,1,1986,0,0,0,0,0,0,0,0,0,0
250568,1,1,1986,0,0,17,0,0,0,3,0,0,0
250569,1,1,1986,20,20,20,20,20,20,20,20,20,20
250570,0,1,1986,0,0,0,0,0,0,0,0,0,0
250570,1,1,1986,0,0,9,0,0,0,21,0,0,0
250571,1,1,1986,17,18,4,0,17,23,27,22,11,20
250572,0,1,1986,2,2,2,2,2,2,2,2,2,2
250572,1,1,1986,0,0,0,8,11,14,16,0,0,0
250573,1,1,1986,0,4,0,0,4,0,0,0,0,18
250574,1,1,1986,19,10,0,26,9,10,19,15,15,0
250575,1,1,1986,8,8,8,8,8,8,8,8,8,8
250576,1,1,1986,0,0,0,14,0,0,0,0,0,10
250577,1,1,1986,0,0,0,0,0,0,0,19,0,0
250577,2,1,1986,0,0,0,0,0,0,0,0,0,0
250578,1,1,1986,17,17,17,17,17,17,17,17,17,17
250579,1,1,1986,30,30,30,30,30,30,30,30,30,30
250580,1,1,1986,0,0,0,0,0,0,0,0,0,0
250580,2,1,1986,0,0,0,0,11,0,0,0,0,0
250581,1,1,1986,0,0,0,0,0,0,0,0,0,0
250581,2,1,1986,11,11,11,11,11,11,11,11,11,11
250582,0,1,1986,0,0,0,0,0,0,0,0,0,0
250582,1,1,1986,0,0,0,0,0,0,0,0,0,0
250583,0,1,1986,0,0,0,0,0,0,0,0,0,0
250583,1,1,1986,0,0,0,0,0,0,0,0,0,0
250584,1,1,1986,16,16,16,16,16,16,16,16,16,16
250585,1,1,1986,4,4,4,4,4,4,4,4,4,4
250585,2,1,1986,0,0,8,9,0,0,0,7,21,0
250586,0,1,1986,0,0,0,0,0,0,0,0,0,0
250586,1,1,1986,0,0,0,0,8,0,0,0,0,0
250587,1,1,1986,0,0,0,0,0,0,0,0,0,0
250587,2,1,1986,0,0,0,4,0,0,0,0,0,0
250588,1,1,1986,0,0,0,0,0,0,0,0,0,0
250588,2,1,1986,0,0,0,0,0,0,0,0,0,0
250589,0,1,1986,0,0,0,0,0,0,0,0,0,0
250589,1,1,1986,0,0,0,0,0,0,0,0,0,0
250590,1,1,1986,0,0,0,0,0,0,0,0,0,0
250590,2,1,1986,0,0,0,0,0,0,0,0,0,0
250590,3,1,1986,0,11,0,0,0,0,0,0,0,0
250590,4,1,1986,0,0,0,0,0,0,0,0,0,0
250591,1,1,1986,0,0,0,0,0,0,0,0,0,0
250592,1,1,1986,0,0,15,0,0,0,0,0,0,0
250592,2,1,1986,0,0,0,0,0,18,0,0,10,0
250593,1,1,1986,27,27,27,27,27,27,27,27,27,27
250594,1,1,1986,0,0,0,0,0,0,0,0,0,0
250595,1,1,1986,0,0,0,0,0,0,0,0,0,0
250596,1,1,1986,0,23,15,9,16,7,23,9,12,8
250597,0,1,1986,0,0,0,0,0,0,0,0,0,0
250597,1,1,1986,0,0,0,0,0,0,0,0,0,0
250598,0,1,1986,0,8,0,45,45,0,0,0,0,0
250598,1,1,1986,0,0,0,0,0,0,0,0,0,3
250599,1,1,1986,27,27,27,27,27,27,27,27,27,27
250600,0,1,1986,22,22,22,22,22,22,22,22,22,22
250600,1,1,1986,0,0,0,4,0,13,0,0,19,19
250601,1,1,1986,0,0,0,0,0,0,0,0,10,0
250602,0,1,1986,0,0,0,23,39,0,0,0,15,0
250602,1,1,1986,0,0,0,0,0,0,0,0,0,0
250603,1,1,1986,22,0,30,31,0,15,16,0,27,20
250604,1,1,1986,21,21,21,21,21,21,21,21,21,21
250605,0,1,1986,0,0,0,0,0,0,0,0,0,0
250605,1,1,1986,0,0,0,7,0,0,0,0,0,0
250606,1,1,1986,7,0,0,0,0,21,26,16,22,0
250608,0,1,1986,0,0,0,0,0,0,0,0,0,0
250608,1,1,1986,0,19,23,11,19,11,13,5,6,6
250609,1,1,1986,0,0,0,0,0,0,0,0,0,0
250610,1,1,1986,0,0,0,0,0,0,0,0,0,0
250610,2,1,1986,3,0,0,0,0,0,0,0,0,0
250611,1,1,1986,0,0,0,0,0,0,0,0,0,0
250611,2,1,1986,0,0,0,0,0,0,0,0,0,0
250612,1,1,1986,17,17,17,17,17,17,17,17,17,17
250613,1,1,1986,9,9,9,9,9,9,9,9,9,9
250613,2,1,1986,14,0,0,0,0,12,0,0,0,0
250614,1,1,1986,0,0,0,0,0,0,0,0,0,0
250614,2,1,1986,0,0,12,0,0,0,0,0,14,0
250615,1,1,1986,0,0,0,0,0,0,0,0,5,0
250616,1,1,1986,11,30,32,0,12,21,4,8,14,7
250617,1,1,1986,20,20,20,20,20,20,20,20,20,20
250618,1,1,1986,9,9,9,9,9,9,9,9,9,9
250619,1,1,1986,21,21,21,21,21,21,21,21,21,21
250619,2,1,1986,0,0,0,0,0,0,0,0,0,0
250620,1,1,1986,0,0,0,0,3,14,0,0,0,7
250620,2,1,1986,18,18,18,18,18,18,18,18,18,18
250621,1,1,1986,0,0,0,0,0,0,0,0,0,0
250622,1,1,1986,0,0,0,0,0,0,0,0,0,0
250622,2,1,1986,0,18,0,0,0,0,0,9,22,0
250623,1,1,1986,0,0,0,0,0,0,0,0,0,0
250623,2,1,1986,0,0,0,0,0,0,0,0,0,0
250623,3,1,1986,0,0,0,0,0,0,0,0,0,0
250624,1,1,1986,0,3,0,0,0,0,0,0,0,0
250624,2,1,1986,0,0,0,0,0,0,0,0,0,0
250626,1,1,1986,31,7,22,7,24,18,31,0,10,18
250626,2,1,1986,0,0,0,0,0,0,0,0,0,0
250627,1,1,1986,0,0,0,0,0,0,12,14,0,0
250627,2,1,1986,17,17,17,17,17,17,17,17,17,17
250628,1,1,1986,0,0,0,0,0,0,0,0,0,0
250628,2,1,1986,0,0,0,0,0,0,0,0,0,0
250630,1,1,1986,0,0,0,0,0,0,0,0,0,0
250630,2,1,1986,0,0,0,0,0,0,0,0,0,0
250632,1,1,1986,0,0,0,17,0,0,0,0,0,0
250632,2,1,1986,0,0,0,0,0,0,19,0,0,0
250633,0,1,1986,0,0,0,0,0,0,0,0,0,0
250633,1,1,1986,0,0,0,0,0,0,0,0,0,0
250634,1,1,1986,13,13,13,13,13,13,13,13,13,13
250635,1,1,1986,12,0,17,14,0,0,24,8,19,11
250636,1,1,1986,0,0,0,0,0,0,0,0,0,0
250636,2,1,1986,0,0,0,0,0,0,0,0,0,0
250639,1,1,1986,0,0,0,0,12,0,0,0,0,0
250640,0,1,1986,34,34,34,34,34,34,34,34,34,34
250640,0,2,1986,0,0,0,6,15,0,0,0,0,0
250640,1,1,1986,0,0,0,8,0,0,0,0,22,0
250641,0,1,1986,0,0,0,0,0,0,0,0,0,0
250641,1,1,1986,0,0,0,0,14,0,0,0,0,0
250642,1,1,1986,0,0,11,0,0,0,0,0,0,0
250643,1,1,1986,0,22,11,9,5,16,11,16,4,13
250644,1,1,1986,18,0,0,0,0,17,0,0,0,0
250644,2,1,1986,14,0,17,13,22,20,18,11,7,18
250645,1,1,1986,0,0,0,0,0,0,0,0,0,0
250645,2,1,1986,0,0,0,0,0,0,0,0,0,0
250646,1,1,1986,21,0,0,0,0,0,0,0,0,0
250646,2,1,1986,0,0,0,0,0,0,0,0,0,0
250646,3,1,1986,0,0,0,0,0,0,0,0,0,0
250647,1,1,1986,21,0,0,18,3,19,16,10,0,3
250648,1,1,1986,0,0,0,0,0,9,10,0,4,0
250648,2,1,1986,0,0,0,0,0,0,0,0,0,0
250649,0,1,1986,0,39,0,0,0,0,0,0,0,11
250649,1,1,1986,0,0,0,0,0,0,0,0,0,0
250650,0,1,1986,13,13,13,13,13,13,13,13,13,13
250650,1,1,1986,16,16,15,24,9,13,28,10,31,21
250651,1,1,1986,0,8,0,0,0,0,0,0,0,0
250651,2,1,1986,0,0,0,0,0,0,0,0,0,0
250652,0,1,1986,0,0,0,0,0,0,0,0,0,0
250652,0,2,1986,0,0,7,0,13,0,7,0,8,0
250652,1,1,1986,0,0,8,0,0,11,7,10,16,0
250653,1,1,1986,0,0,0,0,0,0,0,0,0,0
250654,1,1,1986,0,0,18,0,0,0,0,0,0,0
250654,2,1,1986,0,0,0,0,0,0,0,0,0,0
250654,3,1,1986,0,0,0,0,0,0,0,0,0,0
250655,0,1,1986,0,0,0,0,0,0,0,0,0,0
250655,0,2,1986,0,0,0,0,0,0,0,0,0,0
250655,1,1,1986,0,0,28,0,0,2,0,0,0,0
250656,0,1,1986,0,0,0,0,0,0,0,0,0,0
250656,1,1,1986,0,0,22,0,0,5,0,21,0,0
250657,0,1,1986,24,24,24,24,24,24,24,24,24,24
250657,1,1,1986,14,14,14,14,14,14,14,14,14,14
250658,0,1,1986,9,11,0,0,22,6,0,11,0,0
250658,1,1,1986,0,0,0,0,0,0,0,26,0,0
250659,0,1,1986,11,11,11,11,11,11,11,11,11,11
250659,1,1,1986,10,3,29,19,2,0,42,18,17,9
250660,1,1,1986,0,0,10,0,0,0,16,0,0,9
250660,2,1,1986,0,17,0,0,0,17,0,0,0,11
250660,3,1,1986,0,0,6,0,25,0,0,0,0,0
250660,4,1,1986,0,0,0,0,3,0,5,0,0,16
250661,1,1,1986,0,0,0,0,0,0,0,0,0,0
250661,2,1,1986,0,15,0,0,0,0,0,0,0,0
250662,1,1,1986,0,0,0,12,12,11,0,14,0,0
250662,2,1,1986,20,17,0,9,20,21,0,0,6,10
250662,3,1,1986,0,0,0,0,0,0,0,0,0,0
250663,0,1,1986,28,28,28,28,28,28,28,28,28,28
250663,1,1,1986,0,0,0,0,0,0,0,0,0,0
250664,0,1,1986,0,0,0,0,32,0,0,25,0,0
250664,1,1,1986,0,0,17,0,0,0,0,0,20,0
250665,1,1,1986,16,16,16,16,16,16,16,16,16,16
250666,0,1,1986,0,13,33,8,6,21,16,6,0,0
250666,1,1,1986,10,16,0,2,12,3,22,15,5,9
250667,1,1,1986,0,0,0,0,0,0,0,0,0,0
250667,2,1,1986,9,0,0,0,20,15,0,0,0,0
250667,3,1,1986,0,11,0,0,0,0,0,0,0,0
250667,4,1,1986,0,0,0,0,0,0,0,0,0,0
250668,1,1,1986,30,30,30,30,30,30,30,30,30,30
250669,1,1,1986,0,0,0,0,0,0,0,0,0,0
250670,0,1,1986,0,0,0,0,0,0,0,0,0,0
250670,1,1,1986,0,0,0,0,0,0,0,0,0,0
250671,1,1,1986,0,0,0,0,0,6,0,0,0,0
250672,1,1,1986,20,20,20,20,20,20,20,20,20,20
250672,2,1,1986,0,0,0,0,0,0,0,0,0,10
250673,1,1,1986,10,10,10,10,10,10,10,10,10,10
250674,1,1,1986,0,0,0,0,0,0,0,23,0,0
250674,2,1,1986,0,21,5,11,14,13,25,20,0,17
250675,1,1,1986,17,0,11,0,0,0,0,21,0,16
250676,0,1,1986,0,0,0,0,0,0,0,0,0,0
250676,1,1,1986,0,0,0,0,0,0,0,0,0,0
250677,1,1,1986,0,0,0,0,0,0,0,0,0,0
250677,2,1,1986,0,0,0,0,0,0,0,0,0,0
250678,1,1,1986,28,28,28,28,28,28,28,28,28,28
250678,2,1,1986,16,16,0,0,0,0,11,0,0,0
250679,1,1,1986,15,15,15,15,15,15,15,15,15,15
250680,0,1,1986,0,25,0,0,11,0,9,0,25,13
250680,1,1,1986,0,0,0,10,0,0,0,0,0,20
250681,0,1,1986,0,0,0,0,0,0,0,0,0,0
250681,1,1,1986,0,0,0,0,0,0,0,0,0,0
250681,2,1,1986,11,0,0,0,0,0,0,0,0,0
250681,3,1,1986,0,0,0,0,0,0,0,0,0,0
250681,4,1,1986,0,0,0,0,0,0,0,0,0,0
250681,5,1,1986,0,0,0,0,0,0,0,9,0,0
250682,1,1,1986,0,0,4,0,0,0,0,0,0,0
250683,1,1,1986,0,0,0,0,0,0,0,0,0,0
250683,2,1,1986,0,0,0,0,0,0,0,0,0,0
250683,3,1,1986,0,17,0,0,0,0,0,0,0,0
250683,4,1,1986,0,0,0,17,0,0,0,7,0,0
250683,5,1,1986,0,0,0,0,0,0,0,0,0,0
250683,6,1,1986,0,0,0,0,0,0,0,0,0,0
250684,0,1,1986,0,0,0,0,0,0,0,0,24,0
250684,1,1,1986,0,0,0,0,7,0,0,0,0,0
250685,1,1,1986,22,22,22,22,22,22,22,22,22,22
250686,0,1,1986,0,0,0,0,0,0,0,0,0,0
250686,1,1,1986,0,10,0,0,3,0,0,0,0,0
250687,1,1,1986,0,0,0,0,0,0,0,0,0,0
250687,2,1,1986,0,0,0,0,0,0,0,0,0,0
250688,1,1,1986,0,0,0,0,0,0,0,0,0,0
250688,2,1,1986,0,0,0,0,0,0,0,0,0,0
250688,3,1,1986,0,0,0,0,0,0,0,0,0,0
250689,1,1,1986,0,0,18,0,0,0,0,0,0,17
250689,2,1,1986,0,0,0,0,0,0,0,0,0,0
250690,1,1,1986,30,30,30,30,30,30,30,30,30,30
250690,2,1,1986,0,10,0,0,19,0,18,0,0,0
250691,1,1,1986,0,0,0,0,0,0,0,0,0,0
250691,2,1,1986,0,0,0,0,0,0,0,0,0,0
250691,3,1,1986,0,0,0,0,0,0,0,0,0,0
250692,1,1,1986,0,0,0,0,0,0,0,0,0,0
250692,2,1,1986,0,0,0,0,0,0,0,0,0,0
250692,3,1,1986,0,0,0,0,0,0,0,0,0,0
250693,0,1,1986,0,0,0,0,0,0,0,0,11,0
250693,1,1,1986,0,0,0,0,0,0,0,0,0,0
250694,1,1,1986,0,0,15,0,0,0,0,0,9,0
250694,2,1,1986,8,8,8,8,8,8,8,8,8,8
250695,1,1,1986,0,0,0,0,0,0,0,0,0,0
250697,1,1,1986,27,27,27,27,27,27,27,27,27,27
250697,2,1,1986,0,0,16,16,22,7,2,4,9,23
250698,1,1,1986,0,0,0,0,0,25,0,0,18,0
250698,2,1,1986,23,16,20,19,7,21,16,19,10,24
250699,1,1,1986,0,0,0,3,0,0,28,13,24,13
250700,1,1,1986,18,18,18,18,18,18,18,18,18,18
250701,0,1,1986,19,19,19,19,19,19,19,19,19,19
250701,1,1,1986,0,0,0,0,0,12,0,0,0,0
250701,2,1,1986,0,0,0,0,0,0,0,0,0,0
250702,1,1,1986,12,12,12,12,12,12,12,12,12,12
260001,1,1,1986,17,17,17,17,17,17,17,17,17,17
260002,1,1,1986,3,15,12,7,0,14,10,8,2,5
260002,2,1,1986,4,4,4,4,4,4,4,4,4,4
260003,1,1,1986,0,0,0,0,0,0,0,0,0,0
260003,2,1,1986,0,0,0,0,0,9,0,0,0,0
260003,3,1,1986,0,0,0,0,0,0,0,0,0,0
260005,0,1,1986,20,20,20,20,20,20,20,20,20,20
260005,1,1,1986,10,11,12,20,0,13,8,13,10,10
260006,1,1,1986,0,0,0,0,0,0,0,0,0,0
260006,2,1,1986,0,0,0,0,0,0,0,0,0,0
260007,1,1,1986,0,0,0,0,0,0,0,0,0,0
260007,2,1,1986,0,0,0,0,0,0,0,0,0,0
260008,0,1,1986,0,0,0,0,16,0,0,0,0,0
260008,1,1,1986,0,0,0,0,0,0,0,0,0,0
260008,2,1,1986,24,24,0,12,11,0,16,29,0,9
260009,1,1,1986,17,17,17,17,17,17,17,17,17,17
260010,1,1,1986,0,0,0,0,0,0,0,0,0,0
260010,2,1,1986,0,0,0,0,0,0,0,0,0,0
260011,1,1,1986,0,0,0,0,0,0,0,0,0,0
260011,2,1,1986,0,0,0,0,0,0,0,0,0,0
260012,1,1,1986,0,0,0,0,0,0,0,0,0,0
260012,2,1,1986,0,0,0,0,0,0,0,0,0,0
260013,1,1,1986,0,0,0,7,0,0,0,0,0,0
260013,2,1,1986,0,0,0,0,0,0,0,0,0,0
260014,1,1,1986,0,0,0,0,0,0,0,0,0,0
260014,2,1,1986,0,0,0,0,0,0,0,0,0,0
260015,1,1,1986,12,0,0,12,6,0,0,0,8,0
260015,2,1,1986,0,19,0,0,0,0,0,8,0,0
260016,0,1,1986,0,0,0,0,0,0,6,0,0,0
260016,1,1,1986,0,0,0,0,0,0,0,0,0,0
260017,1,1,1986,31,31,31,31,31,31,31,31,31,31
260017,2,1,1986,0,0,0,0,0,0,0,0,0,0
260018,1,1,1986,0,0,0,0,0,0,0,0,0,11
260018,2,1,1986,0,0,0,0,0,0,0,0,2,0
260019,0,1,1986,21,21,10,13,14,38,31,14,22,21
260019,1,1,1986,7,7,7,7,7,7,7,7,7,7
260020,1,1,1986,12,7,0,0,0,0,0,0,0,0
260020,2,1,1986,0,0,0,0,0,0,0,0,0,0
260020,3,1,1986,0,0,0,0,0,0,0,0,0,0
260021,1,1,1986,0,0,0,0,0,0,0,0,0,0
260021,2,1,1986,0,0,0,0,0,0,0,0,0,0
260022,1,1,1986,28,28,28,28,28,28,28,28,28,28
260023,1,1,1986,0,0,0,0,0,0,0,0,0,0
260023,2,1,1986,0,0,0,0,0,0,0,0,0,0
260024,1,1,1986,0,0,0,0,0,0,0,0,0,0
260024,2,1,1986,0,0,8,0,0,0,0,0,0,0
260025,0,1,1986,0,0,0,0,0,0,0,0,0,0
260025,1,1,1986,0,0,0,0,0,0,0,0,0,0
260026,0,1,1986,8,8,8,8,8,8,8,8,8,8
260026,1,1,1986,5,5,5,5,5,5,5,5,5,5
260027,1,1,1986,16,16,16,16,16,16,16,16,16,16
260027,2,1,1986,0,0,0,0,0,0,0,0,0,0
260028,1,1,1986,0,0,0,0,0,0,0,0,0,0
260029,0,1,1986,0,0,0,0,0,0,0,0,0,0
260029,1,1,1986,0,0,0,0,0,0,0,0,0,0
260030,1,1,1986,0,0,0,0,0,0,0,0,0,0
260030,2,1,1986,0,0,0,0,0,0,0,0,0,0
260031,1,1,1986,14,14,14,14,14,14,14,14,14,14
260032,0,1,1986,44,44,44,44,44,44,44,44,44,44
260032,1,1,1986,0,23,0,0,0,0,4,0,0,3
260033,1,1,1986,5,5,5,5,5,5,5,5,5,5
260033,2,1,1986,6,6,6,6,6,6,6,6,6,6
260034,0,1,1986,15,15,15,15,15,15,15,15,15,15
260034,1,1,1986,0,0,5,0,0,0,0,0,0,0
260035,0,1,1986,0,0,0,0,0,0,0,0,0,0
260035,1,1,1986,0,0,0,0,0,0,0,0,0,0
260036,0,1,1986,0,0,0,0,0,0,0,0,0,0
260036,1,1,1986,0,0,0,0,0,0,0,0,0,0
260037,0,1,1986,0,11,0,0,0,0,0,0,0,28
260037,0,2,1986,0,0,0,0,0,0,0,0,7,0
260037,1,1,1986,0,0,0,5,0,21,0,0,0,0
260038,1,1,1986,0,0,0,0,0,0,0,0,0,0
260038,2,1,1986,0,0,0,0,0,0,0,0,0,0
260038,3,1,1986,0,0,0,0,0,0,0,0,0,0
260039,0,1,1986,0,0,0,0,0,15,0,0,4,0
260039,1,1,1986,0,0,0,0,0,0,0,0,0,0
260040,1,1,1986,17,17,17,17,17,17,17,17,17,17
260040,2,1,1986,0,0,0,0,0,0,0,0,0,0
260041,0,1,1986,0,0,0,0,0,0,0,0,0,0
260041,1,1,1986,0,0,0,0,0,0,0,0,0,0
260042,1,1,1986,14,14,14,14,14,14,14,14,14,14
260043,1,1,1986,18,18,18,18,18,18,18,18,18,18
260044,1,1,1986,0,0,0,0,0,0,0,0,17,0
260045,1,1,1986,19,19,19,19,19,19,19,19,19,19
260046,1,1,1986,0,0,0,0,0,0,0,0,0,0
260046,2,1,1986,0,0,0,0,0,0,0,0,0,0
260047,1,1,1986,3,3,3,3,3,3,3,3,3,3
260047,2,1,1986,12,16,13,12,14,12,20,8,28,16
260048,1,1,1986,20,20,20,20,20,20,20,20,20,20
260049,1,1,1986,22,22,22,22,22,22,22,22,22,22
260049,2,1,1986,18,18,18,18,18,18,18,18,18,18
260050,1,1,1986,0,0,0,0,0,0,0,0,0,0
260050,2,1,1986,0,0,0,17,0,0,0,0,0,0
260051,1,1,1986,5,11,7,13,19,31,2,0,27,29
260051,2,1,1986,17,17,17,17,17,17,17,17,17,17
260052,1,1,1986,12,0,11,0,0,0,0,0,0,0
260052,2,1,1986,0,0,0,0,0,0,0,0,0,0
260053,1,1,1986,0,0,0,5,0,0,0,0,0,0
260053,2,1,1986,0,0,0,0,0,0,0,0,0,0
260054,0,1,1986,19,19,19,19,19,19,19,19,19,19
260054,1,1,1986,0,0,0,0,0,0,0,0,0,0
260055,1,1,1986,25,0,0,0,0,0,0,0,0,0
260056,1,1,1986,0,0,0,0,0,0,0,0,0,0
260057,1,1,1986,0,12,0,8,0,9,0,0,24,0
260057,2,1,1986,9,9,9,9,9,9,9,9,9,9
260058,1,1,1986,0,0,0,0,2,0,0,0,0,0
260059,0,1,1986,14,14,14,14,14,14,14,14,14,14
260059,1,1,1986,6,6,6,6,6,6,6,6,6,6
260060,0,1,1986,35,0,16,22,21,0,12,34,0,0
260060,1,1,1986,0,0,0,0,0,0,0,0,0,0
260061,1,1,1986,12,16,28,0,11,16,14,15,16,0
260062,0,1,1986,0,0,19,7,19,0,0,0,0,0
260062,1,1,1986,0,0,0,0,0,0,0,0,0,0
260063,1,1,1986,17,17,17,17,17,17,17,17,17,17
260064,1,1,1986,19,19,19,19,19,19,19,19,19,19
260064,2,1,1986,0,0,11,0,24,0,0,15,0,13
260065,0,1,1986,54,54,54,54,54,54,54,54,54,54
260065,1,1,1986,8,0,29,24,0,0,9,5,0,0
260066,1,1,1986,0,0,0,0,0,0,0,0,0,0
260066,2,1,1986,0,0,0,0,0,0,0,0,0,0
260067,1,1,1986,0,0,0,0,0,0,0,0,0,0
260067,2,1,1986,0,0,0,0,0,0,0,0,0,0
260067,3,1,1986,0,0,0,0,0,0,0,0,0,0
260069,1,1,1986,0,0,0,0,0,0,0,0,0,0
260069,2,1,1986,11,0,0,0,0,0,0,0,0,0
260069,3,1,1986,0,0,20,0,0,0,0,0,0,0
260069,4,1,1986,0,0,0,0,0,0,0,0,0,0
260069,5,1,1986,0,0,0,0,0,0,0,0,0,0
260070,1,1,1986,0,0,0,0,0,0,0,0,0,0
260070,2,1,1986,0,0,0,0,0,0,0,0,10,0
260071,1,1,1986,0,0,0,0,0,0,0,4,0,0
260071,2,1,1986,0,0,6,0,29,0,0,0,0,0
260072,1,1,1986,0,0,0,0,0,0,0,0,0,0
260072,2,1,1986,0,0,0,0,0,0,0,0,0,0
260073,1,1,1986,0,0,0,0,0,0,0,0,0,0
260073,2,1,1986,0,0,0,0,0,0,0,0,0,0
260074,1,1,1986,11,0,0,8,0,0,0,11,17,0
260075,1,1,1986,14,14,14,14,14,14,14,14,14,14
260075,2,1,1986,0,0,0,0,0,12,0,0,0,0
260076,1,1,1986,0,0,0,0,0,0,0,0,0,0
260076,2,1,1986,0,0,0,0,0,0,0,0,0,0
260078,1,1,1986,4,4,4,4,4,4,4,4,4,4
260078,2,1,1986,0,0,0,0,0,0,0,0,0,0
260079,1,1,1986,0,0,0,0,0,0,0,0,0,0
260079,2,1,1986,0,0,0,0,0,0,0,0,0,0
260080,1,1,1986,11,11,11,11,11,11,11,11,11,11
260080,2,1,1986,0,0,0,0,0,0,0,0,0,0
260081,0,1,1986,0,0,0,0,0,0,0,0,0,0
260081,1,1,1986,0,0,0,0,0,0,0,0,0,0
260082,1,1,1986,0,0,0,0,0,0,0,0,0,0
260083,1,1,1986,0,0,0,0,0,0,0,0,0,0
260083,2,1,1986,0,0,0,0,0,0,0,0,0,0
260084,1,1,1986,16,9,5,11,0,17,13,8,6,7
260084,2,1,1986,0,0,0,0,0,0,0,0,15,0
260085,0,1,1986,22,7,16,13,27,35,23,28,24,12
260085,1,1,1986,0,0,0,0,0,0,0,0,0,0
260086,1,1,1986,0,0,0,0,25,0,0,0,0,16
260086,2,1,1986,0,0,0,0,0,0,0,0,0,0
260087,1,1,1986,23,23,23,23,23,23,23,23,23,23
260088,1,1,1986,0,0,0,0,0,0,0,0,0,20
260089,1,1,1986,0,0,0,0,0,0,0,0,0,0
260090,1,1,1986,0,0,0,0,0,0,0,0,13,0
260090,2,1,1986,0,0,0,0,0,9,0,0,11,0
260091,0,1,1986,0,0,0,0,0,0,0,0,0,0
260091,1,1,1986,0,0,13,0,0,0,0,0,0,0
260092,1,1,1986,29,29,29,29,29,29,29,29,29,29
260093,1,1,1986,0,0,0,0,0,0,0,0,0,0
260093,2,1,1986,0,0,0,0,0,0,0,0,16,0
260094,1,1,1986,20,20,20,20,20,20,20,20,20,20
260094,2,1,1986,0,0,0,0,0,0,0,0,0,0
260095,1,1,1986,0,0,0,0,0,0,0,0,0,0
260095,2,1,1986,0,0,0,0,0,0,0,0,0,0
260096,0,1,1986,32,32,32,32,32,32,32,32,32,32
260096,1,1,1986,0,0,0,0,0,0,0,0,0,0
260097,0,1,1986,0,0,0,0,0,0,0,0,0,0
260097,1,1,1986,20,22,18,25,16,7,23,8,14,25
260099,1,1,1986,0,0,0,0,0,0,0,0,0,0
260099,2,1,1986,0,0,0,0,0,23,0,0,0,0
260100,1,1,1986,0,0,0,0,0,0,0,0,0,0
260100,2,1,1986,3,3,3,3,3,3,3,3,3,3
260101,1,1,1986,15,15,15,15,15,15,15,15,15,15
260101,2,1,1986,0,0,0,0,0,0,0,0,0,0
260102,1,1,1986,37,37,37,37,37,37,37,37,37,37
260102,2,1,1986,0,0,7,0,0,13,0,2,0,3
260102,3,1,1986,0,0,18,0,0,0,0,0,0,0
260102,4,1,1986,0,22,0,0,0,0,0,18,7,0
260103,0,1,1986,21,21,21,21,21,21,21,21,21,21
260103,1,1,1986,0,0,0,0,0,0,0,3,9,0
260104,0,1,1986,14,14,14,14,14,14,14,14,14,14
260104,1,1,1986,16,16,16,16,16,16,16,16,16,16
260105,1,1,1986,5,5,5,5,5,5,5,5,5,5
260105,2,1,1986,0,0,0,0,0,0,0,0,0,0
260106,1,1,1986,5,5,5,5,5,5,5,5,5,5
260106,2,1,1986,0,0,0,0,0,0,0,0,0,0
260107,1,1,1986,7,7,7,7,7,7,7,7,7,7
260107,2,1,1986,0,0,0,0,9,0,0,0,0,0
260108,1,1,1986,0,0,0,0,0,0,0,0,0,0
260109,1,1,1986,0,0,0,0,0,0,0,0,0,0
260109,2,1,1986,0,0,0,0,0,0,0,0,0,0
260110,1,1,1986,0,0,0,0,0,0,0,0,0,0
260110,2,1,1986,0,0,17,0,0,0,0,0,0,0
260111,1,1,1986,0,0,0,0,0,0,0,0,0,0
260112,0,1,1986,0,0,0,0,0,0,0,0,0,0
260112,1,1,1986,0,0,0,0,0,0,0,0,0,0
260113,1,1,1986,0,0,0,0,0,0,0,0,0,0
260113,2,1,1986,0,0,0,0,0,0,0,0,0,0
260114,1,1,1986,0,0,0,0,0,0,0,0,0,0
260114,2,1,1986,0,0,0,0,0,0,0,0,0,0
260115,1,1,1986,0,0,0,0,0,0,0,0,0,0
260115,2,1,1986,0,0,0,0,0,0,0,0,0,0
260116,1,1,1986,0,0,0,0,0,0,0,0,0,0
260116,2,1,1986,0,0,0,0,0,0,9,0,0,0
260117,1,1,1986,0,0,0,0,0,0,0,0,0,0
260118,1,1,1986,0,0,0,0,0,0,0,0,0,0
260118,2,1,1986,0,0,0,0,0,0,0,0,0,0