ST_CASE,VEH_NO,PER_NO,YEAR,P1,P2,P3,P4,P5,P6,P7,P8,P9,P10
260119,1,1,1986,20,0,0,0,0,0,5,0,0,0
260119,2,1,1986,0,0,0,0,7,0,0,0,0,0
260120,1,1,1986,8,8,8,8,8,8,8,8,8,8
260121,1,1,1986,0,20,0,0,4,0,0,0,0,0
260121,2,1,1986,0,0,0,0,0,0,0,0,0,0
260122,1,1,1986,0,0,0,0,0,0,0,0,0,0
260122,2,1,1986,9,0,0,0,0,0,0,0,11,0
260123,1,1,1986,18,18,18,18,18,18,18,18,18,18
260123,2,1,1986,0,0,0,0,0,0,0,0,0,0
260124,1,1,1986,0,0,0,0,0,0,0,0,0,0
260125,1,1,1986,0,0,0,0,0,0,0,0,0,0
260125,2,1,1986,0,4,0,0,0,0,0,0,0,0
260126,1,1,1986,0,0,0,0,0,0,0,0,0,0
260126,2,1,1986,0,0,0,0,0,0,0,0,0,0
260127,1,1,1986,0,0,0,0,0,0,0,0,0,0
260127,2,1,1986,0,0,0,0,0,0,0,0,0,0
260128,1,1,1986,9,9,9,9,9,9,9,9,9,9
260128,2,1,1986,0,0,0,0,0,6,0,0,0,0
260129,1,1,1986,0,0,0,0,0,0,0,0,0,0
260129,2,1,1986,0,0,0,0,0,0,0,0,0,0
260130,1,1,1986,0,0,0,0,0,0,0,0,0,5
260131,1,1,1986,19,19,19,19,19,19,19,19,19,19
260132,1,1,1986,0,0,0,0,0,0,0,0,0,0
260133,1,1,1986,0,0,0,0,0,0,0,0,0,0
260133,2,1,1986,0,0,0,0,0,0,0,0,0,0
260134,1,1,1986,0,0,0,0,0,0,0,0,0,0
260134,2,1,1986,0,0,0,0,0,0,0,0,0,0
260135,1,1,1986,12,12,12,12,12,12,12,12,12,12
260136,1,1,1986,0,0,0,0,0,0,0,0,7,0
260136,2,1,1986,0,0,0,0,0,0,0,0,0,0
260136,3,1,1986,0,0,0,0,0,0,0,0,4,0
260136,4,1,1986,0,0,0,0,0,0,0,0,0,0
260136,5,1,1986,0,12,0,0,0,0,0,0,0,0
260136,6,1,1986,0,0,0,0,0,0,0,0,0,0
260137,0,1,1986,0,0,0,0,0,0,0,0,0,0
260137,1,1,1986,15,13,20,3,16,10,33,21,9,21
260138,0,1,1986,13,13,13,13,13,13,13,13,13,13
260138,1,1,1986,15,15,15,15,15,15,15,15,15,15
260139,0,1,1986,0,0,0,0,0,0,0,0,0,26
260139,1,1,1986,0,0,10,0,0,0,0,0,0,0
260140,1,1,1986,0,0,0,0,0,0,0,0,0,0
260141,0,1,1986,0,0,0,0,0,0,0,0,0,0
260141,0,2,1986,0,0,30,25,6,9,0,0,30,5
260141,1,1,1986,0,0,0,0,0,0,0,0,0,0
260142,1,1,1986,23,12,47,20,13,23,37,11,15,19
260142,2,1,1986,0,0,0,0,0,0,0,0,0,0
260143,1,1,1986,3,4,13,11,24,21,12,0,18,10
260144,1,1,1986,17,17,17,17,17,17,17,17,17,17
260145,1,1,1986,10,10,10,10,10,10,10,10,10,10
260146,1,1,1986,0,0,0,0,0,0,0,0,0,0
260146,2,1,1986,0,0,0,0,0,0,5,0,0,6
260147,1,1,1986,5,5,5,5,5,5,5,5,5,5
260148,1,1,1986,0,0,0,0,0,0,0,0,0,0
260149,1,1,1986,0,0,0,0,0,0,0,0,0,0
260149,2,1,1986,0,0,0,0,0,0,0,0,0,0
260150,1,1,1986,0,0,0,0,0,0,0,0,0,0
260150,2,1,1986,0,0,0,0,0,0,0,0,0,0
260151,1,1,1986,0,0,0,0,0,0,0,0,0,0
260152,1,1,1986,0,0,0,0,0,0,0,0,0,0
260153,0,1,1986,0,0,0,0,0,0,0,0,0,0
260153,1,1,1986,0,0,0,0,0,0,0,0,0,0
260154,1,1,1986,32,32,32,32,32,32,32,32,32,32
260154,2,1,1986,5,5,5,5,5,5,5,5,5,5
260155,1,1,1986,0,0,0,0,0,0,0,0,0,0
260155,2,1,1986,0,0,0,0,0,0,0,0,0,0
260156,1,1,1986,0,0,0,0,0,0,0,0,0,0
260156,2,1,1986,0,0,0,0,0,0,0,0,0,0
260169,0,1,1986,0,0,0,0,0,0,0,0,0,0
260169,1,1,1986,0,0,0,0,0,0,0,0,0,0
260169,2,1,1986,0,0,0,0,0,0,0,0,0,0
260170,1,1,1986,0,0,0,0,0,0,0,0,0,0
260170,2,1,1986,0,0,0,0,0,0,0,0,0,0
260171,1,1,1986,25,12,40,34,22,17,23,11,15,28
260171,2,1,1986,0,0,0,0,0,0,0,0,0,0
260172,1,1,1986,0,0,0,0,0,0,0,0,0,0
260172,2,1,1986,0,0,0,0,0,0,0,0,0,0
260172,3,1,1986,0,0,0,0,0,6,0,0,0,4
260172,4,1,1986,0,0,0,0,0,0,0,0,0,0
260173,1,1,1986,30,30,30,30,30,30,30,30,30,30
260173,2,1,1986,0,0,0,0,0,0,0,0,0,0
260175,1,1,1986,0,0,0,0,0,0,0,0,0,0
260175,2,1,1986,0,0,0,0,0,0,0,7,0,0
260177,1,1,1986,0,0,0,0,0,0,0,0,0,0
260177,2,1,1986,0,0,0,0,0,0,0,0,0,0
260178,1,1,1986,3,21,0,22,0,9,0,0,0,0
260179,0,1,1986,0,0,0,0,0,0,0,0,0,0
260179,1,1,1986,0,0,0,0,0,0,0,0,0,0
260180,1,1,1986,10,10,10,10,10,10,10,10,10,10
260180,2,1,1986,0,0,0,0,0,0,0,0,0,0
260181,1,1,1986,8,8,8,8,8,8,8,8,8,8
260182,1,1,1986,0,0,0,0,0,0,0,0,0,0
260182,2,1,1986,0,0,0,0,0,0,0,0,0,0
260183,1,1,1986,0,0,0,8,0,0,0,0,0,0
260183,2,1,1986,0,0,0,0,0,0,0,0,0,0
260184,0,1,1986,18,31,33,27,12,19,0,11,24,0
260184,1,1,1986,0,0,0,0,0,0,0,0,0,0
260185,0,1,1986,21,21,21,21,21,21,21,21,21,21
260185,1,1,1986,0,0,0,0,0,0,0,0,0,0
260186,1,1,1986,1,1,1,1,1,1,1,1,1,1
260186,2,1,1986,0,0,0,0,0,0,0,0,0,0
260187,1,1,1986,0,0,0,0,0,0,0,0,0,0
260187,2,1,1986,0,0,0,0,0,0,0,0,0,0
260188,1,1,1986,16,16,16,16,16,16,16,16,16,16
260189,1,1,1986,10,0,18,8,10,10,21,0,12,20
260190,0,1,1986,5,5,5,5,5,5,5,5,5,5
260190,1,1,1986,0,0,0,0,0,0,0,0,0,0
260191,1,1,1986,16,16,16,16,16,16,16,16,16,16
260192,1,1,1986,0,0,0,0,0,0,0,0,0,0
260192,2,1,1986,0,0,0,0,0,0,0,0,0,0
260193,1,1,1986,8,8,8,8,8,8,8,8,8,8
260194,1,1,1986,30,30,30,30,30,30,30,30,30,30
260195,1,1,1986,29,29,29,29,29,29,29,29,29,29
260196,0,1,1986,0,0,0,0,0,0,0,0,0,0
260196,1,1,1986,0,0,0,0,15,0,2,0,0,0
260197,0,1,1986,0,0,0,0,0,0,0,0,0,0
260197,1,1,1986,0,0,0,0,0,0,0,0,0,0
260198,0,1,1986,0,0,0,0,0,0,0,0,0,0
260198,1,1,1986,0,0,0,0,0,0,0,8,0,0
260199,1,1,1986,20,40,21,12,14,0,18,0,19,15
260200,0,1,1986,24,24,24,24,24,24,24,24,24,24
260200,1,1,1986,0,6,14,17,0,0,0,8,0,0
260201,1,1,1986,0,0,0,0,0,0,0,0,0,0
260202,1,1,1986,14,21,33,20,20,19,5,19,18,16
260204,0,1,1986,0,0,0,0,0,0,0,0,0,0
260204,0,2,1986,17,0,0,0,18,7,25,15,0,19
260204,1,1,1986,13,0,0,0,0,0,0,0,0,0
260204,2,1,1986,0,0,0,0,0,0,0,0,0,0
260205,1,1,1986,16,16,16,16,16,16,16,16,16,16
260206,1,1,1986,0,0,0,0,0,0,0,0,0,0
260206,2,1,1986,0,0,0,0,0,3,0,0,0,0
260207,1,1,1986,28,28,28,28,28,28,28,28,28,28
260207,2,1,1986,0,0,0,0,0,0,0,0,0,0
260208,1,1,1986,0,0,0,0,0,0,0,0,0,0
260208,2,1,1986,22,22,22,22,22,22,22,22,22,22
260209,1,1,1986,8,8,8,8,8,8,8,8,8,8
260209,2,1,1986,0,0,0,0,0,0,0,0,0,0
260210,1,1,1986,0,0,0,0,0,0,0,0,0,0
260210,2,1,1986,0,0,0,0,0,0,0,0,0,0
260211,1,1,1986,0,0,0,0,0,0,0,0,0,0
260211,2,1,1986,0,0,0,0,0,0,0,0,0,0
260212,1,1,1986,0,0,0,0,0,0,0,0,0,0
260213,1,1,1986,0,0,0,0,0,0,0,0,0,0
260213,2,1,1986,0,0,0,0,0,0,0,0,0,0
260214,1,1,1986,16,16,16,16,16,16,16,16,16,16
260214,2,1,1986,0,0,0,0,0,0,0,0,0,0
260215,1,1,1986,4,4,4,4,4,4,4,4,4,4
260216,1,1,1986,0,0,0,0,0,0,0,0,0,0
260217,1,1,1986,0,0,0,0,0,0,0,0,0,0
260217,2,1,1986,0,0,0,0,0,0,0,0,0,0
260218,1,1,1986,19,19,19,19,19,19,19,19,19,19
260219,1,1,1986,1,1,1,1,1,1,1,1,1,1
260220,1,1,1986,0,0,0,0,0,0,0,0,0,0
260220,2,1,1986,0,0,0,0,0,0,0,0,0,0
260221,0,1,1986,0,0,0,0,0,0,0,0,0,0
260221,1,1,1986,0,0,0,0,0,0,0,0,0,0
260222,1,1,1986,0,0,0,0,0,0,0,0,0,0
260222,2,1,1986,0,0,0,0,0,0,0,0,0,0
260224,0,1,1986,10,10,10,10,10,10,10,10,10,10
260224,1,1,1986,0,0,0,0,0,0,0,0,0,0
260225,0,1,1986,0,0,0,0,0,0,0,0,0,0
260225,1,1,1986,0,0,0,0,0,0,0,0,0,0
260226,0,1,1986,12,12,12,12,12,12,12,12,12,12
260226,1,1,1986,0,0,0,0,0,0,0,0,0,0
260227,1,1,1986,26,4,24,0,0,0,0,0,0,27
260228,1,1,1986,0,0,0,0,0,0,0,0,0,0
260228,2,1,1986,0,0,0,0,0,0,0,0,0,0
260229,1,1,1986,17,0,5,25,18,21,5,0,21,17
260229,2,1,1986,3,19,19,20,18,5,11,11,9,14
260230,1,1,1986,0,0,0,0,0,0,0,0,0,0
260231,0,1,1986,24,24,24,24,24,24,24,24,24,24
260231,1,1,1986,12,23,7,26,39,30,14,28,0,28
260232,1,1,1986,0,0,0,0,0,0,0,0,0,0
260232,2,1,1986,0,0,0,0,0,0,0,0,0,0
260232,3,1,1986,0,0,0,0,0,0,0,0,0,0
260232,4,1,1986,0,0,0,0,0,0,0,0,0,0
260233,1,1,1986,27,27,27,27,27,27,27,27,27,27
260234,0,1,1986,0,0,0,0,0,0,0,0,0,0
260234,1,1,1986,11,11,11,11,11,11,11,11,11,11
260235,1,1,1986,0,0,0,0,0,0,0,0,0,0
260236,1,1,1986,11,11,11,11,11,11,11,11,11,11
260236,2,1,1986,8,8,8,8,8,8,8,8,8,8
260237,1,1,1986,0,0,0,0,0,0,0,0,0,0
260237,2,1,1986,0,0,0,0,0,0,0,0,0,0
260238,1,1,1986,17,26,5,36,11,23,18,23,19,28
260239,1,1,1986,17,17,17,17,17,17,17,17,17,17
260240,1,1,1986,0,0,0,0,0,0,0,0,0,0
260240,2,1,1986,7,0,16,0,0,0,0,0,0,0
260241,1,1,1986,0,0,0,0,0,0,0,0,0,0
260242,1,1,1986,0,0,0,0,0,11,0,0,10,0
260242,2,1,1986,0,0,0,0,0,0,0,0,0,0
260243,1,1,1986,0,8,0,0,0,10,0,0,14,0
260243,2,1,1986,0,25,22,0,11,0,0,0,0,0
260244,1,1,1986,17,17,17,17,17,17,17,17,17,17
260245,1,1,1986,0,0,0,0,0,0,0,0,0,0
260245,2,1,1986,0,0,15,0,0,0,0,0,0,0
260246,1,1,1986,0,0,0,0,0,0,0,0,0,0
260247,1,1,1986,0,0,0,0,0,0,0,0,0,0
260248,1,1,1986,0,0,0,0,0,0,0,0,0,0
260249,1,1,1986,14,14,13,33,24,11,4,16,22,7
260250,1,1,1986,18,18,18,18,18,18,18,18,18,18
260251,0,1,1986,28,28,28,28,28,28,28,28,28,28
260251,1,1,1986,0,0,0,0,0,13,0,0,0,0
260252,1,1,1986,0,0,0,0,0,0,0,0,0,0
260252,2,1,1986,0,0,0,0,0,0,0,0,0,0
260253,1,1,1986,5,5,5,5,5,5,5,5,5,5
260253,2,1,1986,0,0,0,0,0,0,0,0,0,0
260254,1,1,1986,21,21,21,21,21,21,21,21,21,21
260255,1,1,1986,23,23,23,23,23,23,23,23,23,23
260256,1,1,1986,0,0,0,0,0,0,0,0,0,0
260256,2,1,1986,0,0,0,0,0,0,0,0,0,0
260257,1,1,1986,22,22,22,22,22,22,22,22,22,22
260258,1,1,1986,0,0,0,0,0,0,0,0,0,0
260259,0,1,1986,0,0,0,0,0,0,0,0,0,0
260259,1,1,1986,0,0,0,0,0,0,0,0,0,0
260260,1,1,1986,21,14,18,13,15,11,21,19,28,19
260262,1,1,1986,8,8,8,8,8,8,8,8,8,8
260263,1,1,1986,12,12,12,12,12,12,12,12,12,12
260263,2,1,1986,4,4,4,4,4,4,4,4,4,4
260264,1,1,1986,0,0,0,0,0,0,0,0,0,0
260264,2,1,1986,0,0,0,0,0,0,0,0,0,0
260265,1,1,1986,0,22,0,0,0,0,0,0,0,0
260265,2,1,1986,0,0,0,0,0,0,0,0,0,0
260266,0,1,1986,27,0,0,0,0,0,0,0,0,0
260266,1,1,1986,0,0,9,0,0,0,0,0,12,13
260267,1,1,1986,0,0,0,0,0,0,0,0,0,0
260267,2,1,1986,0,0,0,0,0,0,0,0,0,0
260268,1,1,1986,0,0,0,0,0,0,0,0,0,0
260268,2,1,1986,0,0,0,0,0,0,0,0,0,0
260270,0,1,1986,0,0,0,0,0,0,0,0,0,0
260270,1,1,1986,0,0,0,0,0,0,0,0,0,0
260271,1,1,1986,0,0,0,0,0,0,0,0,0,0
260271,2,1,1986,0,0,0,3,0,0,0,0,0,0
260271,3,1,1986,0,0,0,0,0,0,0,0,0,0
260271,4,1,1986,0,0,0,0,0,0,0,0,0,0
260271,5,1,1986,0,0,0,0,0,0,0,0,0,0
260272,0,1,1986,0,0,0,0,0,0,0,0,0,0
260272,1,1,1986,0,0,0,0,0,0,0,0,0,0
260273,1,1,1986,14,14,14,14,14,14,14,14,14,14
260273,2,1,1986,0,0,0,0,0,0,0,0,0,0
260274,1,1,1986,16,16,16,16,16,16,16,16,16,16
260275,1,1,1986,0,0,0,0,0,0,0,0,0,0
260275,2,1,1986,0,0,0,0,0,0,0,0,0,0
260276,1,1,1986,17,17,17,17,17,17,17,17,17,17
260277,1,1,1986,8,27,10,9,28,16,30,14,4,21
260278,1,1,1986,16,5,0,23,19,18,20,8,28,14
260278,2,1,1986,0,0,0,0,0,0,0,0,0,0
260279,1,1,1986,0,0,0,0,9,24,0,13,0,0
260279,2,1,1986,0,0,0,0,0,0,0,4,0,0
260280,0,1,1986,25,25,25,25,25,25,25,25,25,25
260280,1,1,1986,0,0,0,0,0,0,0,0,0,0
260281,1,1,1986,12,13,19,15,7,5,17,19,19,10
260282,1,1,1986,0,0,0,0,0,0,0,0,0,0
260282,2,1,1986,0,0,0,0,0,0,0,0,0,0
260283,1,1,1986,0,0,0,0,0,4,0,0,0,0
260283,2,1,1986,0,0,0,0,0,0,0,0,0,0
260284,1,1,1986,0,0,0,0,0,0,0,0,0,0
260284,2,1,1986,0,0,0,0,0,0,0,0,0,24
260285,0,1,1986,0,0,0,0,0,0,0,0,0,0
260285,1,1,1986,18,17,17,11,7,26,15,12,4,22
260285,2,1,1986,4,8,10,5,19,23,12,10,10,16
260286,1,1,1986,0,0,0,0,0,0,0,0,0,0
260286,2,1,1986,13,0,0,0,0,0,0,0,0,7
260287,1,1,1986,0,0,0,0,0,0,0,0,0,0
260288,1,1,1986,0,0,0,0,0,0,0,0,0,0
260288,2,1,1986,0,0,0,0,0,0,0,0,0,0
260288,3,1,1986,0,0,0,0,0,0,0,0,0,0
260288,4,1,1986,0,0,0,0,0,0,0,0,0,0
260288,5,1,1986,0,0,0,0,0,0,0,0,0,0
260288,6,1,1986,0,0,0,0,0,0,0,0,0,0
260288,7,1,1986,0,0,0,0,0,0,0,0,0,0
260289,1,1,1986,0,7,22,25,0,0,0,0,0,0
260289,2,1,1986,18,14,0,0,11,0,0,0,0,19
260290,1,1,1986,16,16,16,16,16,16,16,16,16,16
260290,2,1,1986,0,0,0,0,0,0,0,0,0,0
260291,1,1,1986,0,0,0,0,0,0,0,0,0,0
260292,0,1,1986,0,0,0,0,0,0,0,0,0,0
260292,1,1,1986,0,0,0,0,0,0,0,0,0,0
260293,1,1,1986,29,29,29,29,29,29,29,29,29,29
260293,2,1,1986,0,0,0,0,0,0,0,0,0,0
260294,1,1,1986,17,17,17,17,17,17,17,17,17,17
260294,2,1,1986,0,0,9,0,0,0,0,0,0,15
260295,1,1,1986,12,12,12,12,12,12,12,12,12,12
260296,0,1,1986,0,0,10,20,22,0,0,0,11,0
260296,1,1,1986,0,0,0,0,0,0,0,0,0,0
260297,0,1,1986,0,0,0,0,0,0,0,0,0,0
260297,1,1,1986,0,0,0,0,0,0,0,0,0,0
260298,1,1,1986,20,20,20,20,20,20,20,20,20,20
260299,1,1,1986,16,0,0,3,11,0,12,19,0,0
260300,1,1,1986,12,18,4,7,13,16,26,11,23,13
260301,1,1,1986,0,0,0,0,14,0,0,0,0,0
260301,2,1,1986,0,0,0,0,0,0,0,0,0,0
260302,1,1,1986,0,0,0,0,0,0,0,0,10,0
260303,1,1,1986,14,14,14,14,14,14,14,14,14,14
260304,1,1,1986,0,0,0,0,0,0,0,0,0,0
260305,1,1,1986,10,10,10,10,10,10,10,10,10,10
260306,1,1,1986,0,0,0,0,0,0,0,0,0,0
260306,2,1,1986,0,0,0,0,0,0,0,0,0,0
260307,1,1,1986,0,5,0,0,0,0,3,0,0,0
260307,2,1,1986,0,20,0,0,0,0,0,0,0,11
260308,1,1,1986,13,13,13,13,13,13,13,13,13,13
260309,0,1,1986,0,0,0,0,0,0,0,0,0,0
260309,1,1,1986,0,0,0,0,0,0,0,20,0,11
260310,1,1,1986,8,8,8,8,8,8,8,8,8,8
260311,0,1,1986,0,0,4,15,0,0,0,3,0,10
260311,1,1,1986,12,11,9,16,9,4,21,13,8,20
260311,2,1,1986,3,3,3,3,3,3,3,3,3,3
260312,1,1,1986,0,0,0,0,0,0,0,0,0,0
260313,1,1,1986,0,14,0,0,0,0,0,0,0,0
260313,2,1,1986,0,0,0,0,0,0,0,0,0,0
260314,1,1,1986,24,24,24,24,24,24,24,24,24,24
260314,2,1,1986,0,5,0,0,0,0,0,0,0,0
260315,1,1,1986,0,0,0,0,0,0,0,0,0,0
260316,1,1,1986,0,0,0,0,0,8,0,0,0,0
260316,2,1,1986,0,0,0,13,0,0,0,0,0,0
260317,1,1,1986,0,0,0,10,0,0,0,12,0,17
260317,2,1,1986,0,21,0,0,0,19,12,0,0,0
260318,1,1,1986,22,15,0,0,0,0,17,0,10,0
260318,2,1,1986,0,0,0,0,0,0,17,0,0,0
260319,0,1,1986,0,0,0,0,0,0,0,0,0,0
260319,1,1,1986,0,0,0,0,0,0,0,0,0,0
260320,1,1,1986,24,24,24,24,24,24,24,24,24,24
260320,2,1,1986,0,0,0,0,0,0,0,0,0,0
260321,0,1,1986,0,0,0,0,0,0,0,0,0,0
260321,1,1,1986,0,0,0,0,0,0,0,0,0,0
260322,0,1,1986,29,29,29,29,29,29,29,29,29,29
260322,1,1,1986,17,18,0,26,17,32,2,0,19,32
260323,1,1,1986,17,17,17,17,17,17,17,17,17,17
260323,2,1,1986,0,0,0,0,0,0,0,0,0,0
260324,1,1,1986,20,20,20,20,20,20,20,20,20,20
260325,1,1,1986,0,0,0,0,0,0,0,0,0,0
260325,2,1,1986,0,0,0,0,0,0,0,0,0,0
260326,1,1,1986,28,28,28,28,28,28,28,28,28,28
260327,1,1,1986,0,0,0,0,0,0,0,0,0,0
260327,2,1,1986,0,0,0,0,0,0,0,0,0,0
260328,1,1,1986,17,17,17,17,17,17,17,17,17,17
260328,2,1,1986,11,7,7,12,22,21,30,9,15,18
260329,1,1,1986,0,0,0,0,0,0,0,0,0,0
260329,2,1,1986,0,0,0,0,0,0,0,0,0,0
260330,1,1,1986,21,21,21,21,21,21,21,21,21,21
260331,1,1,1986,0,0,0,0,0,0,0,0,0,0
260331,2,1,1986,0,0,0,0,0,0,0,0,0,0
260332,1,1,1986,0,0,0,0,0,0,0,0,0,0
260332,2,1,1986,0,0,0,0,0,0,0,0,0,0
260333,1,1,1986,23,27,19,20,20,16,9,17,30,22
260334,1,1,1986,13,13,13,13,13,13,13,13,13,13
260335,1,1,1986,0,12,0,0,0,0,0,0,0,7
260336,0,1,1986,18,29,0,39,0,10,7,20,0,0
260336,0,2,1986,12,18,21,0,26,16,19,28,9,8
260336,1,1,1986,6,31,14,20,35,9,5,8,29,10
260337,1,1,1986,22,22,22,22,22,22,22,22,22,22
260338,1,1,1986,20,20,20,20,20,20,20,20,20,20
260339,1,1,1986,0,0,0,0,0,0,0,0,0,0
260340,1,1,1986,0,0,0,0,0,0,0,0,0,0
260341,1,1,1986,14,14,24,28,11,29,30,26,38,20
260342,1,1,1986,5,9,0,20,21,11,10,7,15,17
260343,1,1,1986,21,21,21,21,21,21,21,21,21,21
260343,2,1,1986,0,0,0,5,0,0,0,0,0,0
260344,1,1,1986,23,23,23,23,23,23,23,23,23,23
260344,2,1,1986,0,0,0,0,0,0,0,0,0,0
260345,1,1,1986,14,14,14,14,14,14,14,14,14,14
260346,1,1,1986,29,29,29,29,29,29,29,29,29,29
260346,2,1,1986,0,7,0,15,0,0,0,0,0,0
260346,3,1,1986,0,0,0,0,18,0,0,4,0,0
260347,1,1,1986,3,3,3,3,3,3,3,3,3,3
260348,1,1,1986,13,13,13,13,13,13,13,13,13,13
260348,2,1,1986,0,0,0,0,0,0,0,0,0,0
260349,1,1,1986,0,0,0,0,0,0,0,0,0,0
260350,1,1,1986,14,27,33,33,9,0,19,20,16,29
260350,2,1,1986,0,0,0,0,0,0,0,0,0,0
260351,1,1,1986,0,0,0,0,0,0,0,0,0,0
260352,0,1,1986,32,32,32,32,32,32,32,32,32,32
260352,1,1,1986,0,0,0,0,0,0,0,0,0,0
260353,1,1,1986,17,17,17,17,17,17,17,17,17,17
260354,0,1,1986,0,0,0,0,0,0,0,0,0,0
260354,1,1,1986,0,0,0,0,0,0,0,0,0,0
260355,1,1,1986,4,0,20,0,0,0,0,16,0,0
260356,0,1,1986,0,0,0,0,0,0,0,0,0,0
260356,1,1,1986,0,0,0,0,0,0,0,0,0,0
260357,1,1,1986,0,0,0,0,0,0,0,0,0,0
260357,2,1,1986,0,0,0,0,0,0,0,0,0,0
260358,1,1,1986,0,0,0,0,0,0,0,0,0,0
260359,1,1,1986,7,7,7,7,7,7,7,7,7,7
260360,1,1,1986,7,7,7,7,7,7,7,7,7,7
260361,1,1,1986,0,0,0,0,0,0,0,0,0,0
260361,2,1,1986,0,0,0,0,0,0,0,0,0,0
260362,1,1,1986,0,0,0,9,0,0,0,0,11,0
260363,1,1,1986,15,15,15,15,15,15,15,15,15,15
260364,1,1,1986,31,31,31,31,31,31,31,31,31,31
260365,1,1,1986,8,18,15,32,7,5,29,13,3,6
260366,0,1,1986,0,0,0,0,0,0,0,0,0,0
260366,1,1,1986,0,0,0,0,0,0,0,0,0,0
260367,1,1,1986,0,0,0,0,0,0,0,0,0,0
260367,2,1,1986,8,0,0,0,0,0,0,0,0,0
260368,0,1,1986,36,36,36,36,36,36,36,36,36,36
260368,1,1,1986,0,0,0,0,0,0,0,0,0,0
260369,1,1,1986,0,0,0,0,5,0,14,0,0,15
260370,1,1,1986,34,34,34,34,34,34,34,34,34,34
260371,1,1,1986,20,20,20,20,20,20,20,20,20,20
260372,1,1,1986,0,0,0,0,0,0,0,0,0,0
260373,1,1,1986,0,0,0,0,0,0,0,0,0,0
260374,1,1,1986,7,7,7,7,7,7,7,7,7,7
260374,2,1,1986,0,0,0,0,0,0,0,0,0,0
260375,0,1,1986,25,7,8,8,24,0,17,31,0,6
260375,1,1,1986,0,0,0,0,0,0,0,0,0,13
260376,0,1,1986,0,0,0,0,0,0,0,0,0,0
260376,1,1,1986,0,0,0,0,0,8,0,0,0,0
260377,1,1,1986,4,4,4,4,4,4,4,4,4,4
260377,2,1,1986,0,0,0,0,0,0,0,0,0,0
260378,1,1,1986,16,12,16,27,16,13,14,11,19,10
260378,2,1,1986,6,6,6,6,6,6,6,6,6,6
260379,1,1,1986,12,12,12,12,12,12,12,12,12,12
260379,2,1,1986,0,0,0,16,0,0,0,0,0,7
260380,1,1,1986,0,0,0,0,0,0,0,0,0,0
260380,2,1,1986,0,0,0,0,0,0,0,0,0,0
260381,1,1,1986,0,0,0,0,0,0,0,0,0,0
260382,1,1,1986,0,0,0,0,0,0,0,0,0,0
260382,2,1,1986,0,0,0,0,0,0,0,0,0,0
260383,1,1,1986,0,0,0,0,0,0,0,0,0,0
260383,2,1,1986,0,9,0,0,0,0,0,0,0,0
260384,1,1,1986,11,11,11,11,11,11,11,11,11,11
260384,2,1,1986,0,0,0,0,0,0,0,12,0,0
260385,1,1,1986,0,0,0,0,0,0,0,0,0,0
260385,2,1,1986,13,0,0,0,0,0,0,0,0,0
260386,1,1,1986,0,0,0,0,0,0,0,0,0,0
260386,2,1,1986,0,0,0,0,0,0,0,0,0,0
260387,1,1,1986,4,4,4,4,4,4,4,4,4,4
260387,2,1,1986,6,6,6,6,6,6,6,6,6,6
260388,1,1,1986,0,0,0,0,0,0,0,0,0,0
260388,2,1,1986,0,0,0,0,0,0,0,0,0,0
260389,1,1,1986,19,19,19,19,19,19,19,19,19,19
260391,1,1,1986,0,0,0,0,0,0,0,0,0,0
260391,2,1,1986,0,0,0,0,0,6,0,0,0,0
260392,1,1,1986,5,5,5,5,5,5,5,5,5,5
260393,1,1,1986,11,11,11,11,11,11,11,11,11,11
260394,0,1,1986,17,17,17,17,17,17,17,17,17,17
260394,1,1,1986,0,0,0,0,0,0,0,0,0,0
260395,1,1,1986,12,3,13,3,15,4,8,14,17,12
260396,1,1,1986,14,14,14,14,14,14,14,14,14,14
260397,1,1,1986,0,5,0,0,0,0,0,0,0,12
260398,1,1,1986,16,16,16,16,16,16,16,16,16,16
260399,1,1,1986,17,17,17,17,17,17,17,17,17,17
260400,1,1,1986,10,10,10,10,10,10,10,10,10,10
260401,0,1,1986,0,0,0,0,0,0,0,0,0,0
260401,1,1,1986,0,0,0,10,0,0,0,0,0,0
260402,1,1,1986,18,18,18,18,18,18,18,18,18,18
260403,1,1,1986,0,0,0,0,0,0,0,0,0,0
260403,2,1,1986,0,0,0,0,0,19,0,0,0,0
260404,1,1,1986,0,10,19,15,0,10,5,18,19,12
260404,2,1,1986,0,0,0,0,0,0,0,0,0,0
260405,0,1,1986,36,28,8,16,23,13,16,20,7,14
260405,1,1,1986,6,6,6,6,6,6,6,6,6,6
260406,0,1,1986,18,18,18,18,18,18,18,18,18,18
260406,1,1,1986,0,0,0,8,0,0,0,0,0,10
260407,0,1,1986,0,0,0,0,15,0,0,0,23,0
260407,0,2,1986,0,0,17,0,8,10,0,0,12,10
260407,1,1,1986,0,0,0,0,0,0,0,0,0,0
260408,1,1,1986,11,11,11,11,11,11,11,11,11,11
260409,1,1,1986,10,13,34,41,14,14,47,21,21,20
260410,1,1,1986,0,0,0,0,11,0,0,14,0,0
260411,0,1,1986,0,4,0,0,0,0,0,0,0,0
260411,1,1,1986,16,11,7,25,13,30,24,12,9,25
260412,0,1,1986,0,0,0,0,0,0,0,0,0,0