ST_CASE,VEH_NO,PER_NO,YEAR,P1,P2,P3,P4,P5,P6,P7,P8,P9,P10
260412,1,1,1986,0,0,0,0,0,0,0,0,0,0
260413,1,1,1986,0,0,0,0,0,0,0,0,0,0
260414,0,1,1986,0,0,0,12,0,0,0,20,0,0
260414,1,1,1986,0,0,0,0,0,0,0,0,8,0
260415,1,1,1986,0,19,0,0,0,0,0,0,0,0
260416,0,1,1986,0,12,0,13,0,0,24,28,0,16
260416,1,1,1986,0,0,0,0,0,0,0,0,0,0
260417,1,1,1986,1,1,1,1,1,1,1,1,1,1
260417,2,1,1986,0,0,0,0,0,0,0,0,0,0
260418,1,1,1986,21,21,21,21,21,21,21,21,21,21
260418,2,1,1986,19,19,19,19,19,19,19,19,19,19
260419,1,1,1986,0,0,0,0,0,0,0,0,0,0
260419,2,1,1986,22,22,22,22,22,22,22,22,22,22
260420,0,1,1986,0,0,0,0,0,0,0,0,0,0
260420,1,1,1986,0,0,0,0,0,0,0,0,0,0
260421,0,1,1986,21,21,21,21,21,21,21,21,21,21
260421,1,1,1986,20,20,20,20,20,20,20,20,20,20
260422,1,1,1986,17,17,17,17,17,17,17,17,17,17
260422,2,1,1986,0,0,0,0,0,0,0,0,0,0
260423,1,1,1986,9,9,9,9,9,9,9,9,9,9
260424,1,1,1986,0,0,0,0,25,6,0,18,4,8
260424,2,1,1986,11,0,7,0,0,10,18,24,1,9
260425,1,1,1986,14,14,14,14,14,14,14,14,14,14
260426,1,1,1986,10,10,10,10,10,10,10,10,10,10
260426,2,1,1986,0,0,0,0,0,0,0,0,0,0
260427,0,1,1986,31,16,0,4,12,23,3,29,10,14
260427,1,1,1986,19,19,19,19,19,19,19,19,19,19
260428,1,1,1986,12,12,12,12,12,12,12,12,12,12
260429,1,1,1986,20,20,20,20,20,20,20,20,20,20
260430,1,1,1986,15,15,15,15,15,15,15,15,15,15
260430,2,1,1986,0,0,0,0,0,0,0,0,0,0
260431,1,1,1986,0,3,0,14,0,14,0,0,10,0
260432,0,1,1986,0,0,0,0,0,0,0,0,0,0
260432,1,1,1986,0,0,0,0,0,0,0,0,13,0
260433,1,1,1986,0,0,0,0,0,0,0,0,0,0
260433,2,1,1986,0,0,7,25,0,0,4,0,0,0
260434,1,1,1986,0,0,0,0,0,0,21,0,0,0
260435,1,1,1986,0,0,0,0,0,0,0,0,0,0
260435,2,1,1986,0,0,0,0,0,0,0,0,0,0
260435,3,1,1986,0,0,0,0,0,0,0,0,0,0
260435,4,1,1986,11,0,0,0,0,0,0,0,0,0
260436,1,1,1986,25,25,25,25,25,25,25,25,25,25
260437,1,1,1986,0,0,0,0,0,0,0,0,0,0
260437,2,1,1986,0,0,0,0,10,0,0,0,0,0
260437,3,1,1986,0,0,0,0,0,0,0,0,0,0
260438,0,1,1986,9,26,33,23,7,20,35,26,20,3
260438,1,1,1986,0,0,0,0,0,0,0,0,0,5
260439,0,1,1986,10,10,10,10,10,10,10,10,10,10
260439,1,1,1986,7,5,10,18,6,18,30,25,12,15
260440,1,1,1986,0,11,20,0,0,0,0,0,17,21
260440,2,1,1986,17,16,16,0,16,18,14,24,11,5
260441,1,1,1986,18,8,33,34,0,14,33,0,0,8
260441,2,1,1986,0,0,0,0,0,0,0,0,0,0
260442,1,1,1986,28,14,0,12,0,0,0,0,16,0
260443,1,1,1986,21,21,21,21,21,21,21,21,21,21
260445,0,1,1986,0,0,0,0,0,0,0,0,0,0
260445,1,1,1986,0,0,0,0,0,0,0,0,0,0
260446,0,1,1986,0,0,0,13,18,0,0,19,17,27
260447,1,1,1986,23,0,10,12,15,23,16,17,21,28
260448,1,1,1986,26,26,26,26,26,26,26,26,26,26
260449,1,1,1986,0,0,0,0,0,0,0,0,0,0
260449,2,1,1986,19,19,19,19,19,19,19,19,19,19
260450,1,1,1986,0,0,0,0,0,0,0,0,0,0
260450,2,1,1986,24,24,24,24,24,24,24,24,24,24
260451,1,1,1986,11,11,11,11,11,11,11,11,11,11
260452,1,1,1986,26,26,26,26,26,26,26,26,26,26
260453,1,1,1986,5,5,5,5,5,5,5,5,5,5
260453,2,1,1986,0,0,25,23,32,0,8,0,0,22
260453,3,1,1986,0,0,4,0,0,0,0,0,0,8
260454,1,1,1986,13,13,13,13,13,13,13,13,13,13
260454,2,1,1986,0,0,0,0,0,0,13,0,0,0
260455,1,1,1986,0,0,0,0,0,0,0,0,0,0
260455,2,1,1986,0,0,0,0,0,0,0,0,0,0
260456,1,1,1986,0,0,0,0,0,0,0,0,0,0
260457,1,1,1986,21,21,21,21,21,21,21,21,21,21
260457,2,1,1986,0,0,13,0,0,0,0,0,6,0
260458,1,1,1986,15,15,15,15,15,15,15,15,15,15
260458,2,1,1986,0,0,0,0,0,0,0,0,0,0
260458,3,1,1986,0,0,0,0,0,0,0,0,0,0
260460,0,1,1986,0,0,0,0,0,0,0,0,0,0
260460,1,1,1986,9,0,0,0,0,8,0,0,0,0
260461,1,1,1986,0,0,0,0,0,0,0,0,0,0
260461,2,1,1986,0,0,0,0,0,0,0,0,0,0
260462,1,1,1986,7,7,7,7,7,7,7,7,7,7
260463,1,1,1986,23,23,23,23,23,23,23,23,23,23
260464,1,1,1986,13,13,13,13,13,13,13,13,13,13
260465,1,1,1986,15,15,15,15,15,15,15,15,15,15
260466,0,1,1986,0,0,0,0,0,0,0,0,0,0
260466,1,1,1986,0,0,0,0,0,0,0,0,0,0
260467,1,1,1986,0,0,0,0,0,0,0,0,0,0
260467,2,1,1986,0,0,0,0,11,12,0,0,0,0
260468,1,1,1986,20,0,9,5,10,10,0,7,9,13
260469,1,1,1986,0,0,0,0,0,0,0,0,0,0
260470,0,1,1986,28,10,40,0,0,0,0,20,11,17
260470,1,1,1986,0,0,0,0,0,0,0,0,0,0
260471,0,1,1986,23,23,23,23,23,23,23,23,23,23
260471,1,1,1986,11,11,11,11,11,11,11,11,11,11
260472,1,1,1986,0,0,17,4,2,11,0,33,0,23
260473,0,1,1986,0,0,0,0,0,0,0,0,0,0
260473,1,1,1986,10,10,10,10,10,10,10,10,10,10
260474,1,1,1986,23,23,23,23,23,23,23,23,23,23
260474,2,1,1986,0,0,0,0,0,0,0,0,0,0
260475,1,1,1986,0,0,0,0,0,0,0,0,0,0
260475,2,1,1986,0,0,0,0,0,0,0,0,0,0
260476,0,1,1986,0,0,0,0,0,7,0,0,0,0
260476,1,1,1986,0,0,0,0,0,0,0,0,0,0
260477,1,1,1986,30,30,30,30,30,30,30,30,30,30
260477,2,1,1986,0,0,12,0,0,0,0,0,0,0
260477,3,1,1986,0,0,0,0,0,0,0,0,0,0
260478,1,1,1986,6,6,6,6,6,6,6,6,6,6
260480,1,1,1986,13,13,13,13,13,13,13,13,13,13
260481,1,1,1986,0,0,0,0,0,0,0,0,0,0
260481,2,1,1986,0,0,0,0,0,0,0,0,0,0
260482,1,1,1986,0,0,0,0,0,0,0,0,0,0
260482,2,1,1986,0,0,0,0,0,0,0,0,0,0
260483,1,1,1986,0,17,13,19,35,16,7,12,18,24
260484,1,1,1986,11,11,11,11,11,11,11,11,11,11
260485,1,1,1986,9,9,9,9,9,9,9,9,9,9
260485,2,1,1986,7,0,0,0,0,0,0,0,14,0
260486,0,1,1986,17,36,32,26,0,23,22,0,19,30
260486,1,1,1986,0,13,20,28,0,10,15,15,0,15
260487,1,1,1986,0,4,0,0,0,0,0,0,0,0
260487,2,1,1986,0,0,0,0,0,0,0,0,0,0
260488,1,1,1986,24,24,24,24,24,24,24,24,24,24
260488,2,1,1986,0,0,0,0,0,0,0,0,0,0
260488,3,1,1986,0,0,7,0,0,0,0,0,0,0
260489,1,1,1986,25,25,25,25,25,25,25,25,25,25
260490,1,1,1986,0,0,0,0,0,0,0,0,0,10
260490,2,1,1986,0,0,0,0,0,0,0,0,0,0
260491,1,1,1986,0,0,0,0,0,0,0,0,0,0
260492,1,1,1986,8,0,0,0,0,0,0,0,0,0
260492,2,1,1986,0,0,0,0,0,0,0,0,0,0
260493,1,1,1986,5,0,8,0,9,0,12,0,0,14
260494,1,1,1986,28,11,23,20,18,0,20,9,0,0
260495,1,1,1986,0,0,0,0,0,0,0,0,0,0
260495,2,1,1986,0,0,0,0,0,0,0,0,0,0
260497,1,1,1986,0,0,0,0,0,0,0,0,0,0
260497,2,1,1986,0,0,0,0,0,0,0,0,0,0
260498,1,1,1986,0,0,0,0,0,0,0,0,0,0
260498,2,1,1986,0,0,0,0,0,0,0,0,0,11
260499,1,1,1986,0,0,0,0,0,0,0,0,18,0
260499,2,1,1986,0,0,0,0,0,0,0,0,20,0
260500,1,1,1986,6,18,11,16,19,6,7,32,11,5
260501,1,1,1986,0,0,0,0,0,0,0,0,0,0
260501,2,1,1986,12,0,0,0,0,5,0,0,0,0
260502,1,1,1986,13,13,13,13,13,13,13,13,13,13
260502,2,1,1986,0,0,0,0,0,0,0,0,0,0
260503,1,1,1986,11,20,13,0,7,16,16,15,19,0
260503,2,1,1986,0,0,0,0,0,0,0,0,0,0
260504,0,1,1986,0,0,0,0,0,0,0,0,0,0
260504,1,1,1986,0,0,0,0,0,0,0,0,0,0
260505,1,1,1986,15,15,15,15,15,15,15,15,15,15
260506,1,1,1986,0,0,0,0,0,0,0,0,0,0
260507,1,1,1986,3,9,8,15,11,7,0,12,17,22
260508,1,1,1986,10,10,10,10,10,10,10,10,10,10
260508,2,1,1986,0,13,0,0,10,0,0,31,0,0
260509,1,1,1986,28,28,28,28,28,28,28,28,28,28
260510,1,1,1986,33,33,20,28,20,17,12,25,10,17
260511,1,1,1986,0,0,0,0,5,0,0,0,7,0
260512,1,1,1986,0,0,0,0,0,7,0,0,0,0
260512,2,1,1986,0,0,0,0,0,0,0,0,0,0
260513,0,1,1986,0,0,0,0,0,0,21,19,0,10
260513,1,1,1986,0,0,7,0,0,0,0,0,0,0
260514,1,1,1986,0,0,0,13,0,0,0,0,0,0
260514,2,1,1986,0,0,0,0,0,0,0,0,0,0
260515,1,1,1986,2,2,2,2,2,2,2,2,2,2
260515,2,1,1986,0,0,0,0,0,0,0,0,0,0
260516,1,1,1986,0,0,0,0,0,0,0,0,0,0
260516,2,1,1986,0,0,0,0,0,0,0,0,0,0
260517,1,1,1986,0,0,0,0,0,0,0,0,0,0
260518,1,1,1986,0,0,0,0,0,0,0,0,6,0
260518,2,1,1986,0,0,0,0,0,0,0,0,0,0
260519,1,1,1986,20,20,20,20,20,20,20,20,20,20
260520,1,1,1986,13,13,13,13,13,13,13,13,13,13
260521,1,1,1986,0,0,5,0,0,0,0,0,0,0
260521,2,1,1986,0,0,0,0,21,0,0,0,0,0
260522,0,1,1986,0,0,0,27,30,27,0,0,18,26
260522,0,2,1986,9,0,3,14,10,15,0,4,8,14
260522,1,1,1986,0,0,0,0,0,0,0,0,0,0
260523,0,1,1986,0,0,0,0,0,0,0,0,0,0
260523,1,1,1986,38,9,25,22,17,29,18,15,2,10
260524,1,1,1986,31,31,31,31,31,31,31,31,31,31
260525,1,1,1986,0,0,0,0,0,0,0,0,0,0
260525,2,1,1986,0,0,0,0,0,0,0,0,0,0
260526,1,1,1986,22,22,22,22,22,22,22,22,22,22
260527,1,1,1986,16,16,16,16,16,16,16,16,16,16
260527,2,1,1986,2,2,2,2,2,2,2,2,2,2
260528,1,1,1986,3,0,18,0,19,18,0,10,15,5
260529,1,1,1986,15,15,15,15,15,15,15,15,15,15
260529,2,1,1986,0,0,0,0,0,0,9,0,0,0
260530,1,1,1986,7,7,7,7,7,7,7,7,7,7
260530,2,1,1986,0,0,0,0,0,0,0,0,0,0
260532,0,1,1986,0,20,19,0,24,0,0,18,8,14
260532,1,1,1986,15,15,15,15,15,15,15,15,15,15
260533,1,1,1986,4,4,4,4,4,4,4,4,4,4
260533,2,1,1986,3,3,3,3,3,3,3,3,3,3
260534,0,1,1986,0,0,0,0,0,0,0,0,0,0
260534,1,1,1986,13,12,26,6,0,33,16,0,17,12
260535,1,1,1986,13,13,13,13,13,13,13,13,13,13
260537,1,1,1986,5,5,5,5,5,5,5,5,5,5
260537,2,1,1986,0,0,8,9,0,0,0,0,0,0
260538,1,1,1986,0,0,0,0,0,0,0,0,0,0
260538,2,1,1986,0,0,0,0,0,0,0,0,0,10
260539,1,1,1986,13,13,13,13,13,13,13,13,13,13
260539,2,1,1986,33,9,14,20,8,10,6,11,17,11
260540,1,1,1986,17,17,17,17,17,17,17,17,17,17
260540,2,1,1986,16,16,16,16,16,16,16,16,16,16
260541,0,1,1986,0,0,0,0,0,0,0,0,0,0
260541,1,1,1986,6,6,6,6,6,6,6,6,6,6
260542,1,1,1986,0,0,0,0,0,0,0,0,0,0
260542,2,1,1986,0,0,0,0,0,0,0,0,0,0
260543,1,1,1986,35,19,21,12,8,38,15,18,22,23
260544,0,1,1986,0,0,0,0,0,0,0,0,0,0
260544,1,1,1986,0,0,0,0,0,0,0,0,0,0
260545,1,1,1986,19,7,0,31,16,6,17,19,17,11
260545,2,1,1986,0,23,29,0,10,0,0,0,0,0
260546,0,1,1986,0,0,0,16,0,0,0,0,0,18
260546,1,1,1986,0,0,0,0,0,0,0,0,16,0
260547,0,1,1986,0,0,0,0,0,0,0,0,0,0
260547,1,1,1986,0,0,9,0,0,0,0,0,0,0
260547,2,1,1986,0,0,0,13,0,0,19,0,0,0
260548,1,1,1986,0,0,0,0,0,0,0,0,0,0
260548,2,1,1986,0,0,11,15,14,13,25,6,10,34
260549,1,1,1986,25,25,25,25,25,25,25,25,25,25
260550,1,1,1986,0,22,0,6,20,0,0,0,0,38
260551,0,1,1986,0,0,0,0,0,0,0,0,0,0
260551,1,1,1986,0,0,0,0,0,12,0,0,0,0
260552,1,1,1986,17,16,18,16,13,14,18,20,28,15
260553,1,1,1986,0,0,0,0,0,0,0,0,0,0
260553,2,1,1986,0,0,0,0,0,0,0,0,0,0
260554,1,1,1986,0,0,0,0,0,0,0,0,0,0
260554,2,1,1986,0,0,0,0,0,0,0,0,0,0
260555,1,1,1986,0,0,0,0,0,0,0,0,0,0
260555,2,1,1986,28,28,28,28,28,28,28,28,28,28
260556,1,1,1986,21,21,21,21,21,21,21,21,21,21
260557,1,1,1986,20,20,20,20,20,20,20,20,20,20
260558,1,1,1986,22,22,22,22,22,22,22,22,22,22
260559,1,1,1986,18,18,18,18,18,18,18,18,18,18
260559,2,1,1986,1,1,1,1,1,1,1,1,1,1
260560,1,1,1986,0,0,0,0,4,0,30,17,7,15
260561,1,1,1986,20,20,20,20,20,20,20,20,20,20
260562,1,1,1986,15,15,15,15,15,15,15,15,15,15
260563,0,1,1986,0,0,0,0,0,0,7,0,0,0
260563,1,1,1986,0,0,0,0,0,0,0,0,0,0
260564,0,1,1986,0,0,0,0,0,15,0,32,0,0
260564,1,1,1986,9,4,6,22,12,5,8,0,11,18
260565,1,1,1986,0,0,0,0,0,0,0,0,0,0
260565,2,1,1986,0,0,0,0,0,0,0,0,0,0
260566,1,1,1986,0,0,0,0,0,0,0,0,0,0
260566,2,1,1986,0,0,0,0,0,0,2,0,0,0
260567,1,1,1986,0,0,0,0,0,0,0,0,0,0
260567,2,1,1986,0,0,0,0,0,0,0,0,28,8
260568,1,1,1986,21,28,9,17,15,23,16,17,6,14
260569,1,1,1986,0,0,0,0,0,0,0,0,0,0
260569,2,1,1986,9,0,0,0,0,0,0,0,0,0
260570,1,1,1986,0,0,0,0,0,0,0,0,0,0
260570,2,1,1986,0,0,0,0,0,0,0,0,0,0
260571,0,1,1986,21,21,21,21,21,21,21,21,21,21
260571,1,1,1986,0,0,0,11,0,0,0,0,0,0
260572,1,1,1986,0,0,0,0,6,0,0,0,15,0
260573,0,1,1986,0,0,0,0,0,0,0,0,0,0
260573,1,1,1986,0,0,0,0,0,0,0,0,0,0
260574,1,1,1986,12,19,8,0,0,5,22,4,23,21
260574,2,1,1986,0,0,0,0,0,0,0,0,0,0
260575,1,1,1986,21,21,21,21,21,21,21,21,21,21
260576,1,1,1986,26,26,26,26,26,26,26,26,26,26
260576,2,1,1986,0,0,22,0,0,0,0,0,0,0
260576,3,1,1986,0,0,0,0,2,0,0,0,0,0
260577,1,1,1986,10,12,26,0,10,3,7,15,13,2
260578,1,1,1986,22,25,33,22,31,29,20,22,12,14
260578,2,1,1986,0,0,0,0,0,0,0,0,0,0
260579,1,1,1986,0,0,0,0,0,0,0,0,0,0
260579,2,1,1986,0,0,0,0,3,0,0,0,0,0
260580,1,1,1986,19,19,19,19,19,19,19,19,19,19
260581,1,1,1986,0,0,0,0,0,0,0,0,0,0
260581,2,1,1986,0,0,0,0,0,0,0,0,0,0
260582,1,1,1986,19,19,19,19,19,19,19,19,19,19
260583,1,1,1986,0,0,15,13,4,19,0,0,0,0
260584,1,1,1986,0,0,0,0,0,0,0,0,0,0
260584,2,1,1986,0,0,0,0,0,0,0,0,0,0
260585,1,1,1986,17,17,17,17,17,17,17,17,17,17
260585,2,1,1986,11,11,11,11,11,11,11,11,11,11
260586,0,1,1986,0,0,0,0,0,0,0,0,0,0
260586,1,1,1986,0,0,0,0,0,0,0,0,0,0
260587,1,1,1986,8,8,8,8,8,8,8,8,8,8
260587,2,1,1986,0,0,0,0,0,0,0,0,0,0
260588,1,1,1986,22,5,7,26,0,17,17,7,14,26
260588,2,1,1986,0,0,0,0,12,0,0,0,0,0
260589,1,1,1986,11,11,11,11,11,11,11,11,11,11
260590,0,1,1986,0,0,0,0,0,0,0,0,0,0
260590,1,1,1986,0,11,0,0,0,0,0,0,0,0
260592,0,1,1986,0,0,0,0,0,0,0,0,0,0
260592,1,1,1986,0,0,0,0,0,0,0,0,0,0
260593,1,1,1986,0,0,0,0,0,0,0,0,0,0
260593,2,1,1986,0,0,0,0,0,0,0,0,0,0
260594,0,1,1986,0,0,0,0,0,0,15,0,0,0
260594,1,1,1986,0,0,0,0,0,0,0,0,0,0
260595,1,1,1986,19,19,19,19,19,19,19,19,19,19
260595,2,1,1986,6,0,0,0,0,0,0,7,0,0
260596,1,1,1986,20,3,2,11,12,13,14,10,8,0
260597,1,1,1986,0,0,0,0,0,0,0,0,0,0
260597,2,1,1986,0,0,0,0,0,0,0,0,0,0
260598,1,1,1986,25,25,25,25,25,25,25,25,25,25
260599,1,1,1986,0,0,0,0,0,0,0,0,0,0
260599,2,1,1986,0,0,0,0,7,0,0,0,0,0
260600,1,1,1986,0,18,0,0,0,0,0,0,0,0
260601,1,1,1986,0,0,0,0,0,0,0,0,0,0
260601,2,1,1986,0,0,0,0,0,0,0,0,0,0
260602,1,1,1986,0,0,0,0,0,0,0,0,0,0
260602,2,1,1986,0,0,0,0,0,0,0,0,0,0
260603,1,1,1986,0,0,0,0,0,0,0,0,0,0
260603,2,1,1986,13,13,13,13,13,13,13,13,13,13
260604,1,1,1986,15,11,23,15,16,23,14,24,14,18
260604,2,1,1986,0,0,0,0,0,0,0,0,0,0
260605,1,1,1986,0,0,0,0,0,0,0,0,0,0
260605,2,1,1986,0,0,0,0,0,0,0,0,0,0
260606,1,1,1986,1,1,1,1,1,1,1,1,1,1
260607,1,1,1986,6,6,6,6,6,6,6,6,6,6
260608,1,1,1986,0,0,0,0,0,0,0,0,0,0
260608,2,1,1986,0,0,0,0,0,0,0,0,0,0
260609,1,1,1986,0,0,0,0,0,0,0,0,0,0
260609,2,1,1986,0,0,0,0,0,0,0,0,0,0
260609,3,1,1986,0,0,0,0,0,0,0,0,0,0
260610,1,1,1986,0,0,0,0,0,0,0,4,0,0
260610,2,1,1986,0,0,0,0,0,0,0,0,0,0
260611,1,1,1986,8,10,6,16,11,14,10,15,17,8
260612,1,1,1986,0,0,0,0,0,0,0,0,0,0
260613,1,1,1986,0,0,0,0,0,0,4,0,0,0
260613,2,1,1986,9,0,0,0,0,0,0,0,0,0
260614,0,1,1986,0,0,0,0,0,0,0,0,0,0
260614,1,1,1986,0,0,0,0,0,0,0,0,0,0
260615,1,1,1986,7,0,8,0,28,0,0,0,0,0
260616,1,1,1986,0,0,0,0,0,0,0,0,0,0
260616,2,1,1986,0,0,0,0,0,0,0,0,0,0
260616,3,1,1986,0,0,0,0,0,0,0,0,0,0
260618,0,1,1986,0,0,0,0,0,0,0,0,0,0
260618,0,2,1986,0,0,0,0,0,0,0,0,0,0
260618,1,1,1986,9,0,13,0,0,0,0,8,0,0
260619,1,1,1986,16,16,16,16,16,16,16,16,16,16
260620,1,1,1986,25,25,25,25,25,25,25,25,25,25
260621,1,1,1986,0,0,0,0,0,0,0,0,0,0
260621,2,1,1986,0,0,0,0,0,0,0,0,0,0
260622,1,1,1986,0,9,0,0,0,16,0,0,0,0
260622,2,1,1986,0,0,0,0,0,0,0,0,0,0
260623,1,1,1986,17,17,17,17,17,17,17,17,17,17
260623,2,1,1986,24,9,7,6,0,15,10,13,9,18
260624,1,1,1986,16,16,16,16,16,16,16,16,16,16
260625,1,1,1986,19,19,19,19,19,19,19,19,19,19
260626,1,1,1986,17,17,17,17,17,17,17,17,17,17
260627,1,1,1986,0,0,0,0,0,0,0,0,0,0
260627,2,1,1986,0,0,0,0,0,0,0,0,0,0
260628,1,1,1986,29,29,29,29,29,29,29,29,29,29
260629,1,1,1986,20,20,20,20,20,20,20,20,20,20
260630,1,1,1986,22,21,21,14,8,7,27,20,18,18
260631,1,1,1986,0,0,0,0,0,0,0,0,0,0
260631,2,1,1986,0,0,0,0,0,0,0,0,0,0
260632,1,1,1986,0,0,0,0,0,0,0,0,0,0
260632,2,1,1986,0,0,0,0,0,0,0,0,0,0
260633,1,1,1986,19,19,19,19,19,19,19,19,19,19
260633,2,1,1986,10,10,10,10,10,10,10,10,10,10
260634,1,1,1986,0,0,0,0,0,0,0,7,0,7
260635,1,1,1986,14,14,14,14,14,14,14,14,14,14
260636,1,1,1986,24,24,24,24,24,24,24,24,24,24
260636,2,1,1986,0,0,0,19,0,0,0,13,0,0
260637,1,1,1986,22,14,15,29,4,13,19,26,17,10
260639,0,1,1986,0,0,0,0,0,0,0,0,0,0
260639,1,1,1986,6,6,6,6,6,6,6,6,6,6
260640,1,1,1986,0,0,0,0,0,0,0,0,0,0
260641,1,1,1986,0,0,0,15,0,0,0,13,0,18
260641,2,1,1986,0,0,0,10,0,0,0,0,0,0
260642,1,1,1986,0,0,0,0,0,0,0,0,0,0
260642,2,1,1986,0,0,0,0,0,0,0,0,0,0
260643,1,1,1986,0,0,0,0,0,0,0,0,0,0
260643,2,1,1986,0,0,0,0,0,0,0,0,0,0
260643,3,1,1986,9,0,0,0,0,0,0,0,0,0
260644,1,1,1986,0,0,0,0,0,0,0,0,0,0
260645,1,1,1986,7,7,7,7,7,7,7,7,7,7
260646,1,1,1986,0,0,0,0,0,0,0,0,0,0
260646,2,1,1986,0,0,0,0,0,0,0,0,0,0
260647,1,1,1986,0,0,0,18,0,0,0,0,0,0
260647,2,1,1986,0,0,0,0,0,0,0,0,0,0
260648,1,1,1986,2,24,27,8,10,11,0,0,0,0
260649,1,1,1986,0,0,0,0,0,0,0,0,0,0
260649,2,1,1986,0,0,0,0,0,0,0,0,0,0
260650,1,1,1986,0,0,0,0,0,0,0,0,0,0
260650,2,1,1986,0,0,0,0,0,0,0,0,0,0
260651,1,1,1986,0,0,0,0,0,0,0,0,0,0
260651,2,1,1986,0,0,0,0,0,0,0,0,0,0
260652,1,1,1986,20,26,8,29,19,0,14,12,12,11
260652,2,1,1986,0,0,0,0,0,0,0,0,0,0
260653,1,1,1986,0,0,0,0,0,0,0,0,0,0
260653,2,1,1986,0,0,0,0,0,0,0,0,0,0
260654,1,1,1986,15,15,15,15,15,15,15,15,15,15
260655,1,1,1986,4,4,4,4,4,4,4,4,4,4
260655,2,1,1986,0,0,0,0,0,0,0,0,0,21
260656,1,1,1986,14,0,0,0,0,0,0,2,26,0
260657,1,1,1986,14,14,14,14,14,14,14,14,14,14
260658,1,1,1986,0,0,0,0,0,0,0,0,0,0
260658,2,1,1986,0,0,0,0,0,0,0,0,0,0
260659,1,1,1986,8,14,15,4,12,20,13,16,17,0
260660,1,1,1986,20,23,5,15,17,11,6,13,13,16
260661,1,1,1986,16,16,16,16,16,16,16,16,16,16
260662,1,1,1986,0,0,0,0,0,0,0,0,0,0
260662,2,1,1986,5,0,22,20,54,19,18,12,20,7
260663,1,1,1986,24,24,24,24,24,24,24,24,24,24
260663,2,1,1986,0,0,0,0,0,0,0,0,0,0
260665,0,1,1986,8,20,13,6,29,9,12,0,30,24
260665,1,1,1986,6,6,6,6,6,6,6,6,6,6
260666,1,1,1986,18,17,13,19,18,22,11,15,15,14
260667,1,1,1986,0,0,0,0,0,0,0,0,0,0
260667,2,1,1986,0,0,0,0,0,0,0,0,0,0
260668,1,1,1986,0,0,0,0,0,0,0,0,0,0
260668,2,1,1986,0,10,0,0,11,0,0,0,0,0
260669,0,1,1986,0,0,0,0,0,0,0,0,0,0
260669,0,2,1986,0,0,0,0,0,0,0,0,0,0
260669,1,1,1986,11,0,0,0,0,0,0,0,0,0
260670,0,1,1986,19,19,19,19,19,19,19,19,19,19
260670,1,1,1986,0,0,0,17,0,0,12,0,0,21
260671,1,1,1986,0,0,0,0,0,0,0,0,0,0
260671,2,1,1986,0,0,0,0,0,0,0,0,0,0
260672,1,1,1986,7,11,6,3,29,21,10,13,0,31
260672,2,1,1986,0,4,0,0,0,0,0,2,0,0
260672,3,1,1986,12,17,6,18,14,5,23,8,17,4
260673,1,1,1986,0,0,0,0,0,0,0,0,0,0
260673,2,1,1986,0,0,0,0,0,0,0,0,0,0
260674,0,1,1986,0,0,0,0,0,0,0,0,0,0
260674,1,1,1986,0,0,0,15,0,0,0,0,0,0
260674,2,1,1986,0,0,0,0,0,0,0,0,0,0
260675,1,1,1986,21,21,21,21,21,21,21,21,21,21
260676,1,1,1986,0,18,0,0,20,14,9,0,0,0
260677,1,1,1986,0,0,0,0,0,0,0,0,0,0
260677,2,1,1986,11,11,11,11,11,11,11,11,11,11
260678,1,1,1986,0,0,0,0,0,0,0,0,0,0
260679,1,1,1986,0,0,0,0,0,0,0,0,0,0
260679,2,1,1986,0,0,0,0,0,0,0,0,0,0
260680,1,1,1986,0,0,0,0,0,0,0,0,0,0
260680,2,1,1986,0,0,0,0,0,0,0,0,0,0
260681,1,1,1986,21,21,21,21,21,21,21,21,21,21
260682,1,1,1986,0,0,0,0,7,0,0,0,0,0
260682,2,1,1986,0,0,0,0,0,0,0,0,0,0
260683,1,1,1986,11,11,11,11,11,11,11,11,11,11
260684,0,1,1986,15,15,15,15,15,15,15,15,15,15
260684,1,1,1986,18,18,18,18,18,18,18,18,18,18
260685,1,1,1986,5,0,0,0,0,0,0,0,0,0
260686,1,1,1986,23,23,23,23,23,23,23,23,23,23
260687,0,1,1986,0,0,0,0,0,0,0,0,0,0
260687,1,1,1986,0,0,0,0,0,0,0,0,0,0
260688,1,1,1986,16,16,16,16,16,16,16,16,16,16
260688,2,1,1986,0,0,0,0,0,0,0,0,0,0
260691,1,1,1986,0,0,0,0,0,0,0,0,0,0
260691,2,1,1986,0,0,0,0,0,0,2,0,0,0
260692,0,1,1986,2,2,2,2,2,2,2,2,2,2
260692,1,1,1986,0,0,0,0,0,8,0,0,0,0
260693,0,1,1986,8,12,15,11,10,25,9,12,12,13
260693,1,1,1986,0,7,5,12,18,5,29,22,13,10
260694,1,1,1986,0,0,0,0,0,0,0,0,0,0