ST_CASE,VEH_NO,PER_NO,YEAR,P1,P2,P3,P4,P5,P6,P7,P8,P9,P10
260694,2,1,1986,0,0,0,0,0,0,0,0,0,0
260695,1,1,1986,0,0,0,0,0,0,0,0,0,0
260695,2,1,1986,0,0,0,0,0,0,0,0,0,0
260696,1,1,1986,19,19,19,19,19,19,19,19,19,19
260697,1,1,1986,0,0,0,0,0,0,0,0,0,0
260697,2,1,1986,0,0,0,0,0,0,0,0,0,0
260698,1,1,1986,6,6,6,6,6,6,6,6,6,6
260698,2,1,1986,14,14,14,14,14,14,14,14,14,14
260699,1,1,1986,14,14,14,14,14,14,14,14,14,14
260700,1,1,1986,25,25,25,25,25,25,25,25,25,25
260701,0,1,1986,11,11,11,11,11,11,11,11,11,11
260701,0,2,1986,22,0,12,0,13,0,0,0,0,0
260701,1,1,1986,21,21,21,21,21,21,21,21,21,21
260702,0,1,1986,0,0,0,0,0,0,0,0,0,0
260703,0,1,1986,0,10,0,12,0,0,17,0,0,0
260703,1,1,1986,0,0,0,0,0,0,0,0,0,0
260704,1,1,1986,0,0,15,9,0,0,0,0,0,0
260704,2,1,1986,0,0,0,0,0,0,0,0,0,0
260705,1,1,1986,0,0,0,0,0,0,0,0,0,0
260705,2,1,1986,0,0,0,0,0,0,0,0,0,0
260706,1,1,1986,16,16,16,16,16,16,16,16,16,16
260707,1,1,1986,0,0,0,0,7,0,0,0,0,0
260707,2,1,1986,0,0,0,0,0,0,0,0,0,0
260708,1,1,1986,10,10,10,10,10,10,10,10,10,10
260709,1,1,1986,0,0,0,0,0,0,0,0,0,0
260709,2,1,1986,0,0,0,9,0,0,0,0,0,0
260709,3,1,1986,0,0,17,0,0,0,0,0,27,0
260710,1,1,1986,31,31,31,31,31,31,31,31,31,31
260711,1,1,1986,28,28,28,28,28,28,28,28,28,28
260711,2,1,1986,0,0,0,0,0,0,0,0,0,7
260712,1,1,1986,4,4,4,4,4,4,4,4,4,4
260712,2,1,1986,11,11,11,11,11,11,11,11,11,11
260713,1,1,1986,0,0,0,0,0,0,0,0,0,0
260713,2,1,1986,0,0,0,0,0,0,0,0,0,0
260714,1,1,1986,0,0,0,0,0,0,0,0,0,0
260714,2,1,1986,0,0,0,0,0,0,0,0,0,0
260714,3,1,1986,0,0,0,0,0,0,0,0,0,0
260715,1,1,1986,20,20,20,20,20,20,20,20,20,20
260715,2,1,1986,0,0,0,0,0,0,0,0,0,0
260716,1,1,1986,9,16,7,0,8,2,15,13,12,6
260717,1,1,1986,14,9,0,14,14,0,0,0,15,8
260718,0,1,1986,0,0,0,8,0,0,0,0,0,0
260718,1,1,1986,0,17,12,0,17,0,27,17,0,0
260719,0,1,1986,0,13,0,0,0,0,0,0,0,0
260719,1,1,1986,0,0,0,0,0,0,0,0,0,0
260720,0,1,1986,0,0,13,14,4,0,0,19,0,0
260720,1,1,1986,18,0,0,0,0,5,0,0,0,8
260721,1,1,1986,0,0,0,0,0,0,0,0,0,0
260721,2,1,1986,0,0,0,0,0,9,0,0,0,0
260722,1,1,1986,0,0,0,0,0,0,0,0,0,0
260722,2,1,1986,0,0,0,0,0,0,0,0,0,0
260723,0,1,1986,11,0,0,0,22,0,0,0,0,0
260723,1,1,1986,0,0,0,0,0,0,0,0,0,0
260724,1,1,1986,0,0,0,0,0,0,0,0,0,0
260724,2,1,1986,0,0,0,0,0,7,0,0,0,0
260725,1,1,1986,30,2,9,22,12,0,27,7,15,18
260726,0,1,1986,0,0,0,0,0,25,0,0,0,0
260726,1,1,1986,0,0,0,0,0,0,0,0,0,0
260727,1,1,1986,0,0,0,0,0,0,0,0,0,0
260728,1,1,1986,21,15,4,25,17,24,22,13,14,9
260729,1,1,1986,0,0,0,0,0,0,0,0,0,0
260729,2,1,1986,0,0,0,0,0,0,0,0,0,0
260730,1,1,1986,4,4,4,4,4,4,4,4,4,4
260731,1,1,1986,12,12,12,12,12,12,12,12,12,12
260732,1,1,1986,0,0,0,0,0,0,0,0,0,0
260732,2,1,1986,0,0,0,0,0,0,0,0,0,0
260733,1,1,1986,10,0,0,0,8,14,9,11,0,8
260734,1,1,1986,0,0,0,0,0,0,0,0,0,0
260735,0,1,1986,8,0,16,22,13,0,7,0,18,18
260735,1,1,1986,25,8,22,31,15,17,12,23,22,23
260736,1,1,1986,6,6,6,6,6,6,6,6,6,6
260737,1,1,1986,0,0,0,0,0,3,0,0,12,0
260737,2,1,1986,0,0,12,0,0,0,0,0,0,0
260737,3,1,1986,0,0,0,0,0,0,0,0,0,0
260738,1,1,1986,0,6,0,0,0,0,0,0,0,0
260738,2,1,1986,11,0,36,16,14,5,11,11,0,18
260739,1,1,1986,8,8,8,8,8,8,8,8,8,8
260740,1,1,1986,31,7,23,9,15,13,18,19,18,17
260741,1,1,1986,6,6,6,6,6,6,6,6,6,6
260741,2,1,1986,0,0,0,0,0,0,0,0,0,0
260742,1,1,1986,0,0,0,3,0,0,0,0,0,0
260742,2,1,1986,0,0,0,0,0,0,0,0,0,0
260743,0,1,1986,0,0,0,0,0,0,0,0,0,0
260743,0,2,1986,0,0,0,0,0,0,0,0,0,0
260743,1,1,1986,0,12,0,0,0,0,0,0,0,0
260744,1,1,1986,22,14,13,9,26,13,17,16,13,12
260744,2,1,1986,0,0,0,0,0,0,0,0,0,0
260745,1,1,1986,19,19,19,19,19,19,19,19,19,19
260746,1,1,1986,22,22,22,22,22,22,22,22,22,22
260747,0,1,1986,0,0,0,0,0,0,0,0,0,0
260747,1,1,1986,0,0,0,0,0,0,0,0,0,0
260748,0,1,1986,12,17,33,18,32,32,0,10,0,43
260748,1,1,1986,0,0,0,0,0,0,0,0,0,0
260749,1,1,1986,0,0,0,15,0,0,0,0,5,20
260750,1,1,1986,12,12,12,12,12,12,12,12,12,12
260751,0,1,1986,12,12,12,12,12,12,12,12,12,12
260751,1,1,1986,15,15,15,15,15,15,15,15,15,15
260752,1,1,1986,0,0,0,0,0,0,0,0,0,0
260753,1,1,1986,16,0,5,0,0,0,0,0,0,0
260754,0,1,1986,0,0,0,0,0,0,0,0,0,0
260754,1,1,1986,0,0,0,0,0,0,0,0,0,0
260755,2,1,1986,0,0,10,0,0,23,24,0,0,2
260756,1,1,1986,25,25,25,25,25,25,25,25,25,25
260757,1,1,1986,0,0,0,0,0,6,0,0,0,13
260757,2,1,1986,0,0,0,0,0,0,0,0,0,13
260758,1,1,1986,11,11,11,11,11,11,11,11,11,11
260759,1,1,1986,10,10,10,10,10,10,10,10,10,10
260760,1,1,1986,33,33,33,33,33,33,33,33,33,33
260761,1,1,1986,0,0,0,22,0,0,0,22,0,0
260761,2,1,1986,0,0,0,0,0,0,0,0,0,0
260762,1,1,1986,0,0,0,0,0,0,0,0,0,0
260762,2,1,1986,0,0,0,0,0,0,0,0,0,0
260763,1,1,1986,27,27,27,27,27,27,27,27,27,27
260764,1,1,1986,35,21,12,15,26,9,10,18,12,12
260765,1,1,1986,0,0,0,0,0,0,0,0,0,0
260766,1,1,1986,0,0,0,0,0,0,0,0,0,0
260766,2,1,1986,0,0,0,0,0,0,0,0,0,0
260766,3,1,1986,0,0,0,0,0,0,0,0,0,0
260767,1,1,1986,11,11,11,11,11,11,11,11,11,11
260768,0,1,1986,0,0,0,0,0,0,0,0,0,0
260768,1,1,1986,0,0,0,0,0,8,0,0,0,0
260769,0,1,1986,16,23,14,16,12,14,28,6,16,8
260769,1,1,1986,0,0,0,0,0,0,16,0,0,0
260770,1,1,1986,22,22,22,22,22,22,22,22,22,22
260771,1,1,1986,0,0,0,0,0,0,0,0,0,0
260771,2,1,1986,0,10,0,0,0,0,21,26,0,29
260772,1,1,1986,0,0,0,0,0,0,0,0,0,0
260772,2,1,1986,0,0,10,0,0,0,0,0,0,0
260773,0,1,1986,0,0,0,0,0,0,0,0,0,0
260773,1,1,1986,6,6,6,6,6,6,6,6,6,6
260774,1,1,1986,22,22,22,22,22,22,22,22,22,22
260774,2,1,1986,3,3,3,3,3,3,3,3,3,3
260775,1,1,1986,22,22,22,22,22,22,22,22,22,22
260775,2,1,1986,0,0,0,0,0,0,0,0,0,0
260776,1,1,1986,11,11,11,11,11,11,11,11,11,11
260776,2,1,1986,0,8,0,0,0,0,0,0,0,0
260777,1,1,1986,0,21,0,0,0,0,0,2,18,0
260777,2,1,1986,6,6,6,6,6,6,6,6,6,6
260778,1,1,1986,12,0,0,22,28,0,28,20,0,0
260779,1,1,1986,24,24,24,24,24,24,24,24,24,24
260780,1,1,1986,16,16,16,16,16,16,16,16,16,16
260781,1,1,1986,29,29,29,29,29,29,29,29,29,29
260782,1,1,1986,7,7,7,7,7,7,7,7,7,7
260783,0,1,1986,16,16,16,16,16,16,16,16,16,16
260783,1,1,1986,0,0,0,0,0,0,0,0,0,0
260784,1,1,1986,0,0,0,0,0,0,0,0,0,0
260785,0,1,1986,0,0,0,0,0,0,0,0,0,0
260785,1,1,1986,0,0,0,0,0,0,0,0,0,0
260786,0,1,1986,30,0,0,0,12,0,0,0,0,0
260786,1,1,1986,0,0,0,0,0,0,0,0,0,0
260787,1,1,1986,0,0,0,0,0,0,0,0,0,0
260787,2,1,1986,0,0,0,0,0,0,0,0,0,0
260788,1,1,1986,34,23,0,17,0,0,10,0,0,0
260789,1,1,1986,0,0,0,0,11,0,0,0,0,0
260789,2,1,1986,0,0,0,0,0,0,0,0,0,0
260790,1,1,1986,19,19,19,19,19,19,19,19,19,19
260790,2,1,1986,0,0,0,0,0,0,0,0,0,0
260791,1,1,1986,7,7,7,7,7,7,7,7,7,7
260791,2,1,1986,13,13,13,13,13,13,13,13,13,13
260791,3,1,1986,0,0,0,0,0,0,9,0,0,0
260792,0,1,1986,0,0,0,0,0,0,0,0,0,0
260792,1,1,1986,0,0,0,0,0,0,0,0,0,0
260793,1,1,1986,0,0,0,0,0,0,0,0,0,0
260793,2,1,1986,0,0,0,0,0,0,0,0,0,0
260794,0,1,1986,0,0,0,0,0,0,0,0,0,0
260794,0,2,1986,0,23,9,0,13,0,0,0,21,0
260794,1,1,1986,0,0,0,0,0,0,0,0,6,0
260795,1,1,1986,24,24,24,24,24,24,24,24,24,24
260796,1,1,1986,13,13,13,13,13,13,13,13,13,13
260796,2,1,1986,0,0,0,0,0,0,0,0,0,0
260797,0,1,1986,0,15,15,23,11,0,18,0,5,0
260797,1,1,1986,3,3,3,3,3,3,3,3,3,3
260798,1,1,1986,17,17,17,17,17,17,17,17,17,17
260798,2,1,1986,0,0,0,0,0,0,0,0,0,0
260799,1,1,1986,0,0,0,0,0,0,0,0,0,0
260799,2,1,1986,0,0,0,0,0,0,0,0,0,0
260800,1,1,1986,0,0,0,0,0,0,0,0,0,0
260800,2,1,1986,0,0,0,0,0,0,0,0,0,0
260801,1,1,1986,11,10,16,14,8,7,19,8,31,20
260801,2,1,1986,0,0,0,0,0,0,0,0,0,0
260802,1,1,1986,0,19,0,0,6,0,0,0,0,0
260802,2,1,1986,0,0,0,0,0,0,0,0,0,0
260803,1,1,1986,9,9,9,9,9,9,9,9,9,9
260803,2,1,1986,10,10,10,10,10,10,10,10,10,10
260804,1,1,1986,5,5,5,5,5,5,5,5,5,5
260804,2,1,1986,0,0,0,0,0,0,0,0,0,0
260805,1,1,1986,10,10,10,10,10,10,10,10,10,10
260805,2,1,1986,0,0,0,0,0,0,0,0,0,0
260806,1,1,1986,0,0,0,0,0,0,0,7,0,0
260806,2,1,1986,0,0,0,0,0,0,5,0,0,0
260806,3,1,1986,0,0,11,0,0,0,0,0,0,0
260807,1,1,1986,0,0,0,0,0,0,0,0,0,0
260807,2,1,1986,0,0,0,0,0,0,0,0,0,0
260808,0,1,1986,5,31,40,17,18,8,0,3,10,28
260808,1,1,1986,23,24,11,14,13,28,7,21,10,14
260809,1,1,1986,0,0,0,0,0,0,0,0,0,0
260809,2,1,1986,11,10,0,13,11,4,15,23,9,9
260810,1,1,1986,16,16,16,16,16,16,16,16,16,16
260811,1,1,1986,0,0,0,0,0,0,0,0,0,0
260811,2,1,1986,0,0,0,0,0,0,0,0,0,0
260812,0,1,1986,0,0,0,0,0,0,0,0,0,0
260812,1,1,1986,0,0,0,0,0,0,0,0,0,0
260813,1,1,1986,0,0,0,0,0,0,0,0,0,0
260813,2,1,1986,6,6,6,6,6,6,6,6,6,6
260814,1,1,1986,22,22,22,22,22,22,22,22,22,22
260815,1,1,1986,14,14,14,14,14,14,14,14,14,14
260816,1,1,1986,0,0,0,0,0,0,0,0,0,0
260816,2,1,1986,0,0,0,0,0,0,0,0,0,0
260817,1,1,1986,0,0,0,0,0,0,0,0,0,0
260817,2,1,1986,0,0,0,0,0,15,0,0,0,14
260818,1,1,1986,19,19,19,19,19,19,19,19,19,19
260819,1,1,1986,12,0,0,0,17,0,0,0,0,0
260820,1,1,1986,9,10,4,15,10,13,8,23,18,13
260821,1,1,1986,0,0,0,0,0,0,0,0,0,0
260821,2,1,1986,0,0,0,0,0,0,0,0,0,0
260822,0,1,1986,0,0,0,0,0,0,0,0,0,0
260822,1,1,1986,0,0,0,0,0,0,0,0,0,0
260823,1,1,1986,0,0,0,0,0,0,0,0,18,0
260825,0,1,1986,35,0,23,31,0,16,0,36,8,17
260825,0,2,1986,0,0,5,23,0,18,0,13,40,0
260825,1,1,1986,23,8,21,22,19,12,27,19,21,15
260826,1,1,1986,0,0,0,20,0,0,0,0,37,0
260826,2,1,1986,14,14,14,14,14,14,14,14,14,14
260827,1,1,1986,12,12,12,12,12,12,12,12,12,12
260828,1,1,1986,0,0,0,21,0,28,0,0,0,0
260829,1,1,1986,0,0,0,0,12,0,0,0,0,0
260829,2,1,1986,0,0,0,0,0,0,0,0,0,0
260830,1,1,1986,0,0,0,0,0,0,0,0,0,0
260831,1,1,1986,18,18,18,18,18,18,18,18,18,18
260832,1,1,1986,18,18,18,18,18,18,18,18,18,18
260833,0,1,1986,14,14,14,14,14,14,14,14,14,14
260833,1,1,1986,0,0,0,0,0,0,0,0,0,0
260834,1,1,1986,16,16,16,16,16,16,16,16,16,16
260835,1,1,1986,3,3,3,3,3,3,3,3,3,3
260836,1,1,1986,0,0,0,0,0,0,0,0,0,0
260836,2,1,1986,0,0,0,0,0,0,0,0,0,0
260837,1,1,1986,0,0,0,0,0,0,0,0,0,0
260838,0,1,1986,0,0,0,0,0,0,0,0,0,0
260838,1,1,1986,0,0,0,0,0,0,0,0,0,0
260839,1,1,1986,0,0,0,0,0,0,0,0,0,0
260840,1,1,1986,22,22,22,22,22,22,22,22,22,22
260840,2,1,1986,0,0,0,0,0,0,0,0,0,0
260841,1,1,1986,5,21,0,0,0,0,0,3,0,0
260841,2,1,1986,0,0,0,0,0,0,7,0,0,0
260842,1,1,1986,0,0,0,0,0,0,0,0,0,0
260842,2,1,1986,0,0,0,0,0,0,0,0,0,0
260842,3,1,1986,0,0,0,7,7,0,0,12,0,0
260843,1,1,1986,10,10,10,10,10,10,10,10,10,10
260843,2,1,1986,0,0,0,0,0,0,0,0,0,0
260844,1,1,1986,7,7,7,7,7,7,7,7,7,7
260844,2,1,1986,9,9,9,9,9,9,9,9,9,9
260845,1,1,1986,0,0,0,0,0,0,0,0,0,21
260845,2,1,1986,0,0,0,0,0,0,0,0,0,3
260845,3,1,1986,0,0,0,0,0,0,0,0,0,0
260846,1,1,1986,0,0,0,0,0,0,0,0,0,0
260846,2,1,1986,0,0,0,0,11,0,0,0,0,0
260847,1,1,1986,14,14,14,14,14,14,14,14,14,14
260847,2,1,1986,0,0,0,0,0,0,0,0,9,0
260848,1,1,1986,12,12,12,12,12,12,12,12,12,12
260848,2,1,1986,0,0,0,0,0,0,0,0,0,0
260849,0,1,1986,17,21,13,16,15,18,9,16,43,0
260849,1,1,1986,0,0,4,0,0,0,0,0,0,0
260850,1,1,1986,4,4,4,4,4,4,4,4,4,4
260850,2,1,1986,25,25,25,25,25,25,25,25,25,25
260851,1,1,1986,0,0,0,0,0,0,0,0,0,0
260852,1,1,1986,0,0,0,0,0,0,0,0,0,0
260852,2,1,1986,0,0,0,0,0,0,0,0,0,0
260853,0,1,1986,13,13,13,13,13,13,13,13,13,13
260853,1,1,1986,17,17,17,17,17,17,17,17,17,17
260854,1,1,1986,0,0,0,0,0,0,0,0,0,0
260854,2,1,1986,0,0,0,0,0,0,0,0,0,0
260854,3,1,1986,0,0,0,0,0,0,0,0,0,0
260855,0,1,1986,0,0,0,0,0,0,0,0,0,0
260855,1,1,1986,0,0,0,0,0,0,0,0,0,0
260856,1,1,1986,0,0,0,0,0,0,0,0,0,0
260856,2,1,1986,0,0,0,0,0,0,0,0,0,0
260857,1,1,1986,0,21,14,12,0,0,0,23,7,0
260858,1,1,1986,16,16,16,16,16,16,16,16,16,16
260858,2,1,1986,0,0,0,0,0,0,0,0,0,0
260859,1,1,1986,7,7,7,7,7,7,7,7,7,7
260860,1,1,1986,0,0,0,0,0,0,0,0,0,0
260860,2,1,1986,0,0,0,0,0,0,0,0,0,0
260861,1,1,1986,6,6,6,6,6,6,6,6,6,6
260861,2,1,1986,0,0,0,0,0,0,0,0,0,0
260862,1,1,1986,0,0,0,0,0,0,0,0,0,0
260863,1,1,1986,25,25,25,25,25,25,25,25,25,25
260864,1,1,1986,24,24,24,24,24,24,24,24,24,24
260865,0,1,1986,12,12,12,12,12,12,12,12,12,12
260865,1,1,1986,9,9,9,9,9,9,9,9,9,9
260866,1,1,1986,0,0,0,0,0,0,0,0,0,0
260866,2,1,1986,0,0,0,0,0,0,0,0,0,0
260868,1,1,1986,0,0,0,0,0,0,0,0,0,0
260868,2,1,1986,0,0,0,0,0,0,0,13,0,0
260868,3,1,1986,0,0,0,0,0,0,0,0,0,0
260869,1,1,1986,0,0,0,0,0,16,0,0,7,9
260870,0,1,1986,0,3,0,0,0,0,0,0,0,0
260870,1,1,1986,10,9,0,0,0,9,0,0,0,0
260871,0,1,1986,0,0,0,0,0,0,0,0,0,0
260871,1,1,1986,0,17,20,11,12,0,22,0,26,31
260872,1,1,1986,0,0,15,0,0,16,0,0,0,0
260872,2,1,1986,0,0,0,0,0,0,0,0,0,0
260873,0,1,1986,0,0,3,0,0,0,0,0,0,24
260873,0,2,1986,0,0,0,0,0,0,0,0,0,0
260873,1,1,1986,0,0,0,0,0,0,0,0,0,0
260874,1,1,1986,0,0,0,0,0,0,0,0,0,0
260875,0,1,1986,0,0,0,0,0,0,0,0,0,0
260875,1,1,1986,0,0,0,0,0,0,0,0,0,0
260876,1,1,1986,0,0,0,0,0,0,0,0,0,0
260877,1,1,1986,37,37,37,37,37,37,37,37,37,37
260877,2,1,1986,0,0,0,0,10,0,0,0,0,19
260878,0,1,1986,0,0,0,0,0,0,0,0,0,0
260878,1,1,1986,0,0,0,0,0,0,0,0,0,0
260879,0,1,1986,0,0,0,0,0,0,0,0,0,0
260879,1,1,1986,0,21,19,33,33,30,11,22,0,8
260880,1,1,1986,11,8,2,0,3,0,10,14,7,7
260880,2,1,1986,0,0,0,0,0,0,0,0,0,0
260881,1,1,1986,38,38,38,38,38,38,38,38,38,38
260881,2,1,1986,0,0,0,0,0,0,0,0,0,0
260882,0,1,1986,33,33,33,33,33,33,33,33,33,33
260882,1,1,1986,0,0,0,0,0,0,0,0,0,0
260883,1,1,1986,21,21,21,21,21,21,21,21,21,21
260883,2,1,1986,0,0,0,0,0,0,0,2,0,0
260884,1,1,1986,17,7,0,10,0,0,0,0,0,0
260885,1,1,1986,24,24,24,24,24,24,24,24,24,24
260886,1,1,1986,0,13,0,0,0,0,0,0,0,0
260886,2,1,1986,0,0,0,0,0,14,0,0,0,0
260887,1,1,1986,0,0,0,0,0,0,0,0,0,0
260887,2,1,1986,0,0,0,0,0,0,0,0,0,0
260888,1,1,1986,0,0,0,0,0,0,0,0,0,0
260888,2,1,1986,0,0,0,0,0,0,0,0,0,0
260889,1,1,1986,14,7,0,12,4,24,4,20,16,22
260889,2,1,1986,0,0,0,0,8,0,0,0,22,0
260890,1,1,1986,22,22,22,22,22,22,22,22,22,22
260891,1,1,1986,24,24,24,24,24,24,24,24,24,24
260892,1,1,1986,0,0,0,0,0,0,0,0,0,0
260892,2,1,1986,0,0,0,0,0,0,0,0,0,0
260893,0,1,1986,17,0,11,30,31,18,37,15,0,16
260893,1,1,1986,0,0,0,0,0,0,0,0,0,0
260894,0,1,1986,0,0,0,0,0,0,0,0,18,0
260894,1,1,1986,0,0,0,0,6,0,0,0,0,0
260895,1,1,1986,0,4,10,0,0,0,0,0,0,0
260895,2,1,1986,17,14,4,18,11,12,18,14,7,10
260896,1,1,1986,0,0,0,0,0,11,0,6,0,0
260896,2,1,1986,0,0,17,0,0,0,0,0,0,0
260896,3,1,1986,0,0,0,0,0,0,0,11,0,0
260897,1,1,1986,9,13,17,0,17,14,18,16,21,9
260897,2,1,1986,0,0,0,0,0,0,0,0,0,0
260898,1,1,1986,20,19,21,21,11,9,14,15,26,23
260899,1,1,1986,11,18,9,29,16,11,13,14,25,27
260900,1,1,1986,0,0,0,0,0,0,10,0,0,0
260900,2,1,1986,0,0,0,0,0,0,0,0,0,0
260902,1,1,1986,0,0,0,0,0,0,0,0,0,0
260902,2,1,1986,0,0,0,0,0,12,0,0,0,0
260903,1,1,1986,0,0,0,0,7,0,0,10,0,0
260903,2,1,1986,0,0,0,0,0,0,0,0,0,0
260903,3,1,1986,0,5,0,0,0,0,0,0,0,0
260903,4,1,1986,0,0,0,0,0,0,0,0,0,0
260903,5,1,1986,0,0,0,0,0,0,0,0,0,0
260904,1,1,1986,0,0,0,0,0,15,0,0,8,3
260905,1,1,1986,21,21,21,21,21,21,21,21,21,21
260906,1,1,1986,0,3,0,0,0,0,0,0,0,0
260906,2,1,1986,0,0,0,0,0,0,0,0,0,0
260907,1,1,1986,20,20,20,20,20,20,20,20,20,20
260907,2,1,1986,0,19,0,0,0,0,0,0,0,0
260908,1,1,1986,0,0,0,0,0,0,0,0,0,0
260908,2,1,1986,0,0,0,0,0,9,8,0,0,0
260909,1,1,1986,13,25,0,0,13,4,10,16,0,0
260909,2,1,1986,0,0,0,0,0,0,0,0,0,0
260910,0,1,1986,0,0,0,0,0,0,0,0,0,0
260910,1,1,1986,0,0,0,0,0,0,0,0,0,0
260911,1,1,1986,19,19,19,19,19,19,19,19,19,19
260912,1,1,1986,0,0,0,0,0,0,0,0,0,0
260912,2,1,1986,0,0,0,0,0,0,0,0,0,0
260913,1,1,1986,12,0,9,0,10,0,14,0,3,20
260913,2,1,1986,0,0,0,0,0,0,0,0,0,0
260914,1,1,1986,10,10,10,10,10,10,10,10,10,10
260915,1,1,1986,0,0,0,0,0,0,0,0,0,0
260916,1,1,1986,21,21,21,21,21,21,21,21,21,21
260917,1,1,1986,18,18,18,18,18,18,18,18,18,18
260918,1,1,1986,22,22,22,22,22,22,22,22,22,22
260919,1,1,1986,24,24,24,24,24,24,24,24,24,24
260919,2,1,1986,0,0,0,0,0,0,0,0,7,0
260920,1,1,1986,1,1,1,1,1,1,1,1,1,1
260920,2,1,1986,10,0,0,0,16,14,0,0,0,0
260921,1,1,1986,0,0,0,0,0,0,0,0,0,0
260921,2,1,1986,0,0,0,0,0,0,0,0,0,0
260922,1,1,1986,0,0,0,0,0,0,0,10,0,0
260923,0,1,1986,16,31,17,4,37,8,0,6,20,26
260923,1,1,1986,0,0,6,0,0,0,0,0,0,0
260924,1,1,1986,27,27,27,27,27,27,27,27,27,27
260925,1,1,1986,0,0,0,0,0,0,0,0,25,0
260925,2,1,1986,0,0,0,0,0,0,0,14,0,0
260925,3,1,1986,0,0,0,0,0,0,0,0,0,0
260926,1,1,1986,0,0,0,0,0,0,0,0,0,0
260927,1,1,1986,20,20,20,20,20,20,20,20,20,20
260928,1,1,1986,0,24,0,0,0,0,17,0,0,0
260928,2,1,1986,0,0,0,0,0,0,0,0,0,0
260929,0,1,1986,0,0,0,23,0,0,0,0,0,0
260929,1,1,1986,22,0,0,11,0,0,0,0,0,0
260931,1,1,1986,0,0,0,0,0,0,0,0,0,0
260932,1,1,1986,0,0,0,0,0,0,0,0,0,0
260932,2,1,1986,0,0,0,0,0,0,0,0,0,0
260933,1,1,1986,25,25,25,25,25,25,25,25,25,25
260934,1,1,1986,21,21,21,21,21,21,21,21,21,21
260934,2,1,1986,9,9,9,9,9,9,9,9,9,9
260935,1,1,1986,0,0,0,0,15,0,0,0,10,0
260935,2,1,1986,0,0,0,0,0,0,0,0,0,0
260936,1,1,1986,14,0,0,0,0,0,0,0,18,0
260937,0,1,1986,0,0,0,0,0,0,0,0,0,0
260937,1,1,1986,0,0,0,0,0,9,0,0,0,0
260938,1,1,1986,19,19,19,19,19,19,19,19,19,19
260940,1,1,1986,0,0,0,0,0,0,0,0,0,0
260940,2,1,1986,27,27,27,27,27,27,27,27,27,27
260941,1,1,1986,8,8,8,8,8,8,8,8,8,8
260941,2,1,1986,0,0,13,0,0,0,0,0,0,0
260942,1,1,1986,0,0,0,0,0,0,0,0,0,0
260942,2,1,1986,0,0,0,0,0,0,0,0,0,0
260944,1,1,1986,0,0,0,0,0,0,0,0,0,0
260945,1,1,1986,22,22,22,22,22,22,22,22,22,22
260946,0,1,1986,0,0,0,0,0,0,0,0,0,0
260946,1,1,1986,9,9,9,9,9,9,9,9,9,9
260947,1,1,1986,18,18,18,18,18,18,18,18,18,18
260948,1,1,1986,0,0,0,0,9,0,0,0,0,13
260948,2,1,1986,0,0,0,25,9,0,0,0,13,14
260948,3,1,1986,0,0,0,0,0,4,0,0,0,0
260948,4,1,1986,8,0,0,0,6,8,0,0,15,16
260949,1,1,1986,19,19,19,19,19,19,19,19,19,19
260950,1,1,1986,36,36,36,36,36,36,36,36,36,36
260951,1,1,1986,31,31,31,31,31,31,31,31,31,31
260951,2,1,1986,10,0,0,0,0,0,0,0,0,0
260952,1,1,1986,25,25,25,25,25,25,25,25,25,25
260952,2,1,1986,0,0,0,0,0,0,0,0,0,0
260953,1,1,1986,0,0,0,0,0,0,0,0,0,0
260954,1,1,1986,0,20,0,0,13,25,9,30,0,0
260955,0,1,1986,0,0,0,0,0,0,0,0,0,0
260955,1,1,1986,24,20,12,17,23,17,21,12,23,19
260956,1,1,1986,21,21,21,21,21,21,21,21,21,21
260956,2,1,1986,27,12,21,4,2,7,0,10,26,7
260957,1,1,1986,0,0,0,0,0,0,0,0,0,0
260957,2,1,1986,0,0,21,0,0,0,0,0,0,0
260958,1,1,1986,0,0,0,0,0,0,0,0,0,0
260959,1,1,1986,12,12,12,12,12,12,12,12,12,12
260959,2,1,1986,20,3,6,24,35,17,16,8,10,21
260960,1,1,1986,0,0,0,0,0,0,0,0,0,0
260960,2,1,1986,0,0,0,0,0,0,0,0,0,0
260961,1,1,1986,0,8,0,0,0,0,0,0,0,0
260961,2,1,1986,0,0,0,0,0,0,0,0,0,0
260961,3,1,1986,0,0,0,0,0,0,0,0,0,0
260962,1,1,1986,10,10,10,10,10,10,10,10,10,10
260963,1,1,1986,0,13,0,0,9,0,0,0,0,7
260964,1,1,1986,0,0,0,0,0,0,0,0,0,10
260964,2,1,1986,10,0,25,0,0,8,0,0,0,13
260965,1,1,1986,29,13,18,18,24,13,3,16,34,32
260966,1,1,1986,0,0,0,0,0,0,0,0,0,0
260966,2,1,1986,0,0,0,0,0,0,0,0,0,0
260967,0,1,1986,18,18,18,18,18,18,18,18,18,18
260967,1,1,1986,15,0,0,0,0,3,0,0,0,5
260968,1,1,1986,18,18,18,18,18,18,18,18,18,18
260968,2,1,1986,0,0,0,0,0,0,0,2,0,0