ST_CASE,VEH_NO,PER_NO,YEAR,P1,P2,P3,P4,P5,P6,P7,P8,P9,P10
261256,2,1,1986,0,0,0,0,0,0,0,0,0,0
261257,1,1,1986,0,0,0,0,0,0,0,0,0,0
261257,2,1,1986,0,0,0,0,0,0,0,0,0,0
261258,1,1,1986,0,0,22,0,0,10,0,0,0,0
261259,1,1,1986,0,0,0,0,15,0,0,0,8,0
261260,1,1,1986,0,0,0,0,0,0,0,0,0,0
261260,2,1,1986,0,0,0,0,0,0,0,0,0,0
261260,3,1,1986,0,0,0,0,0,0,0,0,23,0
261260,4,1,1986,0,0,0,0,0,0,0,0,0,0
261261,1,1,1986,15,15,15,15,15,15,15,15,15,15
261263,1,1,1986,0,0,0,0,0,0,0,0,0,0
261264,1,1,1986,0,0,0,0,0,0,0,0,0,0
261264,2,1,1986,0,0,0,0,0,0,0,0,0,0
261264,3,1,1986,0,0,0,18,0,11,0,0,0,0
261264,4,1,1986,0,0,0,0,0,0,0,0,0,0
261265,1,1,1986,14,14,14,14,14,14,14,14,14,14
261266,1,1,1986,16,16,16,16,16,16,16,16,16,16
261266,2,1,1986,0,0,0,0,0,0,0,0,0,0
261267,1,1,1986,0,0,0,0,0,0,0,0,0,0
261267,2,1,1986,0,0,13,0,0,0,0,0,0,0
261268,1,1,1986,15,15,15,15,15,15,15,15,15,15
261268,2,1,1986,0,29,0,0,0,0,0,0,0,0
261269,1,1,1986,0,0,0,0,0,0,0,0,0,0
261269,2,1,1986,0,0,0,0,0,0,0,0,0,0
261270,1,1,1986,24,24,24,24,24,24,24,24,24,24
261271,1,1,1986,0,0,0,0,0,0,0,0,0,0
261271,2,1,1986,3,3,3,3,3,3,3,3,3,3
261273,1,1,1986,22,22,32,3,14,11,23,15,12,14
261274,1,1,1986,22,16,0,12,12,14,16,20,35,21
261274,2,1,1986,0,0,0,0,0,0,0,0,0,0
261275,0,1,1986,21,21,21,21,21,21,21,21,21,21
261275,1,1,1986,0,0,0,0,0,0,0,0,0,0
261276,1,1,1986,32,32,32,32,32,32,32,32,32,32
261277,0,1,1986,11,11,11,11,11,11,11,11,11,11
261277,0,2,1986,11,11,11,11,11,11,11,11,11,11
261277,1,1,1986,16,16,16,16,16,16,16,16,16,16
261278,0,1,1986,0,17,22,0,0,0,0,0,0,0
261278,1,1,1986,12,12,12,12,12,12,12,12,12,12
261279,1,1,1986,0,0,0,0,0,0,0,0,0,0
261279,2,1,1986,0,0,0,0,0,0,0,0,0,0
261280,0,1,1986,0,0,0,0,0,0,0,0,0,0
261280,1,1,1986,0,0,0,0,0,0,0,0,0,0
261281,1,1,1986,21,21,21,21,21,21,21,21,21,21
261281,2,1,1986,0,0,0,0,0,0,0,0,0,0
261282,0,1,1986,0,0,0,0,0,0,0,0,0,0
261282,1,1,1986,0,0,0,0,0,0,0,0,0,0
261283,1,1,1986,0,0,0,0,0,0,0,0,0,0
261283,2,1,1986,0,11,0,0,10,0,0,13,0,0
261284,1,1,1986,24,24,24,24,24,24,24,24,24,24
261285,1,1,1986,35,35,35,35,35,35,35,35,35,35
261286,0,1,1986,0,29,14,0,12,0,25,0,0,26
261286,0,2,1986,0,0,0,16,0,0,0,0,0,0
261286,1,1,1986,24,24,24,24,24,24,24,24,24,24
261287,1,1,1986,0,0,0,0,0,0,0,0,0,0
261288,1,1,1986,21,21,21,21,21,21,21,21,21,21
261289,1,1,1986,0,0,0,0,0,0,0,0,0,0
261289,2,1,1986,0,0,0,0,0,0,0,0,0,0
261290,1,1,1986,3,3,3,3,3,3,3,3,3,3
261290,2,1,1986,0,0,0,0,0,0,0,0,0,0
261291,1,1,1986,0,0,0,0,0,0,0,0,0,0
261291,2,1,1986,0,0,0,0,0,0,0,0,0,0
261292,1,1,1986,16,16,16,16,16,16,16,16,16,16
261292,2,1,1986,6,6,6,6,6,6,6,6,6,6
261293,1,1,1986,0,0,0,0,0,0,0,0,0,0
261293,2,1,1986,16,0,0,0,0,0,0,0,0,0
261294,1,1,1986,0,0,0,0,0,0,0,0,0,0
261294,2,1,1986,0,0,0,0,0,0,0,0,0,0
261294,3,1,1986,0,0,0,17,0,0,0,0,0,0
261295,0,1,1986,0,0,0,0,0,0,0,0,0,0
261295,2,1,1986,0,0,0,0,0,0,0,0,0,0
261296,1,1,1986,0,0,0,0,0,0,0,0,0,0
261296,2,1,1986,0,0,0,0,0,0,0,0,0,0
261297,1,1,1986,26,26,26,26,26,26,26,26,26,26
261298,0,1,1986,0,0,0,0,0,0,0,0,0,0
261298,1,1,1986,0,0,0,0,0,0,0,0,0,9
261300,1,1,1986,0,0,0,0,0,5,0,0,0,0
261300,2,1,1986,10,24,0,0,0,0,0,0,0,0
261301,0,1,1986,8,10,7,0,17,0,0,0,43,0
261301,0,2,1986,0,0,0,0,0,0,0,0,0,0
261301,1,1,1986,8,0,0,0,0,0,0,0,7,0
261302,1,1,1986,0,0,0,0,0,0,0,0,0,0
261302,2,1,1986,0,0,0,0,0,0,0,0,0,0
261302,3,1,1986,0,0,8,0,0,0,0,0,0,0
261303,1,1,1986,0,10,20,15,21,12,9,0,27,18
261304,1,1,1986,0,0,0,0,0,0,0,0,0,0
261304,2,1,1986,0,0,0,0,0,0,0,0,0,0
261305,1,1,1986,0,0,0,0,0,0,0,0,0,0
261305,2,1,1986,0,0,0,0,0,0,0,0,0,0
261306,0,1,1986,0,0,0,0,0,0,0,0,0,0
261306,1,1,1986,0,0,0,0,0,0,0,0,0,0
261307,1,1,1986,0,0,0,17,0,0,0,0,0,0
261308,0,1,1986,0,0,0,0,0,0,0,0,0,0
261308,1,1,1986,5,7,21,9,5,0,12,0,0,39
261309,1,1,1986,27,27,27,27,27,27,27,27,27,27
261309,2,1,1986,0,0,0,0,0,0,0,0,0,0
261309,3,1,1986,0,0,0,7,23,0,0,0,0,0
261310,1,1,1986,0,0,0,0,0,0,0,0,0,0
261311,0,1,1986,17,0,16,0,0,24,0,0,0,0
261311,1,1,1986,0,0,0,0,0,0,0,0,0,0
261312,1,1,1986,0,0,0,0,0,0,0,0,0,0
261312,2,1,1986,0,0,6,0,15,0,0,0,0,0
261313,1,1,1986,16,12,13,9,17,7,8,17,32,5
261314,1,1,1986,22,22,22,22,22,22,22,22,22,22
261316,1,1,1986,0,0,0,0,0,0,0,0,0,0
261316,2,1,1986,0,0,0,0,0,0,0,0,10,20
261317,1,1,1986,0,0,0,0,0,0,0,0,0,0
261317,2,1,1986,0,0,0,0,0,0,0,0,0,0
261318,1,1,1986,0,0,0,0,0,0,0,0,0,0
261318,2,1,1986,0,0,0,0,0,0,0,0,0,0
261319,0,1,1986,0,0,0,0,0,0,4,0,0,0
261319,1,1,1986,0,0,0,0,0,0,0,0,0,0
261320,1,1,1986,0,0,0,14,0,4,0,0,0,6
261321,1,1,1986,0,0,0,0,0,0,0,0,0,0
261321,2,1,1986,0,0,19,0,0,0,0,0,0,0
261322,0,1,1986,37,18,0,15,23,23,10,17,8,26
261322,1,1,1986,0,9,12,16,0,9,32,0,0,30
261323,1,1,1986,3,3,21,0,0,4,0,39,17,19
261323,2,1,1986,14,0,0,0,0,0,0,0,0,0
261324,1,1,1986,0,0,0,0,0,0,0,0,0,0
261324,2,1,1986,0,0,0,0,0,0,0,0,0,0
261325,1,1,1986,0,0,0,0,0,0,0,0,0,0
261326,1,1,1986,5,5,5,5,5,5,5,5,5,5
261328,1,1,1986,22,22,22,22,22,22,22,22,22,22
261329,1,1,1986,0,2,8,12,17,22,3,11,13,9
261330,0,1,1986,0,0,0,0,0,0,15,0,0,0
261330,1,1,1986,0,20,0,0,0,0,28,21,2,0
261331,1,1,1986,11,11,11,11,11,11,11,11,11,11
261332,1,1,1986,9,0,0,0,7,5,0,0,0,0
261333,1,1,1986,0,0,10,10,18,0,15,0,0,12
261334,1,1,1986,0,0,0,0,0,0,0,0,0,0
261334,2,1,1986,0,0,0,0,0,0,0,0,0,0
261335,1,1,1986,0,0,0,0,0,0,0,0,0,0
261335,2,1,1986,0,0,0,0,0,0,0,0,0,0
261336,1,1,1986,0,0,0,0,0,0,0,0,0,0
261336,2,1,1986,0,0,0,0,0,0,0,0,0,0
261337,1,1,1986,0,8,0,0,0,0,0,0,0,0
261337,2,1,1986,0,0,0,0,0,0,0,0,0,0
261338,1,1,1986,11,11,11,11,11,11,11,11,11,11
261338,2,1,1986,0,0,0,0,0,0,0,0,0,0
261338,3,1,1986,0,0,0,6,0,0,0,0,0,0
261339,1,1,1986,0,0,0,0,0,0,0,0,0,0
261340,1,1,1986,0,0,0,0,0,0,0,0,0,0
261340,2,1,1986,0,0,0,0,0,0,0,0,0,0
261341,1,1,1986,0,0,0,0,0,0,0,0,0,0
261342,0,1,1986,20,20,20,20,20,20,20,20,20,20
261342,1,1,1986,0,0,0,0,0,0,0,0,0,0
261343,1,1,1986,0,0,0,0,0,0,0,0,0,0
261343,2,1,1986,0,0,0,0,0,0,0,0,0,0
261344,1,1,1986,0,0,0,0,0,0,0,0,0,0
261344,2,1,1986,0,0,0,0,0,0,0,0,0,0
261345,1,1,1986,17,17,17,17,17,17,17,17,17,17
261346,0,1,1986,0,0,0,0,0,0,0,0,0,0
261346,1,1,1986,0,0,0,18,0,0,0,0,0,0
261347,1,1,1986,0,0,0,0,0,0,0,0,0,0
261348,0,1,1986,0,0,0,0,0,0,0,0,0,0
261348,1,1,1986,0,0,0,0,0,0,0,0,0,0
261349,1,1,1986,23,23,23,23,23,23,23,23,23,23
261349,2,1,1986,25,0,0,0,0,0,0,0,0,17
261350,1,1,1986,4,4,4,4,4,4,4,4,4,4
261351,1,1,1986,19,19,19,19,19,19,19,19,19,19
261351,2,1,1986,4,15,16,6,30,19,19,13,5,36
261352,0,1,1986,1,1,1,1,1,1,1,1,1,1
261352,1,1,1986,0,0,0,0,12,0,0,10,0,0
261353,1,1,1986,20,0,17,12,4,8,18,15,16,0
261353,2,1,1986,0,0,0,0,0,0,0,0,0,0
261354,1,1,1986,0,0,0,0,0,0,0,0,0,0
261354,2,1,1986,0,0,0,0,0,0,0,0,0,0
261355,1,1,1986,4,4,4,4,4,4,4,4,4,4
261356,1,1,1986,17,17,17,17,17,17,17,17,17,17
261356,2,1,1986,0,0,0,0,0,0,0,0,0,0
261357,1,1,1986,0,0,0,0,0,0,0,0,0,0
261357,2,1,1986,0,0,0,0,0,0,0,0,0,0
261358,1,1,1986,38,14,18,7,18,25,17,29,12,15
261359,1,1,1986,0,0,7,0,0,0,0,0,0,0
261359,2,1,1986,0,0,0,0,0,0,0,0,0,0
261360,1,1,1986,0,0,0,0,0,0,0,0,0,0
261360,2,1,1986,0,0,0,0,0,0,0,0,0,0
261361,1,1,1986,0,0,0,0,0,0,0,0,0,0
261361,2,1,1986,0,0,0,0,0,0,0,0,0,0
261362,1,1,1986,0,0,0,0,0,0,0,0,0,0
261362,2,1,1986,0,0,0,0,0,0,0,0,0,0
261363,0,1,1986,12,13,15,16,0,10,3,17,0,14
261363,1,1,1986,13,0,18,6,16,11,22,0,8,31
261364,0,1,1986,9,9,9,9,9,9,9,9,9,9
261364,1,1,1986,0,0,0,0,0,0,0,0,0,0
261365,1,1,1986,17,25,12,25,13,0,27,11,26,45
261365,2,1,1986,0,0,0,0,0,0,0,0,0,0
261366,1,1,1986,0,0,0,0,0,0,0,0,0,0
261366,2,1,1986,0,0,0,0,0,0,0,0,0,0
261367,1,1,1986,0,0,0,0,0,0,19,0,0,0
261367,2,1,1986,0,0,0,0,0,0,0,0,0,0
261368,1,1,1986,11,11,11,11,11,11,11,11,11,11
261369,0,1,1986,0,0,0,0,0,0,0,0,0,0
261369,1,1,1986,0,8,0,0,21,0,0,0,0,0
261370,1,1,1986,0,0,0,0,0,0,0,0,0,0
261370,2,1,1986,9,9,9,9,9,9,9,9,9,9
261371,0,1,1986,17,20,12,0,28,13,27,13,29,0
261371,1,1,1986,0,0,0,0,0,0,0,0,0,0
261372,1,1,1986,20,20,20,20,20,20,20,20,20,20
261372,2,1,1986,0,0,0,0,0,0,0,0,0,0
261373,1,1,1986,17,17,17,17,17,17,17,17,17,17
261374,1,1,1986,9,9,9,9,9,9,9,9,9,9
261375,1,1,1986,28,28,28,28,28,28,28,28,28,28
261376,1,1,1986,13,13,13,13,13,13,13,13,13,13
261376,2,1,1986,0,0,0,0,0,0,0,15,0,4
261377,1,1,1986,18,18,18,18,18,18,18,18,18,18
261378,1,1,1986,0,0,0,0,0,0,0,0,0,0
261379,1,1,1986,0,0,0,0,0,0,0,0,0,0
261379,2,1,1986,0,0,7,0,0,0,0,0,0,0
261380,1,1,1986,23,23,23,23,23,23,23,23,23,23
261381,0,1,1986,18,18,18,18,18,18,18,18,18,18
261381,1,1,1986,16,8,13,14,0,25,19,15,13,17
261382,1,1,1986,18,18,18,18,18,18,18,18,18,18
261383,1,1,1986,0,0,0,0,0,0,0,0,0,0
261383,2,1,1986,0,0,0,0,0,0,0,0,0,0
261384,1,1,1986,22,22,22,22,22,22,22,22,22,22
261385,1,1,1986,22,22,22,22,22,22,22,22,22,22
261385,2,1,1986,0,0,0,0,0,0,0,0,0,0
261386,1,1,1986,0,0,0,0,0,0,0,0,0,0
261386,2,1,1986,0,0,0,0,10,0,0,0,0,0
261387,1,1,1986,0,0,22,0,0,0,0,12,0,0
261388,1,1,1986,0,0,0,0,0,0,0,0,0,0
261388,2,1,1986,0,0,0,0,0,0,0,0,0,0
261388,3,1,1986,0,0,0,0,0,0,0,0,0,0
261389,1,1,1986,0,0,0,0,0,0,0,0,0,0
261389,2,1,1986,0,0,0,0,0,0,0,0,0,0
261389,3,1,1986,0,0,0,0,0,0,0,0,0,0
261390,0,1,1986,0,0,0,0,0,0,0,0,0,0
261390,1,1,1986,14,14,0,20,8,15,16,15,20,19
261391,1,1,1986,11,11,11,11,11,11,11,11,11,11
261391,2,1,1986,0,0,0,0,0,0,0,10,0,0
261391,3,1,1986,0,0,13,0,0,0,0,3,0,0
261392,1,1,1986,12,12,12,12,12,12,12,12,12,12
261393,0,1,1986,13,13,13,13,13,13,13,13,13,13
261393,1,1,1986,0,0,0,0,0,0,0,17,0,0
261394,1,1,1986,0,0,0,0,0,0,0,0,0,0
261394,2,1,1986,0,0,0,0,0,0,0,0,0,0
261395,1,1,1986,0,0,0,0,0,0,0,0,0,0
261395,2,1,1986,0,0,0,2,0,0,0,0,0,0
261396,0,1,1986,0,11,0,0,0,0,11,0,0,0
261396,1,1,1986,0,0,0,0,0,0,0,0,0,0
261397,1,1,1986,14,14,14,14,14,14,14,14,14,14
261398,1,1,1986,0,0,0,0,0,0,0,0,0,0
261399,0,1,1986,7,7,7,7,7,7,7,7,7,7
261399,1,1,1986,9,9,9,9,9,9,9,9,9,9
261400,1,1,1986,20,20,20,20,20,20,20,20,20,20
261400,2,1,1986,0,0,0,0,0,0,0,0,0,0
261401,1,1,1986,0,0,0,0,0,0,0,0,0,0
261402,1,1,1986,24,24,24,24,24,24,24,24,24,24
261402,2,1,1986,0,0,0,0,0,0,0,0,0,0
261403,1,1,1986,22,22,22,22,22,22,22,22,22,22
261404,1,1,1986,4,4,4,4,4,4,4,4,4,4
261404,2,1,1986,0,0,0,9,0,0,0,0,0,0
261405,1,1,1986,0,0,0,0,0,0,0,0,0,0
261405,2,1,1986,0,0,0,0,0,0,0,0,0,0
261405,3,1,1986,0,0,0,0,0,0,0,0,0,0
261405,4,1,1986,0,0,0,0,0,0,0,0,0,0
261406,1,1,1986,12,32,10,16,20,18,0,24,13,12
261407,1,1,1986,0,0,0,0,0,0,0,0,0,0
261407,2,1,1986,0,0,0,9,0,0,0,0,0,0
261409,1,1,1986,24,24,24,24,24,24,24,24,24,24
261410,1,1,1986,0,0,0,0,0,0,0,0,0,0
261410,2,1,1986,0,0,0,0,0,0,0,0,0,0
261411,1,1,1986,0,8,0,0,0,0,0,0,0,0
261411,2,1,1986,0,0,0,0,0,0,0,0,0,0
261412,1,1,1986,0,0,0,0,0,0,0,0,0,0
261412,2,1,1986,0,0,0,0,0,0,0,0,0,0
261412,3,1,1986,0,0,20,0,0,0,0,0,0,0
261413,1,1,1986,0,0,0,0,0,0,0,0,0,0
261413,2,1,1986,21,21,21,21,21,21,21,21,21,21
261414,1,1,1986,7,7,6,19,10,9,0,23,0,23
261415,1,1,1986,0,0,0,0,0,0,0,0,0,0
261415,2,1,1986,0,0,0,0,0,7,0,0,0,0
261417,1,1,1986,0,0,0,0,0,0,14,11,0,15
261417,2,1,1986,0,0,0,0,0,0,0,0,0,0
261418,1,1,1986,0,0,0,0,0,0,0,0,0,0
261418,2,1,1986,0,0,0,0,0,0,0,0,0,0
261419,1,1,1986,0,0,0,0,0,0,0,0,0,0
261419,2,1,1986,0,0,0,0,0,0,0,0,0,0
261420,1,1,1986,23,23,23,23,23,23,23,23,23,23
261420,2,1,1986,0,0,0,0,0,0,0,0,11,0
261420,3,1,1986,0,0,0,0,0,0,0,0,0,0
261421,1,1,1986,22,10,21,29,15,36,20,13,14,19
261422,1,1,1986,1,1,1,1,1,1,1,1,1,1
261423,1,1,1986,0,0,0,0,0,0,0,0,0,0
261423,2,1,1986,10,0,0,0,0,0,0,0,0,0
261424,1,1,1986,0,0,0,0,0,0,0,0,0,0
261424,2,1,1986,0,0,0,0,0,0,0,0,0,0
261425,0,1,1986,0,26,22,11,21,34,38,0,13,10
261425,1,1,1986,0,0,0,0,0,0,0,0,0,0
261426,1,1,1986,0,0,0,3,0,0,0,0,0,0
261426,2,1,1986,0,0,0,0,0,0,0,0,0,0
261427,1,1,1986,0,0,0,0,0,0,0,0,0,0
261427,2,1,1986,0,0,0,0,0,0,0,0,0,0
261429,1,1,1986,0,0,0,0,0,0,0,0,0,0
261429,2,1,1986,0,0,0,0,0,0,0,0,0,0
261430,1,1,1986,19,19,19,19,19,19,19,19,19,19
261430,2,1,1986,0,0,0,0,0,0,0,0,0,0
261431,1,1,1986,14,0,0,0,0,0,0,0,0,0
261431,2,1,1986,0,0,0,0,0,0,0,0,0,0
261432,0,1,1986,0,0,0,0,0,0,0,0,0,0
261432,1,1,1986,0,0,0,0,0,0,0,0,0,0
261433,1,1,1986,18,18,18,18,18,18,18,18,18,18
261435,0,1,1986,11,11,11,11,11,11,11,11,11,11
261435,1,1,1986,6,13,21,0,23,0,0,0,0,0
261436,1,1,1986,20,20,20,20,20,20,20,20,20,20
261437,1,1,1986,0,0,0,0,0,0,0,0,0,0
261437,2,1,1986,0,0,0,0,0,0,0,0,0,0
261438,1,1,1986,0,0,0,0,0,5,0,0,0,0
261438,2,1,1986,0,0,4,0,0,0,0,0,0,0
261439,1,1,1986,0,0,0,0,0,0,0,0,0,0
261439,2,1,1986,0,0,0,0,19,0,0,0,0,0
261440,1,1,1986,0,0,0,8,0,0,13,0,0,0
261441,0,1,1986,0,0,0,0,13,5,0,0,0,18
261441,1,1,1986,17,13,15,15,14,17,18,14,12,20
261442,0,1,1986,21,21,21,21,21,21,21,21,21,21
261442,1,1,1986,0,0,0,0,2,0,0,2,0,0
261442,2,1,1986,28,14,16,12,20,6,10,11,0,0
261443,1,1,1986,10,10,10,10,10,10,10,10,10,10
261444,1,1,1986,0,0,0,0,0,0,0,0,0,0
261445,1,1,1986,20,15,14,12,17,12,21,18,16,9
261446,0,1,1986,0,0,0,0,0,0,0,0,0,0
261446,1,1,1986,0,0,0,0,0,0,0,0,0,0
261446,2,1,1986,0,0,0,0,0,0,0,0,0,0
261447,1,1,1986,8,8,8,8,8,8,8,8,8,8
261448,1,1,1986,9,9,9,9,9,9,9,9,9,9
261449,0,1,1986,0,0,0,0,0,0,0,0,0,0
261449,1,1,1986,0,0,0,0,0,0,0,0,0,0
261450,0,1,1986,0,0,0,0,0,0,0,0,0,0
261450,1,1,1986,0,0,0,0,0,0,0,0,0,0
261451,1,1,1986,0,0,0,0,0,0,0,0,0,0
261452,1,1,1986,19,14,11,12,23,6,0,7,19,21
261453,1,1,1986,0,0,0,0,0,0,0,0,0,0
261453,2,1,1986,0,0,0,0,0,0,0,0,0,0
261453,3,1,1986,0,0,0,0,0,0,0,0,0,0
261453,4,1,1986,0,0,0,0,0,0,0,0,0,0
261454,1,1,1986,46,46,46,46,46,46,46,46,46,46
261455,0,1,1986,0,0,0,0,0,0,0,0,0,0
261455,1,1,1986,0,0,0,0,0,0,0,0,0,0
261455,2,1,1986,0,0,0,0,0,0,0,0,0,0
261455,3,1,1986,0,19,0,0,0,0,0,0,0,0
261456,1,1,1986,0,0,7,0,0,0,0,0,0,0
261456,2,1,1986,0,0,0,0,0,0,0,11,4,0
261456,3,1,1986,0,0,0,0,0,0,0,0,0,0
261457,1,1,1986,0,0,0,0,0,0,0,0,0,0
261457,2,1,1986,25,25,25,25,25,25,25,25,25,25
261458,0,1,1986,0,0,0,0,0,0,0,0,0,0
261458,1,1,1986,0,0,0,0,0,0,0,0,0,0
261459,1,1,1986,0,0,0,0,0,0,0,0,0,0
261459,2,1,1986,0,0,0,0,0,0,0,0,0,0
261460,0,1,1986,4,4,4,4,4,4,4,4,4,4
261460,1,1,1986,0,0,0,0,0,0,0,0,0,0
261461,0,1,1986,0,0,0,0,0,0,0,0,0,0
261461,1,1,1986,0,0,0,0,0,0,0,0,0,0
261462,0,3,1986,0,16,0,9,21,0,0,0,0,0
261462,1,1,1986,6,6,6,6,6,6,6,6,6,6
261463,0,1,1986,0,0,0,10,0,8,0,0,14,0
261463,1,1,1986,0,0,0,0,0,10,0,0,0,0
261464,0,1,1986,0,0,0,0,0,0,0,0,0,0
261464,1,1,1986,0,0,0,0,0,0,0,0,0,0
261465,1,1,1986,24,24,24,24,24,24,24,24,24,24
261466,0,1,1986,24,24,24,24,24,24,24,24,24,24
261466,1,1,1986,0,7,0,0,0,0,24,0,13,0
261467,1,1,1986,0,0,0,0,0,0,0,0,0,0
261467,2,1,1986,0,0,7,0,0,0,0,0,0,0
261468,1,1,1986,0,0,7,0,0,0,0,0,0,0
261468,2,1,1986,0,0,0,0,0,0,0,0,0,0
261469,1,1,1986,0,0,11,0,0,0,0,0,0,0
261469,2,1,1986,0,0,0,0,0,0,0,0,0,0
261469,3,1,1986,0,0,0,0,0,0,0,0,0,0
261470,1,1,1986,0,0,0,0,0,0,0,0,0,0
261471,1,1,1986,0,0,0,0,0,12,0,0,0,0
261471,2,1,1986,0,0,0,0,0,0,0,0,0,0
261472,0,1,1986,18,18,18,18,18,18,18,18,18,18
261472,1,1,1986,7,7,7,7,7,7,7,7,7,7
261473,1,1,1986,15,15,15,15,15,15,15,15,15,15
261473,2,1,1986,28,28,28,28,28,28,28,28,28,28
261475,1,1,1986,19,14,20,12,13,17,0,18,13,0
261475,2,1,1986,14,0,0,0,0,0,0,10,0,0
261476,0,1,1986,0,0,0,0,0,0,0,0,0,0
261476,1,1,1986,0,0,0,0,0,0,0,0,0,0
261477,0,1,1986,0,0,0,0,0,0,0,0,0,0
261477,1,1,1986,0,0,0,0,0,0,0,0,0,0
261478,0,1,1986,0,0,0,0,0,0,0,0,0,0
261478,1,1,1986,0,0,0,0,0,0,11,10,0,0
261480,1,1,1986,21,21,21,21,21,21,21,21,21,21
261480,2,1,1986,0,0,0,0,0,0,0,0,0,0
261481,0,1,1986,26,26,26,26,26,26,26,26,26,26
261481,1,1,1986,0,0,0,0,0,0,0,0,0,0
261482,0,1,1986,22,22,22,22,22,22,22,22,22,22
261482,0,2,1986,0,5,0,0,22,0,11,8,0,0
261482,0,3,1986,11,0,5,9,15,14,24,9,0,0
261482,1,1,1986,14,14,14,14,14,14,14,14,14,14
261483,0,1,1986,38,4,0,27,17,24,20,0,0,5
261483,0,2,1986,27,31,17,21,18,28,21,5,10,19
261483,1,1,1986,9,9,9,9,9,9,9,9,9,9
261484,1,1,1986,8,15,0,0,0,0,0,15,0,0
261485,0,1,1986,0,0,0,0,0,0,0,0,0,0
261485,1,1,1986,0,0,0,0,0,0,0,0,0,0
261486,1,1,1986,0,0,0,0,0,0,0,0,5,0
261487,1,1,1986,15,22,19,23,19,0,0,9,14,25
261487,2,1,1986,0,0,0,0,0,0,0,0,0,0
261488,1,1,1986,0,0,0,0,0,0,0,0,0,0
261488,2,1,1986,0,0,0,0,0,0,0,0,0,0
261489,1,1,1986,0,0,0,0,0,0,0,0,0,0
261489,2,1,1986,0,0,0,0,0,0,0,0,0,0
261490,0,1,1986,20,28,33,33,18,32,10,14,21,8
261490,1,1,1986,37,16,0,10,11,17,31,28,13,8
261491,0,1,1986,0,0,0,0,0,0,0,0,0,0
261491,1,1,1986,0,0,0,0,0,0,0,0,0,0
261492,0,1,1986,10,10,10,10,10,10,10,10,10,10
261492,1,1,1986,0,0,0,0,0,0,0,0,0,0
261493,1,1,1986,21,21,21,21,21,21,21,21,21,21
261494,1,1,1986,0,0,0,0,0,0,0,0,0,0
261494,2,1,1986,0,0,0,0,0,0,0,0,0,0
261495,1,1,1986,0,7,17,0,11,3,0,14,0,14
261496,1,1,1986,6,6,6,6,6,6,6,6,6,6
261496,2,1,1986,0,0,0,0,0,0,0,0,0,0
261497,1,1,1986,0,0,14,0,0,8,0,12,18,21
261498,0,1,1986,8,9,11,13,17,0,37,18,11,9
261498,1,1,1986,0,0,0,0,0,0,0,0,0,0
261499,1,1,1986,5,14,9,8,15,8,9,22,10,13
261500,1,1,1986,14,14,14,14,14,14,14,14,14,14
261501,1,1,1986,36,36,36,36,36,36,36,36,36,36
261502,1,1,1986,0,0,0,0,0,0,0,0,0,0
261502,2,1,1986,0,0,0,0,0,0,0,0,0,0
261503,1,1,1986,0,0,0,0,0,0,0,15,0,0
261503,2,1,1986,11,0,15,0,0,0,0,0,19,0
261504,1,1,1986,6,19,18,0,0,0,28,17,0,0
261505,1,1,1986,0,0,0,0,0,0,0,0,0,0
261505,2,1,1986,0,0,8,0,0,0,0,0,0,3
261506,1,1,1986,0,0,0,0,0,0,0,0,0,0
261506,2,1,1986,0,0,0,0,0,0,0,0,0,0
261508,1,1,1986,0,0,0,0,0,0,0,0,0,0
261508,2,1,1986,0,0,0,0,0,0,6,0,9,0
270001,1,1,1986,23,0,14,30,0,21,35,0,27,17
270001,2,1,1986,0,0,0,0,0,0,0,0,0,0
270002,1,1,1986,0,0,0,0,0,0,0,0,0,7
270002,2,1,1986,0,0,0,0,0,0,0,0,0,0
270003,1,1,1986,0,0,0,0,0,0,0,0,0,0
270003,2,1,1986,0,0,0,0,0,2,0,0,0,0
270003,3,1,1986,0,0,0,0,0,0,0,0,0,0
270004,1,1,1986,16,16,16,16,16,16,16,16,16,16
270005,0,1,1986,0,0,0,0,0,0,0,0,0,0
270005,1,1,1986,20,20,20,20,20,20,20,20,20,20
270006,1,1,1986,25,25,25,25,25,25,25,25,25,25
270007,1,1,1986,0,0,0,0,0,0,0,0,0,0
270007,2,1,1986,0,0,0,0,0,0,0,0,0,0
270007,3,1,1986,0,0,0,0,0,0,0,0,0,0
270008,0,1,1986,0,0,0,0,0,0,0,0,0,0
270008,1,1,1986,0,0,0,0,0,0,0,0,0,0
270009,1,1,1986,0,0,0,0,0,0,0,0,0,0
270010,1,1,1986,16,16,16,16,16,16,16,16,16,16
270011,1,1,1986,0,0,0,0,0,0,0,0,0,0
270012,0,1,1986,31,31,31,31,31,31,31,31,31,31
270012,1,1,1986,0,0,0,0,0,0,0,0,0,0
270013,1,1,1986,0,0,0,0,0,0,0,0,0,0
270013,2,1,1986,0,0,0,0,0,0,0,0,0,0
270014,1,1,1986,0,0,0,0,0,0,0,0,0,0
270014,2,1,1986,5,5,5,5,5,5,5,5,5,5
270015,1,1,1986,24,24,24,24,24,24,24,24,24,24
270015,2,1,1986,0,0,0,0,0,0,0,0,0,0
270015,3,1,1986,0,0,0,0,0,0,0,0,0,0
270016,0,1,1986,18,18,18,18,18,18,18,18,18,18