ST_CASE,VEH_NO,PER_NO,YEAR,P1,P2,P3,P4,P5,P6,P7,P8,P9,P10
270016,1,1,1986,0,0,0,0,0,0,0,0,0,0
270017,0,1,1986,13,13,13,13,13,13,13,13,13,13
270017,1,1,1986,0,0,0,0,0,0,0,0,0,0
270018,1,1,1986,0,0,0,0,0,0,0,0,0,0
270018,2,1,1986,0,0,0,0,0,0,0,0,0,0
270019,1,1,1986,0,0,0,0,0,0,0,0,0,0
270019,2,1,1986,0,0,0,0,0,0,0,0,0,0
270020,1,1,1986,7,7,7,7,7,7,7,7,7,7
270020,2,1,1986,0,0,0,0,0,0,0,0,0,0
270021,1,1,1986,22,22,22,22,22,22,22,22,22,22
270022,0,1,1986,40,40,40,40,40,40,40,40,40,40
270022,1,1,1986,0,0,0,0,0,0,10,0,0,0
270024,0,1,1986,31,31,31,31,31,31,31,31,31,31
270024,1,1,1986,0,19,0,0,0,0,0,0,0,0
270025,1,1,1986,26,26,26,26,26,26,26,26,26,26
270026,1,1,1986,0,0,0,0,0,0,0,0,0,0
270026,2,1,1986,0,0,0,0,0,0,0,0,0,0
270027,1,1,1986,0,0,0,0,0,0,0,0,0,0
270028,1,1,1986,0,0,0,0,0,0,0,0,0,0
270028,2,1,1986,0,0,0,0,0,0,0,0,0,0
270029,1,1,1986,0,0,0,0,0,0,0,0,0,0
270030,1,1,1986,0,0,0,0,0,0,0,0,0,0
270030,2,1,1986,0,0,0,0,0,0,0,0,0,0
270031,0,1,1986,0,0,0,0,0,0,0,0,0,0
270031,1,1,1986,0,0,0,0,0,0,0,0,0,11
270032,1,1,1986,0,0,0,0,0,0,0,0,0,0
270032,2,1,1986,0,0,0,0,0,0,0,0,0,0
270033,1,1,1986,0,0,0,0,0,0,0,0,0,0
270033,2,1,1986,15,15,15,15,15,15,15,15,15,15
270035,1,1,1986,0,0,0,0,0,0,0,0,0,0
270035,2,1,1986,0,0,0,0,0,0,0,0,0,0
270035,3,1,1986,6,6,6,6,6,6,6,6,6,6
270036,1,1,1986,0,0,0,0,0,0,0,0,0,0
270036,2,1,1986,17,0,0,0,0,0,6,0,0,0
270037,1,1,1986,0,0,0,0,0,0,0,0,0,0
270037,2,1,1986,0,0,0,0,0,0,0,0,0,0
270039,1,1,1986,0,0,0,0,0,0,0,0,0,0
270039,2,1,1986,0,0,0,0,0,0,0,0,0,0
270040,0,1,1986,0,0,0,0,0,0,0,0,0,13
270040,1,1,1986,0,0,0,0,0,0,0,8,0,0
270041,1,1,1986,25,25,25,25,25,25,25,25,25,25
270041,2,1,1986,16,16,16,16,16,16,16,16,16,16
270042,1,1,1986,0,0,0,0,0,0,0,0,0,0
270043,0,1,1986,29,29,29,29,29,29,29,29,29,29
270043,1,1,1986,0,0,0,0,0,0,0,0,0,0
270043,2,1,1986,0,0,0,0,0,0,0,0,0,0
270044,1,1,1986,19,19,19,19,19,19,19,19,19,19
270045,0,1,1986,1,1,1,1,1,1,1,1,1,1
270045,1,1,1986,0,0,15,0,0,0,0,0,0,0
270046,1,1,1986,16,16,16,16,16,16,16,16,16,16
270047,1,1,1986,9,9,9,9,9,9,9,9,9,9
270047,2,1,1986,11,11,11,11,11,11,11,11,11,11
270048,1,1,1986,16,16,16,16,16,16,16,16,16,16
270049,1,1,1986,21,21,21,21,21,21,21,21,21,21
270050,1,1,1986,0,0,0,0,0,0,0,0,0,0
270050,2,1,1986,4,0,0,0,0,8,0,0,6,0
270052,1,1,1986,4,9,23,16,0,22,15,15,0,24
270053,1,1,1986,0,0,0,0,0,0,0,0,0,0
270053,2,1,1986,0,0,0,0,0,0,0,0,0,0
270054,0,1,1986,0,0,0,0,0,0,0,0,0,0
270054,1,1,1986,0,0,0,0,0,0,0,0,0,0
270055,1,1,1986,0,0,0,0,0,0,0,0,0,0
270055,2,1,1986,22,22,22,22,22,22,22,22,22,22
270056,1,1,1986,0,0,0,0,0,0,0,0,0,0
270056,2,1,1986,0,0,0,0,0,0,0,0,0,0
270057,1,1,1986,0,0,0,0,0,0,0,0,0,0
270057,2,1,1986,0,0,0,0,0,0,0,0,0,0
270058,1,1,1986,14,14,14,14,14,14,14,14,14,14
270059,1,1,1986,0,0,0,0,0,0,0,0,0,0
270059,2,1,1986,0,0,0,0,0,0,0,0,0,0
270060,0,1,1986,0,0,0,0,0,0,0,0,0,0
270060,1,1,1986,0,0,0,0,0,0,0,0,0,0
270061,1,1,1986,0,0,0,0,0,0,0,0,0,0
270062,1,1,1986,12,12,12,12,12,12,12,12,12,12
270063,0,1,1986,0,0,0,0,0,0,0,0,0,0
270063,1,1,1986,0,0,0,0,0,0,0,0,0,0
270064,1,1,1986,5,5,5,5,5,5,5,5,5,5
270066,1,1,1986,5,5,5,5,5,5,5,5,5,5
270067,0,1,1986,0,0,0,0,0,0,0,0,0,0
270067,1,1,1986,0,0,0,0,0,0,0,0,0,0
270068,0,1,1986,0,0,0,0,0,0,0,0,0,0
270068,1,1,1986,0,0,0,0,0,0,0,0,0,0
270069,1,1,1986,0,0,0,0,0,0,0,0,0,0
270069,2,1,1986,0,0,0,0,0,0,0,0,0,0
270070,1,1,1986,0,0,0,0,0,0,0,0,0,0
270070,2,1,1986,0,0,0,0,0,0,0,0,0,0
270071,1,1,1986,16,16,16,16,16,16,16,16,16,16
270072,1,1,1986,11,11,11,11,11,11,11,11,11,11
270072,2,1,1986,20,20,20,20,20,20,20,20,20,20
270073,1,1,1986,6,0,0,0,0,0,0,0,0,0
270073,2,1,1986,0,0,0,0,0,0,0,0,0,0
270074,1,1,1986,0,0,0,0,0,0,0,0,0,0
270074,2,1,1986,0,0,0,0,0,0,0,0,0,0
270075,1,1,1986,0,0,0,0,0,0,0,0,0,0
270075,2,1,1986,0,0,0,0,0,0,0,0,0,0
270075,3,1,1986,0,0,0,3,0,0,0,0,0,0
270076,1,1,1986,15,15,15,15,15,15,15,15,15,15
270077,1,1,1986,0,0,0,0,0,0,0,0,0,0
270077,2,1,1986,0,0,0,0,0,0,0,0,0,0
270078,1,1,1986,24,24,24,24,24,24,24,24,24,24
270079,1,1,1986,0,0,0,0,0,0,0,0,0,0
270080,1,1,1986,0,0,0,0,0,0,0,0,0,0
270081,1,1,1986,32,32,32,32,32,32,32,32,32,32
270082,1,1,1986,0,0,0,0,0,0,0,0,0,0
270082,2,1,1986,0,0,0,0,0,0,0,0,0,0
270083,1,1,1986,21,21,21,21,21,21,21,21,21,21
270084,1,1,1986,0,0,0,0,0,0,0,0,0,0
270084,2,1,1986,0,0,0,0,0,0,0,0,0,0
270085,1,1,1986,0,0,0,0,0,0,0,0,0,0
270085,2,1,1986,0,0,0,0,0,0,0,0,0,0
270086,1,1,1986,0,0,0,0,0,0,0,0,0,0
270086,2,1,1986,0,0,0,0,0,0,0,0,0,0
270087,1,1,1986,17,17,17,17,17,17,17,17,17,17
270087,2,1,1986,0,0,0,0,0,0,0,0,0,0
270088,1,1,1986,0,0,0,0,0,0,9,8,0,0
270089,1,1,1986,0,26,15,23,8,12,29,30,26,12
270090,1,1,1986,0,0,0,0,0,0,0,0,0,0
270090,2,1,1986,8,0,0,0,0,0,0,0,0,0
270091,1,1,1986,0,0,0,0,0,0,0,0,0,0
270091,2,1,1986,0,0,0,0,0,0,0,0,0,0
270092,1,1,1986,0,0,0,0,0,0,0,0,0,0
270093,1,1,1986,8,8,8,8,8,8,8,8,8,8
270093,2,1,1986,0,0,0,0,0,0,0,0,0,0
270094,0,1,1986,0,0,0,0,0,0,0,0,0,0
270094,1,1,1986,0,0,0,0,0,0,13,0,7,15
270094,2,1,1986,8,0,0,0,0,17,0,0,0,0
270094,3,1,1986,0,0,23,0,17,0,0,0,0,0
270095,1,1,1986,0,0,0,0,0,0,0,0,0,0
270096,1,1,1986,9,9,9,9,9,9,9,9,9,9
270097,1,1,1986,0,0,0,0,0,0,0,0,0,0
270097,2,1,1986,0,0,0,0,0,9,0,0,0,0
270098,1,1,1986,25,25,25,25,25,25,25,25,25,25
270099,1,1,1986,0,0,0,0,0,0,0,0,0,0
270099,2,1,1986,0,0,0,0,0,0,0,0,0,0
270100,1,1,1986,4,4,4,4,4,4,4,4,4,4
270101,0,1,1986,0,0,0,0,0,0,0,0,0,0
270101,1,1,1986,0,0,0,0,0,0,0,0,0,0
270102,1,1,1986,15,15,15,15,15,15,15,15,15,15
270103,1,1,1986,0,0,0,0,0,0,0,0,0,0
270103,2,1,1986,0,0,0,0,0,0,0,0,0,0
270103,3,1,1986,0,0,0,0,0,0,0,0,0,0
270103,4,1,1986,0,0,0,0,0,0,0,0,0,0
270103,5,1,1986,21,0,0,0,0,0,0,0,0,0
270104,1,1,1986,0,0,0,13,14,18,0,0,0,11
270105,1,1,1986,15,15,15,15,15,15,15,15,15,15
270106,1,1,1986,31,6,0,10,0,15,0,0,8,32
270107,1,1,1986,0,0,0,0,0,0,0,0,0,0
270108,1,1,1986,24,24,24,24,24,24,24,24,24,24
270109,1,1,1986,0,0,0,0,0,0,0,0,8,0
270109,2,1,1986,0,0,0,0,0,0,0,0,0,0
270110,0,1,1986,0,0,0,0,0,0,0,0,0,0
270110,1,1,1986,0,0,0,0,0,0,0,0,0,0
270111,1,1,1986,0,0,0,0,0,0,0,0,0,0
270112,1,1,1986,0,0,0,0,0,0,0,0,0,0
270112,2,1,1986,0,0,0,0,0,0,0,0,0,0
270113,0,1,1986,44,44,44,44,44,44,44,44,44,44
270113,1,1,1986,0,0,0,0,0,0,0,0,0,0
270114,1,1,1986,13,13,13,13,13,13,13,13,13,13
270115,1,1,1986,1,1,1,1,1,1,1,1,1,1
270115,2,1,1986,0,0,0,19,0,0,0,0,0,0
270116,1,3,1986,0,0,0,0,0,0,0,0,0,0
270117,1,1,1986,24,24,24,24,24,24,24,24,24,24
270117,2,1,1986,0,0,0,0,0,0,0,0,0,0
270118,1,1,1986,0,0,0,0,0,0,0,0,0,0
270118,2,1,1986,0,0,0,0,0,0,0,0,0,0
270119,1,1,1986,23,23,23,23,23,23,23,23,23,23
270120,1,1,1986,16,16,16,16,16,16,16,16,16,16
270121,1,1,1986,10,10,10,10,10,10,10,10,10,10
270122,1,1,1986,0,0,0,0,0,0,0,0,0,13
270122,2,1,1986,3,0,0,0,0,0,0,0,0,0
270123,0,1,1986,0,0,26,0,8,0,0,0,0,0
270123,1,1,1986,0,0,0,0,0,0,0,0,0,0
270124,1,1,1986,0,0,0,0,0,0,0,0,0,0
270124,2,1,1986,0,0,0,0,0,0,0,0,0,0
270125,1,1,1986,23,23,23,23,23,23,23,23,23,23
270125,2,1,1986,0,0,0,0,0,0,0,0,0,0
270126,1,1,1986,5,5,5,5,5,5,5,5,5,5
270127,1,1,1986,10,10,10,10,10,10,10,10,10,10
270127,2,1,1986,0,0,0,0,0,0,0,0,0,0
270128,0,1,1986,32,32,32,32,32,32,32,32,32,32
270128,1,1,1986,0,0,0,0,0,0,0,0,0,0
270129,1,1,1986,13,13,13,13,13,13,13,13,13,13
270129,2,1,1986,9,9,9,9,9,9,9,9,9,9
270130,1,1,1986,16,16,16,16,16,16,16,16,16,16
270131,1,1,1986,29,16,3,17,0,18,11,14,0,29
270132,1,1,1986,23,23,23,23,23,23,23,23,23,23
270133,1,1,1986,11,11,11,11,11,11,11,11,11,11
270134,0,1,1986,0,0,0,0,0,0,0,0,0,0
270134,1,1,1986,2,2,2,2,2,2,2,2,2,2
270135,1,1,1986,11,11,11,11,11,11,11,11,11,11
270136,0,1,1986,0,0,0,0,0,0,0,0,0,0
270136,1,1,1986,0,0,0,0,0,0,0,0,0,0
270137,1,1,1986,0,0,0,0,0,0,0,0,0,0
270137,2,1,1986,0,0,0,0,0,0,0,0,0,0
270138,1,1,1986,0,0,0,0,0,0,0,0,0,0
270138,2,1,1986,15,15,15,15,15,15,15,15,15,15
270139,1,1,1986,13,13,13,13,13,13,13,13,13,13
270140,1,1,1986,0,0,0,0,0,0,0,0,0,0
270140,2,1,1986,0,0,0,0,0,0,0,0,0,0
270141,1,1,1986,0,0,0,0,0,0,0,0,0,0
270141,2,1,1986,0,0,0,0,0,0,0,0,0,0
270142,1,1,1986,12,12,12,12,12,12,12,12,12,12
270143,1,1,1986,20,20,20,20,20,20,20,20,20,20
270144,0,1,1986,0,0,0,0,0,0,0,0,0,0
270144,1,1,1986,0,0,0,0,0,0,0,0,0,0
270145,1,1,1986,0,0,0,0,0,0,0,0,0,0
270146,1,1,1986,12,12,12,12,12,12,12,12,12,12
270147,1,1,1986,0,0,0,0,0,0,0,0,0,0
270147,2,1,1986,0,0,0,0,0,0,0,0,0,0
270148,1,1,1986,0,0,0,0,0,20,0,5,0,0
270148,2,1,1986,0,0,0,0,0,14,0,11,22,0
270150,1,1,1986,0,0,0,0,0,0,0,0,0,0
270150,2,1,1986,0,0,0,0,0,0,0,0,0,0
270151,0,1,1986,0,0,0,0,0,0,0,0,0,0
270151,0,2,1986,0,0,0,0,0,0,0,0,36,0
270151,1,1,1986,0,0,0,0,0,0,4,0,13,21
270152,0,1,1986,0,0,0,0,0,0,0,0,0,0
270152,1,1,1986,0,0,0,0,0,0,0,0,0,0
270153,1,1,1986,17,17,17,17,17,17,17,17,17,17
270154,1,1,1986,0,0,0,0,0,0,0,0,0,0
270154,2,1,1986,0,0,0,0,0,0,0,0,0,0
270155,0,1,1986,0,0,0,0,0,0,0,0,0,0
270155,1,1,1986,0,0,0,0,0,19,0,0,0,0
270156,1,1,1986,22,22,22,22,22,22,22,22,22,22
270157,1,1,1986,16,13,16,4,11,8,13,12,13,10
270158,1,1,1986,0,0,0,0,0,0,0,0,0,0
270159,1,1,1986,16,29,11,21,25,3,22,16,12,17
270161,1,1,1986,19,19,19,19,19,19,19,19,19,19
270162,1,1,1986,0,0,0,0,0,0,0,0,0,0
270162,2,1,1986,0,0,0,0,0,0,0,0,0,0
270164,1,1,1986,0,0,0,0,0,0,0,0,0,0
270164,2,1,1986,0,0,0,0,0,0,0,0,0,0
270165,0,1,1986,0,0,0,0,0,0,0,0,0,0
270165,1,1,1986,0,0,0,0,0,0,0,0,0,0
270166,0,1,1986,0,0,0,0,0,0,13,13,0,0
270166,1,1,1986,0,0,0,0,0,0,0,0,0,0
270167,1,1,1986,12,12,12,12,12,12,12,12,12,12
270167,2,1,1986,22,22,22,22,22,22,22,22,22,22
270168,1,1,1986,6,6,6,6,6,6,6,6,6,6
270168,2,1,1986,13,13,13,13,13,13,13,13,13,13
270169,1,1,1986,19,19,19,19,19,19,19,19,19,19
270170,1,1,1986,15,15,15,15,15,15,15,15,15,15
270171,1,1,1986,14,14,14,14,14,14,14,14,14,14
270172,0,1,1986,0,0,0,0,0,0,0,0,0,0
270172,1,1,1986,0,0,0,0,0,0,0,0,0,0
270173,1,1,1986,7,7,7,7,7,7,7,7,7,7
270173,2,1,1986,0,0,0,0,0,0,0,0,0,0
270174,1,1,1986,0,0,0,0,0,0,0,0,0,0
270175,1,1,1986,14,14,14,14,14,14,14,14,14,14
270175,2,1,1986,0,0,0,0,0,0,0,0,0,0
270176,1,1,1986,0,0,0,0,0,0,0,0,0,0
270176,2,1,1986,0,0,0,0,0,0,0,0,0,0
270177,1,1,1986,2,2,2,2,2,2,2,2,2,2
270178,1,1,1986,0,0,0,0,0,0,0,0,0,0
270178,2,1,1986,28,28,28,28,28,28,28,28,28,28
270179,0,1,1986,30,30,30,30,30,30,30,30,30,30
270179,1,1,1986,0,8,0,0,0,0,0,0,0,0
270180,1,1,1986,0,0,0,0,0,0,0,0,0,0
270181,1,1,1986,0,0,0,0,0,0,0,0,0,0
270181,2,1,1986,7,7,7,7,7,7,7,7,7,7
270182,0,1,1986,30,30,30,30,30,30,30,30,30,30
270182,1,1,1986,16,16,16,16,16,16,16,16,16,16
270183,0,1,1986,19,19,19,19,19,19,19,19,19,19
270183,1,1,1986,0,0,0,0,0,0,0,0,0,0
270184,1,1,1986,20,20,20,20,20,20,20,20,20,20
270185,1,1,1986,0,0,0,0,0,0,0,0,0,0
270185,2,1,1986,0,0,0,0,0,0,0,0,0,0
270186,1,1,1986,17,28,7,31,28,13,24,25,10,22
270187,0,1,1986,40,40,40,40,40,40,40,40,40,40
270187,1,1,1986,0,0,0,0,0,0,0,0,0,0
270188,1,1,1986,24,24,24,24,24,24,24,24,24,24
270189,1,1,1986,0,0,0,0,0,0,0,0,0,0
270189,2,1,1986,0,0,0,0,0,0,0,0,0,0
270190,1,1,1986,9,9,9,9,9,9,9,9,9,9
270190,2,1,1986,0,0,0,0,0,0,0,0,0,0
270191,1,1,1986,0,0,0,0,0,0,0,0,0,0
270191,2,1,1986,0,0,0,0,0,0,0,0,0,0
270192,1,1,1986,0,0,0,0,0,0,0,0,0,0
270193,1,1,1986,0,0,0,0,0,0,0,0,0,0
270193,2,1,1986,0,0,0,0,0,0,0,0,0,0
270194,0,1,1986,35,35,35,35,35,35,35,35,35,35
270194,1,1,1986,0,0,0,0,0,0,0,0,0,0
270195,1,1,1986,11,11,11,11,11,11,11,11,11,11
270196,0,1,1986,0,0,0,0,0,0,0,0,0,0
270196,1,1,1986,0,0,0,0,0,0,0,0,0,0
270197,1,1,1986,0,0,0,0,0,0,0,0,0,0
270197,2,1,1986,0,0,0,0,0,0,0,0,0,0
270198,1,1,1986,0,0,0,0,0,0,0,0,0,0
270199,1,1,1986,9,9,9,9,9,9,9,9,9,9
270200,1,1,1986,12,12,12,12,12,12,12,12,12,12
270201,1,1,1986,20,20,20,20,20,20,20,20,20,20
270202,1,1,1986,20,20,20,20,20,20,20,20,20,20
270203,1,1,1986,9,9,9,9,9,9,9,9,9,9
270204,1,1,1986,4,4,4,4,4,4,4,4,4,4
270205,1,1,1986,12,12,12,12,12,12,12,12,12,12
270206,0,1,1986,0,0,0,0,0,0,0,0,0,0
270206,0,2,1986,0,0,0,0,0,0,0,0,0,0
270206,1,1,1986,0,0,0,0,0,0,0,0,0,0
270207,1,1,1986,0,0,0,26,0,10,0,37,0,0
270208,1,1,1986,0,0,6,0,0,0,0,0,0,0
270208,2,1,1986,0,0,0,0,0,0,0,0,0,0
270209,1,1,1986,13,13,13,13,13,13,13,13,13,13
270210,1,1,1986,4,4,4,4,4,4,4,4,4,4
270210,2,1,1986,0,0,0,0,0,0,0,0,0,0
270211,1,1,1986,15,15,15,15,15,15,15,15,15,15
270212,1,1,1986,0,0,0,0,0,0,0,0,0,0
270213,1,1,1986,0,0,0,0,0,0,0,0,0,0
270215,1,1,1986,0,0,0,0,0,0,0,0,0,0
270216,1,1,1986,8,8,8,8,8,8,8,8,8,8
270217,0,1,1986,0,0,0,0,0,0,0,0,0,0
270217,1,1,1986,0,0,0,0,0,0,0,0,0,0
270218,1,1,1986,0,0,0,0,0,0,0,0,0,0
270218,2,1,1986,0,11,0,0,0,0,0,0,0,0
270218,3,1,1986,4,0,0,0,0,0,0,0,0,0
270219,1,1,1986,0,33,0,0,0,0,0,0,0,0
270219,2,1,1986,0,0,0,0,0,0,0,0,0,0
270220,1,1,1986,19,19,28,32,24,0,23,36,27,28
270221,1,1,1986,7,7,7,7,7,7,7,7,7,7
270221,2,1,1986,0,0,0,0,0,0,0,11,0,0
270222,1,1,1986,18,18,18,18,18,18,18,18,18,18
270223,1,1,1986,0,0,0,0,0,0,0,0,0,0
270224,1,1,1986,0,0,0,0,0,0,0,0,0,0
270224,2,1,1986,0,0,0,0,0,0,0,0,0,0
270225,1,1,1986,11,11,11,11,11,11,11,11,11,11
270226,1,1,1986,14,14,14,14,14,14,14,14,14,14
270227,1,1,1986,0,0,0,0,0,0,0,0,0,0
270228,1,1,1986,21,21,21,21,21,21,21,21,21,21
270229,1,1,1986,0,0,0,0,0,0,0,0,0,0
270230,1,1,1986,26,26,26,26,26,26,26,26,26,26
270231,1,1,1986,16,16,16,16,16,16,16,16,16,16
270232,1,1,1986,0,0,0,0,0,0,0,0,0,0
270232,2,1,1986,0,0,0,0,0,0,0,0,0,0
270233,1,1,1986,29,29,29,29,29,29,29,29,29,29
270234,1,1,1986,0,0,0,0,0,20,0,0,0,0
270235,1,1,1986,24,24,24,24,24,24,24,24,24,24
270235,2,1,1986,0,0,0,0,0,0,0,0,0,0
270236,1,1,1986,0,0,0,0,0,0,0,0,0,0
270236,2,1,1986,0,0,0,0,0,0,0,0,0,0
270237,1,1,1986,0,0,0,0,0,0,0,0,0,0
270238,1,2,1986,13,13,13,13,13,13,13,13,13,13
270239,1,1,1986,0,0,0,0,0,0,0,0,0,0
270239,2,1,1986,0,0,0,0,0,0,0,0,0,0
270240,1,1,1986,20,20,20,20,20,20,20,20,20,20
270240,2,1,1986,12,12,12,12,12,12,12,12,12,12
270241,1,1,1986,0,0,0,0,0,0,0,0,0,0
270241,2,1,1986,0,0,0,0,0,0,0,0,0,0
270242,1,1,1986,0,0,0,0,0,0,0,0,0,0
270242,2,1,1986,20,20,20,20,20,20,20,20,20,20
270243,1,1,1986,0,0,0,0,0,0,0,0,0,0
270243,2,1,1986,0,0,0,0,0,0,0,0,0,0
270244,1,1,1986,0,0,0,0,0,0,0,0,0,0
270245,1,1,1986,0,0,0,0,0,0,0,0,0,0
270245,2,1,1986,0,0,0,0,0,0,0,0,0,0
270246,1,1,1986,0,0,0,0,0,0,0,0,0,0
270246,2,1,1986,0,0,0,0,0,0,0,0,0,0
270248,1,1,1986,20,20,20,20,20,20,20,20,20,20
270249,1,1,1986,13,0,11,0,12,13,15,0,0,0
270250,1,1,1986,0,0,0,0,0,0,0,0,0,0
270250,2,1,1986,0,0,0,0,0,0,0,0,0,0
270251,1,1,1986,8,8,8,8,8,8,8,8,8,8
270251,2,1,1986,0,0,0,0,0,18,0,0,0,0
270252,1,1,1986,17,17,17,17,17,17,17,17,17,17
270253,1,1,1986,0,0,0,0,0,0,0,0,0,0
270254,1,1,1986,0,0,0,0,0,0,0,0,0,0
270255,1,1,1986,0,0,0,0,0,0,0,0,0,0
270255,2,1,1986,0,0,0,0,0,0,0,0,0,0
270256,0,1,1986,27,27,27,27,27,27,27,27,27,27
270256,1,1,1986,0,0,0,0,0,0,0,0,0,0
270257,1,1,1986,0,0,0,0,0,0,0,0,0,0
270258,1,1,1986,0,0,0,0,0,0,0,0,0,0
270258,2,1,1986,0,0,0,0,0,0,0,0,0,0
270259,0,1,1986,0,0,0,0,0,0,0,0,0,0
270259,1,1,1986,0,0,0,0,0,0,0,0,0,0
270260,1,1,1986,27,27,27,27,27,27,27,27,27,27
270260,2,1,1986,0,0,0,0,0,0,0,0,0,0
270261,0,1,1986,27,27,27,27,27,27,27,27,27,27
270261,1,1,1986,8,10,16,42,18,3,12,18,17,16
270262,1,1,1986,22,22,22,22,22,22,22,22,22,22
270263,1,1,1986,0,0,0,0,0,0,0,0,0,0
270263,2,1,1986,2,2,2,2,2,2,2,2,2,2
270264,1,1,1986,20,0,0,0,0,0,0,23,0,0
270265,1,1,1986,0,0,0,0,0,0,0,0,0,0
270265,2,1,1986,25,17,26,21,0,6,0,0,0,12
270266,0,1,1986,0,0,0,0,0,0,0,0,0,0
270266,1,1,1986,0,0,0,0,0,0,0,0,0,0
270267,1,1,1986,27,27,27,27,27,27,27,27,27,27
270267,2,1,1986,0,0,0,0,0,0,0,0,0,0
270268,1,1,1986,0,0,0,0,0,0,0,0,0,0
270268,2,1,1986,2,2,2,2,2,2,2,2,2,2
270268,3,1,1986,0,0,0,0,0,0,0,0,0,0
270269,1,1,1986,0,0,0,0,0,0,0,0,0,0
270269,2,1,1986,0,0,0,0,0,0,0,0,0,0
270270,1,1,1986,0,0,0,0,0,0,0,0,0,0
270270,2,1,1986,0,0,0,0,0,0,0,0,0,0
270271,1,1,1986,0,0,0,0,0,0,0,0,0,0
270272,1,1,1986,13,13,13,13,13,13,13,13,13,13
270273,1,1,1986,0,0,0,0,0,0,0,0,0,0
270273,2,1,1986,0,0,0,0,0,0,0,0,0,0
270274,0,1,1986,0,0,0,0,0,0,0,0,0,0
270274,1,1,1986,0,0,0,0,0,0,0,0,0,0
270275,0,1,1986,0,0,0,0,0,0,0,0,0,0
270275,1,1,1986,0,0,0,0,0,0,0,0,0,0
270276,0,1,1986,0,0,0,0,0,0,0,0,0,0
270276,1,1,1986,0,0,0,0,0,0,0,0,0,0
270277,1,1,1986,0,0,0,0,0,0,0,0,0,0
270278,1,1,1986,11,11,11,11,11,11,11,11,11,11
270278,2,1,1986,0,0,0,0,0,0,0,0,0,0
270280,1,1,1986,18,18,18,18,18,18,18,18,18,18
270281,0,1,1986,26,26,26,26,26,26,26,26,26,26
270281,1,1,1986,49,0,23,22,0,10,0,25,24,8
270283,0,1,1986,0,0,0,0,0,0,0,0,0,0
270283,1,1,1986,0,0,0,0,0,0,0,0,0,0
270284,1,1,1986,0,0,0,0,0,0,0,0,0,0
270285,1,1,1986,0,0,0,0,0,0,0,0,0,0
270285,2,1,1986,0,0,0,0,0,0,0,0,0,0
270286,1,1,1986,0,0,0,0,0,0,0,0,5,0
270287,1,1,1986,4,4,4,4,4,4,4,4,4,4
270288,1,1,1986,17,17,17,17,17,17,17,17,17,17
270289,0,1,1986,0,0,0,0,0,0,0,0,0,0
270289,1,1,1986,0,0,0,0,0,0,0,0,0,0
270290,1,1,1986,0,0,0,0,0,0,0,0,0,0
270290,2,1,1986,0,0,0,0,0,0,0,0,0,0
270291,1,1,1986,15,15,15,15,15,15,15,15,15,15
270292,1,1,1986,19,19,19,19,19,19,19,19,19,19
270292,2,1,1986,0,0,0,0,0,0,0,0,0,0
270293,1,1,1986,16,16,16,16,16,16,16,16,16,16
270293,2,1,1986,0,0,0,0,0,0,0,0,0,0
270294,0,1,1986,0,0,0,0,0,0,0,0,0,0
270294,1,1,1986,13,13,13,13,13,13,13,13,13,13
270295,1,1,1986,0,0,0,0,0,0,0,0,0,0
270295,2,1,1986,0,0,0,0,0,0,0,0,0,0
270296,1,1,1986,0,0,0,0,0,0,0,0,0,0
270296,2,1,1986,0,0,0,0,0,0,0,0,0,0
270297,1,1,1986,0,0,0,0,0,0,0,0,0,0
270297,2,1,1986,0,0,0,20,0,0,0,0,0,0
270297,3,1,1986,0,0,0,0,0,0,0,0,0,0
270298,1,1,1986,0,0,0,0,0,0,0,0,0,0
270298,2,1,1986,0,0,9,0,0,0,0,0,0,0
270299,1,1,1986,18,18,18,18,18,18,18,18,18,18
270299,2,1,1986,17,17,17,17,17,17,17,17,17,17
270300,0,1,1986,0,0,0,0,0,0,0,0,0,0
270300,1,1,1986,0,0,0,0,0,0,0,0,0,0
270301,0,1,1986,19,19,19,19,19,19,19,19,19,19
270301,1,1,1986,2,2,2,2,2,2,2,2,2,2
270302,1,1,1986,0,0,15,0,0,5,0,17,7,0
270302,2,1,1986,0,0,0,0,0,0,0,0,0,0
270303,1,1,1986,19,19,19,19,19,19,19,19,19,19
270304,1,1,1986,0,0,0,0,0,0,0,0,0,0
270305,1,1,1986,24,24,24,24,24,24,24,24,24,24
270306,1,1,1986,0,0,0,19,0,0,0,15,8,0
270306,2,1,1986,0,0,0,0,0,0,0,0,0,0
270307,1,1,1986,10,10,10,10,10,10,10,10,10,10
270307,2,1,1986,0,0,0,0,0,0,0,0,0,0
270308,1,1,1986,37,37,37,37,37,37,37,37,37,37
270309,1,1,1986,12,12,12,12,12,12,12,12,12,12
270309,2,1,1986,24,0,0,0,0,4,0,0,0,16
270310,1,1,1986,13,13,13,13,13,13,13,13,13,13
270311,1,1,1986,0,0,0,0,0,10,0,0,0,18
270311,2,1,1986,0,0,0,0,0,0,6,0,0,0
270312,1,1,1986,24,24,24,24,24,24,24,24,24,24