ST_CASE,VEH_NO,PER_NO,YEAR,P1,P2,P3,P4,P5,P6,P7,P8,P9,P10
270313,1,1,1986,0,0,0,0,0,0,0,0,0,0
270313,2,1,1986,0,0,0,0,0,0,0,0,0,0
270314,1,1,1986,0,0,0,0,0,0,0,0,0,0
270314,2,1,1986,0,9,0,0,14,0,0,0,0,0
270315,1,1,1986,26,7,14,24,27,25,27,19,29,21
270316,1,1,1986,0,0,0,0,0,0,0,0,0,0
270316,2,1,1986,0,0,0,0,0,0,0,0,0,23
270317,0,1,1986,11,11,11,11,11,11,11,11,11,11
270317,1,1,1986,8,22,14,19,12,21,21,15,20,12
270318,1,1,1986,0,0,0,0,0,0,0,0,0,0
270318,2,1,1986,0,0,0,0,0,0,0,0,0,0
270319,1,1,1986,0,0,0,0,5,4,0,0,8,0
270319,2,1,1986,0,0,0,13,11,0,0,0,16,0
270320,1,1,1986,0,0,0,0,0,0,0,0,0,0
270320,2,1,1986,0,0,0,0,0,0,0,0,0,0
270321,1,1,1986,12,12,12,12,12,12,12,12,12,12
270322,1,1,1986,0,0,0,0,0,0,0,0,0,0
270322,2,1,1986,0,0,0,0,0,0,0,0,0,0
270323,1,1,1986,0,0,0,0,0,0,0,0,0,0
270323,2,1,1986,0,0,0,0,0,0,0,0,0,0
270324,1,1,1986,0,0,0,0,0,0,0,0,0,0
270324,2,1,1986,0,0,0,0,0,0,0,0,0,0
270325,1,1,1986,0,0,0,0,0,0,0,0,0,0
270325,2,1,1986,0,0,0,0,0,0,0,0,0,0
270326,1,1,1986,12,12,12,12,12,12,12,12,12,12
270327,1,1,1986,0,0,0,0,0,0,0,0,0,0
270328,0,1,1986,0,0,0,0,0,0,0,0,0,0
270328,1,1,1986,0,0,0,0,0,0,0,0,0,0
270329,1,1,1986,0,0,0,0,0,0,0,0,0,0
270330,1,1,1986,28,28,28,28,28,28,28,28,28,28
270331,1,1,1986,16,16,16,16,16,16,16,16,16,16
270332,1,1,1986,21,21,21,21,21,21,21,21,21,21
270333,1,1,1986,7,7,7,7,7,7,7,7,7,7
270334,1,1,1986,0,0,0,0,0,0,0,0,0,0
270334,2,1,1986,0,0,0,0,0,0,0,0,0,0
270335,1,1,1986,7,7,7,7,7,7,7,7,7,7
270335,2,1,1986,0,12,10,10,7,24,5,5,9,9
270336,1,1,1986,0,0,0,0,0,0,0,0,0,0
270336,2,1,1986,0,0,0,0,0,0,0,0,0,0
270337,1,1,1986,19,19,19,19,19,19,19,19,19,19
270338,1,1,1986,8,8,8,8,8,8,8,8,8,8
270338,2,1,1986,0,0,0,0,0,0,0,0,0,0
270339,1,2,1986,20,20,20,20,20,20,20,20,20,20
270340,1,1,1986,0,0,0,0,0,0,0,0,0,0
270340,2,1,1986,0,0,0,0,0,0,0,0,0,0
270341,1,1,1986,17,17,17,17,17,17,17,17,17,17
270342,1,1,1986,12,12,12,12,12,12,12,12,12,12
270343,1,1,1986,0,0,0,0,0,0,0,0,0,0
270344,0,1,1986,29,29,29,29,29,29,29,29,29,29
270344,1,1,1986,0,0,0,0,0,0,12,0,0,0
270346,1,1,1986,6,6,6,6,6,6,6,6,6,6
270347,1,1,1986,0,26,15,6,29,4,24,19,0,0
270348,1,1,1986,0,0,0,0,0,0,0,0,0,0
270348,2,1,1986,0,0,0,0,0,0,0,0,0,0
270349,0,1,1986,0,0,0,0,0,0,0,0,0,0
270349,1,1,1986,0,0,0,0,0,0,0,23,0,0
270350,1,1,1986,0,0,0,0,0,0,0,0,0,0
270350,2,1,1986,21,0,0,0,0,0,0,0,0,0
270352,1,1,1986,0,0,0,0,0,0,0,0,0,0
270352,2,1,1986,0,0,0,0,0,0,0,0,0,0
270352,3,1,1986,0,0,0,0,0,0,0,0,0,0
270353,1,1,1986,0,0,0,0,0,0,0,0,0,0
270353,2,1,1986,20,20,20,20,20,20,20,20,20,20
270354,1,1,1986,6,6,6,6,6,6,6,6,6,6
270354,2,1,1986,23,23,23,23,23,23,23,23,23,23
270355,1,1,1986,0,0,0,0,0,0,0,0,0,0
270355,2,1,1986,0,0,0,0,0,0,0,0,0,0
270356,1,1,1986,17,17,17,17,17,17,17,17,17,17
270356,2,1,1986,11,11,11,11,11,11,11,11,11,11
270357,0,1,1986,11,11,11,11,11,11,11,11,11,11
270357,1,1,1986,10,23,6,19,26,16,18,4,8,17
270358,1,1,1986,18,18,18,18,18,18,18,18,18,18
270359,1,1,1986,12,12,12,12,12,12,12,12,12,12
270360,1,1,1986,27,27,27,27,27,27,27,27,27,27
270360,2,1,1986,8,8,8,8,8,8,8,8,8,8
270361,1,1,1986,0,0,0,0,0,0,0,0,0,0
270363,1,1,1986,3,3,3,3,3,3,3,3,3,3
270363,2,1,1986,0,0,0,0,0,0,0,0,0,0
270364,1,1,1986,22,22,22,22,22,22,22,22,22,22
270366,1,1,1986,0,0,0,0,0,0,0,0,0,0
270366,2,1,1986,0,0,0,0,0,0,0,0,0,0
270367,1,1,1986,0,0,0,0,0,0,0,0,0,0
270367,2,1,1986,0,0,0,0,0,0,0,0,0,0
270368,0,1,1986,11,11,11,11,11,11,11,11,11,11
270368,1,1,1986,14,14,14,14,14,14,14,14,14,14
270369,1,1,1986,0,0,0,0,0,0,0,0,0,0
270369,2,1,1986,0,0,0,0,0,0,0,0,0,0
270370,1,1,1986,0,0,0,0,0,0,0,4,0,0
270370,2,1,1986,0,0,0,0,0,0,0,0,0,0
270371,0,1,1986,0,0,0,0,3,0,0,0,0,0
270371,1,1,1986,0,0,0,0,0,0,0,0,0,0
270372,1,1,1986,0,11,15,19,31,15,14,13,23,13
270373,1,1,1986,0,0,0,0,0,0,0,0,0,0
270374,1,1,1986,0,0,0,0,0,0,0,0,0,0
270374,2,1,1986,0,0,0,0,0,0,0,0,0,0
270375,1,1,1986,0,0,0,0,0,0,0,0,0,0
270376,1,1,1986,0,0,0,0,0,0,0,0,0,0
270377,1,1,1986,22,22,22,22,22,22,22,22,22,22
270378,1,1,1986,17,17,17,17,17,17,17,17,17,17
270379,1,1,1986,0,0,0,0,0,0,0,0,0,0
270380,0,1,1986,0,12,28,12,7,14,0,10,17,7
270380,1,1,1986,16,9,5,23,24,0,12,17,18,0
270381,0,1,1986,0,0,0,0,0,0,0,0,0,0
270381,1,1,1986,10,10,10,10,10,10,10,10,10,10
270382,1,1,1986,11,11,11,11,11,11,11,11,11,11
270383,1,1,1986,0,0,0,0,0,0,0,0,0,0
270384,1,1,1986,14,14,14,14,14,14,14,14,14,14
270385,1,1,1986,26,26,26,26,26,26,26,26,26,26
270385,2,1,1986,0,0,0,0,0,0,0,0,0,0
270386,1,1,1986,17,17,17,17,17,17,17,17,17,17
270387,1,1,1986,24,24,24,24,24,24,24,24,24,24
270388,1,1,1986,17,17,17,17,17,17,17,17,17,17
270389,1,1,1986,28,28,28,28,28,28,28,28,28,28
270390,1,1,1986,19,19,19,19,19,19,19,19,19,19
270391,0,1,1986,0,0,0,0,0,0,0,0,0,0
270391,1,1,1986,0,0,0,0,0,0,0,0,0,0
270392,0,1,1986,0,0,0,0,0,15,0,0,0,0
270392,1,1,1986,0,0,0,0,0,0,0,0,0,0
270393,1,1,1986,23,23,23,23,23,23,23,23,23,23
270394,1,1,1986,0,0,0,0,0,0,0,0,0,0
270394,2,1,1986,0,0,0,0,0,0,0,0,0,0
270395,1,1,1986,17,17,17,17,17,17,17,17,17,17
270396,1,1,1986,0,0,0,0,0,0,0,0,0,0
270397,1,1,1986,8,8,8,8,8,8,8,8,8,8
270398,1,1,1986,22,22,22,22,22,22,22,22,22,22
270399,1,1,1986,12,12,12,12,12,12,12,12,12,12
270400,0,1,1986,0,0,0,0,0,0,0,0,0,0
270400,0,2,1986,15,17,23,0,0,17,9,0,26,0
270400,1,1,1986,25,25,25,25,25,25,25,25,25,25
270402,0,1,1986,23,23,23,23,23,23,23,23,23,23
270402,1,1,1986,0,0,0,0,0,0,0,0,0,0
270402,2,1,1986,0,0,0,0,0,0,0,0,0,0
270403,1,1,1986,0,0,0,0,0,0,0,0,0,0
270403,2,1,1986,0,6,0,0,0,0,0,0,0,0
270404,1,1,1986,0,0,0,0,0,0,0,0,0,0
270404,2,1,1986,0,0,0,0,0,0,0,0,0,0
270405,1,1,1986,9,9,9,9,9,9,9,9,9,9
270405,2,1,1986,19,19,19,19,19,19,19,19,19,19
270406,1,1,1986,0,0,0,0,0,0,0,0,0,0
270406,2,1,1986,0,0,0,0,0,0,0,0,0,0
270407,1,1,1986,0,0,0,0,0,0,0,0,0,0
270407,2,1,1986,26,26,26,26,26,26,26,26,26,26
270408,1,1,1986,0,4,0,0,0,0,2,11,0,0
270409,1,1,1986,0,0,0,0,0,0,0,0,0,0
270409,2,1,1986,0,0,0,0,0,0,0,0,0,0
270411,0,1,1986,0,0,0,0,0,0,0,0,0,0
270411,1,1,1986,0,0,0,0,0,0,0,0,0,0
270412,1,1,1986,0,0,0,0,0,0,0,0,0,0
270412,2,1,1986,0,0,0,0,0,0,0,0,0,0
270413,1,1,1986,20,20,20,20,20,20,20,20,20,20
270414,1,1,1986,25,25,25,25,25,25,25,25,25,25
270415,1,1,1986,0,0,0,0,0,0,0,0,0,0
270416,1,1,1986,19,19,19,19,19,19,19,19,19,19
270417,1,1,1986,27,27,27,27,27,27,27,27,27,27
270418,1,1,1986,0,0,0,0,0,0,0,0,0,0
270419,1,1,1986,0,0,0,0,0,0,0,0,0,0
270419,2,1,1986,0,0,0,0,0,0,0,0,0,0
270420,1,1,1986,0,0,0,0,0,0,0,0,0,0
270420,2,1,1986,0,0,0,19,0,0,0,0,0,0
270420,3,1,1986,0,0,0,0,0,0,0,0,0,0
270421,0,1,1986,27,27,27,27,27,27,27,27,27,27
270421,1,1,1986,19,19,19,19,19,19,19,19,19,19
270422,1,1,1986,0,0,0,0,0,0,0,0,0,0
270422,2,1,1986,0,0,0,0,0,0,0,0,0,0
270422,3,1,1986,0,0,0,0,0,0,0,0,0,0
270423,0,1,1986,0,0,0,0,0,0,0,0,0,0
270423,1,1,1986,0,0,0,0,0,0,0,0,0,0
270424,0,1,1986,15,15,15,15,15,15,15,15,15,15
270424,1,1,1986,0,0,0,0,0,0,0,0,0,0
270425,1,1,1986,0,0,0,0,0,0,0,0,0,0
270425,2,1,1986,0,0,0,0,0,0,0,0,0,0
270425,3,1,1986,24,24,24,24,24,24,24,24,24,24
270426,1,1,1986,19,19,19,19,19,19,19,19,19,19
270427,1,1,1986,23,23,23,23,23,23,23,23,23,23
270428,1,1,1986,0,0,0,0,0,0,0,0,0,0
270429,1,1,1986,0,0,0,0,0,0,0,0,0,0
270430,1,1,1986,13,13,13,13,13,13,13,13,13,13
270431,1,1,1986,0,0,0,0,0,0,0,0,0,0
270431,2,1,1986,0,0,0,0,0,0,0,0,0,0
270432,0,1,1986,14,14,14,14,14,14,14,14,14,14
270432,1,1,1986,8,8,8,8,8,8,8,8,8,8
270433,1,1,1986,0,0,0,0,0,0,0,0,0,0
270433,2,1,1986,0,0,0,0,0,0,0,0,0,0
270434,1,1,1986,0,0,0,0,0,0,0,0,0,0
270434,2,1,1986,0,0,0,0,0,0,0,0,4,0
270435,1,1,1986,0,0,0,0,0,0,0,0,0,0
270436,1,1,1986,19,19,19,19,19,19,19,19,19,19
270437,1,1,1986,0,0,0,0,0,0,0,0,0,0
270438,1,1,1986,0,0,0,0,0,0,0,0,0,0
270439,1,1,1986,8,20,29,7,19,23,7,18,41,5
270440,1,1,1986,0,0,0,0,0,0,0,0,0,0
270441,1,1,1986,0,0,0,0,0,0,0,0,0,0
270442,1,1,1986,10,0,0,0,29,0,0,0,0,0
270443,1,1,1986,17,17,17,17,17,17,17,17,17,17
270444,1,1,1986,0,0,0,0,0,0,0,0,0,0
270445,0,1,1986,22,22,22,22,22,22,22,22,22,22
270445,1,1,1986,0,0,0,0,0,0,0,0,0,0
270446,1,1,1986,20,20,20,20,20,20,20,20,20,20
270446,2,1,1986,5,5,5,5,5,5,5,5,5,5
270447,1,1,1986,0,0,0,0,0,0,0,0,0,0
270447,2,1,1986,11,11,11,11,11,11,11,11,11,11
270448,1,1,1986,0,0,0,0,0,0,0,0,0,0
270448,2,1,1986,0,0,0,0,0,0,0,0,0,0
270448,3,1,1986,0,0,0,0,0,0,0,0,11,0
270449,1,1,1986,27,27,27,27,27,27,27,27,27,27
270449,2,1,1986,0,0,0,0,0,0,0,0,0,0
270450,1,1,1986,0,0,0,0,0,0,0,0,0,0
270450,2,1,1986,0,0,0,0,0,0,0,0,0,0
270451,1,1,1986,15,15,15,15,15,15,15,15,15,15
270452,1,1,1986,0,0,0,0,0,0,0,0,0,0
270452,2,1,1986,0,0,0,0,0,0,0,0,0,0
270453,1,1,1986,3,3,3,3,3,3,3,3,3,3
270454,1,1,1986,24,24,24,24,24,24,24,24,24,24
270455,1,1,1986,23,22,32,3,12,10,28,10,24,21
270456,1,1,1986,0,0,0,0,0,0,0,0,0,0
270456,2,1,1986,0,0,0,0,18,0,0,0,6,0
270457,1,1,1986,0,0,0,0,9,0,0,0,0,0
270457,2,1,1986,0,0,0,0,0,0,0,0,0,0
270458,1,1,1986,0,0,0,0,0,17,0,0,9,0
270459,1,1,1986,21,21,21,21,21,21,21,21,21,21
270460,1,1,1986,0,0,0,0,0,2,0,12,0,0
270460,2,1,1986,0,0,0,0,0,16,0,0,0,0
270461,1,1,1986,0,0,0,0,0,0,0,0,0,0
270461,2,1,1986,0,0,0,0,0,0,0,0,0,0
270461,3,1,1986,0,0,0,0,0,0,0,0,0,0
270462,1,1,1986,0,0,0,0,0,0,0,0,0,0
270462,2,1,1986,0,0,0,0,0,0,0,0,0,0
270463,1,1,1986,0,0,0,0,0,0,0,0,0,0
270463,2,1,1986,0,0,0,0,0,0,0,0,0,0
270464,1,1,1986,0,0,0,0,0,0,0,0,0,0
270464,2,1,1986,0,0,0,0,0,0,0,0,0,0
270465,0,1,1986,0,0,0,0,0,0,0,0,0,0
270465,1,1,1986,14,14,14,14,14,14,14,14,14,14
270466,1,1,1986,0,0,0,0,0,0,0,0,0,0
270466,2,1,1986,0,0,0,0,0,0,0,0,0,0
270467,1,1,1986,21,21,21,21,21,21,21,21,21,21
270468,1,1,1986,29,29,29,29,29,29,29,29,29,29
270469,1,1,1986,20,20,20,20,20,20,20,20,20,20
270470,1,1,1986,23,23,23,23,23,23,23,23,23,23
270470,2,1,1986,0,0,0,0,0,0,0,0,0,0
270471,1,1,1986,0,0,0,0,0,0,0,0,0,0
270472,1,1,1986,0,0,0,0,0,0,0,0,0,0
270472,2,1,1986,0,0,0,0,0,0,0,0,0,0
270473,1,1,1986,0,0,0,14,0,0,0,0,0,0
270473,2,1,1986,0,0,0,0,0,0,0,0,0,0
270474,1,1,1986,26,26,26,26,26,26,26,26,26,26
270474,2,1,1986,1,1,1,1,1,1,1,1,1,1
270475,1,1,1986,0,0,0,0,0,0,0,0,0,0
270475,2,1,1986,0,0,0,0,0,0,0,0,0,0
270475,3,1,1986,0,0,0,0,6,0,0,0,0,0
270476,1,1,1986,0,0,0,0,0,0,0,13,0,0
270476,2,1,1986,0,0,0,0,0,0,0,0,0,0
270477,0,1,1986,0,0,0,0,0,0,0,0,0,0
270477,1,1,1986,0,0,0,0,0,0,0,0,0,0
270478,1,1,1986,0,0,0,0,0,0,0,0,0,0
270478,2,1,1986,0,0,0,0,0,0,0,0,0,0
270480,1,1,1986,0,0,0,0,0,0,0,0,0,0
270480,2,1,1986,0,0,0,0,0,7,0,0,0,0
270480,3,1,1986,0,0,0,0,0,0,0,16,0,0
270481,1,1,1986,18,18,18,18,18,18,18,18,18,18
270481,2,1,1986,0,0,0,0,0,0,0,0,0,0
270482,1,1,1986,0,0,0,0,0,0,0,0,0,0
270483,1,1,1986,0,0,0,0,0,0,0,0,0,0
270484,1,1,1986,0,0,0,0,0,0,0,0,0,0
270484,2,1,1986,0,0,0,0,0,22,0,4,0,23
270485,1,1,1986,28,28,28,28,28,28,28,28,28,28
270485,2,1,1986,8,24,0,18,0,15,0,20,0,5
270486,1,1,1986,14,14,14,14,14,14,14,14,14,14
270487,1,1,1986,17,17,17,17,17,17,17,17,17,17
270488,1,1,1986,0,0,0,0,0,0,0,0,0,0
270488,2,1,1986,0,0,0,0,0,0,0,0,0,0
270489,1,1,1986,18,18,18,18,18,18,18,18,18,18
270490,1,1,1986,19,16,8,9,21,14,26,13,15,24
270491,1,1,1986,0,0,0,0,0,0,0,0,0,0
270492,1,1,1986,0,0,0,0,0,0,0,0,0,0
270492,2,1,1986,0,0,0,0,0,0,0,16,0,0
270493,0,1,1986,0,0,0,0,0,0,5,0,12,8
270493,1,1,1986,0,0,0,0,0,0,0,0,0,0
270494,1,1,1986,7,7,7,7,7,7,7,7,7,7
270496,1,1,1986,17,17,17,17,17,17,17,17,17,17
270497,0,1,1986,0,0,0,0,0,0,0,0,0,0
270497,2,1,1986,0,0,0,0,0,0,0,0,0,0
270497,3,1,1986,0,0,0,0,0,0,0,0,0,0
270498,1,1,1986,0,0,0,0,0,0,0,0,0,0
270499,1,1,1986,0,18,0,5,0,0,3,0,0,0
270499,2,1,1986,0,0,0,0,0,0,0,0,0,0
270502,0,1,1986,0,0,0,0,0,0,0,0,0,0
270502,1,1,1986,0,0,0,0,0,0,0,0,0,0
270503,1,1,1986,24,24,24,24,24,24,24,24,24,24
270504,0,1,1986,0,25,24,0,8,29,0,0,13,0
270504,1,1,1986,0,12,0,33,31,33,0,0,15,12
270505,1,1,1986,24,24,24,24,24,24,24,24,24,24
270506,1,1,1986,0,0,0,0,0,18,0,0,0,0
270506,2,1,1986,0,0,0,0,0,0,0,0,0,0
270507,1,1,1986,0,0,0,0,0,0,0,0,0,0
270507,2,1,1986,0,6,0,0,14,0,23,18,7,0
270508,1,1,1986,0,0,0,0,0,0,0,0,0,0
270508,2,1,1986,0,0,0,0,0,0,0,0,0,0
270509,1,1,1986,0,0,0,0,0,0,0,0,0,0
270509,2,1,1986,0,0,14,0,16,0,0,0,0,4
270510,1,1,1986,0,0,0,0,0,0,0,0,0,0
270510,2,1,1986,0,0,0,0,0,0,0,0,0,20
270511,1,1,1986,0,0,0,0,0,0,0,0,0,0
270512,0,1,1986,10,14,0,0,0,0,0,0,0,0
270512,0,2,1986,0,7,0,19,0,0,0,0,0,0
270512,1,1,1986,4,22,24,8,11,6,7,7,17,21
270513,1,1,1986,0,0,0,0,0,0,0,0,0,0
270514,1,1,1986,0,0,0,0,0,0,0,0,0,0
270514,2,1,1986,0,0,0,0,0,0,0,0,0,0
270515,1,1,1986,0,0,0,0,0,0,0,0,0,4
270515,2,1,1986,0,0,0,0,0,0,0,0,0,0
270516,1,1,1986,8,8,8,8,8,8,8,8,8,8
270516,2,1,1986,0,0,0,0,0,0,0,0,0,0
270516,3,1,1986,6,0,0,0,0,0,0,0,0,0
270517,0,1,1986,28,28,28,28,28,28,28,28,28,28
270517,1,1,1986,19,19,19,19,19,19,19,19,19,19
270518,0,1,1986,0,0,0,0,0,0,0,0,0,0
270518,1,1,1986,0,0,0,0,0,0,0,0,0,0
270519,1,1,1986,31,31,31,31,31,31,31,31,31,31
270520,1,1,1986,0,0,0,0,0,0,0,12,16,0
270522,1,1,1986,34,34,34,34,34,34,34,34,34,34
270523,1,1,1986,0,7,0,0,0,0,0,0,0,0
270524,0,1,1986,0,0,0,0,0,0,0,0,0,0
270524,1,1,1986,2,2,2,2,2,2,2,2,2,2
270525,1,1,1986,0,0,0,0,0,0,0,0,0,0
270525,2,1,1986,0,0,0,0,0,0,0,0,0,0
270526,1,1,1986,0,14,0,10,24,27,19,42,13,20
270527,1,1,1986,13,13,13,13,13,13,13,13,13,13
270529,1,1,1986,0,0,0,0,0,0,0,0,0,0
280001,1,1,1986,14,20,11,0,36,23,12,15,13,5
280002,1,1,1986,7,0,0,0,0,0,0,0,0,0
280004,1,1,1986,0,0,17,0,0,0,6,0,0,0
280005,0,1,1986,0,0,0,0,0,0,0,0,0,0
280005,1,1,1986,0,0,0,0,0,0,0,0,0,11
280006,1,1,1986,0,0,0,0,0,0,0,0,0,0
280006,2,1,1986,0,0,0,0,0,0,0,0,0,0
280007,1,1,1986,32,32,32,32,32,32,32,32,32,32
280008,1,1,1986,0,0,0,0,0,0,0,0,0,0
280008,2,1,1986,0,0,0,0,0,0,0,0,0,0
280009,1,1,1986,5,0,17,0,0,0,0,0,0,0
280010,1,1,1986,0,0,0,0,0,0,0,5,0,0
280010,2,1,1986,0,0,0,0,0,0,0,0,0,0
280011,1,1,1986,0,12,26,0,0,0,36,24,19,27
280011,2,1,1986,33,33,33,33,33,33,33,33,33,33
280012,1,1,1986,14,0,0,5,20,6,0,8,0,0
280013,1,1,1986,0,0,27,0,0,0,7,0,19,0
280013,2,1,1986,0,0,0,4,0,0,0,0,0,0
280014,0,1,1986,7,0,12,0,0,0,0,0,0,0
280014,1,1,1986,19,19,19,19,19,19,19,19,19,19
280015,1,1,1986,0,0,0,0,0,0,0,0,0,0
280015,2,1,1986,0,0,0,0,0,0,0,0,0,0
280016,0,1,1986,21,0,0,8,9,0,0,0,0,0
280016,1,1,1986,0,0,27,0,0,0,0,0,0,0
280017,1,1,1986,0,0,19,0,0,0,0,0,0,0
280017,2,1,1986,0,15,0,15,0,0,0,0,18,0
280017,3,1,1986,0,0,0,0,0,0,0,0,0,0
280018,1,1,1986,15,15,15,15,15,15,15,15,15,15
280018,2,1,1986,0,7,0,0,0,0,0,0,0,12
280020,1,1,1986,0,19,18,27,0,18,0,0,8,0
280020,2,1,1986,0,0,0,0,0,0,0,0,0,0
280021,1,1,1986,0,0,0,0,0,0,0,0,21,0
280022,1,1,1986,10,0,0,0,0,30,15,28,0,23
280023,1,1,1986,0,15,0,0,0,0,9,17,21,0
280024,0,1,1986,0,0,0,0,0,0,0,0,0,0
280024,0,2,1986,0,0,0,0,0,0,0,0,0,0
280024,1,1,1986,0,0,0,0,0,0,0,0,0,0
280025,1,1,1986,0,0,0,0,0,0,0,0,0,0
280025,2,1,1986,0,0,0,0,0,0,0,0,3,0
280025,3,1,1986,0,0,0,0,5,0,0,0,0,16
280026,1,1,1986,0,0,0,4,0,0,0,0,0,0
280026,2,1,1986,0,0,0,0,0,0,0,0,0,0
280027,0,1,1986,0,0,0,0,0,0,0,0,0,16
280027,1,1,1986,0,0,0,13,0,0,0,4,0,0
280028,1,1,1986,0,16,22,0,20,19,0,0,23,16
280029,0,1,1986,20,20,20,20,20,20,20,20,20,20
280029,1,1,1986,0,0,18,15,0,22,0,0,0,9
280030,1,1,1986,9,12,18,11,17,15,23,25,7,19
280031,1,1,1986,6,6,6,6,6,6,6,6,6,6
280032,1,1,1986,0,0,0,0,0,0,0,0,0,0
280032,2,1,1986,0,0,0,0,0,0,0,0,0,0
280032,3,1,1986,0,0,0,0,0,12,0,0,0,0
280033,1,1,1986,0,0,0,0,0,0,0,0,0,0
280034,1,1,1986,29,29,29,29,29,29,29,29,29,29
280034,2,1,1986,0,0,10,0,0,0,0,23,0,0
280035,1,1,1986,27,27,27,27,27,27,27,27,27,27
280036,1,1,1986,15,28,26,15,25,8,0,18,0,26
280037,1,1,1986,0,0,0,28,16,0,0,0,0,0
280038,1,1,1986,0,15,0,8,0,0,0,0,0,0
280038,2,1,1986,3,0,0,0,0,0,0,13,0,0
280039,1,1,1986,1,1,1,1,1,1,1,1,1,1
280040,1,1,1986,0,0,0,0,0,0,0,0,0,0
280040,2,1,1986,0,17,0,0,0,4,0,0,0,0
280041,1,1,1986,0,0,0,0,0,0,0,0,0,0
280041,2,1,1986,0,0,0,0,0,0,0,0,0,0
280041,3,1,1986,0,0,0,0,0,0,0,0,0,0
280042,0,1,1986,0,0,0,13,0,0,0,44,0,0
280042,0,2,1986,0,0,16,12,23,17,0,0,30,21
280042,0,3,1986,15,0,16,27,0,0,0,0,0,18
280042,1,1,1986,0,0,0,0,0,0,0,0,0,0
280043,0,1,1986,27,38,27,0,0,11,49,40,9,0
280043,1,1,1986,3,0,0,0,0,0,0,0,10,0
280044,1,1,1986,0,0,26,0,20,21,0,0,0,14
280044,2,1,1986,0,0,0,0,0,0,0,0,0,0
280045,1,1,1986,0,0,0,0,0,0,0,0,0,0
280045,2,1,1986,0,0,0,0,0,0,0,0,23,0
280046,1,1,1986,0,0,0,26,0,11,0,0,0,0
280047,1,1,1986,16,0,0,0,7,0,0,0,0,0
280048,0,1,1986,0,0,0,0,0,0,0,0,0,0
280048,1,1,1986,0,0,0,0,0,0,0,0,0,0
280049,1,1,1986,0,0,15,17,20,9,0,0,12,0
280049,2,1,1986,15,0,0,0,0,0,0,15,0,0
280050,1,1,1986,13,24,17,7,13,0,12,14,16,0
280051,1,1,1986,0,0,0,0,0,0,0,0,0,0
280051,2,1,1986,0,11,0,0,0,0,0,0,0,20
280051,3,1,1986,0,0,0,0,0,0,0,0,0,0
280052,1,1,1986,0,20,11,0,23,24,0,28,13,17
280053,1,1,1986,0,0,0,0,0,0,0,0,0,0
280053,2,1,1986,0,0,16,0,0,0,0,0,0,0
280054,1,1,1986,0,0,0,0,0,0,0,0,0,0
280055,1,1,1986,0,19,0,18,0,0,0,20,21,0
280056,1,1,1986,0,6,0,21,0,15,0,12,13,0
280057,0,1,1986,0,0,0,0,0,0,0,0,0,0
280057,1,1,1986,0,3,0,0,0,0,0,6,0,0
280058,0,1,1986,0,0,0,0,0,0,0,0,0,0
280058,1,1,1986,0,0,0,0,0,0,0,0,0,0
280059,1,1,1986,0,0,0,0,0,0,0,0,0,0
280059,2,1,1986,0,0,0,0,0,13,13,0,0,0
280060,1,1,1986,8,19,7,0,9,15,5,6,0,18
280060,2,1,1986,0,16,0,0,0,0,0,0,0,0
280061,1,1,1986,8,0,0,0,0,0,0,0,0,4
280061,2,1,1986,0,0,0,0,0,0,0,0,0,0
280062,1,1,1986,0,22,0,0,0,0,0,6,0,0
280064,0,1,1986,0,0,0,0,0,0,0,0,0,0
280064,1,1,1986,0,0,0,0,0,0,0,0,0,0
280065,0,1,1986,28,0,0,0,0,0,0,11,0,0
280065,1,1,1986,0,0,0,0,0,0,0,0,0,0
280067,0,1,1986,0,0,0,0,0,0,0,0,0,0
280067,1,1,1986,0,0,0,0,0,4,0,0,0,0
280068,1,1,1986,0,23,0,0,0,0,0,0,0,0
280069,1,1,1986,0,0,0,0,0,0,0,0,0,0
280070,1,1,1986,8,8,8,8,8,8,8,8,8,8
280071,1,1,1986,0,0,6,0,0,0,0,0,0,16
280071,2,1,1986,0,0,0,0,0,0,0,0,0,0
280072,1,1,1986,10,25,19,0,0,14,0,0,18,0
280073,1,1,1986,0,0,0,19,0,0,0,0,0,0
280074,1,1,1986,3,0,0,0,0,17,15,24,0,0
280075,1,1,1986,0,0,0,0,0,0,0,0,0,0
280075,2,1,1986,0,0,0,0,0,0,0,0,0,0
280076,1,1,1986,0,0,0,0,0,0,0,0,0,0
280076,2,1,1986,0,0,0,0,0,0,0,0,0,17
280077,1,1,1986,0,0,0,0,0,0,0,0,6,0
280078,1,1,1986,21,28,5,17,0,12,0,0,0,15
280079,1,1,1986,0,0,0,0,0,0,0,0,0,0
280079,2,1,1986,0,0,0,21,0,0,0,0,0,21
280080,1,1,1986,26,26,26,26,26,26,26,26,26,26
280081,1,1,1986,0,22,18,8,12,10,16,27,28,20
280082,1,1,1986,8,0,0,0,0,11,0,0,0,0
280082,2,1,1986,0,0,0,0,0,0,0,0,0,0
280083,1,1,1986,10,0,0,19,0,6,0,26,0,0
280084,1,1,1986,0,0,0,0,0,0,0,0,0,0
280084,2,1,1986,0,0,0,0,0,0,0,0,0,0
280085,1,1,1986,0,0,0,0,0,0,0,0,0,0