ST_CASE,VEH_NO,PER_NO,YEAR,P1,P2,P3,P4,P5,P6,P7,P8,P9,P10
280085,2,1,1986,14,14,14,14,14,14,14,14,14,14
280086,1,1,1986,0,0,0,0,0,0,0,0,0,0
280087,1,1,1986,0,0,0,0,11,25,8,7,0,16
280087,2,1,1986,0,0,0,0,0,0,0,0,0,0
280088,1,1,1986,0,0,0,0,14,18,0,0,0,0
280088,2,1,1986,13,5,9,9,21,19,6,12,7,17
280089,1,1,1986,0,0,0,0,0,0,0,0,0,0
280089,2,1,1986,0,0,0,0,0,0,0,0,0,0
280090,1,1,1986,22,18,0,0,0,0,0,0,14,0
280091,1,1,1986,0,0,0,0,0,0,0,0,0,0
280091,2,1,1986,0,0,0,4,0,0,0,0,0,0
280092,1,1,1986,0,0,0,0,0,0,0,0,0,0
280092,2,1,1986,6,0,0,0,0,0,0,0,0,0
280093,1,1,1986,0,10,15,10,5,0,0,0,6,29
280094,1,1,1986,0,0,0,0,0,0,0,0,16,0
280094,2,1,1986,11,0,0,14,0,0,0,9,0,0
280095,0,1,1986,0,0,0,0,0,0,0,0,0,0
280095,1,1,1986,0,0,0,0,0,0,0,0,0,0
280096,1,1,1986,0,0,0,0,0,0,0,0,0,0
280096,2,1,1986,0,0,0,0,0,0,0,0,0,0
280097,1,1,1986,0,0,14,0,0,9,16,0,0,12
280098,1,1,1986,0,0,0,0,0,0,0,0,0,13
280098,2,1,1986,0,0,0,0,0,0,0,0,0,0
280098,3,1,1986,0,0,0,0,0,0,0,0,0,0
280099,1,1,1986,0,0,0,0,0,0,0,0,0,0
280099,2,1,1986,0,0,0,0,0,0,0,0,0,0
280100,1,1,1986,0,0,0,0,0,16,0,0,10,15
280101,0,1,1986,0,0,0,0,0,0,0,0,0,0
280101,1,1,1986,0,0,0,0,0,0,0,0,0,0
280102,0,1,1986,46,0,17,39,0,0,0,0,28,21
280102,1,1,1986,0,0,0,0,0,0,0,0,0,4
280103,1,1,1986,0,0,4,0,13,0,0,0,0,10
280104,1,1,1986,0,0,0,23,0,0,0,0,0,0
280105,1,1,1986,14,18,0,0,9,0,27,0,17,0
280106,1,1,1986,4,0,0,0,35,0,0,0,0,0
280107,1,1,1986,0,0,0,0,0,0,0,0,0,0
280107,2,1,1986,0,0,0,0,0,0,0,0,0,0
280108,1,1,1986,18,17,10,0,0,0,11,0,0,0
280108,2,1,1986,0,0,0,0,4,0,0,0,0,0
280109,1,1,1986,14,19,19,15,17,14,9,15,11,22
280110,1,1,1986,0,0,0,0,0,0,0,0,0,0
280110,2,1,1986,12,0,0,0,0,0,0,0,0,0
280111,1,1,1986,7,9,18,0,0,0,18,14,6,0
280112,1,1,1986,0,21,0,19,13,0,23,9,11,23
280113,1,1,1986,0,0,0,0,0,0,0,0,0,0
280113,2,1,1986,0,0,0,10,0,0,0,0,0,0
280114,1,1,1986,16,0,11,9,0,0,0,13,14,0
280114,2,1,1986,0,0,0,0,0,0,0,0,0,0
280115,1,1,1986,0,0,0,0,0,0,0,0,0,0
280115,2,1,1986,25,5,0,11,19,0,0,0,0,0
280116,1,1,1986,0,0,0,0,0,0,0,0,0,0
280116,2,1,1986,2,2,2,2,2,2,2,2,2,2
280117,1,1,1986,0,0,0,0,0,0,0,0,0,0
280117,2,1,1986,0,0,0,0,0,0,0,0,0,0
280117,3,1,1986,0,0,0,0,0,0,0,0,0,0
280118,1,1,1986,32,48,11,16,30,20,19,6,16,19
280119,1,1,1986,20,25,0,17,13,12,11,23,25,19
280120,1,1,1986,0,0,0,0,0,0,0,0,0,0
280120,2,1,1986,0,0,0,0,5,0,0,0,0,13
280121,1,1,1986,0,22,0,0,0,0,0,0,0,0
280122,1,1,1986,0,0,0,0,0,0,0,0,0,0
280122,2,1,1986,0,0,0,0,0,0,0,0,0,0
280123,1,1,1986,0,0,0,0,0,0,0,0,0,0
280123,2,1,1986,0,15,0,0,0,0,0,0,18,0
280124,1,1,1986,0,0,0,0,0,0,0,0,0,0
280124,2,1,1986,0,0,0,0,0,14,0,0,0,0
280125,1,1,1986,0,0,0,0,0,0,0,0,0,0
280127,1,1,1986,2,0,0,0,0,0,0,0,0,13
280127,2,1,1986,0,0,0,0,0,0,0,0,0,0
280128,1,1,1986,0,0,0,0,0,0,0,0,0,0
280128,2,1,1986,0,0,8,0,0,0,0,0,0,0
280129,1,1,1986,0,0,0,0,0,0,0,0,15,0
280130,1,1,1986,0,0,0,0,0,0,0,0,0,0
280130,2,1,1986,0,0,0,0,0,0,0,0,0,0
280131,1,1,1986,5,5,5,5,5,5,5,5,5,5
280131,2,1,1986,0,0,0,0,0,0,0,0,0,0
280133,1,1,1986,0,0,18,0,0,10,0,0,0,0
280133,2,1,1986,0,0,0,0,0,10,0,0,0,0
280134,0,1,1986,16,23,0,6,29,11,0,27,0,0
280134,1,1,1986,20,0,0,0,0,0,0,0,0,11
280135,1,1,1986,0,0,0,0,0,0,0,0,0,0
280135,2,1,1986,0,0,0,0,0,0,0,0,0,0
280135,3,1,1986,0,0,0,0,0,0,0,0,15,6
280136,1,1,1986,10,9,0,10,17,0,8,5,4,16
280137,1,1,1986,0,0,21,15,30,16,0,0,0,0
280138,0,1,1986,0,0,0,0,0,0,5,0,0,0
280138,1,1,1986,33,33,33,33,33,33,33,33,33,33
280139,1,1,1986,0,0,0,0,0,0,0,0,0,17
280139,2,1,1986,0,11,0,0,0,0,0,0,0,0
280139,3,1,1986,0,0,0,0,0,0,0,0,0,0
280140,1,1,1986,0,0,0,0,0,0,0,0,0,0
280140,2,1,1986,18,18,18,18,18,18,18,18,18,18
280141,1,1,1986,17,0,8,21,0,21,24,26,6,25
280142,0,1,1986,0,0,0,0,0,0,0,0,0,0
280142,1,1,1986,20,20,20,20,20,20,20,20,20,20
280143,1,1,1986,13,0,20,0,0,0,11,16,0,19
280143,2,1,1986,0,0,11,0,13,0,0,0,0,12
280144,1,1,1986,0,0,11,0,0,0,0,5,0,0
280144,2,1,1986,0,0,0,0,0,0,0,0,0,0
280146,1,1,1986,7,0,16,0,0,0,0,0,11,0
280147,1,1,1986,31,31,31,31,31,31,31,31,31,31
280148,1,1,1986,23,0,29,0,0,0,0,0,0,0
280149,1,1,1986,0,0,0,0,0,12,0,0,9,0
280150,1,1,1986,0,0,0,0,0,0,0,0,0,0
280150,2,1,1986,15,0,0,0,0,0,6,0,0,0
280151,1,1,1986,0,0,4,4,0,0,0,0,0,0
280151,2,1,1986,0,0,0,0,0,0,0,0,0,0
280152,1,1,1986,12,0,0,0,0,0,0,0,0,4
280152,2,1,1986,0,0,0,0,0,0,0,0,0,11
280153,1,1,1986,0,0,6,11,0,22,23,0,0,6
280153,2,1,1986,0,5,0,0,0,0,0,0,0,0
280154,1,1,1986,0,19,0,0,0,17,0,9,8,5
280155,1,1,1986,26,26,26,26,26,26,26,26,26,26
280155,2,1,1986,0,0,0,0,0,0,0,0,19,0
280156,1,1,1986,0,0,0,11,16,0,0,0,0,0
280156,2,1,1986,0,0,0,0,0,0,0,0,0,0
280157,1,1,1986,18,18,18,18,18,18,18,18,18,18
280158,1,1,1986,4,0,13,0,0,0,0,0,0,0
280158,2,1,1986,0,0,0,0,0,0,0,0,0,0
280159,1,1,1986,22,0,11,16,0,15,0,13,0,8
280161,0,1,1986,0,0,0,0,0,0,0,0,21,0
280162,0,1,1986,14,0,17,20,18,0,5,0,0,0
280162,1,1,1986,5,21,0,27,14,14,16,9,14,21
280163,1,1,1986,0,0,0,0,0,12,0,0,0,0
280163,2,1,1986,0,0,0,0,0,0,0,0,0,0
280164,1,1,1986,0,0,10,6,0,0,17,0,17,0
280165,1,1,1986,12,0,15,13,12,0,21,28,0,7
280165,2,1,1986,0,0,0,0,0,0,0,0,0,0
280166,1,1,1986,0,0,0,0,0,0,0,0,0,0
280166,2,1,1986,0,0,0,0,0,0,0,0,0,0
280167,1,1,1986,0,0,0,0,0,0,0,0,0,0
280167,2,1,1986,0,0,0,0,27,0,29,0,0,0
280168,1,1,1986,13,27,13,14,17,17,15,19,15,29
280169,1,1,1986,12,22,15,21,14,0,5,15,0,0
280169,2,1,1986,0,0,12,0,0,0,0,12,0,0
280170,1,1,1986,0,0,0,0,0,0,0,15,0,0
280170,2,1,1986,4,0,0,0,0,0,0,0,0,0
280170,3,1,1986,0,0,0,0,0,0,0,0,0,0
280171,1,1,1986,15,0,0,0,0,0,0,9,0,0
280172,1,1,1986,8,0,0,12,9,0,11,0,0,0
280173,0,1,1986,0,0,0,0,0,0,0,0,0,6
280173,1,1,1986,0,0,0,0,0,0,0,0,12,0
280175,1,1,1986,0,0,0,0,0,0,0,0,0,0
280175,2,1,1986,0,0,0,0,0,0,0,0,0,0
280176,1,1,1986,0,9,0,0,0,0,0,0,0,7
280176,2,1,1986,0,0,0,0,0,0,0,0,0,0
280177,1,1,1986,0,0,0,0,0,0,0,15,0,0
280177,2,1,1986,0,0,0,0,0,0,0,0,0,0
280178,1,1,1986,0,0,0,0,0,0,0,0,0,0
280178,2,1,1986,0,0,0,0,0,0,0,0,0,0
280179,1,1,1986,0,0,0,0,0,0,14,0,0,0
280179,2,1,1986,0,0,0,0,0,0,0,0,0,0
280181,0,1,1986,0,0,0,0,37,13,9,15,0,0
280181,1,1,1986,14,0,0,0,0,0,0,0,0,0
280182,1,1,1986,0,9,0,9,17,0,0,0,8,0
280183,1,1,1986,0,0,0,0,0,0,0,0,0,0
280183,2,1,1986,0,0,0,0,0,0,0,0,0,0
280184,1,1,1986,0,0,0,9,0,0,0,0,0,0
280184,2,1,1986,0,0,0,0,0,0,0,0,0,0
280185,1,1,1986,0,12,0,4,7,0,0,0,0,0
280186,1,1,1986,0,16,0,0,0,0,16,17,0,0
280187,1,1,1986,8,8,8,8,8,8,8,8,8,8
280188,1,1,1986,13,23,11,24,19,0,17,0,12,20
280189,1,1,1986,0,13,14,0,15,0,0,0,0,0
280190,1,1,1986,0,0,0,0,0,0,0,0,0,21
280190,2,1,1986,0,0,0,0,0,0,0,0,0,0
280191,1,1,1986,11,0,0,11,0,22,0,0,0,0
280191,2,1,1986,0,0,0,0,0,0,0,0,0,0
280192,1,1,1986,0,0,15,0,0,26,0,0,0,0
280192,2,1,1986,0,0,0,0,0,0,0,0,0,8
280193,1,1,1986,14,0,20,0,21,22,0,24,0,7
280194,1,1,1986,12,12,0,0,0,8,0,11,0,0
280195,1,1,1986,0,0,0,0,0,0,0,0,0,0
280196,1,1,1986,0,0,0,0,0,0,0,0,0,0
280197,1,1,1986,0,0,0,0,5,0,0,0,0,0
280198,1,1,1986,15,20,15,28,0,11,14,13,7,8
280199,1,1,1986,8,0,0,0,0,0,0,0,3,0
280200,1,1,1986,0,0,0,19,15,0,11,10,9,0
280201,1,1,1986,0,0,0,0,0,0,13,7,0,0
280202,1,1,1986,0,0,0,16,0,0,0,0,21,0
280203,0,1,1986,0,0,0,0,0,0,0,0,0,0
280203,1,1,1986,0,0,0,0,0,0,0,0,0,2
280204,1,1,1986,22,11,2,6,29,9,28,21,0,14
280205,1,1,1986,0,17,7,22,18,22,21,17,24,7
280206,1,1,1986,0,0,0,10,16,8,0,15,7,0
280207,1,1,1986,0,0,0,0,0,0,0,0,0,0
280207,2,1,1986,0,0,12,0,0,0,0,0,0,0
280208,0,1,1986,0,0,20,19,0,0,14,0,0,0
280208,1,1,1986,0,0,0,0,0,0,0,0,0,0
280209,1,1,1986,0,8,6,17,7,21,0,0,8,0
280210,1,1,1986,0,0,0,0,0,0,0,0,0,0
280210,2,1,1986,0,0,0,0,0,3,0,0,0,0
280211,1,1,1986,0,18,0,0,0,0,0,0,0,0
280212,1,1,1986,0,8,0,6,0,0,0,22,7,0
280213,1,1,1986,30,12,23,20,0,0,29,9,18,9
280214,0,1,1986,0,0,0,0,0,0,23,17,0,16
280214,1,1,1986,9,9,9,9,9,9,9,9,9,9
280215,1,1,1986,0,0,0,0,0,0,0,0,0,0
280216,1,1,1986,11,18,18,5,0,13,0,25,28,0
280217,1,1,1986,0,16,0,13,0,0,0,32,0,22
280218,1,1,1986,14,0,23,0,9,0,17,0,0,6
280219,1,1,1986,13,19,10,0,0,0,13,0,0,0
280219,2,1,1986,0,0,0,0,0,0,0,0,0,0
280220,1,1,1986,0,0,0,0,0,0,0,0,0,0
280220,2,1,1986,0,0,0,0,0,0,0,0,0,0
280221,1,1,1986,0,0,0,0,0,0,0,0,0,0
280221,2,1,1986,0,0,0,0,7,0,0,0,0,0
280222,1,1,1986,3,0,8,19,16,0,22,15,0,0
280223,1,1,1986,0,0,0,0,0,0,0,0,0,0
280223,2,1,1986,0,0,0,0,0,0,0,0,0,0
280224,1,1,1986,0,0,0,0,0,0,0,0,0,0
280224,2,1,1986,0,0,17,0,0,0,0,0,0,0
280224,3,1,1986,0,0,0,0,0,0,0,0,0,0
280225,1,1,1986,0,4,19,13,9,0,17,0,5,16
280226,1,1,1986,0,0,9,0,0,0,19,15,9,10
280227,1,1,1986,18,8,0,11,0,18,23,18,0,16
280228,0,1,1986,0,0,0,35,0,0,0,19,14,0
280228,0,2,1986,34,0,0,0,9,0,0,0,26,23
280228,1,1,1986,10,14,16,13,27,14,12,13,5,9
280229,1,1,1986,0,0,0,0,0,0,8,0,0,0
280229,2,1,1986,0,0,0,0,0,0,0,0,0,0
280230,1,1,1986,8,0,0,12,0,0,18,0,0,0
280231,1,1,1986,0,0,0,0,0,0,0,10,0,0
280231,2,1,1986,0,0,0,0,6,0,6,0,0,0
280232,1,1,1986,30,0,12,0,0,0,0,4,0,0
280233,1,1,1986,0,22,39,17,14,17,14,13,11,12
280234,1,1,1986,20,21,27,14,25,26,0,16,17,0
280235,1,1,1986,0,0,0,0,0,0,0,0,0,0
280235,2,1,1986,0,0,28,18,0,13,0,0,6,0
280236,1,1,1986,0,0,0,0,0,0,0,0,0,0
280236,2,1,1986,0,28,0,0,12,0,0,0,0,10
280237,1,1,1986,0,0,0,0,0,0,0,0,0,0
280237,2,1,1986,0,24,0,0,0,0,0,0,0,11
280238,1,1,1986,11,11,11,11,11,11,11,11,11,11
280239,0,1,1986,17,12,0,0,19,23,0,0,31,17
280239,1,1,1986,0,0,0,0,0,0,15,3,0,0
280242,1,1,1986,0,0,0,4,3,0,15,22,0,0
280243,1,1,1986,0,0,0,0,0,0,0,0,0,0
280244,0,1,1986,0,0,0,0,0,0,0,0,0,0
280244,1,1,1986,0,0,0,15,0,12,0,3,0,0
280245,1,1,1986,0,0,0,0,0,0,16,0,0,0
280246,1,1,1986,0,0,0,0,0,0,0,0,0,0
280247,1,1,1986,0,0,0,0,0,0,0,0,0,0
280247,2,1,1986,35,0,0,0,0,0,0,0,0,0
280248,1,1,1986,0,0,0,9,10,8,0,20,0,0
280249,0,1,1986,0,0,28,24,0,0,0,20,0,0
280249,1,1,1986,0,0,0,0,0,0,0,0,0,0
280250,1,1,1986,0,17,15,0,0,0,0,0,0,11
280251,1,1,1986,0,13,16,0,20,0,14,3,0,0
280252,1,1,1986,0,0,0,0,0,0,0,0,0,0
280253,1,1,1986,0,0,0,0,0,0,0,0,0,0
280253,2,1,1986,0,0,0,0,0,15,0,0,0,31
280254,1,1,1986,10,11,0,0,2,0,0,0,0,0
280255,0,1,1986,0,0,0,0,0,0,0,0,0,0
280255,0,2,1986,0,0,0,0,0,0,0,0,0,0
280255,1,1,1986,0,0,0,0,0,0,0,0,0,0
280256,1,1,1986,0,19,9,30,25,6,0,6,16,17
280257,1,1,1986,15,0,13,25,6,0,0,0,0,0
280258,1,1,1986,18,11,20,7,17,12,0,10,0,7
280259,1,1,1986,0,0,0,0,0,9,24,23,0,13
280260,1,1,1986,21,21,21,21,21,21,21,21,21,21
280260,2,1,1986,0,0,0,0,0,5,0,0,0,0
280261,0,1,1986,0,0,0,0,0,0,0,0,0,0
280261,1,1,1986,0,0,0,0,0,0,0,0,0,0
280262,1,1,1986,0,7,0,0,0,0,0,0,0,10
280263,1,1,1986,0,0,0,0,0,0,0,0,0,0
280263,2,1,1986,0,0,10,0,9,0,0,0,0,0
280264,1,1,1986,0,0,0,0,0,0,0,0,0,21
280264,2,1,1986,0,0,0,0,0,0,0,7,0,14
280265,1,1,1986,0,21,0,0,0,0,0,9,5,21
280266,1,1,1986,24,24,24,24,24,24,24,24,24,24
280266,2,1,1986,0,0,0,0,0,0,0,0,0,0
280266,3,1,1986,0,0,0,0,0,0,0,0,0,0
280267,1,1,1986,0,0,0,0,0,0,0,0,0,0
280269,1,1,1986,0,0,10,0,0,0,0,0,0,18
280269,2,1,1986,0,0,0,0,0,0,0,0,27,10
280269,3,1,1986,0,0,0,0,0,0,0,0,0,0
280270,1,1,1986,17,21,21,0,12,0,26,8,21,15
280271,0,1,1986,37,37,37,37,37,37,37,37,37,37
280271,1,1,1986,12,12,12,12,12,12,12,12,12,12
280272,1,1,1986,0,0,0,0,0,0,0,0,7,0
280273,1,1,1986,4,0,0,0,0,0,0,0,0,0
280273,2,1,1986,0,0,0,0,0,0,0,0,0,0
280274,1,1,1986,9,0,0,0,7,0,0,0,0,0
280274,2,1,1986,0,0,0,0,0,0,0,0,0,0
280275,1,1,1986,19,19,19,19,19,19,19,19,19,19
280276,1,1,1986,11,0,0,0,13,0,12,0,0,0
280277,1,1,1986,0,0,0,0,0,0,0,0,0,0
280277,2,1,1986,0,0,0,0,0,0,0,0,0,0
280278,1,1,1986,0,40,10,35,13,43,18,6,18,18
280279,1,1,1986,0,0,0,18,0,0,0,0,0,0
280279,2,1,1986,0,0,0,0,0,0,0,0,0,0
280280,1,1,1986,0,0,0,0,0,0,21,0,0,11
280280,2,1,1986,0,0,0,0,0,0,0,0,0,0
280281,1,1,1986,10,24,28,12,21,16,22,26,10,20
280282,1,1,1986,0,0,0,0,0,0,15,0,18,0
280282,2,1,1986,0,0,0,0,0,0,0,0,0,0
280284,0,1,1986,0,0,0,0,26,0,5,0,0,0
280284,1,1,1986,0,0,0,0,0,21,0,0,0,0
280285,1,1,1986,0,0,0,0,0,0,0,0,0,0
280285,2,1,1986,0,0,0,0,0,0,0,0,0,0
280286,1,1,1986,17,7,23,9,0,5,7,29,12,2
280287,1,1,1986,0,0,0,0,0,21,0,0,0,0
280287,2,1,1986,16,19,19,0,0,0,0,17,0,0
280288,1,1,1986,13,0,0,0,8,0,6,13,14,14
280289,1,1,1986,17,17,17,17,17,17,17,17,17,17
280289,2,1,1986,18,2,0,0,8,0,7,2,0,0
280292,1,1,1986,0,0,0,0,0,0,0,0,0,0
280292,2,1,1986,0,0,0,0,0,0,18,0,0,0
280293,1,1,1986,0,0,0,0,0,0,0,0,0,0
280294,1,1,1986,18,14,0,0,0,0,14,8,0,12
280295,0,1,1986,9,26,13,15,0,20,7,50,0,0
280295,1,1,1986,0,0,0,0,0,15,0,0,13,0
280296,1,1,1986,0,0,0,18,0,0,0,25,17,10
280297,1,1,1986,0,0,0,0,0,0,0,0,0,0
280297,2,1,1986,0,0,0,0,0,0,0,0,0,0
280298,1,1,1986,0,0,0,0,0,0,10,0,0,0
280298,2,1,1986,0,0,0,0,0,0,0,15,0,0
280299,1,1,1986,0,0,0,0,0,22,0,0,0,0
280300,1,1,1986,17,0,0,0,19,4,0,0,6,0
280301,1,1,1986,0,0,0,0,0,0,0,0,0,0
280302,1,1,1986,0,5,0,0,0,0,0,0,0,0
280303,1,1,1986,0,5,0,0,25,0,0,0,7,0
280304,1,1,1986,0,0,0,0,0,0,0,0,0,0
280304,2,1,1986,0,0,0,0,0,0,0,0,0,0
280305,1,1,1986,0,0,0,0,0,0,0,0,0,0
280305,2,1,1986,0,0,0,0,0,14,0,9,0,0
280306,1,1,1986,23,0,9,18,20,0,29,7,12,0
280307,1,1,1986,0,0,0,0,0,0,0,0,0,0
280307,2,1,1986,0,0,0,0,0,0,0,0,0,0
280308,1,1,1986,0,0,0,0,0,0,0,0,0,0
280309,1,1,1986,21,21,21,21,21,21,21,21,21,21
280310,1,1,1986,20,0,20,10,0,20,22,0,0,0
280311,1,1,1986,0,0,0,0,0,0,0,0,10,0
280311,2,1,1986,0,2,0,0,0,0,0,0,0,0
280312,1,1,1986,24,14,21,10,4,26,17,0,9,17
280313,0,1,1986,0,0,0,0,0,0,0,0,0,0
280313,1,1,1986,23,23,23,23,23,23,23,23,23,23
280314,1,1,1986,23,0,0,13,0,0,0,4,0,0
280315,1,1,1986,0,0,0,0,0,0,0,0,0,0
280315,2,1,1986,0,0,0,0,0,0,0,0,13,0
280316,1,1,1986,12,12,12,12,12,12,12,12,12,12
280317,0,1,1986,0,0,0,0,0,0,0,0,0,0
280317,1,1,1986,0,0,0,0,0,0,0,0,0,0
280318,1,1,1986,14,0,0,0,0,0,0,0,0,0
280319,1,1,1986,0,0,0,0,6,0,0,0,0,0
280320,1,1,1986,0,13,0,0,0,0,10,0,0,0
280321,1,1,1986,0,18,0,13,0,0,0,13,0,0
280322,1,1,1986,10,14,6,17,0,13,0,14,0,19
280323,1,1,1986,20,14,0,0,0,0,0,12,0,0
280323,2,1,1986,8,0,0,0,0,0,0,0,0,0
280324,1,1,1986,0,16,0,0,0,0,0,0,0,0
280324,2,1,1986,4,0,0,0,24,10,0,0,16,9
280325,1,1,1986,0,0,0,0,0,0,0,0,12,0
280325,2,1,1986,14,0,0,0,0,0,0,0,0,0
280326,1,1,1986,17,17,17,17,17,17,17,17,17,17
280326,2,1,1986,0,4,0,0,0,0,0,23,10,0
280327,1,1,1986,0,0,0,0,0,0,0,0,0,0
280327,2,1,1986,0,0,0,0,0,0,16,0,0,0
280328,1,1,1986,5,16,17,28,14,15,14,5,0,0
280329,1,1,1986,0,0,0,0,0,0,0,0,0,0
280330,1,1,1986,0,0,0,0,0,0,0,0,17,0
280330,2,1,1986,0,0,0,0,0,0,0,0,10,7
280331,0,1,1986,0,23,15,16,29,22,9,35,0,17
280331,1,1,1986,0,18,19,7,9,17,9,17,12,0
280332,1,1,1986,0,0,0,0,0,0,0,0,0,17
280332,2,1,1986,0,0,0,0,0,0,0,0,0,0
280333,0,1,1986,0,21,0,0,0,23,33,0,17,19
280333,1,1,1986,18,6,19,10,0,19,0,0,31,0
280334,0,1,1986,9,0,0,0,0,15,31,12,0,0
280334,1,1,1986,0,0,0,0,0,0,0,0,0,0
280335,1,1,1986,0,0,0,0,0,0,0,0,0,0
280335,2,1,1986,0,0,0,0,0,0,0,0,0,0
280336,0,1,1986,0,0,0,0,0,0,0,0,0,23
280336,1,1,1986,0,12,0,12,0,9,0,0,7,0
280337,1,1,1986,0,0,0,0,0,0,19,0,0,0
280337,2,1,1986,0,0,0,0,0,0,0,0,0,0
280338,0,1,1986,0,0,0,0,0,0,0,0,0,19
280338,0,2,1986,0,0,0,0,0,0,0,0,0,0
280338,0,3,1986,0,0,0,0,0,0,0,0,0,0
280338,1,1,1986,0,13,0,0,0,0,0,0,0,0
280339,1,1,1986,7,0,0,0,0,0,0,0,0,0
280339,2,1,1986,0,0,0,0,0,0,0,0,0,0
280340,1,1,1986,0,0,0,0,0,0,5,0,11,0
280341,1,1,1986,0,6,0,0,0,0,0,5,0,0
280341,2,1,1986,0,0,0,0,0,0,0,0,0,0
280342,1,1,1986,0,0,0,0,0,16,0,0,14,0
280342,2,1,1986,0,0,0,0,0,0,0,0,0,0
280343,1,1,1986,18,0,0,13,25,0,20,0,0,0
280344,1,1,1986,0,0,0,0,0,0,0,0,0,0
280344,2,1,1986,0,11,11,0,0,0,0,11,0,19
280345,1,1,1986,0,0,0,11,0,0,14,0,17,0
280346,0,1,1986,0,0,13,42,33,0,0,0,0,23
280346,1,1,1986,15,0,6,0,0,0,0,3,0,14
280347,1,1,1986,0,0,0,0,0,0,0,0,0,0
280348,1,1,1986,12,15,11,0,10,21,13,0,23,0
280349,1,1,1986,8,8,8,8,8,8,8,8,8,8
280350,1,1,1986,0,0,0,0,0,0,0,0,0,0
280350,2,1,1986,0,0,0,0,0,0,0,0,0,0
280351,0,1,1986,8,0,25,0,13,0,37,9,0,25
280351,1,1,1986,22,22,22,22,22,22,22,22,22,22
280352,1,1,1986,15,15,15,15,15,15,15,15,15,15
280352,2,1,1986,0,0,0,0,0,0,0,0,0,11
280353,1,1,1986,3,0,0,0,0,0,0,0,0,0
280353,2,1,1986,0,0,0,0,0,0,0,0,0,0
280354,1,1,1986,22,22,22,22,22,22,22,22,22,22
280355,1,1,1986,0,0,0,0,0,21,0,0,0,0
280355,2,1,1986,0,13,0,0,0,0,3,0,0,0
280356,0,1,1986,0,0,0,0,0,0,0,0,0,0
280356,1,1,1986,0,0,0,0,0,0,0,0,0,0
280357,1,1,1986,0,0,0,0,0,0,0,0,0,0
280357,2,1,1986,0,0,0,0,0,0,0,0,0,0
280358,1,1,1986,0,0,0,0,0,0,0,0,0,0
280358,2,1,1986,0,0,0,0,0,0,0,0,0,0
280358,3,1,1986,0,0,0,0,0,0,0,5,0,0
280359,1,1,1986,6,0,0,0,0,0,6,0,0,0
280359,2,1,1986,25,25,25,25,25,25,25,25,25,25
280360,1,1,1986,0,0,0,0,0,15,0,0,0,0
280361,1,1,1986,0,0,0,0,23,0,0,0,0,19
280362,1,1,1986,0,0,0,11,0,16,0,0,0,0
280362,2,1,1986,0,0,15,0,0,0,0,0,0,0
280363,1,1,1986,0,0,0,0,13,0,7,0,0,0
280363,2,1,1986,0,0,0,0,0,0,0,0,0,0
280364,1,1,1986,0,0,0,0,0,0,0,0,0,0
280364,2,1,1986,0,0,0,0,0,0,0,0,0,0
280365,1,1,1986,0,12,0,14,0,9,0,0,10,0
280366,1,1,1986,0,0,16,0,0,0,14,21,0,21
280367,1,1,1986,0,0,16,0,34,16,3,0,0,0
280368,1,1,1986,0,0,0,0,0,0,0,0,0,0
280368,2,1,1986,0,0,0,0,0,0,0,0,0,0
280369,1,1,1986,0,0,0,8,0,12,9,0,0,0
280370,1,1,1986,0,10,0,18,0,0,0,0,0,0
280371,1,1,1986,0,11,0,0,0,5,0,0,0,0
280372,1,1,1986,26,0,0,0,7,0,0,0,0,0
280372,2,1,1986,18,0,3,0,0,0,0,0,0,0
280373,1,1,1986,0,0,0,0,0,0,0,0,0,0
280373,2,1,1986,0,0,0,0,0,0,0,0,0,0
280374,1,1,1986,0,0,0,0,0,0,0,0,0,0
280374,2,1,1986,8,0,0,0,0,0,0,0,0,0
280375,1,1,1986,19,0,14,18,30,0,0,13,0,0
280376,1,1,1986,24,24,24,24,24,24,24,24,24,24
280377,1,1,1986,0,0,0,0,0,0,0,0,0,0
280377,2,1,1986,0,0,0,4,0,0,0,0,0,0
280378,1,1,1986,0,0,0,0,0,0,0,0,0,0
280378,2,1,1986,0,0,0,0,0,0,0,0,0,0
280378,3,1,1986,0,0,0,0,0,0,0,0,0,0
280379,0,1,1986,14,0,15,23,0,0,0,0,0,0
280379,1,1,1986,0,0,0,0,0,0,0,0,0,0
280380,1,1,1986,0,0,9,0,0,9,0,0,0,0
280381,0,1,1986,0,0,28,19,0,0,0,0,0,0
280381,1,1,1986,0,0,0,0,0,0,0,0,0,0
280382,1,1,1986,15,25,13,26,33,0,18,13,20,19
280383,1,1,1986,0,0,0,0,0,0,0,0,0,0
280383,2,1,1986,0,0,0,0,0,0,0,0,0,0
280384,1,1,1986,0,0,0,0,0,0,0,0,11,0
280384,2,1,1986,0,0,0,0,0,0,0,0,0,0
280385,1,1,1986,23,15,8,20,0,7,14,30,17,13
280386,1,1,1986,0,0,0,0,0,0,0,0,0,0
280386,2,1,1986,0,0,0,0,0,0,0,0,0,0
280387,1,1,1986,0,9,0,0,0,0,0,0,0,0
280387,2,1,1986,8,0,0,0,0,0,0,0,0,0
280388,1,1,1986,0,0,0,8,0,0,0,0,0,0
280389,1,1,1986,0,0,0,0,0,0,0,0,0,0
280390,1,1,1986,0,0,0,0,0,0,0,0,0,17
280391,1,1,1986,0,26,0,0,0,0,0,0,0,0
280393,1,1,1986,0,0,0,0,0,0,0,0,0,0
280394,1,1,1986,26,26,26,26,26,26,26,26,26,26
280394,2,1,1986,23,18,0,0,0,0,0,0,26,13
280395,1,1,1986,0,11,19,19,14,21,20,18,27,27