ST_CASE,VEH_NO,PER_NO,YEAR,P1,P2,P3,P4,P5,P6,P7,P8,P9,P10
280695,1,1,1986,0,3,0,0,5,0,0,5,0,0
280696,1,1,1986,0,0,0,0,0,0,0,0,0,0
280696,2,1,1986,0,0,0,0,26,0,9,31,0,0
280697,1,1,1986,0,0,0,0,11,0,16,0,0,0
280698,1,1,1986,0,0,13,6,10,0,14,0,11,0
290001,1,1,1986,14,17,19,24,12,34,33,15,13,10
290002,1,1,1986,20,20,0,22,0,9,0,10,24,21
290002,2,1,1986,0,0,0,7,0,11,0,0,0,0
290003,1,1,1986,16,16,16,16,16,16,16,16,16,16
290004,1,1,1986,26,9,17,17,17,7,18,9,19,14
290004,2,1,1986,0,0,0,0,0,0,0,0,0,0
290005,1,1,1986,20,20,20,20,20,20,20,20,20,20
290005,2,1,1986,0,0,0,0,0,0,0,0,0,0
290006,1,1,1986,0,0,0,0,3,9,0,0,0,0
290006,2,1,1986,0,0,0,0,0,0,0,0,0,0
290007,1,1,1986,0,0,0,0,0,0,0,0,0,0
290007,2,1,1986,0,12,26,0,0,0,0,0,0,0
290008,1,1,1986,0,0,0,15,0,0,12,0,0,0
290008,2,1,1986,0,0,0,0,0,0,0,0,0,0
290009,1,1,1986,0,0,0,0,0,0,0,0,0,0
290010,1,1,1986,0,0,0,0,0,0,0,0,0,0
290011,1,1,1986,0,12,27,19,15,30,14,16,21,0
290011,2,1,1986,0,0,0,0,0,0,0,0,0,0
290012,1,1,1986,0,0,0,0,0,0,0,0,0,0
290012,2,1,1986,0,0,0,0,0,0,0,0,0,11
290013,0,1,1986,0,0,0,0,0,0,0,0,0,0
290013,1,1,1986,0,0,0,0,0,0,0,0,0,0
290014,1,1,1986,29,29,29,29,29,29,29,29,29,29
290015,1,1,1986,0,0,0,0,0,0,0,0,0,0
290016,1,1,1986,24,16,21,12,24,26,18,0,13,0
290017,1,1,1986,0,0,0,0,0,0,0,0,0,0
290017,2,1,1986,0,0,12,0,0,0,0,0,0,0
290018,1,1,1986,21,21,21,21,21,21,21,21,21,21
290018,2,1,1986,0,0,0,0,0,0,0,0,0,0
290019,1,1,1986,5,5,5,5,5,5,5,5,5,5
290020,1,1,1986,21,26,19,28,7,14,13,10,7,12
290021,1,1,1986,6,19,10,7,0,8,0,0,0,10
290021,2,1,1986,0,0,0,0,0,0,0,0,0,0
290022,1,1,1986,11,11,11,11,11,11,11,11,11,11
290023,0,1,1986,0,0,0,23,0,0,0,0,0,0
290023,1,1,1986,0,3,18,10,2,7,25,10,8,0
290024,1,1,1986,0,9,14,0,8,16,13,0,0,12
290025,1,1,1986,0,0,0,0,0,0,0,0,0,0
290026,1,1,1986,0,0,0,0,0,0,0,0,0,0
290026,2,1,1986,0,0,0,0,0,0,0,0,0,0
290027,1,1,1986,0,0,0,0,0,0,0,0,0,0
290027,2,1,1986,21,21,21,21,21,21,21,21,21,21
290028,1,1,1986,3,10,21,6,11,6,0,13,13,8
290029,1,1,1986,18,18,18,18,18,18,18,18,18,18
290030,1,1,1986,0,0,0,0,0,0,0,0,0,10
290030,2,1,1986,0,0,0,0,0,0,0,0,0,0
290031,1,1,1986,12,19,7,7,18,13,16,11,5,0
290031,2,1,1986,12,12,2,0,12,0,17,14,10,10
290031,3,1,1986,2,39,33,0,24,0,11,18,0,12
290031,4,1,1986,9,0,0,0,6,0,2,0,13,0
290032,1,1,1986,35,35,35,35,35,35,35,35,35,35
290033,1,1,1986,13,13,13,13,13,13,13,13,13,13
290034,1,1,1986,0,0,0,0,0,0,0,0,0,0
290034,2,1,1986,3,8,21,0,7,0,15,23,20,8
290035,1,1,1986,0,0,0,0,0,0,0,0,0,0
290036,1,1,1986,0,0,0,0,0,8,0,0,0,0
290036,2,1,1986,0,0,0,0,0,0,0,0,0,0
290037,1,1,1986,9,29,25,17,10,26,19,17,10,11
290037,2,1,1986,0,0,0,0,0,0,0,0,0,0
290038,1,1,1986,27,28,15,7,9,9,0,19,19,20
290039,1,1,1986,0,0,0,19,0,0,0,0,0,0
290039,2,1,1986,0,9,0,0,0,0,0,13,0,0
290040,1,1,1986,0,0,0,0,0,0,0,0,0,0
290040,2,1,1986,10,24,23,10,12,23,15,24,22,0
290041,1,1,1986,19,26,0,0,0,21,15,0,0,10
290042,1,1,1986,0,0,0,0,0,0,0,0,0,0
290042,2,1,1986,0,0,0,0,0,0,0,0,0,0
290044,0,1,1986,12,12,12,12,12,12,12,12,12,12
290044,1,1,1986,0,0,0,0,0,0,0,0,0,0
290045,1,1,1986,0,0,0,0,0,0,0,0,0,0
290045,2,1,1986,0,0,0,0,0,0,0,0,0,0
290045,3,1,1986,0,0,0,0,0,0,0,0,0,0
290046,1,1,1986,19,19,19,19,19,19,19,19,19,19
290047,1,1,1986,14,7,25,9,8,6,12,7,16,0
290047,2,1,1986,13,13,13,13,13,13,13,13,13,13
290048,1,1,1986,29,29,29,29,29,29,29,29,29,29
290049,1,1,1986,0,0,0,0,0,0,0,0,0,0
290049,2,1,1986,0,0,0,0,0,0,0,0,0,0
290049,3,1,1986,0,0,0,0,0,0,0,0,0,0
290049,4,1,1986,0,0,0,0,0,0,0,0,0,0
290049,5,1,1986,0,0,0,0,0,0,0,0,0,0
290049,6,1,1986,0,0,0,2,0,0,0,0,0,0
290050,1,1,1986,0,0,0,0,0,0,0,0,0,0
290051,1,1,1986,11,11,11,11,11,11,11,11,11,11
290052,1,1,1986,0,0,0,0,0,0,0,0,0,0
290052,2,1,1986,0,0,0,0,0,0,0,0,0,0
290053,1,1,1986,21,22,0,0,10,19,17,12,22,0
290053,2,1,1986,0,0,0,0,0,6,6,0,0,0
290054,1,1,1986,14,19,9,21,11,3,11,5,17,5
290055,1,1,1986,0,0,0,0,0,0,0,0,0,0
290056,1,1,1986,17,17,17,17,17,17,17,17,17,17
290057,1,1,1986,0,0,0,0,0,0,0,0,0,0
290057,2,1,1986,0,0,0,0,0,0,0,0,0,0
290058,1,1,1986,14,14,14,14,14,14,14,14,14,14
290059,1,1,1986,0,0,0,0,0,0,0,0,0,0
290059,2,1,1986,0,0,0,0,0,0,0,0,0,0
290060,1,1,1986,0,0,0,0,0,0,0,0,0,0
290060,2,1,1986,0,0,0,0,0,0,0,0,0,0
290061,0,1,1986,0,0,0,0,0,0,0,0,0,6
290061,1,1,1986,0,14,0,0,0,0,0,0,0,0
290062,0,1,1986,22,22,22,22,22,22,22,22,22,22
290062,1,1,1986,0,0,0,0,0,0,0,0,0,0
290063,0,1,1986,2,2,2,2,2,2,2,2,2,2
290063,0,2,1986,0,0,0,0,0,0,0,15,23,16
290063,1,1,1986,0,0,0,0,0,0,0,0,0,0
290064,1,1,1986,22,22,22,22,22,22,22,22,22,22
290065,1,1,1986,0,0,0,12,0,0,0,0,0,0
290065,2,1,1986,11,11,11,11,11,11,11,11,11,11
290065,3,1,1986,0,0,3,0,0,0,0,0,0,0
290065,4,1,1986,0,14,13,7,20,15,16,21,13,26
290066,1,1,1986,18,0,0,0,0,0,0,0,0,0
290066,2,1,1986,0,0,0,0,0,0,0,0,0,0
290067,1,1,1986,30,30,30,30,30,30,30,30,30,30
290068,1,1,1986,5,5,5,5,5,5,5,5,5,5
290069,1,1,1986,21,12,20,30,20,0,21,4,31,28
290070,0,1,1986,0,0,0,0,0,0,0,0,0,0
290070,1,1,1986,0,0,0,0,0,0,0,0,0,0
290071,1,1,1986,0,0,0,0,0,0,0,0,0,0
290071,2,1,1986,0,0,0,0,0,0,0,0,0,0
290072,1,1,1986,15,15,15,15,15,15,15,15,15,15
290072,2,1,1986,0,0,0,0,0,0,0,0,0,0
290073,0,1,1986,29,29,29,29,29,29,29,29,29,29
290073,1,1,1986,0,0,0,0,9,12,0,0,0,0
290074,1,1,1986,28,14,19,23,37,16,21,9,15,12
290075,1,1,1986,0,2,0,0,0,0,0,0,0,0
290075,2,1,1986,0,0,0,0,0,0,0,0,0,0
290076,1,1,1986,0,0,0,0,0,0,0,0,0,0
290076,2,1,1986,0,0,0,0,0,0,0,0,0,0
290077,1,1,1986,9,9,9,9,9,9,9,9,9,9
290078,1,1,1986,0,0,0,52,0,0,12,0,0,0
290079,1,1,1986,10,0,7,0,0,0,0,0,0,4
290079,2,1,1986,0,0,0,0,0,0,0,5,17,0
290080,0,1,1986,4,6,5,0,0,0,17,17,0,0
290080,0,2,1986,15,0,21,13,11,12,11,16,0,19
290080,1,1,1986,0,0,0,0,0,0,0,0,0,0
290081,1,1,1986,20,20,0,13,25,3,24,22,25,3
290082,1,1,1986,23,23,23,23,23,23,23,23,23,23
290083,1,1,1986,0,0,0,0,0,0,0,0,0,0
290083,2,1,1986,0,0,0,0,0,0,0,0,0,0
290084,1,1,1986,0,0,11,0,0,2,0,0,20,12
290085,0,1,1986,0,0,0,0,0,0,0,0,0,0
290085,1,1,1986,18,0,0,0,0,13,0,0,0,9
290086,1,1,1986,2,2,2,2,2,2,2,2,2,2
290087,1,1,1986,16,16,16,16,16,16,16,16,16,16
290088,0,1,1986,0,0,0,0,0,0,0,0,0,0
290088,1,1,1986,0,0,0,0,0,7,0,0,0,0
290089,1,1,1986,0,10,0,11,23,10,17,9,0,24
290090,1,1,1986,0,0,0,0,0,0,0,0,0,0
290090,2,1,1986,0,0,0,0,0,0,0,0,0,0
290091,1,1,1986,8,0,0,0,0,34,0,0,0,0
290092,1,1,1986,17,0,0,0,16,16,0,20,13,17
290093,1,1,1986,42,10,10,24,17,26,26,24,13,38
290094,0,1,1986,21,21,21,21,21,21,21,21,21,21
290094,1,1,1986,0,0,0,0,12,0,0,0,0,0
290095,1,1,1986,12,18,31,0,17,4,22,0,0,9
290096,1,1,1986,0,0,0,3,0,17,0,0,0,0
290096,2,1,1986,0,0,0,8,0,0,0,14,0,0
290097,1,1,1986,0,0,0,0,0,0,0,0,0,0
290097,2,1,1986,0,0,13,0,0,0,0,0,0,0
290098,1,1,1986,0,0,0,0,0,0,0,0,0,0
290099,0,1,1986,0,26,0,0,0,0,0,0,0,0
290099,0,2,1986,20,19,0,15,16,0,22,0,19,13
290099,1,1,1986,0,0,0,0,0,0,0,0,0,0
290100,1,1,1986,9,0,0,0,0,0,14,0,0,0
290101,1,1,1986,0,0,0,0,0,0,0,0,0,0
290101,2,1,1986,0,0,0,0,0,0,0,8,0,0
290101,3,1,1986,0,0,0,8,0,0,0,0,0,0
290102,1,1,1986,0,0,0,0,0,0,0,0,0,0
290103,1,1,1986,15,7,10,0,18,18,13,15,7,8
290104,1,1,1986,9,9,9,9,9,9,9,9,9,9
290105,1,1,1986,0,7,14,14,12,17,26,0,12,8
290106,1,1,1986,0,0,0,0,0,0,0,0,0,0
290107,1,1,1986,0,0,0,0,0,5,0,0,0,0
290108,0,1,1986,0,15,0,0,15,0,0,9,0,0
290108,1,1,1986,0,0,0,0,0,0,0,0,0,0
290109,1,1,1986,0,21,0,0,0,0,0,0,0,0
290110,1,1,1986,0,0,0,0,0,0,0,0,0,0
290110,2,1,1986,0,0,0,0,0,0,10,0,0,0
290111,1,1,1986,14,0,6,13,8,18,24,11,10,11
290111,2,1,1986,0,0,0,0,11,0,0,6,0,0
290112,1,1,1986,0,14,0,9,0,0,0,12,0,17
290113,1,1,1986,0,12,0,0,0,0,0,0,0,0
290113,2,1,1986,0,0,0,0,0,4,7,0,0,0
290114,1,1,1986,0,0,0,0,0,0,0,0,0,0
290115,1,1,1986,14,0,0,29,4,0,0,0,23,0
290115,2,1,1986,8,8,28,13,14,23,5,14,13,24
290116,1,1,1986,0,0,0,0,0,0,0,0,16,0
290116,2,1,1986,0,0,0,0,0,0,0,0,0,0
290117,1,1,1986,5,5,5,5,5,5,5,5,5,5
290118,1,1,1986,0,0,0,0,0,0,0,0,0,0
290118,2,1,1986,0,0,0,0,0,0,0,0,7,0
290119,1,1,1986,2,2,2,2,2,2,2,2,2,2
290120,1,1,1986,0,0,0,0,0,0,0,0,0,0
290120,2,1,1986,0,0,0,0,0,0,0,0,0,0
290121,1,1,1986,13,0,0,0,0,0,0,0,0,0
290121,2,1,1986,0,0,0,0,0,0,0,0,0,0
290121,3,1,1986,0,0,0,0,0,0,0,0,0,0
290121,4,1,1986,0,0,0,0,0,0,0,0,0,0
290122,1,1,1986,3,3,3,3,3,3,3,3,3,3
290122,2,1,1986,0,0,0,0,0,0,0,0,0,0
290123,1,1,1986,0,0,0,9,0,0,0,0,0,0
290123,2,1,1986,0,0,0,0,0,0,0,0,0,0
290124,1,1,1986,0,0,0,0,0,0,0,0,0,0
290125,1,1,1986,0,10,21,0,0,2,0,0,0,0
290126,1,1,1986,0,0,0,0,0,0,0,0,0,0
290126,2,1,1986,0,0,0,0,0,0,0,0,0,7
290127,1,1,1986,9,9,9,9,9,9,9,9,9,9
290128,1,1,1986,27,27,27,27,27,27,27,27,27,27
290129,1,1,1986,16,22,16,8,13,13,8,30,17,27
290130,1,1,1986,23,23,23,23,23,23,23,23,23,23
290131,1,1,1986,0,0,0,0,0,0,0,0,0,0
290132,1,1,1986,8,19,17,13,15,28,27,8,15,13
290133,1,1,1986,17,17,17,17,17,17,17,17,17,17
290134,0,1,1986,0,0,0,0,0,0,0,0,0,0
290134,1,1,1986,0,0,0,0,0,0,0,0,0,0
290135,1,1,1986,20,20,20,20,20,20,20,20,20,20
290136,1,1,1986,0,0,0,0,24,8,0,0,0,0
290137,1,1,1986,4,0,11,23,16,19,13,0,0,16
290137,2,1,1986,0,0,0,0,0,0,0,0,0,0
290138,1,1,1986,0,0,0,0,0,0,0,0,0,0
290138,2,1,1986,0,0,0,0,0,0,0,0,0,0
290139,1,1,1986,0,0,0,13,17,0,0,0,0,0
290140,1,1,1986,19,19,19,19,19,19,19,19,19,19
290141,1,1,1986,18,18,18,18,18,18,18,18,18,18
290141,2,1,1986,4,0,0,11,0,0,0,0,0,0
290142,1,1,1986,41,41,41,41,41,41,41,41,41,41
290142,2,1,1986,0,20,0,0,0,0,0,0,0,0
290143,1,1,1986,31,14,28,20,15,23,27,9,16,14
290143,2,1,1986,0,0,0,0,0,0,0,0,24,4
290144,0,1,1986,0,0,0,0,0,0,0,0,0,0
290144,1,1,1986,0,0,0,0,0,0,0,0,0,0
290145,0,1,1986,0,0,0,0,0,0,0,0,0,0
290145,1,1,1986,0,0,0,0,0,0,0,0,0,0
290146,1,1,1986,9,9,9,9,9,9,9,9,9,9
290147,1,1,1986,0,0,0,0,0,0,9,0,0,0
290147,2,1,1986,0,0,0,0,0,0,0,0,0,0
290148,1,1,1986,0,0,0,17,0,0,0,0,0,0
290149,1,1,1986,0,0,5,0,0,0,0,0,0,0
290149,2,1,1986,0,0,0,0,0,0,0,0,0,0
290150,1,1,1986,18,18,18,18,18,18,18,18,18,18
290151,0,1,1986,52,52,52,52,52,52,52,52,52,52
290151,1,1,1986,0,0,0,0,0,0,0,0,7,0
290152,0,1,1986,18,18,18,18,18,18,18,18,18,18
290152,1,1,1986,0,27,5,8,8,0,0,10,52,28
290152,2,1,1986,0,2,20,0,0,0,4,0,0,0
290152,3,1,1986,0,0,0,0,0,0,13,0,0,0
290153,1,1,1986,0,0,8,8,11,13,11,0,12,9
290153,2,1,1986,0,18,8,13,10,10,7,6,10,15
290154,1,1,1986,18,18,18,18,18,18,18,18,18,18
290155,1,1,1986,3,3,3,3,3,3,3,3,3,3
290156,1,1,1986,14,12,11,26,18,12,8,19,16,13
290157,1,1,1986,0,0,0,0,0,0,0,0,0,0
290158,1,1,1986,2,2,2,2,2,2,2,2,2,2
290158,2,1,1986,0,0,0,0,0,0,0,0,0,0
290159,1,1,1986,0,0,0,0,0,0,0,0,0,0
290160,1,1,1986,16,0,0,8,12,20,0,14,20,16
290161,1,1,1986,27,12,13,18,11,14,19,26,11,20
290162,1,1,1986,16,16,16,16,16,16,16,16,16,16
290163,1,1,1986,0,0,0,0,9,0,0,0,0,6
290164,1,1,1986,0,0,0,0,0,0,0,0,0,0
290164,2,1,1986,0,0,0,0,0,0,0,0,0,0
290164,3,1,1986,0,0,0,0,0,0,0,0,0,0
290165,1,1,1986,0,12,0,0,0,0,0,0,13,0
290166,1,1,1986,6,0,0,0,2,0,0,0,0,0
290167,1,1,1986,16,18,16,23,42,16,13,15,12,14
290167,2,1,1986,0,0,0,0,0,0,0,0,0,0
290168,1,1,1986,13,13,13,13,13,13,13,13,13,13
290169,0,1,1986,0,0,25,0,0,11,0,0,0,0
290169,1,1,1986,0,0,0,0,0,0,0,0,0,0
290170,0,1,1986,0,0,0,0,0,3,0,0,0,0
290170,1,1,1986,0,0,0,0,0,24,0,0,3,0
290170,2,1,1986,0,0,0,0,0,0,0,6,0,0
290171,0,1,1986,5,0,0,0,0,0,0,22,0,7
290172,1,1,1986,13,13,13,13,13,13,13,13,13,13
290173,1,1,1986,0,0,0,0,0,0,0,0,0,0
290173,2,1,1986,0,0,0,0,0,0,0,0,0,0
290174,0,1,1986,0,0,0,0,0,0,0,0,0,0
290174,1,1,1986,9,0,14,12,10,0,3,6,13,17
290175,1,1,1986,25,25,25,25,25,25,25,25,25,25
290176,1,1,1986,11,11,11,11,11,11,11,11,11,11
290177,1,1,1986,0,0,0,0,0,0,0,0,0,0
290178,1,1,1986,0,0,0,0,0,0,0,0,0,0
290178,2,1,1986,7,16,12,6,16,9,11,8,11,8
290179,1,1,1986,3,3,3,3,3,3,3,3,3,3
290179,2,1,1986,0,0,0,0,0,0,0,0,0,0
290180,1,1,1986,18,18,18,18,18,18,18,18,18,18
290181,1,1,1986,0,0,0,0,0,0,0,0,0,0
290181,2,1,1986,0,0,0,0,34,0,0,0,0,0
290182,1,1,1986,14,0,0,0,0,4,0,0,0,0
290183,1,1,1986,16,16,16,16,16,16,16,16,16,16
290184,1,1,1986,0,5,0,8,0,0,6,0,0,9
290185,1,1,1986,0,0,0,0,0,0,0,0,0,0
290185,2,1,1986,0,0,0,0,0,0,0,0,0,0
290186,1,1,1986,0,0,0,0,0,0,0,0,10,0
290186,2,1,1986,0,0,0,0,0,0,0,0,0,0
290187,1,1,1986,19,19,19,19,19,19,19,19,19,19
290188,1,1,1986,0,0,0,0,0,0,0,0,0,0
290188,2,1,1986,0,0,0,0,0,0,0,0,0,0
290188,3,1,1986,0,9,0,0,0,0,0,0,0,11
290188,4,1,1986,0,9,0,0,3,0,0,0,0,0
290189,1,1,1986,9,9,9,9,9,9,9,9,9,9
290190,1,1,1986,23,23,23,23,23,23,23,23,23,23
290191,1,1,1986,14,14,14,14,14,14,14,14,14,14
290192,1,1,1986,16,14,27,14,18,15,20,10,17,34
290193,1,1,1986,0,0,0,0,0,0,0,0,0,0
290193,2,1,1986,3,3,3,3,3,3,3,3,3,3
290194,1,1,1986,17,17,17,17,17,17,17,17,17,17
290194,2,1,1986,0,0,0,0,0,0,0,0,0,0
290195,0,1,1986,37,37,37,37,37,37,37,37,37,37
290195,1,1,1986,0,25,0,0,9,0,0,0,0,0
290196,1,1,1986,0,0,0,0,0,0,0,0,0,0
290196,2,1,1986,0,0,0,0,0,0,0,0,0,0
290197,1,1,1986,6,0,0,0,0,0,0,0,0,0
290197,2,1,1986,3,5,3,0,9,7,0,0,0,0
290198,1,1,1986,10,10,10,10,10,10,10,10,10,10
290200,1,1,1986,0,0,0,17,16,0,28,11,0,0
290201,1,1,1986,1,1,1,1,1,1,1,1,1,1
290201,2,1,1986,0,0,0,0,0,0,0,0,0,0
290201,3,1,1986,0,0,8,0,0,12,0,0,0,0
290202,1,1,1986,0,0,14,11,0,0,0,0,16,0
290202,2,1,1986,0,0,0,0,0,0,0,0,0,0
290203,1,1,1986,0,12,3,11,0,18,0,0,12,13
290204,1,1,1986,0,0,0,0,0,0,0,0,0,0
290204,2,1,1986,0,0,8,0,0,0,0,18,0,0
290205,1,1,1986,24,12,4,15,15,8,4,15,14,17
290207,1,1,1986,11,9,0,0,5,16,0,20,7,0
290208,1,1,1986,0,0,0,7,11,15,0,0,0,0
290209,1,1,1986,0,0,0,0,0,0,0,0,0,0
290209,2,1,1986,0,0,0,0,0,0,0,0,0,0
290210,1,1,1986,0,0,0,0,0,0,0,0,0,0
290210,2,1,1986,0,0,0,0,0,0,0,0,0,0
290211,1,1,1986,18,30,32,18,26,0,19,16,13,30
290212,1,1,1986,21,21,21,21,21,21,21,21,21,21
290213,1,1,1986,12,15,13,25,27,16,0,10,16,22
290214,1,1,1986,20,20,20,20,20,20,20,20,20,20
290215,0,1,1986,15,15,15,15,15,15,15,15,15,15
290215,1,1,1986,0,9,0,0,0,0,19,0,0,0
290216,1,1,1986,27,27,27,27,27,27,27,27,27,27
290216,2,1,1986,11,20,19,20,26,18,27,0,0,0
290217,1,1,1986,22,22,22,22,22,22,22,22,22,22
290217,2,1,1986,14,0,0,0,0,0,0,0,0,0
290217,3,1,1986,7,0,0,0,0,0,0,0,0,0
290218,1,1,1986,0,0,0,0,0,0,0,0,0,0
290218,2,1,1986,0,0,0,0,0,0,0,5,0,0
290219,0,1,1986,14,14,14,14,14,14,14,14,14,14
290219,1,1,1986,0,0,7,4,0,0,0,0,0,0
290220,1,1,1986,23,25,14,6,27,26,30,22,19,26
290221,1,1,1986,24,24,24,24,24,24,24,24,24,24
290221,2,1,1986,0,0,0,0,0,0,0,0,0,0
290222,1,1,1986,0,0,0,0,0,0,0,0,0,0
290222,2,1,1986,13,13,13,13,13,13,13,13,13,13
290223,1,1,1986,0,0,0,15,25,0,0,22,0,0
290224,1,1,1986,1,1,1,1,1,1,1,1,1,1
290225,1,1,1986,29,17,15,16,16,17,25,13,16,23
290225,2,1,1986,0,0,0,0,0,5,0,0,0,0
290226,1,1,1986,0,0,6,0,0,0,0,0,22,0
290226,2,1,1986,0,0,0,0,0,0,0,0,0,0
290227,1,1,1986,0,0,0,13,0,0,0,0,0,0
290227,2,1,1986,5,0,0,0,0,0,0,7,0,0
290228,1,1,1986,26,26,26,26,26,26,26,26,26,26
290229,1,1,1986,0,0,0,0,0,0,0,8,0,0
290229,2,1,1986,0,0,0,0,0,0,0,0,0,0
290230,1,1,1986,24,24,24,24,24,24,24,24,24,24
290231,0,1,1986,0,0,0,0,0,0,0,0,0,0
290231,1,1,1986,0,0,0,0,0,0,0,0,0,0
290232,1,1,1986,0,0,0,0,0,0,0,0,0,0
290232,2,1,1986,0,24,0,0,0,7,0,0,0,0
290233,1,1,1986,14,9,10,9,13,10,2,40,0,4
290233,2,1,1986,0,0,0,0,0,0,0,0,0,0
290234,1,1,1986,0,5,0,0,0,0,0,0,0,0
290234,2,1,1986,0,0,0,0,0,0,0,0,0,0
290235,1,1,1986,0,0,0,0,0,0,0,0,0,0
290236,0,1,1986,0,0,0,0,0,0,0,0,0,0
290237,0,1,1986,15,15,15,15,15,15,15,15,15,15
290237,1,1,1986,15,13,35,10,15,22,18,19,5,38
290238,1,1,1986,21,21,21,21,21,21,21,21,21,21
290239,1,1,1986,0,0,0,0,0,0,0,0,0,0
290239,2,1,1986,0,0,0,0,0,0,0,0,0,0
290240,1,1,1986,18,18,18,18,18,18,18,18,18,18
290241,2,1,1986,0,0,0,0,0,0,0,0,0,0
290242,1,1,1986,7,19,19,27,21,18,16,9,22,17
290242,2,1,1986,0,0,31,0,0,0,0,10,9,0
290243,1,1,1986,11,11,11,11,11,11,11,11,11,11
290244,1,1,1986,0,0,0,0,6,27,23,0,0,0
290245,1,1,1986,0,9,7,23,16,15,0,4,9,0
290246,1,1,1986,12,32,25,15,25,11,22,18,18,9
290246,2,1,1986,0,12,13,24,0,7,14,15,0,0
290247,1,1,1986,19,16,10,19,24,9,17,18,25,17
290248,1,1,1986,0,0,0,0,0,0,0,0,0,0
290249,1,1,1986,0,0,0,0,0,0,0,0,0,0
290249,2,1,1986,15,8,19,6,20,8,17,14,14,11
290250,1,1,1986,36,0,23,0,19,14,7,0,0,21
290251,1,1,1986,0,0,17,0,6,0,0,9,0,0
290252,1,1,1986,1,1,1,1,1,1,1,1,1,1
290253,1,1,1986,0,19,0,19,18,5,0,29,9,11
290254,1,1,1986,0,0,0,0,0,0,0,0,0,0
290254,2,1,1986,0,0,0,0,0,0,15,0,0,0
290254,3,1,1986,0,0,0,0,0,0,0,0,0,0
290255,1,1,1986,0,0,0,0,0,0,0,0,0,19
290255,2,1,1986,0,14,0,11,9,0,0,0,0,16
290256,1,1,1986,11,11,11,11,11,11,11,11,11,11
290256,2,1,1986,0,0,0,0,0,0,0,0,0,0
290257,1,1,1986,14,14,14,14,14,14,14,14,14,14
290258,1,1,1986,7,19,9,14,10,9,12,23,14,5
290259,1,1,1986,0,0,0,0,0,0,0,0,0,0
290259,2,1,1986,11,11,11,11,11,11,11,11,11,11
290260,1,1,1986,0,0,0,0,0,0,0,0,0,0
290261,1,1,1986,13,13,13,13,13,13,13,13,13,13
290261,2,1,1986,0,0,0,0,14,0,0,0,0,0
290262,0,1,1986,9,0,0,0,0,0,0,0,0,0
290262,1,1,1986,0,0,0,0,20,0,0,0,0,0
290263,1,1,1986,22,22,22,22,22,22,22,22,22,22
290264,1,1,1986,0,24,0,0,0,19,0,0,0,33
290264,2,1,1986,0,0,0,16,0,0,0,0,14,0
290265,1,1,1986,5,5,5,5,5,5,5,5,5,5
290266,1,1,1986,20,0,25,23,28,0,5,25,0,7
290267,1,1,1986,0,0,0,0,0,0,0,0,0,0
290267,2,1,1986,0,27,15,22,0,0,0,26,0,8
290268,1,1,1986,0,0,0,0,0,22,0,0,0,0
290268,2,1,1986,23,23,23,23,23,23,23,23,23,23
290269,1,1,1986,23,4,28,0,0,0,16,0,0,11
290270,1,1,1986,0,0,0,27,0,13,0,0,0,0
290270,2,1,1986,0,0,0,0,0,0,0,0,0,0
290271,1,1,1986,0,0,0,4,0,0,0,0,0,0
290271,2,1,1986,0,11,12,0,0,11,0,10,14,0
290272,1,1,1986,0,0,0,0,0,0,0,0,0,0
290272,2,1,1986,0,0,0,0,0,0,0,0,0,0
290273,1,1,1986,16,14,13,12,17,19,29,14,26,25
290273,2,1,1986,21,13,0,0,16,0,0,0,0,0
290274,1,1,1986,24,40,0,5,22,31,14,0,0,0
290274,2,1,1986,5,0,0,0,0,0,0,0,19,0
290275,1,1,1986,7,20,41,16,24,16,7,6,16,16
290276,1,1,1986,0,0,0,0,0,0,0,0,0,0
290276,2,1,1986,0,0,0,0,0,0,0,0,0,0
290277,0,1,1986,0,0,0,0,0,0,0,0,0,0
290277,0,2,1986,21,0,23,23,35,0,11,20,17,17
290277,1,1,1986,9,9,9,9,9,9,9,9,9,9
290278,1,1,1986,7,7,7,7,7,7,7,7,7,7
290279,1,1,1986,0,0,0,0,0,0,0,0,12,0
290279,2,1,1986,0,0,0,0,15,0,0,0,0,10
290280,0,1,1986,0,0,35,0,0,35,20,0,0,11
290280,1,1,1986,13,13,13,13,13,13,13,13,13,13
290281,1,1,1986,26,26,26,26,26,26,26,26,26,26
290281,2,1,1986,0,0,0,0,0,0,0,0,0,0
290282,1,1,1986,8,0,16,0,0,0,0,13,0,0
290283,1,1,1986,0,0,0,0,0,0,0,3,0,5
290283,2,1,1986,11,19,0,0,18,0,0,6,17,0
290284,1,1,1986,22,9,5,15,7,30,16,8,23,30
290285,1,1,1986,11,11,11,11,11,11,11,11,11,11
290286,0,1,1986,0,0,0,0,0,0,0,0,0,0
290286,1,1,1986,0,0,0,5,0,14,0,0,11,0
290287,1,1,1986,0,0,0,0,0,0,0,0,0,18