ST_CASE,VEH_NO,PER_NO,YEAR,P1,P2,P3,P4,P5,P6,P7,P8,P9,P10
290574,1,1,1986,0,9,0,0,12,0,0,0,0,0
290575,1,1,1986,14,20,7,27,16,7,0,23,24,19
290576,1,1,1986,0,0,0,0,0,0,0,0,0,0
290577,1,1,1986,0,0,0,0,0,0,0,0,0,0
290578,1,1,1986,0,0,0,0,0,0,7,0,0,0
290578,2,1,1986,0,0,0,9,0,0,0,0,0,0
290579,1,1,1986,0,0,0,0,0,0,9,0,0,11
290580,1,1,1986,0,0,0,0,0,0,0,0,0,0
290580,2,1,1986,0,0,0,0,0,0,0,0,0,0
290580,3,1,1986,0,0,0,0,0,0,0,0,0,0
290581,1,1,1986,23,23,23,23,23,23,23,23,23,23
290582,1,1,1986,0,0,0,0,0,0,0,0,0,0
290582,2,1,1986,0,0,0,0,0,0,0,0,0,0
290583,1,1,1986,37,37,37,37,37,37,37,37,37,37
290584,1,1,1986,0,0,0,0,0,0,0,0,0,0
290584,2,1,1986,0,0,0,0,0,0,0,0,0,0
290585,1,1,1986,0,0,0,0,0,0,0,0,0,0
290586,1,1,1986,20,0,27,11,20,8,0,23,12,0
290587,1,1,1986,7,7,10,9,11,21,13,9,12,7
290588,1,1,1986,32,15,16,27,33,10,19,20,25,25
290589,1,1,1986,30,9,5,12,17,9,19,15,25,30
290589,2,1,1986,0,0,11,0,3,0,0,0,0,0
290590,1,1,1986,10,0,4,23,21,18,37,0,27,11
290591,1,1,1986,24,24,24,24,24,24,24,24,24,24
290593,1,1,1986,0,0,9,0,0,15,14,0,0,0
290594,1,1,1986,0,0,0,0,0,0,0,0,0,0
290594,2,1,1986,0,0,3,0,0,0,0,0,0,0
290595,1,1,1986,0,0,0,0,0,0,0,0,0,0
290596,1,1,1986,28,28,28,28,28,28,28,28,28,28
290597,1,1,1986,0,0,0,0,0,0,0,0,0,0
290597,2,1,1986,0,0,0,0,0,0,0,0,0,0
290598,1,1,1986,0,0,0,0,0,0,0,0,0,0
290598,2,1,1986,0,0,0,0,0,0,0,0,0,24
290599,1,1,1986,0,0,0,13,0,0,0,0,0,0
290600,1,1,1986,0,0,0,18,0,0,8,13,0,15
290600,2,1,1986,0,16,0,25,15,27,17,0,0,30
290600,3,1,1986,0,0,14,0,0,0,0,0,0,0
290601,1,1,1986,0,0,0,0,0,0,0,0,0,0
290602,1,1,1986,0,0,0,0,7,0,0,0,0,0
290602,2,1,1986,0,0,0,0,0,0,0,0,0,0
290604,1,1,1986,0,0,0,0,0,0,0,0,0,0
290604,2,1,1986,0,0,0,0,13,9,0,0,0,0
290604,3,1,1986,21,21,21,21,21,21,21,21,21,21
290605,1,1,1986,12,0,2,21,0,0,0,0,0,0
290606,1,1,1986,0,0,0,0,0,0,0,0,0,0
290607,1,1,1986,14,14,14,14,14,14,14,14,14,14
290608,1,1,1986,17,0,0,0,0,0,0,0,0,0
290608,2,1,1986,0,0,0,0,0,0,0,0,0,0
290609,1,1,1986,0,0,0,0,0,0,0,0,0,0
290609,2,1,1986,0,0,0,0,0,0,0,0,0,0
290610,1,1,1986,11,11,11,11,11,11,11,11,11,11
290611,1,1,1986,0,0,20,0,0,0,0,0,0,0
290611,2,1,1986,0,0,10,0,0,0,0,0,0,0
290612,1,1,1986,0,0,0,0,0,0,0,0,0,0
290613,1,1,1986,20,20,20,20,20,20,20,20,20,20
290613,2,1,1986,0,0,0,15,0,5,0,0,19,0
290614,0,1,1986,0,7,0,0,0,33,0,0,0,0
290614,1,1,1986,0,0,0,0,0,0,0,0,0,0
290615,1,1,1986,13,13,13,13,13,13,13,13,13,13
290616,1,1,1986,19,19,19,19,19,19,19,19,19,19
290617,1,1,1986,0,0,0,0,0,0,0,0,0,0
290618,1,1,1986,14,18,13,15,5,9,22,0,11,18
290618,2,1,1986,0,0,0,0,0,0,0,0,0,0
290619,1,1,1986,0,0,0,0,0,0,0,0,0,0
290619,2,1,1986,0,0,0,0,0,0,0,0,0,0
290620,1,1,1986,18,18,18,18,18,18,18,18,18,18
290621,1,1,1986,0,0,0,0,0,0,0,0,0,0
290622,1,1,1986,0,0,0,0,0,0,0,0,0,0
290623,1,1,1986,0,0,0,0,0,0,0,0,0,0
290623,2,1,1986,0,0,0,0,0,0,20,0,0,0
290624,1,1,1986,16,16,16,16,16,16,16,16,16,16
290625,1,1,1986,0,0,0,0,0,0,0,0,0,0
290626,1,1,1986,0,8,0,11,15,0,21,0,24,0
290627,1,1,1986,0,0,0,0,0,0,0,0,0,0
290627,2,1,1986,0,0,0,0,0,0,0,0,0,0
290628,1,1,1986,0,0,0,23,0,0,0,0,0,0
290628,2,1,1986,0,0,0,0,0,0,0,0,0,0
290629,1,1,1986,0,0,0,0,0,0,0,0,0,0
290629,2,1,1986,0,0,0,0,0,0,0,15,0,0
290629,3,1,1986,0,0,0,0,0,0,0,0,0,0
290630,1,1,1986,0,0,0,0,0,0,0,0,11,0
290631,1,1,1986,0,0,0,0,0,0,0,0,0,0
290631,2,1,1986,0,0,0,0,0,0,0,0,0,0
290632,0,1,1986,0,0,0,0,0,0,0,0,0,0
290632,1,1,1986,0,0,0,0,0,0,0,0,0,0
290633,1,1,1986,13,0,27,16,20,3,20,0,18,20
290634,1,1,1986,0,0,0,0,0,0,0,0,0,0
290634,2,1,1986,0,0,0,0,0,0,0,0,0,0
290635,1,1,1986,31,0,9,21,0,14,17,18,17,19
290636,1,1,1986,0,0,0,0,0,0,0,0,14,0
290637,1,1,1986,15,0,13,0,10,0,0,0,7,0
290638,1,1,1986,0,0,0,0,0,0,0,0,0,0
290638,2,1,1986,0,0,0,0,0,0,0,0,0,0
290639,1,1,1986,17,11,5,10,19,14,6,4,11,0
290639,2,1,1986,0,0,0,0,0,0,0,0,0,0
290640,1,1,1986,0,0,0,0,0,0,0,22,0,0
290640,2,1,1986,0,0,0,0,0,0,0,0,0,0
290641,1,1,1986,0,0,0,0,0,0,0,0,0,0
290641,2,1,1986,0,0,0,0,0,0,0,0,0,0
290641,3,1,1986,0,0,0,0,0,0,0,0,0,0
290642,1,1,1986,10,23,0,13,2,22,7,10,6,19
290643,1,1,1986,18,16,4,5,9,5,0,0,0,0
290644,1,1,1986,0,0,0,0,0,0,19,0,5,0
290645,1,1,1986,23,23,23,23,23,23,23,23,23,23
290646,1,1,1986,2,0,0,0,0,0,0,0,0,0
290646,2,1,1986,0,0,0,0,0,0,0,0,0,0
290647,0,1,1986,0,0,0,0,10,25,4,0,0,0
290647,1,1,1986,0,0,0,0,12,0,4,0,0,0
290648,1,1,1986,0,0,0,0,0,0,0,0,0,0
290649,1,1,1986,13,32,47,10,15,25,17,9,21,13
290649,2,1,1986,0,0,0,0,0,0,0,0,0,0
290650,1,1,1986,0,0,0,0,0,0,0,0,9,7
290650,2,1,1986,0,0,0,0,0,0,0,22,0,0
290651,1,1,1986,0,17,0,0,28,0,0,7,13,0
290651,2,1,1986,0,0,0,0,0,0,0,0,0,0
290652,1,1,1986,0,0,0,17,12,14,0,21,8,6
290654,1,1,1986,0,0,0,0,0,0,0,0,0,0
290654,2,1,1986,0,0,0,0,0,0,0,0,0,0
290655,1,1,1986,0,0,0,0,0,0,0,0,0,0
290655,2,1,1986,0,0,0,0,0,0,0,0,0,0
290655,3,1,1986,19,0,0,0,0,15,9,0,0,0
290656,0,1,1986,34,34,34,34,34,34,34,34,34,34
290656,1,1,1986,0,0,0,12,0,0,0,0,8,0
290657,0,1,1986,14,14,14,14,14,14,14,14,14,14
290657,0,2,1986,6,0,2,11,0,0,0,17,3,0
290657,0,4,1986,10,0,0,0,0,0,0,0,0,0
290657,1,1,1986,9,10,8,16,0,4,18,0,5,2
290658,1,1,1986,0,0,0,0,0,0,0,0,0,0
290659,0,1,1986,0,0,0,0,0,0,0,0,0,0
290659,1,1,1986,0,12,0,0,0,0,0,0,0,0
290660,1,1,1986,22,0,15,0,24,18,23,16,22,26
290661,1,1,1986,16,16,16,16,16,16,16,16,16,16
290662,1,1,1986,16,15,10,15,0,12,6,11,8,14
290663,1,1,1986,25,25,25,25,25,25,25,25,25,25
290663,2,1,1986,0,0,0,27,0,0,0,0,0,0
290664,1,1,1986,0,0,0,0,0,0,0,0,0,0
290665,1,1,1986,0,0,0,0,0,0,0,0,0,0
290666,1,1,1986,0,0,0,15,14,0,0,0,0,0
290666,2,1,1986,0,0,0,2,0,0,0,0,0,0
290667,1,1,1986,31,31,31,31,31,31,31,31,31,31
290668,1,1,1986,0,0,2,0,0,0,0,15,0,0
290668,2,1,1986,0,0,0,2,0,0,0,0,0,0
290669,0,1,1986,0,0,0,0,0,0,0,0,0,0
290669,1,1,1986,0,0,0,0,0,0,0,0,0,0
290670,1,1,1986,0,0,0,0,0,0,0,0,0,0
290670,2,1,1986,0,0,0,0,0,0,0,0,0,0
290671,1,1,1986,23,23,23,23,23,23,23,23,23,23
290672,1,1,1986,0,0,0,16,10,0,0,0,0,0
290672,2,1,1986,0,0,0,0,0,0,0,0,0,0
290673,0,1,1986,0,0,0,0,0,0,0,0,0,0
290673,1,1,1986,0,0,0,0,0,33,0,0,0,0
290674,1,1,1986,12,12,12,12,12,12,12,12,12,12
290675,0,1,1986,15,15,15,15,15,15,15,15,15,15
290675,0,2,1986,0,0,0,0,0,0,0,0,0,0
290675,1,1,1986,41,7,17,21,16,23,15,16,16,13
290676,1,1,1986,0,0,0,0,0,0,0,0,0,0
290677,1,1,1986,14,15,13,10,14,11,9,15,12,15
290678,0,1,1986,0,0,0,0,0,0,0,0,0,0
290678,1,1,1986,0,0,0,0,0,0,0,0,0,0
290679,1,1,1986,5,5,5,5,5,5,5,5,5,5
290680,1,1,1986,0,0,0,0,15,0,0,0,0,0
290680,2,1,1986,0,0,0,0,0,0,0,0,0,0
290681,1,1,1986,0,0,0,0,0,0,0,0,0,0
290681,2,1,1986,21,21,21,21,21,21,21,21,21,21
290682,1,1,1986,19,19,19,19,19,19,19,19,19,19
290683,1,1,1986,21,21,21,21,21,21,21,21,21,21
290684,1,1,1986,4,4,4,4,4,4,4,4,4,4
290685,1,1,1986,12,21,10,8,0,11,0,28,0,0
290685,2,1,1986,0,0,0,23,12,0,0,8,21,0
290686,1,1,1986,20,20,20,20,20,20,20,20,20,20
290687,0,1,1986,0,0,0,0,0,0,0,0,0,0
290687,1,1,1986,0,0,0,0,0,0,0,0,0,0
290688,0,1,1986,0,0,0,0,0,0,0,0,0,0
290688,0,2,1986,22,0,2,14,0,10,22,5,7,0
290688,1,1,1986,0,0,0,0,0,0,0,0,0,0
290689,1,1,1986,17,16,3,18,0,8,17,10,27,23
290690,1,1,1986,21,21,21,21,21,21,21,21,21,21
290691,0,1,1986,0,0,0,0,0,0,0,0,0,0
290691,1,1,1986,0,0,6,0,0,0,0,0,0,0
290692,1,1,1986,0,0,0,0,0,0,0,0,0,0
290692,2,1,1986,0,0,0,0,0,0,0,9,0,0
290693,1,1,1986,10,10,10,10,10,10,10,10,10,10
290694,1,1,1986,8,8,8,8,8,8,8,8,8,8
290695,1,1,1986,20,20,20,20,20,20,20,20,20,20
290696,0,1,1986,22,22,22,22,22,22,22,22,22,22
290696,1,1,1986,5,0,0,0,0,0,0,0,20,0
290697,1,1,1986,0,0,0,0,0,0,0,0,0,0
290697,2,1,1986,0,0,0,0,0,0,0,0,0,0
290698,1,1,1986,6,6,6,6,6,6,6,6,6,6
290698,2,1,1986,0,0,8,0,28,0,0,0,0,0
290699,1,1,1986,24,24,24,24,24,24,24,24,24,24
290700,1,1,1986,5,27,4,14,12,27,20,6,7,20
290700,2,1,1986,27,34,22,33,5,12,14,18,0,5
290701,1,1,1986,16,16,16,16,16,16,16,16,16,16
290702,1,1,1986,0,0,0,0,0,0,0,0,0,0
290702,2,1,1986,30,3,24,23,27,19,19,11,20,18
290702,3,1,1986,0,0,0,13,0,0,0,0,0,0
290703,1,1,1986,0,0,0,0,0,0,0,0,23,23
290704,1,1,1986,0,0,0,0,0,0,0,0,0,0
290704,2,1,1986,0,0,0,0,0,0,0,0,6,0
290705,1,1,1986,12,12,12,12,12,12,12,12,12,12
290705,2,1,1986,0,12,22,12,7,9,43,0,3,10
290706,1,1,1986,29,29,29,29,29,29,29,29,29,29
290706,2,1,1986,0,21,0,13,0,0,0,13,18,22
290707,1,1,1986,17,17,17,17,17,17,17,17,17,17
290708,1,2,1986,12,0,0,0,0,0,0,0,7,0
290709,0,1,1986,0,0,0,0,0,0,0,0,0,0
290709,1,1,1986,0,0,0,0,0,0,0,0,0,0
290710,1,1,1986,0,0,0,0,0,0,0,0,0,0
290711,1,1,1986,0,0,0,0,0,0,0,0,0,0
290711,2,1,1986,0,0,0,0,0,0,0,0,0,0
290712,1,1,1986,10,20,9,0,23,14,25,0,13,10
290713,1,1,1986,0,0,0,0,0,0,0,0,0,0
290713,2,1,1986,0,0,0,0,0,0,0,0,0,0
290714,1,1,1986,11,14,0,0,20,0,0,0,0,0
290714,2,1,1986,15,15,15,15,15,15,15,15,15,15
290715,1,1,1986,12,12,12,12,12,12,12,12,12,12
290716,1,1,1986,16,12,19,17,0,9,10,24,17,7
290717,1,1,1986,0,0,0,0,0,0,0,0,0,0
290718,1,1,1986,24,24,24,24,24,24,24,24,24,24
290719,1,1,1986,0,0,0,0,5,0,0,0,0,0
290719,2,1,1986,27,27,27,27,27,27,27,27,27,27
290720,1,1,1986,0,0,0,0,0,0,0,5,0,0
290720,2,1,1986,0,0,0,0,0,0,0,0,0,0
290721,0,1,1986,18,27,17,19,0,11,17,0,15,20
290721,1,1,1986,0,0,14,0,0,0,0,0,0,0
290722,0,1,1986,0,0,20,0,14,17,0,11,0,0
290722,1,1,1986,2,0,0,0,0,9,0,20,0,0
290723,1,1,1986,8,8,8,8,8,8,8,8,8,8
290724,1,1,1986,13,13,13,13,13,13,13,13,13,13
290725,1,1,1986,0,0,0,0,0,0,0,0,0,0
290725,2,1,1986,22,25,12,0,4,7,0,0,0,20
290726,1,1,1986,14,14,14,14,14,14,14,14,14,14
290727,1,1,1986,0,0,0,0,0,0,0,0,0,0
290727,2,1,1986,0,0,0,0,0,0,0,0,9,0
290728,0,1,1986,0,0,0,0,0,0,0,0,0,0
290728,1,1,1986,0,0,5,0,0,0,0,0,0,0
290730,0,1,1986,0,0,0,0,0,0,0,0,0,0
290730,1,1,1986,0,0,0,0,0,0,0,0,0,0
290731,1,1,1986,18,29,23,17,5,19,13,22,12,10
290732,1,1,1986,0,9,0,0,0,0,0,0,0,0
290732,2,1,1986,0,0,0,5,0,0,0,0,0,0
290733,1,1,1986,10,21,0,4,0,17,15,19,0,13
290734,0,1,1986,0,0,0,0,0,0,0,0,0,0
290734,1,1,1986,0,0,0,0,0,0,0,0,0,0
290735,1,1,1986,13,13,13,13,13,13,13,13,13,13
290736,1,1,1986,0,0,0,9,0,0,0,0,0,0
290736,2,1,1986,11,11,11,11,11,11,11,11,11,11
290737,1,1,1986,0,0,0,0,0,0,0,0,0,0
290737,2,1,1986,0,0,0,0,0,0,0,0,0,0
290738,1,1,1986,0,0,0,0,0,19,0,0,0,0
290738,2,1,1986,9,9,9,9,9,9,9,9,9,9
290739,1,1,1986,0,0,0,0,0,0,0,0,0,0
290739,2,1,1986,30,30,30,30,30,30,30,30,30,30
290740,1,1,1986,0,0,0,0,0,0,0,0,0,0
290740,2,1,1986,0,0,0,0,0,0,0,0,0,0
290741,1,1,1986,16,16,16,16,16,16,16,16,16,16
290742,1,1,1986,0,0,0,0,0,0,0,0,0,0
290742,2,1,1986,0,0,0,0,0,0,0,0,0,0
290743,1,1,1986,9,45,19,19,0,35,18,17,40,17
290743,2,1,1986,1,0,0,0,0,0,0,0,0,5
290743,3,1,1986,0,0,0,0,0,0,0,0,0,0
290744,0,1,1986,23,23,23,23,23,23,23,23,23,23
290744,1,1,1986,0,0,0,0,0,0,0,0,0,0
290745,1,1,1986,0,0,0,0,0,0,0,0,0,0
290745,2,1,1986,0,0,0,0,0,0,0,0,0,0
290746,1,1,1986,12,0,0,20,0,14,0,13,20,15
290747,1,1,1986,17,17,17,17,17,17,17,17,17,17
290748,1,1,1986,23,23,23,23,23,23,23,23,23,23
290749,1,1,1986,25,25,25,25,25,25,25,25,25,25
290749,2,1,1986,0,0,0,0,0,0,12,0,0,0
290750,1,1,1986,16,0,0,0,0,0,0,0,0,0
290750,2,1,1986,0,0,0,0,0,0,0,0,0,0
290751,1,1,1986,13,13,13,13,13,13,13,13,13,13
290752,1,1,1986,0,0,0,0,21,0,0,0,0,0
290752,2,1,1986,0,0,0,0,0,0,0,0,0,0
290753,1,1,1986,0,0,0,0,0,0,0,0,0,0
290754,1,1,1986,20,19,18,5,13,0,17,19,26,17
290755,1,1,1986,0,0,0,0,0,0,0,0,0,0
290756,1,1,1986,0,0,0,0,0,0,0,0,0,14
290756,2,1,1986,0,0,0,0,0,0,0,0,0,0
290756,3,1,1986,0,0,0,0,0,0,0,0,0,0
290757,0,1,1986,0,0,0,0,0,0,0,0,0,0
290757,1,1,1986,0,0,13,0,0,0,0,0,0,0
290758,1,1,1986,0,0,0,0,0,0,0,0,0,0
290758,2,1,1986,0,0,0,0,0,0,0,0,0,0
290759,1,1,1986,0,0,0,0,0,0,0,12,0,0
290759,2,1,1986,0,0,0,0,0,0,0,0,0,0
290760,0,1,1986,31,10,9,19,26,7,12,11,10,8
290760,1,1,1986,0,3,0,0,0,0,0,15,0,0
290761,1,1,1986,0,0,0,12,0,0,0,0,0,0
290761,2,1,1986,0,0,0,0,0,0,0,0,0,0
290762,1,1,1986,0,0,0,0,0,0,0,0,0,0
290762,2,1,1986,0,0,0,13,0,0,0,0,0,0
290763,1,1,1986,12,6,0,13,19,12,22,8,0,0
290764,1,1,1986,19,19,19,19,19,19,19,19,19,19
290765,1,1,1986,0,0,20,0,12,0,0,0,19,0
290766,1,1,1986,0,0,0,0,0,0,0,0,0,0
290767,1,1,1986,0,0,0,0,0,0,0,0,0,0
290767,2,1,1986,0,0,0,0,0,0,0,0,0,0
290767,3,1,1986,0,6,0,0,0,0,0,0,0,0
290768,1,1,1986,0,0,0,0,0,0,0,0,0,0
290769,1,1,1986,0,0,0,0,0,0,0,0,0,0
290770,1,1,1986,19,27,10,33,13,17,24,11,10,17
290770,2,1,1986,0,0,0,23,0,0,19,0,0,0
290771,0,1,1986,0,0,0,0,0,0,0,0,0,0
290771,1,1,1986,0,0,0,0,0,0,0,0,0,0
290772,1,1,1986,0,0,0,0,20,0,0,0,19,0
290773,1,1,1986,9,9,9,9,9,9,9,9,9,9
290774,1,1,1986,17,30,22,17,16,10,25,16,32,0
290775,1,1,1986,0,0,16,0,0,0,18,0,24,23
290775,2,1,1986,24,17,17,14,13,11,0,0,21,25
290776,1,1,1986,0,0,0,31,0,15,0,0,0,0
290776,2,1,1986,0,0,0,0,0,0,0,0,10,0
290777,1,1,1986,0,0,0,0,0,0,0,0,0,0
290778,1,1,1986,0,0,0,0,0,0,0,0,0,0
290779,1,1,1986,0,0,0,0,0,0,0,0,0,0
290779,2,1,1986,10,10,10,10,10,10,10,10,10,10
290780,0,1,1986,0,0,0,0,0,0,0,0,0,0
290780,1,1,1986,0,0,0,0,0,0,0,0,0,0
290781,1,1,1986,0,0,0,0,0,0,0,0,0,0
290782,1,1,1986,16,16,16,16,16,16,16,16,16,16
290783,1,1,1986,10,10,10,10,10,10,10,10,10,10
290784,1,1,1986,0,0,0,0,0,0,0,0,0,0
290785,1,1,1986,0,12,7,0,12,0,0,18,13,0
290785,2,1,1986,0,0,0,20,0,0,0,0,3,0
290786,1,1,1986,9,13,10,0,12,0,0,10,7,5
290786,2,1,1986,0,0,0,0,0,0,0,0,0,0
290787,1,1,1986,17,17,17,17,17,17,17,17,17,17
290788,1,1,1986,11,19,0,0,11,0,15,0,12,15
290789,1,1,1986,0,0,0,0,0,0,0,0,0,0
290790,1,1,1986,0,0,0,0,0,0,0,0,0,0
290790,2,1,1986,0,0,0,0,0,0,0,8,0,0
290791,1,1,1986,0,0,0,0,0,0,0,0,0,0
290791,2,1,1986,0,0,0,0,0,0,0,0,0,0
290792,1,1,1986,17,17,17,17,17,17,17,17,17,17
290793,1,1,1986,35,19,8,0,15,19,6,10,0,0
290794,1,1,1986,34,34,34,34,34,34,34,34,34,34
290794,2,1,1986,0,0,0,0,0,0,0,0,0,0
290795,0,1,1986,15,8,0,0,0,0,0,16,0,0
290795,1,1,1986,0,0,0,0,0,0,0,0,0,0
290796,1,1,1986,0,0,0,0,0,0,0,0,0,0
290797,1,1,1986,0,0,0,0,0,0,0,0,0,0
290797,2,1,1986,12,0,19,0,22,2,0,0,25,12
290798,0,1,1986,9,23,0,0,0,30,0,8,0,21
290798,1,1,1986,0,0,0,17,0,0,0,0,6,0
290799,1,1,1986,23,14,16,17,20,17,20,11,14,14
290800,1,1,1986,0,0,0,0,0,0,0,0,0,0
290800,2,1,1986,0,0,0,0,0,0,0,0,0,0
290801,0,1,1986,0,0,0,0,0,0,0,0,0,0
290801,1,1,1986,0,0,0,0,0,0,0,0,0,0
290802,0,1,1986,0,0,0,0,0,0,0,13,0,0
290802,1,1,1986,0,0,0,0,0,0,0,0,0,0
290803,1,1,1986,18,11,7,15,10,14,24,22,16,4
290804,1,1,1986,0,0,0,0,0,0,7,13,0,0
290804,2,1,1986,0,0,0,0,0,0,0,0,0,0
290805,1,1,1986,16,11,7,10,9,37,21,11,14,31
290806,1,1,1986,0,0,0,0,0,0,0,0,0,0
290807,1,1,1986,19,19,19,19,19,19,19,19,19,19
290808,1,1,1986,0,0,0,0,0,0,0,6,14,0
290808,2,1,1986,0,0,0,0,0,0,0,0,0,0
290809,1,1,1986,0,0,0,0,0,0,0,0,0,0
290809,2,1,1986,0,0,0,0,0,0,0,0,0,0
290810,1,1,1986,14,0,26,10,12,18,0,12,19,0
290811,1,1,1986,0,0,0,0,0,0,0,12,0,0
290811,2,1,1986,0,0,14,0,0,0,0,0,0,0
290812,0,1,1986,0,0,0,21,8,0,0,0,0,9
290812,1,1,1986,16,10,13,19,8,16,7,2,12,9
290813,1,1,1986,27,27,27,27,27,27,27,27,27,27
290815,1,1,1986,1,1,1,1,1,1,1,1,1,1
290816,1,1,1986,0,0,0,0,0,0,0,0,0,0
290817,1,1,1986,20,20,20,20,20,20,20,20,20,20
290818,1,1,1986,0,0,0,0,0,0,0,0,0,0
290818,2,1,1986,0,0,0,0,0,0,0,0,0,0
290819,1,1,1986,0,0,0,0,0,0,0,0,0,0
290819,2,1,1986,0,0,0,0,0,0,0,0,0,0
290820,1,1,1986,0,0,0,0,0,0,0,0,0,0
290820,2,1,1986,0,0,0,0,0,0,0,0,0,0
290821,1,1,1986,0,0,0,0,0,0,0,0,0,0
290821,2,1,1986,0,0,0,0,0,0,0,0,0,0
290822,1,1,1986,0,0,17,5,0,0,0,0,12,7
290823,1,1,1986,14,21,0,11,27,18,0,11,10,0
290824,1,1,1986,0,0,0,0,0,0,0,0,0,0
290824,2,1,1986,0,0,0,0,0,0,0,0,0,0
290825,1,1,1986,0,0,0,0,0,0,0,0,0,0
290826,1,1,1986,0,0,0,0,0,0,0,0,0,0
290826,2,1,1986,0,0,0,0,0,0,0,0,0,0
290827,1,1,1986,0,0,0,0,0,0,0,0,0,0
290827,2,1,1986,9,9,9,9,9,9,9,9,9,9
290828,0,1,1986,9,9,9,9,9,9,9,9,9,9
290828,1,1,1986,0,0,0,0,0,0,0,0,0,0
290829,1,1,1986,0,0,0,0,0,13,0,0,0,0
290829,2,1,1986,0,0,0,0,0,0,0,0,0,0
290830,1,1,1986,0,0,0,0,0,0,0,0,0,0
290830,2,1,1986,0,0,13,0,0,0,20,8,0,0
290830,3,1,1986,0,0,0,0,0,0,0,0,0,0
290831,1,1,1986,5,5,5,5,5,5,5,5,5,5
290832,1,1,1986,0,0,0,0,0,0,0,0,0,0
290832,2,1,1986,0,0,0,0,0,0,0,0,0,0
290833,0,1,1986,35,24,0,0,0,38,11,0,0,0
290833,1,1,1986,0,0,0,0,0,0,0,0,0,0
290834,0,1,1986,9,15,0,0,0,0,0,11,0,0
290834,1,1,1986,0,0,0,0,0,0,0,0,0,0
290835,1,1,1986,13,13,19,24,12,2,18,20,11,5
290836,1,1,1986,8,13,4,10,0,10,18,5,8,31
290837,1,1,1986,0,8,0,0,0,0,0,0,0,0
290837,2,1,1986,0,0,0,0,0,0,0,0,0,0
290838,1,1,1986,0,0,0,0,0,0,0,0,0,0
290838,2,1,1986,0,0,0,0,0,0,0,0,0,0
290839,0,1,1986,15,15,15,15,15,15,15,15,15,15
290839,1,1,1986,0,0,0,0,0,0,0,0,9,0
290840,1,1,1986,9,0,35,0,37,22,0,0,14,0
290840,2,1,1986,2,2,2,2,2,2,2,2,2,2
290841,1,1,1986,0,0,0,0,0,0,0,0,0,0
290842,1,1,1986,0,0,0,0,0,0,0,0,0,0
290842,2,1,1986,0,0,0,0,0,0,0,0,0,0
290842,3,1,1986,0,0,0,0,0,0,0,0,0,0
290842,4,1,1986,0,0,0,0,0,9,0,0,0,0
290842,5,1,1986,0,0,0,0,0,0,0,0,0,0
290842,6,1,1986,0,0,0,0,0,0,0,0,0,0
290842,7,1,1986,0,0,0,0,13,0,0,0,0,0
290843,0,1,1986,0,0,0,0,0,0,0,0,0,0
290843,1,1,1986,0,0,0,0,0,0,0,0,0,0
290844,1,1,1986,0,0,0,0,0,0,0,0,0,0
290844,2,1,1986,0,0,0,0,0,0,0,0,0,0
290845,1,1,1986,0,0,0,0,0,0,0,0,0,0
290845,2,1,1986,0,0,0,0,0,0,0,0,0,0
290846,1,1,1986,15,5,24,6,21,15,4,0,11,30
290847,1,1,1986,31,17,0,0,13,24,37,0,6,33
290848,1,1,1986,0,34,17,0,11,0,0,0,0,0
290849,1,1,1986,2,0,11,0,0,11,0,0,0,0
290849,2,1,1986,0,19,0,0,0,0,0,0,0,0
290850,1,1,1986,11,0,0,12,0,0,0,0,0,0
290850,2,1,1986,0,5,0,0,0,3,5,0,0,11
290851,1,1,1986,0,0,0,0,0,0,0,0,0,0
290853,1,1,1986,14,14,14,14,14,14,14,14,14,14
290853,2,1,1986,0,0,25,0,0,12,0,0,0,12
290854,1,1,1986,0,0,0,0,0,0,0,0,0,0
290854,2,1,1986,0,0,0,0,0,12,12,0,0,16
290854,3,1,1986,0,0,0,0,0,0,0,0,0,0
290855,1,1,1986,18,10,11,13,10,26,11,6,15,10
290856,1,1,1986,0,0,0,0,0,0,0,0,0,0
290857,1,1,1986,0,0,0,0,0,0,0,0,0,0
290857,2,1,1986,0,0,0,0,0,0,0,0,0,0
290858,1,1,1986,18,18,18,18,18,18,18,18,18,18
290859,1,1,1986,0,0,0,0,0,0,0,0,0,0
290860,1,1,1986,13,13,13,13,13,13,13,13,13,13
290861,1,1,1986,0,0,0,0,0,0,0,0,0,0
290862,1,1,1986,0,0,0,0,0,0,0,0,0,0
290862,2,1,1986,11,11,11,11,11,11,11,11,11,11
290862,3,1,1986,0,0,0,0,0,0,0,0,21,0
290863,1,1,1986,12,27,24,26,23,19,16,28,20,15
290864,1,1,1986,44,44,44,44,44,44,44,44,44,44
290865,1,1,1986,23,23,23,23,23,23,23,23,23,23
290866,1,1,1986,8,21,0,0,0,7,0,0,16,0
290866,2,1,1986,0,0,0,0,0,0,9,0,0,0
290867,1,1,1986,0,0,0,0,0,0,10,15,0,0
290867,2,1,1986,0,0,0,0,0,0,0,0,0,9
290868,0,1,1986,24,24,24,24,24,24,24,24,24,24
290868,1,1,1986,8,0,0,3,0,0,0,0,0,0
290869,1,1,1986,0,10,0,0,0,0,0,0,0,9
290869,2,1,1986,14,7,0,17,10,3,0,13,17,8