ST_CASE,VEH_NO,PER_NO,YEAR,P1,P2,P3,P4,P5,P6,P7,P8,P9,P10
300188,1,1,1986,27,27,27,27,27,27,27,27,27,27
300189,0,1,1986,26,26,26,26,26,26,26,26,26,26
300189,1,1,1986,0,7,2,7,28,22,22,12,7,7
300190,1,1,1986,0,0,0,15,0,0,0,0,0,0
300191,1,1,1986,0,0,0,0,0,0,0,0,0,0
300191,2,1,1986,0,15,0,0,0,0,0,0,0,0
300192,1,1,1986,2,2,2,2,2,2,2,2,2,2
300192,2,1,1986,0,0,0,0,0,0,0,0,0,0
300193,1,1,1986,29,25,38,18,26,20,35,16,9,30
300194,1,1,1986,26,26,26,26,26,26,26,26,26,26
310001,1,1,1986,13,13,13,13,13,13,13,13,13,13
310001,2,1,1986,23,23,23,23,23,23,23,23,23,23
310002,1,1,1986,0,0,0,0,0,0,0,0,0,0
310003,1,1,1986,0,0,0,0,0,0,0,0,0,0
310003,2,1,1986,0,0,0,0,0,0,0,0,0,0
310004,1,1,1986,0,24,0,0,0,0,0,0,18,0
310005,1,1,1986,0,0,0,0,10,0,0,0,0,0
310006,1,1,1986,21,21,21,21,21,21,21,21,21,21
310007,1,1,1986,0,0,0,0,0,0,0,0,0,0
310008,1,1,1986,14,14,14,14,14,14,14,14,14,14
310009,1,1,1986,0,0,0,0,0,0,0,0,0,0
310009,2,1,1986,0,0,0,0,0,0,0,0,0,0
310010,1,1,1986,10,10,10,10,10,10,10,10,10,10
310011,1,1,1986,0,0,0,0,0,0,32,0,0,0
310011,2,1,1986,0,0,0,0,0,0,0,0,0,0
310012,1,1,1986,4,4,4,4,4,4,4,4,4,4
310012,2,1,1986,0,0,0,0,0,0,0,0,0,0
310013,0,1,1986,14,14,14,14,14,14,14,14,14,14
310013,1,1,1986,0,0,0,0,0,0,0,0,0,0
310014,1,1,1986,0,0,0,0,0,0,0,0,0,0
310014,2,1,1986,0,0,0,0,0,0,0,0,0,0
310015,1,1,1986,19,19,19,19,19,19,19,19,19,19
310016,1,1,1986,0,0,0,0,0,0,0,0,0,0
310017,1,1,1986,25,25,25,25,25,25,25,25,25,25
310018,1,1,1986,0,0,0,0,0,0,0,0,0,0
310018,2,3,1986,0,0,0,0,0,0,0,0,0,0
310019,1,1,1986,0,0,0,0,0,0,0,0,0,0
310019,2,1,1986,0,0,0,0,0,0,0,0,0,0
310020,1,1,1986,9,9,9,9,9,9,9,9,9,9
310020,2,1,1986,0,0,0,0,0,0,0,0,0,0
310020,3,1,1986,5,0,0,0,0,0,0,0,0,0
310021,1,1,1986,0,0,0,0,0,0,0,0,0,0
310021,2,1,1986,5,5,5,5,5,5,5,5,5,5
310022,1,1,1986,23,19,7,11,24,11,24,22,28,17
310022,2,1,1986,0,0,0,0,0,0,0,0,0,0
310023,1,1,1986,0,0,0,0,0,0,0,0,0,0
310024,1,1,1986,26,26,26,26,26,26,26,26,26,26
310025,1,1,1986,0,0,0,0,0,0,0,0,0,0
310026,1,1,1986,0,0,0,0,0,0,0,0,0,0
310027,0,1,1986,0,0,10,16,7,0,19,20,0,21
310027,1,1,1986,0,30,0,0,0,0,0,0,3,0
310028,0,1,1986,0,23,0,15,10,28,0,0,0,0
310028,0,2,1986,16,16,17,0,0,0,0,14,0,0
310028,1,1,1986,22,22,22,22,22,22,22,22,22,22
310029,1,1,1986,0,0,0,0,0,0,0,0,0,0
310029,2,1,1986,0,0,0,0,0,0,0,0,0,0
310029,3,1,1986,31,31,31,31,31,31,31,31,31,31
310030,1,1,1986,0,0,0,0,0,0,0,0,0,0
310030,2,1,1986,0,0,0,0,0,0,0,0,0,0
310031,0,1,1986,0,0,0,0,0,0,0,0,0,0
310031,1,1,1986,0,0,0,0,0,0,0,0,0,0
310032,0,1,1986,0,0,0,0,0,0,0,0,0,0
310032,1,1,1986,0,0,0,0,0,0,0,0,0,0
310032,2,1,1986,0,0,0,0,0,0,0,0,0,0
310033,1,1,1986,0,0,0,0,0,0,0,0,0,0
310033,2,1,1986,0,0,0,0,0,0,0,0,0,0
310034,1,1,1986,9,9,9,9,9,9,9,9,9,9
310035,1,1,1986,25,10,26,16,27,35,21,24,22,23
310036,1,1,1986,0,0,0,0,0,0,0,0,0,0
310036,2,1,1986,0,0,0,0,0,0,0,0,0,0
310037,1,1,1986,0,0,0,0,0,0,0,0,0,0
310037,2,1,1986,0,0,0,0,0,0,0,0,0,0
310038,1,1,1986,0,0,0,0,0,0,0,0,0,0
310039,1,1,1986,0,0,0,0,0,0,0,0,0,0
310040,1,1,1986,0,0,0,0,0,0,0,0,0,0
310040,2,1,1986,13,13,13,13,13,13,13,13,13,13
310041,1,1,1986,0,0,19,0,0,0,0,0,0,0
310042,1,1,1986,0,0,0,0,0,0,0,0,0,0
310043,1,1,1986,0,0,0,0,0,0,0,0,0,0
310043,2,1,1986,25,25,25,25,25,25,25,25,25,25
310044,1,1,1986,15,15,15,15,15,15,15,15,15,15
310045,1,1,1986,16,16,16,16,16,16,16,16,16,16
310046,1,1,1986,0,0,0,0,0,18,0,0,0,0
310046,2,1,1986,0,0,0,0,0,0,0,0,0,0
310047,0,1,1986,0,0,0,0,0,0,0,0,0,0
310047,1,1,1986,0,0,0,0,0,0,0,0,0,0
310048,1,1,1986,0,0,0,0,0,0,0,0,0,0
310048,2,1,1986,0,0,0,0,0,0,0,0,0,0
310049,1,1,1986,6,0,0,4,0,0,0,0,0,16
310049,2,1,1986,0,0,0,0,0,0,0,0,0,0
310050,1,1,1986,0,0,0,0,0,0,0,0,0,0
310050,2,1,1986,16,16,16,16,16,16,16,16,16,16
310051,1,1,1986,0,0,22,14,18,0,15,13,0,6
310051,2,1,1986,0,0,0,0,0,0,0,0,0,0
310052,1,1,1986,7,7,7,7,7,7,7,7,7,7
310053,1,1,1986,0,0,0,0,0,0,0,0,0,0
310053,2,1,1986,0,0,0,0,0,0,0,17,0,0
310054,1,1,1986,0,0,0,0,0,0,0,0,0,0
310054,2,1,1986,0,0,0,0,0,0,0,0,0,0
310055,1,1,1986,0,0,0,0,0,13,0,0,0,0
310055,2,1,1986,0,0,0,0,0,0,0,0,0,0
310056,1,1,1986,8,8,8,8,8,8,8,8,8,8
310056,2,1,1986,0,0,0,0,0,0,0,0,0,0
310057,0,1,1986,0,0,0,0,0,0,0,0,0,0
310057,1,1,1986,0,0,0,0,0,0,0,0,0,0
310058,1,1,1986,0,0,0,0,0,0,0,0,0,0
310058,2,1,1986,0,0,10,0,0,0,0,0,0,0
310059,1,1,1986,0,0,0,0,0,0,0,0,0,0
310060,1,1,1986,45,45,45,45,45,45,45,45,45,45
310061,1,1,1986,0,0,0,0,0,0,0,0,0,0
310061,2,1,1986,0,0,0,0,0,0,0,0,0,0
310062,1,1,1986,0,0,0,0,0,0,0,0,0,0
310063,1,1,1986,0,0,0,0,0,0,0,0,0,0
310063,2,1,1986,0,0,0,0,0,0,0,0,0,0
310064,1,1,1986,0,0,0,0,0,0,0,0,0,0
310064,2,1,1986,0,0,0,0,0,0,0,0,0,0
310065,1,1,1986,4,4,4,4,4,4,4,4,4,4
310066,1,1,1986,0,0,0,0,0,0,0,0,0,0
310066,2,1,1986,0,0,0,0,0,0,0,0,0,0
310067,1,1,1986,0,0,0,0,0,0,0,0,0,0
310067,2,1,1986,0,0,0,0,0,0,0,0,0,0
310068,1,1,1986,0,0,0,0,0,0,0,0,0,0
310069,1,1,1986,0,6,15,18,0,0,0,0,0,0
310070,1,1,1986,3,3,3,3,3,3,3,3,3,3
310070,2,1,1986,0,0,0,0,0,0,0,0,0,0
310071,1,1,1986,19,19,19,19,19,19,19,19,19,19
310072,1,1,1986,0,0,0,0,0,0,0,0,0,0
310073,1,1,1986,16,16,16,16,16,16,16,16,16,16
310074,1,1,1986,0,0,0,0,0,0,0,0,0,0
310074,2,1,1986,0,0,0,0,0,0,0,0,0,0
310075,1,1,1986,21,13,15,12,14,24,37,19,16,8
310076,1,1,1986,0,0,0,0,0,0,0,0,0,0
310076,2,1,1986,0,0,0,0,0,0,0,0,0,0
310078,0,1,1986,0,0,0,0,0,0,10,20,0,13
310078,1,1,1986,0,0,0,0,0,0,0,0,0,0
310079,0,1,1986,10,10,10,10,10,10,10,10,10,10
310079,1,1,1986,6,21,0,0,17,13,12,15,0,12
310080,1,1,1986,0,0,0,0,0,0,0,0,0,0
310080,2,1,1986,0,0,0,0,0,0,0,0,0,0
310081,1,1,1986,0,0,0,0,0,0,0,0,0,0
310081,2,1,1986,0,0,0,0,0,0,0,0,0,0
310082,1,1,1986,24,24,24,24,24,24,24,24,24,24
310082,2,1,1986,0,0,0,0,0,0,0,0,0,0
310083,1,1,1986,9,9,9,9,9,9,9,9,9,9
310084,1,1,1986,16,16,16,16,16,16,16,16,16,16
310084,2,1,1986,5,5,5,5,5,5,5,5,5,5
310085,1,1,1986,0,0,0,0,0,0,0,0,0,0
310085,2,1,1986,0,0,0,0,0,0,0,0,0,0
310086,0,1,1986,0,0,0,0,0,0,0,0,0,0
310086,1,1,1986,0,0,0,0,0,0,0,0,0,0
310087,1,1,1986,0,0,0,0,0,0,0,0,0,0
310088,1,1,1986,0,0,0,0,0,0,0,0,0,0
310088,2,1,1986,0,0,0,0,0,12,0,0,0,0
310089,1,1,1986,0,0,0,0,0,0,0,0,0,0
310089,2,1,1986,0,0,0,0,0,0,0,0,0,0
310090,1,1,1986,0,0,0,0,0,0,0,0,0,0
310090,2,1,1986,0,0,0,0,0,0,0,0,0,0
310091,1,1,1986,0,0,0,0,0,0,0,0,0,0
310091,2,1,1986,0,0,0,0,0,0,0,0,0,0
310092,1,1,1986,0,0,0,0,0,0,0,0,0,0
310092,2,1,1986,0,0,0,0,0,0,0,0,0,0
310093,1,1,1986,0,0,0,0,0,0,0,0,0,0
310094,1,1,1986,14,14,14,14,14,14,14,14,14,14
310095,1,1,1986,0,0,0,0,0,0,0,0,0,0
310095,2,1,1986,11,9,26,15,18,9,12,14,14,14
310096,1,1,1986,6,6,6,6,6,6,6,6,6,6
310096,2,1,1986,0,0,0,0,0,0,0,0,0,0
310097,1,1,1986,0,0,0,0,0,0,0,0,0,0
310098,1,1,1986,0,0,0,0,0,0,0,0,0,0
310098,2,1,1986,0,0,0,0,0,0,0,0,0,0
310098,3,1,1986,0,0,0,0,0,0,0,0,0,0
310098,4,1,1986,0,0,0,0,0,0,0,0,0,0
310099,1,1,1986,0,0,0,0,0,0,0,0,0,0
310099,2,1,1986,0,0,0,0,0,0,0,0,0,0
310100,1,1,1986,17,17,17,17,17,17,17,17,17,17
310101,1,1,1986,13,13,13,13,13,13,13,13,13,13
310102,1,1,1986,0,0,0,0,0,0,0,0,0,0
310102,2,1,1986,20,20,20,20,20,20,20,20,20,20
310103,1,1,1986,0,0,0,0,0,0,0,0,0,0
310103,2,1,1986,0,0,0,0,0,0,0,0,0,0
310104,1,1,1986,0,0,0,0,0,0,0,0,0,0
310104,2,1,1986,0,0,0,0,0,0,0,0,0,0
310105,1,1,1986,20,20,20,20,20,20,20,20,20,20
310105,2,1,1986,19,19,19,19,19,19,19,19,19,19
310105,3,1,1986,2,2,2,2,2,2,2,2,2,2
310106,1,1,1986,30,30,30,30,30,30,30,30,30,30
310107,1,1,1986,23,23,23,23,23,23,23,23,23,23
310108,1,1,1986,0,0,0,0,0,0,0,0,0,0
310109,0,1,1986,0,0,0,0,0,0,0,0,0,0
310109,0,2,1986,0,0,0,0,0,0,0,0,0,0
310109,1,1,1986,0,0,0,0,0,0,0,0,0,0
310110,1,1,1986,11,11,11,11,11,11,11,11,11,11
310110,2,1,1986,20,20,20,20,20,20,20,20,20,20
310111,1,1,1986,21,21,21,21,21,21,21,21,21,21
310111,2,1,1986,18,12,0,0,7,0,0,7,0,0
310113,1,1,1986,0,0,0,0,0,0,0,0,0,0
310114,1,1,1986,2,2,2,2,2,2,2,2,2,2
310116,1,1,1986,0,0,0,0,0,0,0,0,0,0
310116,2,1,1986,0,0,0,0,0,0,0,0,0,0
310117,1,2,1986,23,23,23,23,23,23,23,23,23,23
310117,2,1,1986,0,0,0,0,0,0,0,0,0,0
310118,1,1,1986,17,17,17,17,17,17,17,17,17,17
310119,1,1,1986,0,0,0,0,0,0,0,0,0,0
310119,2,1,1986,0,0,0,0,0,0,0,0,0,0
310120,1,1,1986,11,11,11,11,11,11,11,11,11,11
310121,1,1,1986,11,11,11,11,11,11,11,11,11,11
310121,2,1,1986,0,0,0,0,0,0,0,0,0,0
310122,1,1,1986,23,23,23,23,23,23,23,23,23,23
310123,1,1,1986,0,0,17,10,13,17,11,0,0,0
310124,1,1,1986,0,0,0,0,0,0,0,0,0,0
310124,2,1,1986,0,0,0,0,0,0,0,0,0,0
310125,1,1,1986,0,0,0,0,0,0,0,0,0,0
310125,2,1,1986,16,16,16,16,16,16,16,16,16,16
310126,1,1,1986,10,10,10,10,10,10,10,10,10,10
310126,2,1,1986,0,0,0,0,0,0,0,0,0,0
310127,1,1,1986,20,20,20,20,20,20,20,20,20,20
310128,1,1,1986,0,0,0,0,0,0,0,0,0,0
310128,2,1,1986,0,0,0,0,0,0,0,0,0,0
310129,1,1,1986,10,10,10,10,10,10,10,10,10,10
310129,2,1,1986,0,0,0,0,0,0,0,0,0,0
310130,1,1,1986,0,0,0,0,0,0,0,0,0,0
310130,2,1,1986,0,0,0,0,0,0,0,0,0,0
310131,0,1,1986,7,7,7,7,7,7,7,7,7,7
310131,1,1,1986,4,4,4,4,4,4,4,4,4,4
310132,1,1,1986,0,0,0,0,0,0,0,0,0,0
310132,2,1,1986,0,0,0,0,0,0,0,0,0,0
310133,1,1,1986,16,16,16,16,16,16,16,16,16,16
310134,1,1,1986,0,0,0,0,0,0,0,0,0,0
310134,2,1,1986,0,0,0,0,0,0,0,0,0,0
310135,1,1,1986,0,13,4,27,0,0,0,13,0,0
310135,2,1,1986,0,0,0,0,0,0,0,0,0,0
310136,0,1,1986,5,5,5,5,5,5,5,5,5,5
310136,1,1,1986,6,6,6,6,6,6,6,6,6,6
310137,1,1,1986,0,0,0,0,0,0,0,0,0,0
310137,2,1,1986,0,0,0,0,0,0,0,0,0,0
310137,3,1,1986,7,7,7,7,7,7,7,7,7,7
310138,1,1,1986,0,0,0,0,0,0,0,0,0,0
310139,1,1,1986,0,0,0,0,0,0,0,0,0,0
310139,2,1,1986,0,0,0,0,0,0,0,0,0,0
310140,1,1,1986,0,0,0,0,0,0,0,0,0,0
310140,2,1,1986,0,0,0,0,0,0,0,0,0,0
310141,1,1,1986,12,12,12,12,12,12,12,12,12,12
310142,1,1,1986,0,11,0,0,0,15,0,0,0,12
310142,2,1,1986,10,0,0,0,0,0,0,0,0,0
310142,3,1,1986,0,0,0,0,0,0,0,0,0,0
310143,1,1,1986,0,0,0,0,0,0,0,0,0,0
310144,1,1,1986,14,14,14,14,14,14,14,14,14,14
310145,1,1,1986,18,28,7,13,24,19,25,12,21,33
310146,1,1,1986,15,15,15,15,15,15,15,15,15,15
310147,0,1,1986,0,0,0,0,0,0,0,0,0,0
310147,1,1,1986,0,0,0,0,0,0,0,0,0,0
310148,1,1,1986,19,19,19,19,19,19,19,19,19,19
310149,1,1,1986,7,7,7,7,7,7,7,7,7,7
310150,1,1,1986,0,0,0,0,0,0,0,0,0,0
310150,2,1,1986,0,0,0,0,0,0,0,0,0,0
310151,1,1,1986,15,15,15,15,15,15,15,15,15,15
310152,1,1,1986,0,0,0,9,0,0,0,0,0,0
310153,1,1,1986,28,0,13,5,9,0,14,23,13,0
310153,2,1,1986,12,20,20,0,0,34,10,0,0,0
310154,1,1,1986,0,0,0,0,0,0,0,0,0,0
310154,2,1,1986,0,0,0,0,0,0,0,0,0,0
310155,1,1,1986,0,0,0,0,0,0,0,0,0,0
310155,2,1,1986,0,0,0,0,0,0,0,0,0,0
310156,1,1,1986,17,17,17,17,17,17,17,17,17,17
310157,0,1,1986,15,15,15,15,15,15,15,15,15,15
310157,1,1,1986,14,14,14,14,14,14,14,14,14,14
310158,0,1,1986,0,0,10,0,17,0,11,0,10,0
310158,0,2,1986,22,0,23,38,0,0,11,0,12,0
310158,0,3,1986,0,0,0,0,0,0,0,0,0,0
310158,1,1,1986,0,0,0,0,0,0,0,0,0,0
310159,1,1,1986,13,6,8,19,18,17,24,18,14,29
310159,2,1,1986,0,0,0,0,0,0,0,0,0,0
310160,1,1,1986,18,18,18,18,18,18,18,18,18,18
310161,1,1,1986,0,0,0,0,0,0,0,0,0,0
310161,2,1,1986,2,2,2,2,2,2,2,2,2,2
310161,3,1,1986,0,0,0,0,0,0,0,0,0,0
310161,4,1,1986,0,11,0,0,0,0,7,0,0,7
310162,1,1,1986,20,20,20,20,20,20,20,20,20,20
310163,1,1,1986,0,0,0,0,0,0,0,0,0,0
310164,1,1,1986,0,0,0,0,0,0,0,0,0,0
310165,1,1,1986,2,2,2,2,2,2,2,2,2,2
310165,2,1,1986,0,0,0,0,0,0,0,0,0,0
310165,3,1,1986,0,0,0,0,0,0,0,0,0,0
310166,1,1,1986,10,10,10,10,10,10,10,10,10,10
310166,2,1,1986,0,0,0,0,0,0,0,0,0,0
310167,1,1,1986,0,0,0,0,0,0,0,0,0,0
310167,2,1,1986,0,0,0,0,0,0,0,0,0,0
310168,1,1,1986,0,0,0,0,0,0,0,0,0,0
310169,1,1,1986,0,0,0,0,0,0,0,0,0,0
310170,0,1,1986,0,0,0,0,0,0,0,0,0,0
310170,1,1,1986,0,0,0,0,0,0,0,0,0,0
310171,1,1,1986,0,0,0,0,0,0,0,0,0,0
310172,1,1,1986,10,10,10,10,10,10,10,10,10,10
310173,1,1,1986,0,0,0,0,0,0,0,0,27,0
310174,1,1,1986,9,9,9,9,9,9,9,9,9,9
310175,1,1,1986,21,21,21,21,21,21,21,21,21,21
310176,1,1,1986,5,5,5,5,5,5,5,5,5,5
310177,1,1,1986,0,0,0,0,0,0,0,0,0,0
310177,2,1,1986,9,9,9,9,9,9,9,9,9,9
310178,1,1,1986,0,0,0,0,0,0,0,0,0,0
310178,2,1,1986,0,0,0,0,0,0,0,0,0,0
310178,3,1,1986,0,0,0,0,0,0,0,0,0,0
310179,0,1,1986,0,0,0,0,0,0,0,0,0,0
310179,1,1,1986,27,27,27,27,27,27,27,27,27,27
310180,0,1,1986,0,0,0,0,0,0,0,0,0,0
310180,1,1,1986,0,0,0,0,0,0,0,0,0,0
310181,1,1,1986,0,0,0,0,0,0,0,0,0,0
310182,0,1,1986,0,0,13,5,0,0,11,19,8,0
310182,1,1,1986,23,23,23,23,23,23,23,23,23,23
310183,1,1,1986,10,10,10,10,10,10,10,10,10,10
310184,1,1,1986,4,4,4,4,4,4,4,4,4,4
310185,1,1,1986,6,19,15,17,14,0,8,13,11,11
310186,1,1,1986,0,0,0,0,0,0,0,0,0,0
310186,2,1,1986,20,20,20,20,20,20,20,20,20,20
310187,1,1,1986,2,2,2,2,2,2,2,2,2,2
310187,2,1,1986,0,0,0,0,0,0,0,0,0,0
310188,1,1,1986,0,0,0,0,0,0,0,0,24,0
310188,2,1,1986,0,0,0,0,0,0,0,0,0,0
310189,1,1,1986,0,0,0,0,0,0,0,0,0,0
310189,2,1,1986,0,0,0,0,0,0,0,0,0,0
310190,1,1,1986,20,20,20,20,20,20,20,20,20,20
310191,1,1,1986,14,14,0,5,0,0,13,0,16,24
310192,1,1,1986,0,0,14,0,0,0,0,0,0,0
310192,2,1,1986,0,0,0,0,0,0,0,0,0,0
310193,1,1,1986,0,0,0,0,0,0,0,0,0,0
310195,1,1,1986,0,0,0,0,0,0,0,0,0,0
310196,1,1,1986,12,12,12,12,12,12,12,12,12,12
310197,1,1,1986,0,0,0,0,0,0,0,0,0,0
310197,2,1,1986,20,20,20,20,20,20,20,20,20,20
310198,1,1,1986,26,26,26,26,26,26,26,26,26,26
310198,2,1,1986,17,17,17,17,17,17,17,17,17,17
310199,0,1,1986,0,0,0,0,0,0,0,0,0,0
310199,1,1,1986,0,0,0,0,0,0,0,0,0,0
310200,1,1,1986,0,0,0,0,0,0,0,0,0,0
310200,2,1,1986,0,0,0,0,0,0,0,0,0,0
310201,0,1,1986,0,0,0,0,0,0,0,0,0,0
310201,1,1,1986,0,0,0,0,0,0,0,0,0,0
310202,1,1,1986,30,30,30,30,30,30,30,30,30,30
310203,1,1,1986,0,0,0,0,0,0,0,0,0,0
310203,2,1,1986,0,0,0,0,0,0,0,0,0,0
310204,1,1,1986,0,0,0,0,0,0,0,0,0,0
310205,1,1,1986,0,0,0,0,0,0,0,0,0,0
310205,2,1,1986,0,0,0,0,0,0,0,0,0,0
310206,1,1,1986,9,9,9,9,9,9,9,9,9,9
310207,1,1,1986,25,25,25,25,25,25,25,25,25,25
310208,1,1,1986,0,0,0,0,0,0,0,0,0,0
310208,2,1,1986,0,0,0,0,0,0,0,0,0,0
310209,1,1,1986,0,0,0,0,0,0,0,0,0,0
310209,2,1,1986,0,0,0,0,0,0,0,0,0,0
310210,1,1,1986,2,2,2,2,2,2,2,2,2,2
310210,2,1,1986,0,0,0,0,0,0,0,0,0,0
310211,1,1,1986,9,9,9,9,9,9,9,9,9,9
310211,2,1,1986,12,12,12,12,12,12,12,12,12,12
310211,3,1,1986,6,6,6,6,6,6,6,6,6,6
310212,1,1,1986,0,0,0,0,0,0,0,0,0,0
310212,2,1,1986,0,0,0,0,0,0,0,0,0,0
310213,1,1,1986,20,20,20,20,20,20,20,20,20,20
310215,1,1,1986,7,7,7,7,7,7,7,7,7,7
310215,2,1,1986,0,0,0,0,0,0,0,0,0,0
310216,1,1,1986,0,0,0,0,0,0,0,0,0,0
310216,2,1,1986,0,0,0,0,0,0,0,0,0,0
310217,1,1,1986,27,27,27,27,27,27,27,27,27,27
310217,2,1,1986,0,0,0,0,0,0,0,0,0,0
310218,1,1,1986,2,2,2,2,2,2,2,2,2,2
310218,2,1,1986,21,21,21,21,21,21,21,21,21,21
310219,0,1,1986,5,5,5,5,5,5,5,5,5,5
310219,1,1,1986,14,14,14,14,14,14,14,14,14,14
310220,0,1,1986,8,8,8,8,8,8,8,8,8,8
310220,1,1,1986,5,5,5,5,5,5,5,5,5,5
310221,1,1,1986,0,0,0,0,0,0,0,0,0,0
310221,2,1,1986,0,0,0,0,0,0,0,0,0,0
310221,3,1,1986,0,0,0,0,0,0,0,0,0,0
310222,1,2,1986,0,5,0,14,0,0,14,0,14,14
310223,1,1,1986,0,0,0,0,0,0,0,0,0,0
310223,2,1,1986,0,0,0,0,0,0,0,0,0,0
310224,1,1,1986,0,0,0,0,0,0,0,0,0,0
310224,2,1,1986,17,17,17,17,17,17,17,17,17,17
310225,0,1,1986,0,0,22,0,0,0,0,8,0,20
310225,1,1,1986,0,0,0,0,0,0,0,0,0,0
310226,1,1,1986,4,4,4,4,4,4,4,4,4,4
310227,1,1,1986,0,0,0,0,0,0,0,0,0,0
310227,2,1,1986,0,0,0,0,0,0,0,0,0,0
310228,1,1,1986,0,0,0,0,0,0,0,0,0,0
310228,2,1,1986,0,0,0,0,0,0,0,0,0,0
310229,1,1,1986,0,0,0,0,0,0,0,0,0,0
310230,1,1,1986,18,18,18,18,18,18,18,18,18,18
310230,2,1,1986,0,0,0,0,0,0,0,0,0,0
310231,1,1,1986,0,0,0,0,0,0,0,0,0,0
310231,2,1,1986,8,8,8,8,8,8,8,8,8,8
310232,1,1,1986,0,0,0,0,0,0,0,0,0,0
310233,1,1,1986,0,0,0,0,0,27,0,0,0,19
310234,1,1,1986,12,12,12,12,12,12,12,12,12,12
310235,1,1,1986,28,28,28,28,28,28,28,28,28,28
310237,0,1,1986,12,0,0,0,0,0,0,26,23,0
310237,1,1,1986,5,11,0,0,4,0,19,0,0,0
310238,1,1,1986,0,0,0,0,0,19,0,0,0,0
310238,2,1,1986,0,0,34,0,0,13,0,0,50,23
310239,1,1,1986,0,0,0,0,0,0,0,0,0,9
310239,2,1,1986,0,0,0,0,0,0,0,0,0,0
310240,1,1,1986,0,0,22,0,17,18,0,19,0,0
310240,2,1,1986,0,3,0,0,0,0,0,0,0,0
310241,1,1,1986,0,0,0,0,0,0,0,0,0,0
310241,2,1,1986,0,0,0,0,0,0,0,0,0,0
310241,3,1,1986,0,0,0,0,0,0,0,0,0,0
310243,1,1,1986,0,0,0,0,0,0,0,0,0,0
310244,1,1,1986,34,34,34,34,34,34,34,34,34,34
310244,2,1,1986,0,0,0,0,0,0,0,0,0,0
310245,1,1,1986,25,25,25,25,25,25,25,25,25,25
310246,1,1,1986,0,0,0,0,0,0,0,0,0,0
310246,2,1,1986,0,0,0,0,0,0,0,0,0,0
310247,1,1,1986,0,0,0,0,0,0,0,0,0,0
310248,1,1,1986,0,0,0,0,0,0,0,0,0,0
310248,2,1,1986,0,0,0,0,0,0,0,0,0,0
310249,1,1,1986,0,0,0,0,0,0,0,0,0,0
310250,1,1,1986,0,0,0,0,0,0,0,0,0,0
310250,2,1,1986,0,0,0,0,0,0,0,0,0,0
310251,1,1,1986,0,0,0,0,0,0,0,0,0,0
310251,2,1,1986,0,0,0,0,0,0,0,0,0,0
310252,1,1,1986,0,0,0,0,0,0,0,0,0,0
310252,2,1,1986,0,0,0,0,0,0,0,0,0,0
310252,3,1,1986,0,0,0,0,0,0,0,0,0,0
310253,1,1,1986,22,22,22,22,22,22,22,22,22,22
310254,1,1,1986,13,13,13,13,13,13,13,13,13,13
310255,1,1,1986,0,0,0,0,0,0,0,0,0,0
310256,1,1,1986,0,0,0,0,0,0,0,0,0,0
310256,2,1,1986,0,0,0,0,0,0,0,0,9,0
310257,1,1,1986,19,19,19,19,19,19,19,19,19,19
310258,1,1,1986,20,20,20,20,20,20,20,20,20,20
310258,2,1,1986,0,0,0,0,0,0,0,0,0,0
310259,1,1,1986,12,21,0,6,14,25,0,26,13,17
310259,2,1,1986,0,0,0,0,0,0,0,0,0,0
310260,1,1,1986,0,0,0,0,0,0,0,0,0,0
310260,2,1,1986,0,0,0,0,0,0,0,0,0,0
310261,1,1,1986,0,0,0,0,0,0,0,0,0,0
310262,1,1,1986,33,33,33,33,33,33,33,33,33,33
310263,1,1,1986,19,19,19,19,19,19,19,19,19,19
310264,1,1,1986,21,0,0,17,0,0,23,0,3,0
310265,1,1,1986,0,0,0,0,0,0,0,0,0,0
310265,2,1,1986,0,0,0,0,0,0,0,0,0,0
310266,0,1,1986,12,18,13,22,12,3,0,21,17,9
310266,1,1,1986,0,0,0,0,0,0,0,0,4,0
320001,1,1,1986,0,0,7,0,19,0,0,0,17,0
320001,2,1,1986,0,0,0,0,0,0,5,0,0,0
320002,1,1,1986,28,28,28,28,28,28,28,28,28,28
320002,2,1,1986,4,4,4,4,4,4,4,4,4,4
320003,1,1,1986,2,2,2,2,2,2,2,2,2,2
320003,2,1,1986,0,0,13,0,0,11,0,0,0,26
320004,1,1,1986,0,0,0,0,0,0,0,0,0,0
320004,2,1,1986,0,0,0,0,0,0,0,0,0,0
320005,0,1,1986,0,0,0,0,0,0,0,0,0,0
320005,1,1,1986,15,17,20,0,0,0,0,0,0,25
320006,0,1,1986,0,0,0,0,0,0,0,0,0,0
320006,1,1,1986,0,0,9,0,2,0,0,17,0,23
320007,1,1,1986,39,39,39,39,39,39,39,39,39,39
320008,0,1,1986,37,37,37,37,37,37,37,37,37,37
320008,1,1,1986,9,7,5,9,15,0,0,15,3,15
320010,0,1,1986,0,0,0,0,0,0,0,0,0,0
320010,0,2,1986,16,29,16,15,0,0,0,0,0,0
320010,1,1,1986,0,0,0,0,0,0,0,0,0,0
320011,1,1,1986,21,21,21,21,21,21,21,21,21,21
320012,1,1,1986,15,15,15,15,15,15,15,15,15,15
320013,1,1,1986,5,5,5,5,5,5,5,5,5,5
320014,0,1,1986,0,0,0,0,0,0,0,0,0,0
320014,1,1,1986,0,0,0,0,0,0,0,0,0,0