ST_CASE,VEH_NO,PER_NO,YEAR,P1,P2,P3,P4,P5,P6,P7,P8,P9,P10
340236,1,1,1986,0,0,0,0,0,0,0,0,0,0
340237,0,1,1986,0,0,0,0,0,0,0,0,0,0
340237,1,1,1986,0,0,11,0,0,6,0,12,18,6
340238,0,1,1986,7,7,7,7,7,7,7,7,7,7
340238,1,1,1986,0,2,0,0,0,14,18,0,25,0
340239,1,1,1986,0,0,0,0,0,0,0,0,0,0
340239,2,1,1986,0,0,0,0,0,0,0,0,0,0
340240,1,1,1986,0,0,0,0,0,0,0,0,0,0
340240,2,1,1986,0,0,0,0,0,0,0,0,0,0
340240,3,1,1986,0,0,0,0,0,0,0,0,0,12
340241,1,1,1986,11,11,11,11,11,11,11,11,11,11
340242,1,1,1986,0,0,0,0,0,0,0,0,0,0
340242,2,1,1986,0,0,0,0,0,0,0,0,0,0
340243,1,1,1986,27,27,27,27,27,27,27,27,27,27
340244,0,1,1986,3,3,3,3,3,3,3,3,3,3
340244,1,1,1986,0,0,0,0,0,0,2,0,0,0
340245,1,1,1986,0,0,0,0,0,0,0,0,0,0
340246,1,1,1986,0,0,0,0,0,2,0,0,0,0
340246,2,1,1986,0,0,0,0,0,0,0,0,4,0
340246,3,1,1986,0,0,0,0,0,0,0,0,0,0
340246,4,1,1986,0,0,0,0,0,0,0,0,0,17
340247,1,1,1986,13,13,13,13,13,13,13,13,13,13
340248,0,1,1986,0,0,0,0,0,0,0,0,0,0
340248,1,1,1986,0,0,0,0,0,0,0,0,0,0
340249,1,1,1986,0,0,0,0,0,0,0,0,0,0
340249,2,1,1986,10,10,10,10,10,10,10,10,10,10
340250,1,1,1986,14,14,14,14,14,14,14,14,14,14
340251,0,1,1986,0,0,28,0,0,24,0,17,11,0
340251,1,1,1986,0,0,0,0,0,0,0,0,0,0
340251,2,1,1986,0,0,0,0,0,16,9,0,0,0
340252,0,1,1986,0,0,0,0,0,0,0,0,0,0
340252,1,1,1986,0,0,0,0,0,0,0,0,0,0
340253,1,1,1986,1,1,1,1,1,1,1,1,1,1
340254,1,1,1986,0,0,0,0,0,0,0,0,0,0
340255,0,1,1986,27,27,27,27,27,27,27,27,27,27
340255,1,1,1986,0,0,0,0,0,0,0,0,0,0
340257,1,1,1986,24,0,0,16,0,0,0,0,0,0
340257,2,1,1986,0,0,0,0,0,0,0,0,0,0
340259,0,1,1986,0,0,0,0,0,0,0,0,0,0
340259,1,1,1986,5,5,5,5,5,5,5,5,5,5
340260,1,1,1986,0,0,0,0,0,0,0,17,0,0
340260,2,1,1986,0,0,0,0,0,0,0,0,0,0
340260,3,1,1986,4,4,4,4,4,4,4,4,4,4
340262,1,1,1986,0,0,0,0,0,0,0,0,0,0
340262,2,1,1986,0,0,0,0,0,0,0,0,0,0
340263,1,1,1986,18,18,18,18,18,18,18,18,18,18
340263,2,1,1986,0,0,0,0,0,24,0,6,0,0
340263,3,1,1986,0,0,0,0,0,0,0,0,0,0
340264,1,1,1986,18,18,18,18,18,18,18,18,18,18
340265,0,1,1986,0,0,0,0,0,0,0,0,0,0
340265,1,1,1986,0,0,0,0,0,0,0,0,0,0
340266,0,1,1986,0,0,10,0,23,0,0,0,12,0
340266,0,2,1986,0,0,0,0,0,0,0,0,0,0
340266,1,1,1986,0,0,0,0,0,0,0,0,0,0
340267,1,1,1986,0,0,0,0,0,0,0,0,0,0
340267,2,1,1986,0,0,0,0,0,0,0,0,0,0
340268,1,1,1986,0,0,0,0,0,0,0,0,0,0
340269,1,1,1986,0,0,0,0,0,0,0,0,0,0
340269,2,1,1986,0,0,0,0,0,0,0,0,0,0
340270,1,1,1986,0,0,0,0,0,0,0,0,0,0
340270,2,1,1986,0,0,0,0,0,0,0,0,0,0
340271,1,1,1986,0,0,0,0,0,0,0,0,0,4
340271,2,1,1986,19,8,9,12,0,17,29,24,17,35
340272,0,1,1986,35,35,35,35,35,35,35,35,35,35
340272,1,1,1986,0,0,0,0,0,0,0,0,0,0
340273,0,1,1986,26,31,0,36,12,0,27,12,21,6
340273,1,1,1986,0,0,0,0,0,0,0,11,0,0
340274,1,1,1986,0,0,0,0,0,0,0,0,0,0
340274,2,1,1986,0,0,0,0,0,0,0,0,0,0
340275,1,1,1986,20,20,20,20,20,20,20,20,20,20
340275,2,1,1986,0,10,0,0,0,0,0,0,0,0
340275,3,1,1986,0,0,0,0,0,0,0,0,0,0
340276,0,1,1986,15,15,15,15,15,15,15,15,15,15
340276,1,1,1986,0,0,0,0,0,0,0,0,10,0
340277,0,1,1986,24,24,24,24,24,24,24,24,24,24
340277,1,1,1986,1,1,1,1,1,1,1,1,1,1
340278,0,1,1986,0,0,0,0,0,0,0,0,0,0
340278,0,2,1986,0,0,0,0,0,0,0,0,0,5
340278,1,1,1986,7,7,7,7,7,7,7,7,7,7
340279,0,1,1986,0,0,0,0,0,0,0,0,0,0
340279,1,1,1986,0,0,0,0,0,0,0,0,0,0
340280,0,1,1986,25,25,25,25,25,25,25,25,25,25
340280,1,1,1986,0,0,0,0,0,0,0,0,0,0
340280,2,1,1986,0,5,18,0,0,12,5,0,0,0
340280,3,1,1986,0,0,0,0,0,0,0,0,0,0
340281,1,1,1986,3,3,3,3,3,3,3,3,3,3
340281,2,1,1986,11,11,11,11,11,11,11,11,11,11
340282,1,1,1986,0,0,0,0,0,0,0,0,0,0
340282,2,1,1986,0,0,0,0,0,0,0,0,0,0
340283,1,1,1986,0,0,0,0,0,0,0,0,0,0
340283,2,1,1986,0,0,0,0,0,0,0,0,0,0
340283,3,1,1986,0,0,0,0,0,0,0,0,0,0
340285,1,1,1986,0,0,0,0,0,0,0,0,0,0
340285,2,1,1986,0,0,0,0,0,0,0,0,0,0
340287,1,1,1986,0,0,8,15,0,14,0,0,0,0
340287,2,1,1986,0,0,0,0,0,0,0,0,0,0
340288,1,1,1986,15,15,15,15,15,15,15,15,15,15
340288,2,1,1986,0,0,0,0,0,0,0,0,0,0
340289,1,1,1986,0,0,0,0,0,0,0,0,0,0
340289,2,1,1986,0,0,0,0,0,0,0,0,0,0
340290,0,1,1986,0,0,0,0,0,0,0,0,0,0
340290,1,1,1986,1,1,1,1,1,1,1,1,1,1
340291,1,1,1986,21,21,21,21,21,21,21,21,21,21
340292,0,1,1986,0,0,0,0,0,0,0,0,0,0
340292,0,2,1986,0,0,0,0,0,0,0,0,13,0
340292,0,3,1986,0,0,0,0,0,0,0,0,0,0
340292,0,4,1986,0,0,0,0,0,0,0,0,0,0
340292,1,1,1986,16,16,16,16,16,16,16,16,16,16
340292,2,1,1986,0,0,0,0,0,0,11,0,0,0
340293,1,1,1986,0,0,0,0,0,0,0,0,0,0
340293,2,1,1986,0,0,0,0,0,0,0,0,0,0
340294,1,1,1986,0,0,0,0,0,0,0,0,0,0
340295,1,1,1986,0,10,16,0,0,0,0,0,0,15
340295,2,1,1986,0,0,0,0,0,0,0,0,0,0
340296,1,1,1986,12,12,12,12,12,12,12,12,12,12
340297,0,1,1986,0,0,0,0,0,0,0,0,0,0
340297,1,1,1986,0,0,7,11,0,19,18,0,0,12
340298,1,1,1986,0,0,0,0,0,14,23,0,30,25
340298,2,1,1986,0,0,0,3,0,0,0,0,0,0
340300,1,1,1986,7,7,7,7,7,7,7,7,7,7
340300,2,1,1986,16,16,16,16,16,16,16,16,16,16
340301,1,1,1986,18,18,18,18,18,18,18,18,18,18
340301,2,1,1986,0,0,0,0,0,0,0,0,0,0
340302,1,1,1986,17,17,17,17,17,17,17,17,17,17
340303,1,1,1986,0,0,0,0,0,0,0,0,0,0
340304,1,1,1986,0,0,0,0,0,0,0,0,0,0
340304,2,1,1986,0,0,0,0,0,0,0,13,0,3
340305,0,1,1986,0,0,0,0,0,0,0,0,0,0
340305,1,1,1986,0,0,0,0,0,0,0,0,0,0
340306,1,1,1986,0,0,0,0,0,0,0,3,0,0
340307,0,1,1986,0,0,0,0,0,0,0,0,0,0
340307,1,1,1986,0,0,0,0,0,0,0,0,10,0
340308,0,1,1986,0,0,0,0,0,0,0,0,0,0
340308,1,1,1986,31,19,0,0,0,18,0,2,18,19
340309,1,1,1986,0,0,0,0,0,0,0,0,0,0
340309,2,1,1986,0,0,0,0,0,0,0,0,0,0
340309,3,1,1986,0,0,0,0,0,0,0,0,0,0
340309,4,1,1986,0,0,0,0,0,0,0,0,0,0
340309,5,1,1986,0,0,0,0,0,0,0,0,0,0
340310,0,1,1986,0,0,0,0,0,0,0,0,0,0
340310,1,1,1986,0,0,0,0,19,0,0,13,0,0
340311,1,1,1986,0,0,0,0,0,0,0,0,0,0
340311,2,1,1986,0,0,0,0,0,0,0,0,0,0
340311,3,1,1986,0,0,0,0,0,0,0,0,0,0
340312,1,1,1986,20,20,20,20,20,20,20,20,20,20
340312,2,1,1986,19,19,19,19,19,19,19,19,19,19
340313,1,1,1986,25,0,0,29,16,0,0,21,0,11
340314,0,1,1986,0,0,0,0,0,0,0,0,0,0
340314,1,1,1986,0,0,0,0,0,0,0,0,0,0
340315,0,1,1986,20,20,20,20,20,20,20,20,20,20
340315,1,1,1986,0,18,0,8,0,0,0,4,17,13
340316,1,1,1986,0,1,0,0,0,0,0,0,0,0
340316,2,1,1986,0,0,0,0,0,0,0,0,0,0
340316,3,1,1986,0,6,12,0,0,0,0,21,0,0
340316,4,1,1986,0,0,0,0,0,0,0,0,0,0
340317,1,1,1986,0,0,0,0,0,0,0,0,0,0
340317,2,1,1986,0,0,0,0,0,0,0,0,0,0
340318,1,1,1986,0,0,0,0,0,0,0,0,0,0
340318,2,1,1986,0,0,0,0,0,0,0,0,0,0
340318,3,1,1986,0,0,0,0,0,0,0,0,0,10
340319,0,1,1986,0,0,0,0,0,0,0,0,0,0
340319,1,1,1986,0,0,12,0,0,0,0,21,0,16
340320,1,1,1986,9,9,9,9,9,9,9,9,9,9
340321,1,1,1986,12,12,12,12,12,12,12,12,12,12
340322,1,1,1986,0,0,0,0,0,0,0,0,0,0
340323,0,1,1986,0,0,0,0,0,0,0,0,0,0
340323,1,1,1986,0,0,0,0,0,0,0,0,13,0
340324,1,1,1986,0,6,0,0,0,0,0,0,0,0
340324,2,1,1986,0,0,0,0,0,0,0,0,0,0
340325,0,1,1986,0,0,0,0,0,0,0,0,0,0
340325,1,1,1986,16,16,16,16,16,16,16,16,16,16
340326,1,1,1986,0,0,0,28,33,17,0,15,11,14
340327,0,1,1986,9,9,9,9,9,9,9,9,9,9
340327,1,1,1986,0,0,0,0,0,0,0,0,0,0
340328,1,1,1986,8,8,8,8,8,8,8,8,8,8
340329,0,1,1986,0,0,0,0,0,0,0,0,0,0
340329,1,1,1986,0,0,0,0,0,10,23,0,0,0
340330,1,1,1986,15,15,15,15,15,15,15,15,15,15
340331,0,1,1986,11,0,13,7,29,25,4,32,18,11
340331,1,1,1986,9,0,0,0,0,0,0,0,0,0
340332,1,1,1986,0,0,0,0,0,0,0,0,0,0
340332,2,1,1986,0,0,0,0,0,0,0,0,0,0
340332,3,1,1986,0,0,0,0,0,0,0,0,0,0
340333,1,1,1986,7,6,18,0,22,10,21,6,0,26
340333,2,1,1986,8,8,8,8,8,8,8,8,8,8
340333,3,1,1986,0,0,0,0,0,3,0,0,0,6
340334,1,1,1986,0,0,0,0,0,0,0,0,0,0
340334,2,1,1986,15,0,0,0,0,0,0,0,0,0
340335,1,1,1986,8,8,8,8,8,8,8,8,8,8
340336,1,1,1986,8,8,8,8,8,8,8,8,8,8
340337,1,1,1986,15,15,15,15,15,15,15,15,15,15
340338,1,1,1986,16,16,16,16,16,16,16,16,16,16
340339,1,1,1986,0,0,0,0,0,0,0,0,0,0
340339,2,1,1986,0,26,0,0,0,0,0,0,0,0
340341,1,1,1986,0,0,0,0,0,0,0,0,0,0
340341,2,1,1986,0,0,0,0,0,0,0,0,0,0
340341,3,1,1986,0,0,0,0,0,0,0,0,0,0
340341,4,1,1986,0,0,0,0,0,6,0,0,0,0
340341,5,1,1986,0,0,0,0,0,0,0,3,4,0
340342,1,1,1986,12,12,12,12,12,12,12,12,12,12
340343,0,1,1986,12,12,12,12,12,12,12,12,12,12
340343,1,1,1986,0,0,0,0,0,0,0,0,0,0
340344,1,1,1986,0,0,0,0,0,0,0,0,0,0
340344,2,1,1986,0,0,0,0,0,0,0,0,0,0
340344,3,1,1986,14,14,14,14,14,14,14,14,14,14
340347,1,3,1986,19,19,19,19,19,19,19,19,19,19
340348,1,1,1986,0,0,0,0,0,0,0,0,0,0
340348,2,1,1986,0,0,0,0,0,0,0,0,0,0
340349,0,1,1986,0,0,0,0,0,0,0,0,0,0
340349,1,1,1986,0,0,4,0,0,0,0,0,0,0
340350,0,1,1986,0,0,0,0,0,0,0,0,0,0
340350,1,1,1986,0,0,4,0,0,0,0,17,0,13
340351,0,1,1986,22,22,22,22,22,22,22,22,22,22
340351,1,1,1986,0,0,0,3,0,0,0,0,0,0
340352,1,1,1986,0,0,0,0,0,0,0,0,0,6
340352,2,1,1986,0,0,0,0,0,0,0,0,0,0
340353,0,1,1986,0,9,0,0,0,0,0,0,4,13
340353,1,1,1986,0,0,0,0,0,0,0,0,0,0
340354,1,1,1986,2,2,2,2,2,2,2,2,2,2
340354,2,1,1986,0,0,0,0,0,0,0,0,0,0
340355,0,1,1986,0,0,0,0,0,0,0,0,0,0
340355,1,1,1986,0,0,0,10,0,0,0,0,0,18
340356,1,1,1986,2,2,2,2,2,2,2,2,2,2
340357,1,1,1986,6,6,6,6,6,6,6,6,6,6
340358,1,1,1986,17,17,17,17,17,17,17,17,17,17
340359,1,1,1986,0,0,0,0,0,0,0,0,0,0
340359,2,1,1986,0,0,0,0,0,0,0,0,0,0
340359,3,1,1986,0,0,0,0,0,0,0,0,0,0
340360,1,1,1986,15,15,15,15,15,15,15,15,15,15
340361,0,1,1986,0,0,0,0,0,0,0,0,0,0
340361,1,1,1986,0,0,0,0,0,0,0,0,0,0
340362,1,1,1986,22,22,22,22,22,22,22,22,22,22
340362,2,1,1986,11,0,0,0,0,0,0,0,0,0
340363,0,1,1986,26,26,26,26,26,26,26,26,26,26
340363,1,1,1986,0,0,0,0,0,24,0,0,0,0
340364,1,1,1986,0,0,0,0,0,0,0,0,0,0
340364,2,1,1986,0,0,0,0,0,0,0,0,0,0
340364,3,1,1986,0,0,0,0,0,0,0,0,0,0
340365,1,1,1986,0,0,0,0,0,0,0,0,0,0
340365,2,1,1986,0,0,0,0,0,0,0,0,0,0
340366,1,1,1986,0,0,0,0,0,0,0,0,0,0
340366,2,1,1986,0,0,0,0,0,0,0,0,0,0
340367,1,1,1986,0,0,0,0,0,0,0,0,0,0
340368,0,1,1986,0,0,0,0,0,0,0,0,0,0
340368,1,1,1986,0,0,0,0,0,0,0,0,0,0
340369,1,1,1986,2,2,2,2,2,2,2,2,2,2
340369,2,1,1986,0,0,0,0,0,0,0,0,0,0
340370,1,1,1986,16,16,16,16,16,16,16,16,16,16
340370,2,1,1986,8,8,8,8,8,8,8,8,8,8
340370,3,1,1986,5,5,5,5,5,5,5,5,5,5
340371,0,1,1986,0,0,0,0,0,0,0,0,0,0
340371,1,1,1986,0,0,0,22,0,0,0,0,0,0
340372,1,1,1986,0,0,0,0,0,0,0,0,0,0
340373,0,1,1986,0,0,0,0,0,0,0,0,0,0
340373,1,1,1986,0,7,0,0,24,0,0,0,0,0
340374,1,1,1986,0,0,0,0,0,0,0,0,0,0
340375,1,1,1986,0,0,0,0,0,0,0,0,0,0
340376,1,1,1986,6,6,6,6,6,6,6,6,6,6
340377,1,1,1986,0,0,0,0,0,0,0,0,0,0
340377,2,1,1986,0,0,0,0,0,0,0,0,0,0
340378,1,1,1986,0,0,0,18,0,29,16,7,8,24
340379,1,1,1986,17,20,15,10,13,27,27,17,29,30
340380,0,1,1986,26,26,26,26,26,26,26,26,26,26
340380,1,1,1986,0,0,9,0,0,0,0,0,14,0
340381,1,1,1986,0,0,0,0,0,0,0,0,0,0
340382,1,1,1986,2,2,2,2,2,2,2,2,2,2
340383,1,1,1986,0,0,0,0,0,0,0,0,0,0
340383,2,1,1986,0,0,0,0,0,0,0,0,0,0
340384,1,1,1986,0,0,0,0,0,0,0,0,0,0
340384,2,1,1986,11,11,11,11,11,11,11,11,11,11
340385,1,1,1986,9,9,9,9,9,9,9,9,9,9
340386,0,1,1986,0,0,0,0,0,0,0,0,0,0
340386,1,1,1986,0,0,0,0,0,0,0,0,0,0
340387,1,1,1986,0,0,0,0,0,0,0,0,0,0
340387,2,1,1986,0,0,0,0,0,0,0,0,0,0
340387,3,1,1986,0,0,0,0,0,0,0,0,0,0
340388,1,1,1986,8,6,6,15,23,12,13,7,13,15
340389,0,1,1986,7,7,7,7,7,7,7,7,7,7
340389,1,1,1986,12,12,12,12,12,12,12,12,12,12
340390,1,1,1986,0,0,0,0,0,0,0,0,0,0
340390,2,1,1986,0,0,0,0,0,0,0,0,0,0
340391,1,1,1986,0,0,0,0,0,0,0,0,0,0
340391,2,1,1986,0,0,0,0,0,0,0,0,0,0
340392,0,1,1986,0,0,0,0,0,0,0,0,0,0
340392,1,1,1986,0,0,0,0,0,0,0,0,0,0
340393,1,1,1986,11,11,11,11,11,11,11,11,11,11
340394,1,1,1986,0,21,0,0,6,0,0,0,0,0
340394,2,1,1986,0,0,9,0,0,0,0,0,0,0
340395,1,1,1986,8,8,8,8,8,8,8,8,8,8
340396,1,1,1986,0,0,0,0,0,0,0,0,0,0
340397,0,1,1986,0,0,0,0,0,0,0,0,0,0
340397,1,1,1986,0,0,15,9,0,0,0,0,0,0
340398,1,1,1986,21,21,21,21,21,21,21,21,21,21
340399,0,1,1986,20,20,20,20,20,20,20,20,20,20
340399,1,1,1986,0,11,0,19,13,0,0,0,0,0
340400,1,1,1986,0,0,5,0,0,0,0,0,3,0
340400,2,1,1986,0,0,0,0,0,0,0,0,0,0
340400,3,1,1986,0,0,0,31,0,0,0,0,0,0
340401,1,1,1986,0,0,0,0,0,0,0,0,0,0
340402,1,1,1986,0,0,0,0,0,0,0,0,0,0
340402,2,1,1986,0,0,0,0,0,0,0,0,0,0
340403,0,1,1986,3,26,0,14,0,0,6,0,0,0
340403,1,1,1986,5,0,0,0,0,0,0,0,0,0
340404,0,1,1986,0,0,0,0,0,0,0,0,0,0
340404,1,1,1986,0,0,0,6,0,0,0,21,0,0
340405,1,1,1986,0,0,0,0,0,0,0,0,0,0
340406,0,1,1986,0,0,0,0,0,0,0,0,0,0
340406,1,1,1986,0,0,0,0,0,0,0,3,0,0
340407,1,1,1986,0,0,0,0,0,0,0,0,0,0
340407,2,1,1986,0,0,0,0,0,0,0,0,0,0
340408,1,1,1986,0,0,0,0,0,0,0,0,0,0
340408,2,1,1986,0,0,0,0,0,0,0,0,0,0
340409,1,1,1986,23,23,23,23,23,23,23,23,23,23
340410,1,1,1986,0,0,0,0,0,0,0,0,0,0
340411,0,1,1986,0,0,0,0,0,0,0,0,0,0
340411,1,1,1986,0,0,0,0,0,0,0,0,0,0
340412,1,1,1986,14,14,14,14,14,14,14,14,14,14
340413,1,1,1986,9,9,9,9,9,9,9,9,9,9
340414,1,1,1986,0,0,0,0,0,0,0,0,0,0
340414,2,1,1986,0,0,0,0,0,0,0,0,0,0
340414,3,1,1986,7,0,0,0,0,0,0,0,0,0
340415,1,1,1986,0,0,0,0,0,0,0,0,0,0
340415,2,1,1986,0,6,0,12,0,0,0,0,0,17
340416,0,1,1986,23,23,23,23,23,23,23,23,23,23
340416,1,1,1986,9,0,0,0,0,0,0,8,0,0
340416,2,1,1986,0,0,0,0,0,0,0,6,7,0
340418,1,1,1986,0,0,0,0,0,0,0,0,0,0
340418,2,1,1986,0,0,0,0,0,0,0,0,0,0
340418,3,1,1986,0,0,0,0,13,0,14,5,0,0
340419,0,1,1986,12,0,0,0,0,0,0,0,0,0
340419,1,1,1986,0,0,0,0,3,0,0,0,0,0
340420,1,1,1986,15,15,15,15,15,15,15,15,15,15
340421,0,1,1986,22,22,22,22,22,22,22,22,22,22
340421,1,1,1986,0,14,0,0,0,0,0,14,0,0
340422,1,1,1986,0,0,0,0,0,0,0,0,0,0
340422,2,1,1986,0,0,13,0,0,0,0,15,0,10
340423,1,1,1986,3,3,3,3,3,3,3,3,3,3
340424,1,1,1986,30,30,30,30,30,30,30,30,30,30
340424,2,1,1986,0,0,0,0,0,0,0,0,0,0
340424,3,1,1986,0,0,0,0,0,0,0,0,0,0
340425,0,1,1986,0,0,0,0,0,0,0,0,0,0
340425,1,1,1986,0,0,0,4,0,0,4,0,0,0
340426,1,1,1986,24,24,24,24,24,24,24,24,24,24
340427,1,1,1986,0,0,0,0,0,0,0,0,0,0
340427,2,1,1986,0,0,0,0,0,0,0,0,0,0
340429,1,1,1986,14,14,14,14,14,14,14,14,14,14
340430,0,1,1986,28,28,28,28,28,28,28,28,28,28
340430,1,1,1986,0,0,0,0,0,0,0,0,0,0
340431,0,1,1986,0,0,0,0,0,0,0,0,0,0
340431,1,1,1986,0,0,0,0,0,0,0,0,0,0
340432,1,1,1986,0,0,0,0,0,0,0,0,0,0
340432,2,1,1986,0,0,5,0,0,0,0,0,0,14
340433,1,1,1986,0,0,0,0,0,0,0,0,0,0
340433,2,1,1986,0,0,0,0,0,0,0,0,0,0
340433,3,1,1986,0,0,0,0,7,0,0,0,0,0
340433,4,1,1986,0,0,0,0,0,0,0,0,0,16
340433,5,1,1986,0,0,0,0,0,0,0,0,8,0
340433,6,1,1986,0,0,0,0,0,0,0,0,0,0
340434,1,1,1986,0,0,0,0,0,0,0,0,0,0
340434,2,1,1986,0,0,0,0,0,0,0,0,0,0
340434,3,1,1986,0,14,0,0,0,0,0,0,0,0
340436,1,1,1986,15,20,0,8,0,9,15,0,0,10
340436,2,1,1986,0,0,0,0,0,0,0,0,0,0
340436,3,1,1986,0,0,9,0,8,0,0,0,0,0
340436,4,1,1986,0,0,0,0,0,19,0,0,0,0
340436,5,1,1986,12,0,0,3,22,0,6,22,0,17
340437,0,1,1986,0,0,0,0,0,0,0,0,0,0
340437,1,1,1986,9,9,9,9,9,9,9,9,9,9
340438,1,1,1986,0,0,0,0,0,0,0,0,0,0
340439,0,1,1986,0,0,0,0,0,0,0,0,0,0
340439,1,1,1986,0,0,0,0,0,0,0,0,0,0
340439,2,1,1986,0,0,0,0,14,0,0,0,0,0
340440,1,1,1986,0,0,0,0,0,0,0,0,0,0
340442,1,1,1986,23,23,23,23,23,23,23,23,23,23
340442,2,1,1986,0,0,0,0,0,0,0,0,0,0
340443,0,1,1986,0,0,0,0,0,0,0,0,0,0
340443,1,1,1986,0,0,0,0,0,0,0,0,0,0
340444,1,1,1986,0,0,0,0,0,0,0,0,0,0
340444,2,1,1986,0,0,0,0,0,0,0,0,0,0
340445,1,1,1986,16,16,16,16,16,16,16,16,16,16
340446,0,1,1986,0,0,0,0,0,0,0,0,0,0
340446,1,1,1986,0,0,0,10,0,0,0,0,0,0
340447,0,1,1986,0,5,8,11,0,34,27,13,12,22
340447,1,1,1986,0,0,0,0,0,0,0,0,0,0
340448,1,1,1986,0,0,0,6,0,8,0,0,0,0
340448,2,1,1986,0,24,20,14,0,0,0,0,0,0
340449,1,1,1986,0,7,0,0,0,5,0,12,0,0
340449,2,1,1986,6,6,6,6,6,6,6,6,6,6
340450,1,1,1986,0,17,0,0,22,0,0,8,0,0
340451,0,1,1986,0,0,0,0,0,0,0,0,0,0
340451,1,1,1986,0,0,0,0,0,0,0,0,0,0
340452,1,1,1986,6,6,6,6,6,6,6,6,6,6
340453,1,1,1986,13,13,13,13,13,13,13,13,13,13
340454,1,1,1986,0,0,0,0,0,0,0,0,0,0
340455,1,1,1986,2,2,2,2,2,2,2,2,2,2
340456,0,1,1986,21,21,21,21,21,21,21,21,21,21
340456,1,1,1986,0,0,0,0,5,0,0,0,7,0
340457,1,1,1986,23,23,23,23,23,23,23,23,23,23
340457,2,1,1986,0,0,0,0,0,0,0,0,0,0
340458,1,1,1986,0,0,0,0,0,0,0,0,0,0
340459,1,1,1986,12,12,12,12,12,12,12,12,12,12
340460,0,1,1986,0,0,0,0,0,0,0,0,0,0
340460,1,1,1986,0,0,0,0,0,0,0,0,0,0
340461,0,1,1986,0,0,0,0,0,0,0,0,0,0
340461,1,1,1986,0,0,0,0,0,0,0,0,0,0
340462,1,1,1986,16,16,16,16,16,16,16,16,16,16
340463,1,1,1986,7,7,7,7,7,7,7,7,7,7
340464,0,1,1986,0,0,0,0,0,0,0,0,0,0
340464,1,1,1986,0,0,0,0,0,0,0,0,0,0
340465,1,1,1986,0,0,0,0,0,0,0,0,0,0
340465,2,1,1986,0,0,0,0,0,0,0,0,0,0
340466,1,1,1986,0,13,16,0,0,0,0,0,0,0
340469,0,1,1986,0,0,0,0,0,0,0,0,0,0
340469,1,1,1986,0,0,0,0,0,0,0,0,0,0
340469,2,1,1986,0,0,0,0,0,0,0,0,0,0
340469,3,1,1986,0,0,0,0,0,0,0,0,9,0
340469,4,1,1986,4,0,0,0,0,0,0,0,0,0
340470,1,1,1986,0,13,0,21,16,0,7,18,15,0
340470,2,1,1986,0,0,0,0,0,0,0,0,0,0
340470,3,1,1986,3,0,0,0,8,7,23,11,0,0
340470,4,1,1986,7,5,0,0,0,11,11,11,14,21
340470,5,1,1986,16,14,0,21,0,0,7,9,0,0
340471,0,1,1986,0,0,0,0,0,0,0,0,0,0
340471,1,1,1986,0,0,0,0,0,0,0,0,0,0
340472,0,1,1986,0,0,0,0,0,0,0,0,0,0
340472,1,1,1986,0,0,0,0,0,0,0,0,0,0
340473,0,1,1986,0,0,0,0,0,0,0,0,0,0
340473,1,1,1986,0,0,0,0,0,26,0,0,0,0
340474,1,1,1986,0,0,0,0,0,0,0,0,10,0
340475,1,1,1986,0,0,0,0,0,0,0,0,0,0
340475,2,1,1986,0,0,0,0,0,0,0,0,0,0
340476,1,1,1986,3,3,3,3,3,3,3,3,3,3
340477,1,1,1986,0,0,0,0,0,0,0,0,0,0
340477,2,1,1986,0,0,0,0,0,0,9,0,0,0
340478,1,2,1986,0,0,0,0,0,0,0,0,0,0
340478,2,1,1986,0,14,0,0,9,0,0,0,0,0
340479,0,1,1986,0,0,0,0,0,0,0,0,0,0
340479,1,1,1986,5,5,5,5,5,5,5,5,5,5
340480,0,1,1986,0,0,0,0,0,0,0,0,0,0
340480,1,1,1986,0,0,0,0,0,9,0,16,0,0
340481,1,1,1986,30,5,0,0,0,0,0,0,0,0
340482,1,1,1986,0,9,0,23,0,0,18,17,8,10
340483,1,1,1986,7,7,7,7,7,7,7,7,7,7
340484,0,1,1986,0,0,0,0,0,0,0,0,0,0
340484,1,1,1986,0,0,10,6,0,0,0,0,0,0
340484,2,1,1986,0,0,11,0,0,0,0,0,0,0
340485,1,1,1986,0,0,0,0,0,0,0,0,0,0
340486,1,1,1986,0,0,0,0,19,0,0,0,3,5
340487,1,1,1986,0,0,0,0,0,0,0,0,0,0
340487,2,1,1986,23,23,23,23,23,23,23,23,23,23
340487,3,1,1986,0,0,8,0,4,0,0,0,0,0
340488,1,1,1986,17,17,17,17,17,17,17,17,17,17
340489,1,1,1986,0,10,0,0,0,0,0,0,0,3
340489,2,1,1986,0,0,0,0,0,0,0,0,0,0
340490,1,1,1986,0,0,0,0,0,0,0,0,0,0
340491,0,1,1986,0,0,0,0,0,0,0,0,0,0
340491,1,1,1986,0,0,0,0,0,0,0,0,0,0
340492,1,1,1986,0,0,2,0,0,11,0,0,0,0
340492,2,1,1986,0,0,0,0,0,0,0,0,0,0
340493,1,1,1986,0,0,0,0,0,0,0,0,0,0
340493,2,1,1986,0,10,0,0,0,0,0,0,16,0
340494,0,1,1986,0,0,7,0,0,0,0,0,0,0
340494,0,2,1986,0,0,0,0,0,0,0,0,0,0
340494,1,1,1986,0,0,0,0,0,0,0,0,0,0
340495,1,1,1986,11,11,11,11,11,11,11,11,11,11
340496,0,1,1986,0,0,0,0,0,0,0,0,0,0
340496,1,1,1986,0,0,0,0,0,0,0,0,0,0
340497,0,1,1986,0,0,0,0,0,0,0,0,0,0
340497,1,1,1986,0,0,0,0,5,0,0,17,0,0
340498,1,1,1986,0,0,0,0,0,0,0,0,0,0
340498,2,1,1986,0,0,0,0,0,0,0,0,0,0
340498,3,1,1986,0,0,0,0,0,0,0,0,6,8