ST_CASE,VEH_NO,PER_NO,YEAR,P1,P2,P3,P4,P5,P6,P7,P8,P9,P10
340499,0,1,1986,0,0,0,0,0,0,0,0,0,0
340499,1,1,1986,0,0,0,0,0,0,0,0,0,0
340500,1,1,1986,15,15,15,15,15,15,15,15,15,15
340501,1,1,1986,9,9,9,9,9,9,9,9,9,9
340502,1,1,1986,14,14,14,14,14,14,14,14,14,14
340503,1,1,1986,3,3,3,3,3,3,3,3,3,3
340504,1,1,1986,0,0,0,0,0,0,0,4,0,0
340504,2,1,1986,10,0,0,0,0,28,0,0,0,0
340505,1,1,1986,0,0,0,0,0,0,0,0,0,0
340505,2,1,1986,0,0,0,0,0,0,0,0,0,0
340506,1,1,1986,21,21,21,21,21,21,21,21,21,21
340506,2,1,1986,0,0,0,0,0,0,0,0,0,0
340507,1,1,1986,0,0,0,0,0,0,0,0,0,0
340508,1,1,1986,0,0,0,0,0,0,0,0,0,0
340508,2,1,1986,0,0,11,0,0,12,13,0,0,0
340509,0,1,1986,0,0,0,0,0,0,0,0,54,0
340509,1,1,1986,0,0,0,0,0,0,0,0,0,0
340510,1,1,1986,11,11,11,11,11,11,11,11,11,11
340510,2,1,1986,11,11,11,11,11,11,11,11,11,11
340511,0,1,1986,0,0,0,0,0,0,0,0,0,0
340511,1,1,1986,0,0,0,0,0,0,0,0,0,0
340512,1,1,1986,16,16,16,16,16,16,16,16,16,16
340514,0,1,1986,0,0,0,0,0,0,0,0,0,0
340514,0,2,1986,0,0,0,0,0,0,0,0,0,0
340514,1,1,1986,0,0,0,0,0,0,0,0,0,0
340515,1,1,1986,18,18,18,18,18,18,18,18,18,18
340516,1,1,1986,0,0,0,0,0,0,0,0,0,0
340517,1,1,1986,7,7,7,7,7,7,7,7,7,7
340518,1,1,1986,0,0,0,0,0,0,0,0,0,0
340518,2,1,1986,0,0,0,0,0,0,0,0,0,0
340519,1,1,1986,0,0,0,4,0,0,0,0,0,0
340520,1,1,1986,13,0,0,10,0,0,0,0,0,0
340520,2,1,1986,0,0,0,0,0,0,0,0,0,0
340521,1,1,1986,0,0,0,0,0,0,0,0,0,0
340523,1,1,1986,11,11,11,11,11,11,11,11,11,11
340524,1,1,1986,17,17,17,17,17,17,17,17,17,17
340525,1,1,1986,0,0,0,0,11,0,0,0,0,0
340525,2,1,1986,0,0,0,0,0,0,0,0,0,0
340525,3,1,1986,0,0,0,0,0,0,0,0,0,0
340525,4,1,1986,0,0,0,0,0,0,0,0,0,0
340525,5,1,1986,0,0,0,0,0,0,0,0,0,0
340526,0,1,1986,0,0,0,0,0,0,0,0,0,0
340526,1,1,1986,0,0,0,0,0,0,0,0,0,0
340527,1,1,1986,0,0,0,0,0,0,20,0,0,0
340527,2,1,1986,0,0,0,0,0,0,0,9,0,0
340528,1,1,1986,6,6,6,6,6,6,6,6,6,6
340528,2,1,1986,0,0,0,0,0,0,0,0,0,0
340529,0,1,1986,0,0,0,0,0,0,0,0,0,0
340529,1,1,1986,0,0,0,0,0,0,0,0,0,0
340530,0,1,1986,0,0,0,0,0,0,0,0,0,0
340530,1,1,1986,0,0,0,0,0,0,0,0,0,0
340531,1,1,1986,20,20,20,20,20,20,20,20,20,20
340532,1,1,1986,0,0,0,0,0,0,0,0,0,0
340532,2,1,1986,0,0,0,0,0,22,0,0,0,0
340535,0,1,1986,17,17,17,17,17,17,17,17,17,17
340535,1,1,1986,10,8,0,15,0,0,10,13,0,0
340539,1,1,1986,30,30,30,30,30,30,30,30,30,30
340540,1,1,1986,5,5,5,5,5,5,5,5,5,5
340541,1,1,1986,24,24,24,24,24,24,24,24,24,24
340542,1,1,1986,12,12,12,12,12,12,12,12,12,12
340543,1,1,1986,0,0,0,0,0,0,0,0,0,0
340543,2,1,1986,0,0,0,0,0,0,0,0,0,0
340546,0,1,1986,0,0,0,0,0,14,0,0,0,0
340546,1,1,1986,0,0,0,3,0,0,0,0,0,0
340547,1,1,1986,0,0,0,0,0,0,0,0,0,8
340547,2,1,1986,8,8,8,8,8,8,8,8,8,8
340548,1,1,1986,8,0,0,0,0,0,0,0,0,0
340548,2,1,1986,0,0,0,0,0,0,0,5,0,0
340548,3,1,1986,0,0,0,0,0,0,0,0,0,0
340549,0,1,1986,9,9,9,9,9,9,9,9,9,9
340549,1,1,1986,0,0,0,0,0,0,0,0,0,0
340550,1,1,1986,0,0,0,0,0,0,0,0,0,0
340551,1,1,1986,4,4,4,4,4,4,4,4,4,4
340552,0,1,1986,0,0,0,0,0,0,0,0,0,0
340552,1,1,1986,5,5,5,5,5,5,5,5,5,5
340553,0,1,1986,0,0,0,0,0,0,0,0,0,0
340553,1,1,1986,0,0,0,0,0,0,0,0,0,0
340555,1,1,1986,1,1,1,1,1,1,1,1,1,1
340556,1,1,1986,0,0,0,0,0,0,0,0,0,0
340557,1,1,1986,0,0,0,0,0,0,0,0,0,0
340557,2,1,1986,0,6,0,0,0,0,0,0,0,0
340558,1,1,1986,0,0,0,0,0,0,0,0,0,0
340558,2,1,1986,0,0,0,0,0,0,0,0,0,0
340559,1,1,1986,0,0,0,0,0,0,0,0,0,0
340560,0,1,1986,0,0,0,0,0,0,0,0,0,0
340560,1,1,1986,0,0,0,20,0,0,0,0,0,0
340560,2,1,1986,0,0,0,0,0,0,29,0,0,0
340561,1,1,1986,0,0,0,0,0,0,0,0,0,0
340562,1,1,1986,0,0,0,0,0,0,0,0,0,0
340562,2,1,1986,9,9,9,9,9,9,9,9,9,9
340564,1,1,1986,0,0,0,0,0,0,0,0,0,0
340564,2,1,1986,0,0,0,0,0,0,0,0,0,0
340565,0,1,1986,0,0,0,0,0,0,0,0,0,0
340565,1,1,1986,0,0,0,0,0,0,7,0,0,0
340566,1,1,1986,0,0,0,0,0,0,0,0,0,0
340568,1,1,1986,0,0,0,0,0,0,0,0,0,0
340569,1,1,1986,14,14,14,14,14,14,14,14,14,14
340569,2,1,1986,0,0,0,0,0,4,0,0,0,0
340570,1,1,1986,11,11,11,11,11,11,11,11,11,11
340571,1,1,1986,0,0,0,0,0,0,0,0,0,0
340572,1,1,1986,0,0,0,0,0,0,0,0,0,0
340572,2,1,1986,0,0,0,0,0,0,0,0,0,0
340572,3,1,1986,0,0,0,0,0,0,0,0,0,0
340574,0,1,1986,0,0,0,0,0,0,0,0,0,0
340574,1,1,1986,0,0,0,0,0,0,0,0,0,0
340575,1,1,1986,4,4,4,4,4,4,4,4,4,4
340576,1,1,1986,0,0,0,0,0,0,0,0,0,0
340576,2,1,1986,0,0,0,0,0,0,0,0,0,0
340577,1,1,1986,0,0,0,0,0,0,0,0,0,0
340577,2,1,1986,0,0,0,0,0,0,0,0,0,0
340578,1,1,1986,15,15,15,15,15,15,15,15,15,15
340579,0,1,1986,24,24,24,24,24,24,24,24,24,24
340579,1,1,1986,0,0,0,0,0,0,0,0,0,0
340580,0,1,1986,9,9,9,9,9,9,9,9,9,9
340580,1,1,1986,0,0,0,0,0,8,0,13,17,18
340581,1,1,1986,4,4,4,4,4,4,4,4,4,4
340581,2,1,1986,8,8,8,8,8,8,8,8,8,8
340581,3,1,1986,0,0,0,0,0,0,0,0,0,0
340582,1,1,1986,0,0,0,0,0,0,0,0,0,0
340583,1,1,1986,0,0,0,0,0,0,0,0,0,0
340583,2,1,1986,0,0,0,0,0,0,0,0,0,0
340584,1,1,1986,2,2,2,2,2,2,2,2,2,2
340585,1,1,1986,0,0,0,4,0,0,0,0,0,0
340585,2,1,1986,0,0,0,0,0,0,0,0,0,0
340586,1,1,1986,0,0,0,0,0,0,0,0,0,0
340587,1,1,1986,0,0,0,0,0,0,0,0,0,0
340587,2,1,1986,0,0,0,0,0,0,0,0,7,0
340588,0,1,1986,0,0,0,0,0,0,0,0,0,0
340588,1,1,1986,0,0,0,0,0,0,0,0,0,0
340589,1,1,1986,0,0,24,0,0,0,0,0,16,0
340589,2,1,1986,0,0,0,0,0,0,0,0,0,0
340590,0,1,1986,0,0,0,0,0,0,0,0,0,0
340590,1,2,1986,0,0,0,0,0,0,0,0,0,20
340591,0,1,1986,0,0,0,0,0,0,0,0,0,0
340591,1,1,1986,0,0,0,0,0,0,0,0,0,0
340592,1,1,1986,10,10,10,10,10,10,10,10,10,10
340592,2,1,1986,0,0,0,0,0,10,0,0,0,0
340593,0,1,1986,0,7,0,2,0,0,0,0,21,0
340593,0,2,1986,0,0,0,21,18,0,0,0,0,0
340593,1,1,1986,23,0,0,0,0,0,0,30,0,0
340594,1,1,1986,7,14,9,13,27,24,18,0,0,7
340594,2,1,1986,0,0,0,0,0,0,0,0,0,0
340596,0,1,1986,4,4,4,4,4,4,4,4,4,4
340596,1,1,1986,13,0,0,4,0,0,0,0,0,0
340596,2,1,1986,0,0,0,0,0,0,0,0,0,0
340597,0,1,1986,0,0,0,0,0,0,0,0,0,0
340597,1,1,1986,0,0,0,0,0,0,0,12,0,5
340598,1,1,1986,0,0,22,0,0,0,0,0,0,0
340598,2,1,1986,14,0,0,0,0,0,0,0,0,0
340599,1,1,1986,13,13,13,13,13,13,13,13,13,13
340600,1,1,1986,9,9,9,9,9,9,9,9,9,9
340601,0,1,1986,15,15,15,15,15,15,15,15,15,15
340601,1,1,1986,0,0,0,0,0,18,0,23,0,14
340602,1,1,1986,0,0,0,0,0,0,0,0,0,0
340602,2,1,1986,0,0,0,0,0,0,0,0,0,0
340602,3,1,1986,0,0,0,0,0,0,0,0,0,0
340603,0,1,1986,0,0,0,0,0,0,0,0,0,0
340603,1,1,1986,0,0,0,0,0,0,0,0,0,0
340604,0,1,1986,0,0,0,0,0,0,0,0,0,0
340604,0,2,1986,0,0,0,0,0,0,0,0,0,0
340604,1,1,1986,0,0,0,0,0,13,0,0,0,0
340606,1,1,1986,7,27,0,0,0,0,10,8,0,0
340606,2,1,1986,2,2,2,2,2,2,2,2,2,2
340606,3,1,1986,0,0,0,0,0,37,0,0,0,0
340606,4,1,1986,0,0,0,0,2,0,0,0,0,14
340608,1,1,1986,18,18,18,18,18,18,18,18,18,18
340609,1,1,1986,13,13,13,13,13,13,13,13,13,13
340610,1,1,1986,11,11,11,11,11,11,11,11,11,11
340611,1,1,1986,4,4,4,4,4,4,4,4,4,4
340612,1,1,1986,0,0,0,28,0,14,0,20,36,14
340613,1,1,1986,0,0,0,0,0,0,0,0,0,0
340613,2,1,1986,0,0,0,0,0,0,0,0,0,0
340614,1,1,1986,17,9,11,0,8,0,13,19,10,15
340615,0,1,1986,37,37,37,37,37,37,37,37,37,37
340615,1,1,1986,0,0,0,0,0,0,0,0,0,0
340616,1,1,1986,10,10,10,10,10,10,10,10,10,10
340617,1,1,1986,0,14,0,17,15,0,0,0,19,10
340618,1,1,1986,0,0,0,0,0,0,0,0,0,0
340618,2,1,1986,0,0,0,0,0,0,0,0,0,0
340618,3,1,1986,0,0,0,0,0,0,0,0,0,0
340619,1,1,1986,23,23,23,23,23,23,23,23,23,23
340619,2,1,1986,0,21,10,0,0,0,9,16,0,9
340620,1,1,1986,0,0,0,0,0,0,0,0,0,0
340620,2,1,1986,0,0,0,0,0,0,0,0,0,0
340621,1,1,1986,24,24,24,24,24,24,24,24,24,24
340622,0,1,1986,0,0,0,0,0,0,0,0,0,0
340622,1,1,1986,0,0,0,10,0,0,0,0,0,0
340623,0,1,1986,0,0,0,0,0,0,0,0,0,0
340623,1,1,1986,9,0,0,0,0,0,0,0,0,0
340624,1,1,1986,0,0,0,0,0,0,0,0,0,0
340624,2,1,1986,19,19,19,19,19,19,19,19,19,19
340625,0,1,1986,11,11,11,11,11,11,11,11,11,11
340625,1,1,1986,0,0,0,0,0,0,0,0,0,0
340626,1,1,1986,0,0,0,0,0,0,0,0,0,0
340626,2,1,1986,15,15,15,15,15,15,15,15,15,15
340627,0,1,1986,0,0,0,0,0,0,0,0,0,0
340627,1,1,1986,0,0,0,0,0,0,0,0,0,0
340628,1,1,1986,0,0,0,0,0,0,0,0,0,0
340628,2,1,1986,0,0,0,0,0,0,0,0,0,0
340629,1,1,1986,0,0,0,0,0,0,0,0,0,0
340629,2,1,1986,0,0,0,0,0,0,0,0,0,0
340629,3,1,1986,0,0,0,0,0,0,0,0,0,0
340630,0,1,1986,12,12,12,12,12,12,12,12,12,12
340630,1,1,1986,0,0,0,0,0,0,0,0,0,0
340631,0,1,1986,0,0,0,0,0,0,0,0,0,0
340631,1,1,1986,0,0,0,0,0,0,0,0,0,0
340632,1,1,1986,9,9,9,9,9,9,9,9,9,9
340633,1,1,1986,15,21,10,17,13,17,10,7,5,34
340634,1,1,1986,12,14,25,15,1,2,15,14,18,18
340635,1,1,1986,0,0,0,0,0,0,0,0,0,0
340636,0,1,1986,0,0,0,0,0,0,0,0,0,0
340636,0,2,1986,0,0,0,0,0,0,0,0,0,0
340636,1,1,1986,0,0,0,0,0,0,0,0,0,0
340637,0,1,1986,0,0,0,0,0,0,0,0,0,0
340637,1,1,1986,0,0,0,0,0,0,0,0,0,0
340638,1,1,1986,0,0,0,0,0,8,0,0,0,0
340638,2,1,1986,14,14,14,14,14,14,14,14,14,14
340639,1,1,1986,2,2,2,2,2,2,2,2,2,2
340639,2,1,1986,0,0,0,0,0,0,0,0,0,0
340640,1,1,1986,0,0,0,0,0,0,0,0,0,0
340640,2,1,1986,6,6,6,6,6,6,6,6,6,6
340641,0,1,1986,0,0,0,0,0,0,0,0,0,0
340641,1,1,1986,0,0,0,0,0,0,0,0,0,0
340642,1,1,1986,0,0,0,0,0,0,0,0,0,0
340642,2,1,1986,0,0,0,0,0,0,0,0,0,0
340642,3,1,1986,0,0,0,0,0,0,0,0,0,0
340644,1,1,1986,0,0,0,0,0,0,0,0,0,0
340645,0,1,1986,10,0,0,0,15,3,0,0,0,0
340646,0,1,1986,14,14,14,14,14,14,14,14,14,14
340646,1,1,1986,15,15,15,15,15,15,15,15,15,15
340647,1,1,1986,9,9,9,9,9,9,9,9,9,9
340648,0,1,1986,0,0,0,0,0,0,0,0,0,13
340648,1,1,1986,0,0,0,0,0,0,0,0,0,0
340649,0,1,1986,0,0,0,0,0,0,0,0,0,0
340649,1,1,1986,0,0,0,0,0,0,0,0,0,0
340650,1,1,1986,5,5,5,5,5,5,5,5,5,5
340650,2,1,1986,7,7,7,7,7,7,7,7,7,7
340651,1,1,1986,0,0,0,0,0,0,0,0,0,0
340652,1,1,1986,0,0,15,0,0,23,0,0,0,0
340653,1,1,1986,22,22,22,22,22,22,22,22,22,22
340654,1,1,1986,38,38,38,38,38,38,38,38,38,38
340655,1,1,1986,0,0,0,0,0,0,0,0,0,0
340656,1,1,1986,21,21,21,21,21,21,21,21,21,21
340657,1,1,1986,13,0,10,0,9,0,0,13,15,0
340658,1,1,1986,15,15,15,15,15,15,15,15,15,15
340659,1,1,1986,16,16,16,16,16,16,16,16,16,16
340659,2,1,1986,0,0,0,0,0,0,0,0,0,0
340660,1,1,1986,0,0,0,0,0,0,0,0,0,0
340661,0,1,1986,0,0,0,0,0,0,0,0,0,0
340661,1,1,1986,0,12,0,0,9,0,21,0,0,29
340662,0,1,1986,0,0,26,0,0,0,0,0,0,0
340662,1,1,1986,0,0,0,0,0,0,0,0,0,0
340663,0,1,1986,19,19,19,19,19,19,19,19,19,19
340663,1,1,1986,0,0,11,11,0,16,0,0,0,30
340664,1,1,1986,0,0,0,0,0,0,0,0,0,0
340664,2,1,1986,0,0,0,0,0,0,0,0,0,0
340665,1,1,1986,0,0,0,0,0,0,0,0,0,0
340665,2,1,1986,0,0,0,0,0,0,0,0,0,0
340666,0,1,1986,14,14,14,14,14,14,14,14,14,14
340666,1,1,1986,0,0,0,0,0,0,0,0,0,0
340667,1,1,1986,15,15,15,15,15,15,15,15,15,15
340667,2,1,1986,6,6,6,6,6,6,6,6,6,6
340668,1,1,1986,0,0,0,0,0,0,0,0,0,0
340668,2,1,1986,0,0,0,0,0,0,0,0,0,0
340668,3,1,1986,0,0,0,0,0,0,0,0,0,0
340669,1,1,1986,0,0,0,0,0,0,0,0,0,0
340669,2,1,1986,0,0,0,0,0,0,0,0,0,0
340671,0,1,1986,2,2,2,2,2,2,2,2,2,2
340671,0,2,1986,0,0,0,0,0,0,0,0,0,0
340671,0,3,1986,0,0,0,0,0,0,0,0,0,0
340671,1,1,1986,19,19,19,19,19,19,19,19,19,19
340672,1,1,1986,6,6,6,6,6,6,6,6,6,6
340673,0,1,1986,0,0,0,0,0,11,0,0,0,11
340673,0,2,1986,0,6,14,7,0,0,0,9,0,35
340673,1,1,1986,12,12,12,12,12,12,12,12,12,12
340674,1,1,1986,31,31,31,31,31,31,31,31,31,31
340676,0,1,1986,0,0,0,0,0,0,0,0,0,0
340676,1,1,1986,0,0,0,0,0,0,0,0,0,0
340677,1,2,1986,2,2,2,2,2,2,2,2,2,2
340678,0,1,1986,0,0,0,0,0,0,0,0,0,0
340678,1,1,1986,0,0,0,0,0,11,0,0,0,0
340678,2,1,1986,0,0,0,7,6,5,0,0,0,3
340679,1,1,1986,11,11,11,11,11,11,11,11,11,11
340680,1,1,1986,0,0,0,0,0,0,0,0,0,0
340680,2,1,1986,0,0,0,0,0,0,0,0,0,0
340680,3,1,1986,0,0,0,0,0,0,0,0,0,0
340681,1,1,1986,0,0,0,0,0,0,0,0,0,0
340681,2,1,1986,0,0,0,0,0,0,0,0,0,0
340682,1,1,1986,0,0,0,0,0,0,0,0,0,0
340682,2,1,1986,0,0,0,0,0,0,0,0,0,0
340683,0,1,1986,0,0,0,0,0,0,0,0,0,0
340683,1,1,1986,0,0,0,0,0,0,0,0,0,0
340684,1,1,1986,0,0,0,7,0,0,0,0,0,0
340684,2,1,1986,0,0,0,0,12,0,16,0,31,15
340685,0,1,1986,20,20,20,20,20,20,20,20,20,20
340685,1,1,1986,0,0,0,10,0,0,0,0,0,0
340686,1,1,1986,0,0,0,0,0,0,0,0,0,0
340686,2,1,1986,0,0,0,0,0,0,0,0,0,0
340687,1,1,1986,0,0,0,0,0,0,0,0,0,0
340688,1,1,1986,0,0,0,0,0,0,0,0,0,0
340688,2,1,1986,9,9,9,9,9,9,9,9,9,9
340689,0,1,1986,0,0,0,0,0,0,0,0,0,0
340689,1,1,1986,0,0,0,0,0,0,0,0,0,0
340690,1,1,1986,0,0,0,0,0,0,0,0,0,0
340690,2,1,1986,0,0,0,0,0,0,0,0,0,0
340691,1,1,1986,0,0,0,0,0,0,0,0,0,0
340691,2,1,1986,0,0,0,0,0,0,0,0,0,0
340692,1,1,1986,13,13,13,13,13,13,13,13,13,13
340693,1,1,1986,0,0,0,0,0,0,0,0,0,0
340694,1,1,1986,0,0,0,0,0,0,0,0,0,0
340694,2,1,1986,0,0,7,0,0,0,0,0,0,0
340694,3,1,1986,0,0,0,0,0,0,0,0,0,0
340695,1,1,1986,17,17,17,17,17,17,17,17,17,17
340696,0,1,1986,0,0,0,0,0,0,0,0,0,0
340696,1,1,1986,10,0,0,0,8,0,0,0,0,0
340697,0,1,1986,18,18,18,18,18,18,18,18,18,18
340697,0,2,1986,0,0,15,24,34,4,8,20,13,18
340697,1,1,1986,14,14,14,14,14,14,14,14,14,14
340698,1,1,1986,0,0,0,0,0,0,0,0,0,0
340698,2,1,1986,0,0,0,9,11,14,4,16,0,18
340699,1,1,1986,0,0,0,0,0,0,0,0,0,0
340699,2,1,1986,0,0,0,0,0,0,0,0,0,0
340701,0,1,1986,0,0,0,0,0,0,0,0,0,0
340701,1,1,1986,0,0,0,0,0,0,0,0,0,0
340703,0,1,1986,23,7,30,9,13,14,19,17,11,13
340703,2,1,1986,0,0,0,0,0,0,0,0,0,0
340703,3,1,1986,0,0,0,0,0,0,0,0,0,0
340705,1,1,1986,0,0,0,0,0,0,0,0,0,0
340705,2,1,1986,0,0,0,0,0,0,0,0,0,0
340705,3,2,1986,0,0,0,0,0,0,0,0,0,0
340706,1,1,1986,9,9,9,9,9,9,9,9,9,9
340707,1,1,1986,16,16,16,16,16,16,16,16,16,16
340708,0,1,1986,0,0,0,0,0,0,0,0,0,0
340708,1,1,1986,0,0,0,0,0,0,0,0,0,0
340708,2,1,1986,0,0,0,0,0,0,0,0,0,0
340709,1,1,1986,0,0,0,0,0,0,0,0,0,0
340710,0,1,1986,29,29,29,29,29,29,29,29,29,29
340710,1,1,1986,0,0,0,0,0,0,0,0,0,11
340711,1,1,1986,4,4,4,4,4,4,4,4,4,4
340711,2,1,1986,0,0,0,7,0,0,0,0,0,0
340712,1,1,1986,21,21,21,21,21,21,21,21,21,21
340713,0,1,1986,4,4,4,4,4,4,4,4,4,4
340713,1,1,1986,0,0,0,6,8,12,0,0,0,0
340714,1,5,1986,0,0,0,0,0,0,0,0,0,0
340715,0,1,1986,0,0,0,0,0,0,0,0,0,0
340716,0,1,1986,0,0,0,0,0,0,0,0,0,0
340716,1,1,1986,0,0,0,0,0,0,0,0,0,0
340717,0,1,1986,0,0,0,0,0,0,0,0,0,0
340717,1,1,1986,0,0,0,0,0,0,0,0,0,0
340718,1,1,1986,0,0,0,0,0,0,0,0,0,0
340718,2,1,1986,0,0,0,0,0,0,0,0,0,0
340718,3,1,1986,0,0,0,0,0,0,0,0,0,0
340720,1,1,1986,0,0,0,0,0,0,0,0,0,0
340720,2,1,1986,0,0,0,0,0,0,0,0,0,0
340721,1,1,1986,0,0,0,0,0,0,0,0,0,0
340722,0,1,1986,0,0,0,0,0,0,0,0,0,0
340722,1,1,1986,0,0,0,0,0,0,0,0,0,0
340723,1,1,1986,0,0,0,0,0,0,0,0,0,0
340723,2,1,1986,0,0,0,0,0,0,0,0,0,0
340723,3,1,1986,0,0,0,0,0,0,0,0,0,0
340724,1,1,1986,0,0,0,0,0,0,4,0,0,0
340724,2,1,1986,0,0,0,0,0,0,0,0,0,0
340724,3,1,1986,0,0,0,0,0,0,0,0,0,0
340725,1,1,1986,0,0,0,0,0,0,0,0,0,0
340725,2,1,1986,0,0,0,0,0,0,0,0,0,0
340725,3,1,1986,0,0,22,0,0,0,0,0,0,0
340725,4,1,1986,0,0,0,0,0,0,0,0,0,0
340726,1,1,1986,0,0,0,0,0,0,0,10,0,0
340726,2,1,1986,0,0,0,0,0,0,0,0,0,0
340727,1,1,1986,0,0,0,0,0,0,0,0,0,0
340727,2,1,1986,0,0,0,0,0,0,0,0,0,0
340729,1,1,1986,0,0,0,0,0,0,0,0,0,0
340729,2,1,1986,0,0,0,0,0,0,0,0,0,0
340730,1,1,1986,17,17,17,17,17,17,17,17,17,17
340731,1,1,1986,0,0,0,0,0,0,0,0,0,0
340731,2,1,1986,0,0,0,0,0,0,0,0,0,12
340732,1,1,1986,6,6,6,6,6,6,6,6,6,6
340733,1,1,1986,23,23,23,23,23,23,23,23,23,23
340734,1,1,1986,21,21,21,21,21,21,21,21,21,21
340734,2,1,1986,7,7,7,7,7,7,7,7,7,7
340735,0,1,1986,0,0,0,0,0,0,0,0,0,0
340735,1,1,1986,0,0,0,0,10,0,0,0,0,0
340736,0,1,1986,0,0,0,0,0,0,0,0,0,0
340736,1,1,1986,0,5,0,14,0,0,39,13,0,0
340737,0,1,1986,23,23,23,23,23,23,23,23,23,23
340737,1,1,1986,0,0,0,0,0,0,0,0,0,0
340738,0,1,1986,0,0,0,0,0,0,0,0,0,0
340738,1,1,1986,0,0,0,0,0,0,0,0,0,0
340739,1,1,1986,20,20,20,20,20,20,20,20,20,20
340740,1,1,1986,0,0,0,0,0,0,0,0,0,0
340740,2,1,1986,0,0,0,0,0,0,0,0,0,0
340740,3,1,1986,0,0,0,0,0,0,0,0,0,0
340741,1,1,1986,26,26,26,26,26,26,26,26,26,26
340742,1,1,1986,0,0,0,0,0,0,0,0,0,0
340743,0,1,1986,0,0,0,0,0,0,0,0,0,0
340743,1,1,1986,0,0,0,0,0,0,0,29,0,0
340744,1,1,1986,0,0,0,0,0,0,0,0,0,0
340744,2,1,1986,0,0,0,0,0,0,0,0,0,0
340744,3,1,1986,0,0,0,15,0,0,0,0,0,0
340745,1,1,1986,0,0,0,0,0,0,0,0,0,0
340746,0,1,1986,0,0,0,0,0,11,0,0,0,16
340746,1,1,1986,15,15,15,15,15,15,15,15,15,15
340747,1,1,1986,0,0,0,0,0,0,6,0,0,0
340747,2,1,1986,0,0,0,0,0,0,0,0,0,0
340747,3,1,1986,0,0,0,0,0,0,0,0,0,0
340748,1,1,1986,0,0,0,0,0,23,0,0,0,0
340748,2,1,1986,0,0,0,0,0,0,0,0,0,0
340749,1,1,1986,0,0,0,0,0,0,0,0,0,0
340749,2,1,1986,13,13,13,13,13,13,13,13,13,13
340750,1,1,1986,14,14,14,14,14,14,14,14,14,14
340751,1,1,1986,8,8,8,8,8,8,8,8,8,8
340752,0,1,1986,0,0,0,0,0,0,0,0,0,0
340752,1,1,1986,0,0,2,0,0,0,0,0,0,0
340753,1,1,1986,0,0,0,0,0,0,0,0,0,0
340753,2,1,1986,0,0,0,0,0,0,0,0,0,0
340753,3,1,1986,0,0,0,0,0,0,0,0,0,0
340755,1,1,1986,0,0,0,0,0,0,0,0,0,0
340756,0,1,1986,23,23,23,23,23,23,23,23,23,23
340756,1,1,1986,0,0,0,0,12,0,31,0,0,0
340759,1,1,1986,0,0,0,0,0,0,0,0,0,0
340759,2,1,1986,0,0,0,0,0,0,0,0,0,0
340760,0,1,1986,0,0,0,0,0,0,0,0,0,0
340760,1,1,1986,13,13,13,13,13,13,13,13,13,13
340761,1,1,1986,11,11,11,11,11,11,11,11,11,11
340762,1,1,1986,4,4,4,4,4,4,4,4,4,4
340762,2,1,1986,0,0,0,0,0,0,0,0,0,0
340763,1,1,1986,4,4,4,4,4,4,4,4,4,4
340764,1,1,1986,9,9,9,9,9,9,9,9,9,9
340764,2,1,1986,0,0,0,0,0,0,0,0,0,0
340765,1,1,1986,0,0,0,0,0,0,0,0,0,0
340765,2,1,1986,0,0,0,0,0,0,0,0,0,0
340766,1,1,1986,21,21,21,21,21,21,21,21,21,21
340767,0,1,1986,15,12,12,41,14,28,12,13,21,10
340767,1,1,1986,0,0,0,0,0,0,0,0,0,0
340769,1,1,1986,0,0,0,0,0,0,0,0,10,0
340770,1,1,1986,16,16,16,16,16,16,16,16,16,16
340771,1,1,1986,0,0,0,0,0,0,0,0,0,0
340771,2,1,1986,0,0,0,0,0,0,0,0,0,0
340773,1,1,1986,0,0,0,0,0,0,0,0,0,0
340773,2,1,1986,0,0,0,0,0,0,0,0,0,0
340774,0,1,1986,14,0,0,0,0,26,16,0,0,0
340774,1,1,1986,0,0,0,0,0,0,0,0,0,0
340775,1,1,1986,32,24,9,23,0,0,19,14,0,15
340776,0,1,1986,0,0,0,0,0,0,0,0,0,0
340776,1,1,1986,0,0,0,0,0,0,0,0,0,0
340777,1,1,1986,14,0,0,0,0,0,8,0,0,0
340777,2,1,1986,0,0,0,0,0,0,0,0,0,0
340778,1,1,1986,0,0,0,0,0,0,0,0,0,0
340779,1,1,1986,0,0,0,0,0,0,0,0,0,0
340779,2,1,1986,11,11,11,11,11,11,11,11,11,11
340780,1,1,1986,0,0,0,0,0,0,0,0,0,0
340780,2,1,1986,0,0,0,0,0,0,0,0,0,0
340781,1,1,1986,6,6,6,6,6,6,6,6,6,6
340782,1,1,1986,13,13,13,13,13,13,13,13,13,13
340783,0,1,1986,0,0,0,0,0,0,6,0,0,0
340783,1,1,1986,0,0,0,0,0,19,0,0,0,0
340784,1,1,1986,21,21,21,21,21,21,21,21,21,21
340785,0,1,1986,0,0,0,0,0,0,0,0,0,0
340785,1,1,1986,0,0,10,15,0,0,0,0,0,0
340788,1,1,1986,0,0,0,0,0,0,0,0,0,0
340788,2,1,1986,0,0,0,0,0,0,0,0,0,0
340789,0,1,1986,0,0,0,0,0,0,0,0,0,0
340789,1,1,1986,0,0,0,0,0,0,0,0,0,0
340790,1,2,1986,15,15,15,15,15,15,15,15,15,15
340791,1,1,1986,0,0,0,0,0,0,0,0,0,0
340791,2,1,1986,0,0,0,0,0,0,0,0,0,0
340792,1,1,1986,0,0,0,0,0,0,0,0,0,3
340792,2,1,1986,0,0,0,0,15,0,11,22,0,0
340793,1,1,1986,0,0,0,0,0,0,0,0,0,0
340795,1,1,1986,24,24,24,24,24,24,24,24,24,24