ST_CASE,VEH_NO,PER_NO,YEAR,P1,P2,P3,P4,P5,P6,P7,P8,P9,P10
340796,1,1,1986,15,15,15,15,15,15,15,15,15,15
340796,2,1,1986,0,0,0,0,0,0,0,0,0,0
340797,1,1,1986,0,0,0,0,0,0,0,0,0,0
340798,0,1,1986,0,0,0,0,0,0,0,0,0,0
340798,1,1,1986,0,0,0,0,0,0,0,0,0,0
340800,0,1,1986,0,0,0,0,0,0,0,0,0,0
340800,1,1,1986,0,7,0,0,0,27,0,24,0,0
340800,2,1,1986,0,0,0,0,0,0,0,0,0,0
340801,0,1,1986,0,0,0,0,0,0,0,0,0,0
340801,1,1,1986,0,21,9,0,17,14,12,0,0,0
340802,1,1,1986,0,0,0,0,0,0,0,0,0,0
340802,2,1,1986,0,4,0,0,0,15,0,0,0,0
340803,0,1,1986,0,0,0,0,0,0,0,0,0,0
340803,1,1,1986,0,0,0,0,0,0,0,0,0,0
340804,1,1,1986,0,0,0,0,0,0,0,0,0,0
340805,0,1,1986,0,0,0,0,0,0,0,0,0,0
340805,1,1,1986,0,0,0,0,0,0,0,0,0,0
340806,1,1,1986,0,0,0,0,0,0,0,0,0,0
340806,2,1,1986,0,0,0,0,4,0,0,0,0,9
340807,1,1,1986,0,0,0,0,0,0,0,0,0,0
340807,2,1,1986,0,0,0,0,0,0,0,0,0,0
340808,0,1,1986,0,0,0,0,0,0,0,0,20,12
340808,1,1,1986,0,0,0,0,0,0,0,0,0,9
340809,1,1,1986,0,0,0,0,0,0,0,0,0,0
340809,2,1,1986,0,0,0,0,7,0,0,0,0,0
340809,3,1,1986,0,0,0,0,0,0,0,0,0,25
340809,4,1,1986,0,0,0,0,0,0,0,0,0,0
340810,1,1,1986,0,0,0,0,0,0,0,0,0,0
340810,2,1,1986,0,3,0,0,0,9,0,0,0,0
340810,3,1,1986,0,0,0,0,0,0,0,0,0,0
340811,1,1,1986,20,20,20,20,20,20,20,20,20,20
340812,0,1,1986,0,0,0,0,0,0,0,0,0,0
340812,1,1,1986,0,0,0,0,0,0,0,0,0,0
340813,0,1,1986,0,0,0,0,0,0,0,0,0,0
340813,1,1,1986,4,4,4,4,4,4,4,4,4,4
340814,1,1,1986,20,20,20,20,20,20,20,20,20,20
340815,1,1,1986,0,0,0,0,0,0,0,0,0,0
340815,2,1,1986,0,0,0,0,0,0,0,0,0,0
340816,1,1,1986,7,7,7,7,7,7,7,7,7,7
340817,1,1,1986,1,1,1,1,1,1,1,1,1,1
340818,0,1,1986,0,0,0,0,0,0,0,0,0,0
340818,1,1,1986,0,0,0,0,0,0,0,0,0,0
340819,1,1,1986,27,27,27,27,27,27,27,27,27,27
340820,1,1,1986,23,35,0,0,0,0,0,0,0,12
340821,1,1,1986,0,0,0,0,0,0,0,0,0,0
340821,2,1,1986,14,14,14,14,14,14,14,14,14,14
340822,0,1,1986,18,18,18,18,18,18,18,18,18,18
340822,1,1,1986,11,0,0,0,0,0,0,0,5,0
340824,0,1,1986,7,7,7,7,7,7,7,7,7,7
340824,1,1,1986,0,2,0,0,15,0,12,0,19,0
340825,1,1,1986,16,24,15,11,11,18,20,0,17,27
340825,2,1,1986,17,20,15,7,5,12,6,14,9,0
340826,1,1,1986,0,0,0,0,0,0,0,0,0,0
340826,2,1,1986,0,0,0,0,0,20,0,11,0,0
340827,1,1,1986,12,25,8,10,0,0,0,28,7,3
340828,0,1,1986,18,18,18,18,18,18,18,18,18,18
340828,1,1,1986,19,0,20,0,0,0,0,0,0,0
340829,1,1,1986,13,13,13,13,13,13,13,13,13,13
340829,2,1,1986,0,0,0,0,0,0,0,0,0,0
340830,1,1,1986,0,0,0,0,0,0,0,0,0,0
340830,2,1,1986,14,14,14,14,14,14,14,14,14,14
340831,1,1,1986,0,0,0,0,0,0,0,0,0,0
340832,1,1,1986,0,0,0,0,0,0,0,0,0,0
340833,0,1,1986,0,0,0,0,0,0,0,0,0,0
340833,1,1,1986,0,0,0,0,22,0,0,9,23,0
340835,1,1,1986,0,9,0,0,0,0,10,0,0,0
340835,2,1,1986,0,0,0,0,0,0,0,0,0,0
340836,1,1,1986,0,0,0,0,0,0,0,0,0,0
340836,2,1,1986,0,0,0,0,0,0,0,0,0,0
340837,0,1,1986,0,0,0,0,0,0,0,0,0,0
340837,1,1,1986,0,0,0,0,0,10,0,22,0,0
340838,0,1,1986,31,31,31,31,31,31,31,31,31,31
340838,1,1,1986,6,15,0,7,12,7,19,5,0,0
340839,0,1,1986,0,0,0,0,0,0,0,0,0,0
340839,1,1,1986,0,0,0,0,0,0,0,0,0,0
340840,1,1,1986,0,0,0,0,0,0,0,0,0,0
340840,2,1,1986,0,0,0,0,0,0,0,0,0,0
340841,1,1,1986,21,21,21,21,21,21,21,21,21,21
340842,1,1,1986,16,16,16,16,16,16,16,16,16,16
340843,1,1,1986,0,0,0,0,0,0,0,0,0,0
340843,2,1,1986,0,0,0,0,0,0,0,0,0,0
340846,1,1,1986,0,0,0,0,0,0,0,0,0,0
340846,2,1,1986,0,0,0,0,0,0,0,0,0,0
340847,1,1,1986,0,0,0,0,0,0,0,0,0,0
340848,1,1,1986,22,22,22,22,22,22,22,22,22,22
340849,0,1,1986,0,0,0,0,0,0,0,0,0,0
340849,1,1,1986,0,0,0,0,0,0,0,0,0,0
340850,1,1,1986,0,0,0,0,0,0,0,0,0,0
340850,2,1,1986,0,0,0,22,0,0,0,0,11,11
340851,1,1,1986,0,0,0,0,0,0,11,0,0,0
340851,2,1,1986,0,0,0,0,0,10,0,0,0,0
340851,3,1,1986,0,0,0,8,0,0,0,0,0,0
340852,1,1,1986,22,22,22,22,22,22,22,22,22,22
340853,1,1,1986,18,18,18,18,18,18,18,18,18,18
340853,2,1,1986,0,0,0,0,0,0,0,0,0,0
340854,1,1,1986,0,0,0,0,0,0,0,0,0,0
340854,2,1,1986,22,22,22,22,22,22,22,22,22,22
340855,1,1,1986,20,20,20,20,20,20,20,20,20,20
340856,1,1,1986,0,0,0,0,0,0,0,0,0,0
340856,2,1,1986,0,0,0,0,0,0,0,0,0,0
340857,1,1,1986,19,19,19,19,19,19,19,19,19,19
340858,1,1,1986,0,0,0,0,0,0,0,0,0,0
340859,1,1,1986,14,14,14,14,14,14,14,14,14,14
340859,2,1,1986,10,10,10,10,10,10,10,10,10,10
340860,1,1,1986,18,18,18,18,18,18,18,18,18,18
340860,2,1,1986,0,0,0,14,0,0,0,0,0,0
340861,1,1,1986,0,0,0,0,11,14,0,0,0,0
340861,2,1,1986,32,32,32,32,32,32,32,32,32,32
340862,0,1,1986,4,4,4,4,4,4,4,4,4,4
340862,1,1,1986,0,0,0,0,0,0,0,0,0,0
340863,0,1,1986,0,0,0,0,0,0,0,0,0,0
340863,1,1,1986,0,0,15,0,0,0,0,0,0,0
340864,1,1,1986,0,17,0,0,0,13,0,0,0,0
340864,2,1,1986,10,0,0,0,0,0,9,0,0,0
340865,1,1,1986,22,22,22,22,22,22,22,22,22,22
340865,2,1,1986,0,0,0,0,0,0,0,0,0,0
340866,0,1,1986,18,18,18,18,18,18,18,18,18,18
340866,1,1,1986,0,0,0,0,0,0,0,0,0,0
340867,1,1,1986,0,14,0,0,0,0,0,0,0,0
340867,2,1,1986,9,9,9,9,9,9,9,9,9,9
340868,0,1,1986,20,20,20,20,20,20,20,20,20,20
340868,1,1,1986,0,0,0,0,0,0,0,0,0,0
340869,1,1,1986,13,13,13,13,13,13,13,13,13,13
340870,0,1,1986,0,0,0,0,0,0,0,0,0,0
340870,1,1,1986,10,10,10,10,10,10,10,10,10,10
340871,1,1,1986,26,7,14,0,26,0,0,13,0,25
340871,2,1,1986,0,0,0,0,0,0,0,0,0,0
340873,0,1,1986,0,0,0,0,0,0,0,0,0,0
340873,1,1,1986,0,0,0,17,0,0,0,17,0,0
340874,1,1,1986,0,0,0,0,0,0,0,0,0,0
340875,0,1,1986,0,0,0,0,0,0,0,0,0,0
340875,1,1,1986,0,0,0,0,0,0,0,0,0,0
340876,1,1,1986,24,24,24,24,24,24,24,24,24,24
340877,1,1,1986,15,15,15,15,15,15,15,15,15,15
340878,1,1,1986,25,25,25,25,25,25,25,25,25,25
340879,0,1,1986,23,0,0,0,0,0,0,24,0,0
340879,1,1,1986,0,0,0,0,0,5,0,0,0,0
340880,1,1,1986,19,19,19,19,19,19,19,19,19,19
340880,2,1,1986,6,6,6,6,6,6,6,6,6,6
340881,0,1,1986,0,0,0,0,0,0,0,0,0,0
340881,1,1,1986,0,0,0,0,0,0,9,0,0,0
340882,0,1,1986,0,0,0,0,0,0,0,0,0,0
340882,1,1,1986,0,0,0,0,0,0,0,0,0,0
340883,1,1,1986,0,0,18,0,0,0,0,0,0,0
340883,2,1,1986,5,0,0,14,0,2,0,12,0,11
340884,1,1,1986,0,0,0,0,0,0,0,0,0,0
340885,0,1,1986,17,17,17,17,17,17,17,17,17,17
340885,1,1,1986,0,0,0,0,0,0,0,0,0,0
340886,0,1,1986,0,0,0,0,0,0,0,0,0,0
340886,1,1,1986,0,0,0,0,0,0,0,0,0,0
340887,1,1,1986,0,0,0,0,0,0,0,0,0,0
340887,2,1,1986,0,0,0,0,0,0,0,0,0,0
340888,0,1,1986,0,0,0,0,0,0,0,0,0,0
340888,1,1,1986,0,0,0,0,0,0,0,0,0,0
340888,2,1,1986,0,0,0,0,0,0,0,0,0,0
340889,1,1,1986,0,0,0,0,0,0,0,0,0,0
340889,2,1,1986,0,0,0,0,0,0,0,0,0,0
340891,0,1,1986,30,30,30,30,30,30,30,30,30,30
340891,1,1,1986,0,0,0,0,0,0,0,0,0,0
340892,0,1,1986,0,0,0,0,0,0,0,0,0,0
340892,1,1,1986,0,0,0,0,0,0,0,0,0,0
340893,0,1,1986,0,0,0,0,0,0,5,0,0,0
340893,1,1,1986,0,0,0,0,0,0,0,0,0,0
340894,0,1,1986,13,13,13,13,13,13,13,13,13,13
340894,1,1,1986,8,8,8,8,8,8,8,8,8,8
340895,1,1,1986,26,26,26,26,26,26,26,26,26,26
340896,0,1,1986,30,30,30,30,30,30,30,30,30,30
340896,0,2,1986,30,0,16,24,19,2,0,32,25,0
340896,1,1,1986,0,0,0,0,0,0,0,0,0,0
340897,1,1,1986,0,0,0,0,0,0,0,0,0,0
340898,0,1,1986,0,0,0,0,0,0,0,0,0,0
340898,1,1,1986,19,0,0,0,21,0,0,0,0,0
340899,1,1,1986,18,12,25,0,9,14,0,26,16,0
340900,1,1,1986,0,0,0,0,0,0,0,0,0,0
340900,2,1,1986,0,0,0,0,0,0,0,0,0,0
340901,0,1,1986,0,0,0,0,0,0,0,0,0,0
340901,1,1,1986,0,0,0,0,0,0,0,0,0,0
340902,1,1,1986,0,0,0,0,0,0,0,0,10,0
340902,2,1,1986,0,0,0,0,0,0,0,0,0,0
340903,1,1,1986,0,0,0,0,0,0,0,0,0,0
340903,2,1,1986,0,0,0,0,0,0,0,0,0,0
340904,1,1,1986,0,0,0,0,0,0,0,0,0,0
340904,2,1,1986,0,0,0,0,0,0,0,0,0,0
340905,1,1,1986,0,0,0,0,0,0,0,0,0,0
340905,2,1,1986,0,0,0,0,0,5,0,0,0,0
340907,0,1,1986,0,0,0,0,0,0,0,0,0,0
340907,1,1,1986,0,0,0,0,0,0,0,0,0,0
340908,0,1,1986,0,0,0,0,0,0,0,0,0,0
340908,1,1,1986,0,0,0,0,0,0,0,0,0,0
340908,2,1,1986,0,0,0,14,0,0,0,0,0,0
340908,3,1,1986,0,0,0,0,0,0,0,0,0,0
340909,0,1,1986,0,0,0,0,0,0,0,0,0,0
340909,1,1,1986,16,0,0,20,22,0,0,0,0,0
340910,0,1,1986,0,0,0,0,0,0,0,0,0,0
340910,1,1,1986,0,0,0,0,0,0,0,0,0,0
340911,0,1,1986,24,24,24,24,24,24,24,24,24,24
340911,1,1,1986,0,0,6,0,11,12,0,0,6,20
340912,1,1,1986,20,20,20,20,20,20,20,20,20,20
340912,2,1,1986,14,14,14,14,14,14,14,14,14,14
340913,1,1,1986,6,6,6,6,6,6,6,6,6,6
340914,0,1,1986,0,0,0,0,0,0,0,0,0,0
340914,1,1,1986,0,12,12,0,0,0,0,0,0,0
340915,1,1,1986,0,0,0,0,0,0,0,0,0,0
340915,2,1,1986,0,0,0,0,0,0,0,0,0,0
340916,0,1,1986,34,34,34,34,34,34,34,34,34,34
340916,1,1,1986,0,0,0,0,0,0,0,0,0,0
340917,0,1,1986,0,0,0,0,0,0,0,0,0,0
340917,1,1,1986,6,6,6,6,6,6,6,6,6,6
340918,1,1,1986,0,0,0,0,0,0,0,0,0,0
340918,2,1,1986,0,0,0,0,0,0,0,0,0,0
340919,0,1,1986,0,0,0,0,0,0,0,0,0,0
340920,1,1,1986,11,11,11,11,11,11,11,11,11,11
340921,1,1,1986,4,4,4,4,4,4,4,4,4,4
340921,2,1,1986,0,0,0,0,0,0,0,0,0,0
340922,1,1,1986,0,0,0,0,0,4,0,17,0,0
340923,1,1,1986,0,0,0,0,0,0,0,0,0,0
340923,2,1,1986,0,0,0,0,0,0,0,0,0,0
340924,1,1,1986,0,0,0,0,0,0,0,0,0,0
340924,2,1,1986,0,0,0,0,0,0,0,0,0,0
340925,0,1,1986,0,0,0,0,0,0,0,0,0,0
340925,0,2,1986,0,21,0,0,33,23,0,0,29,0
340925,1,1,1986,0,0,0,0,0,0,0,0,0,0
340926,1,1,1986,0,0,0,0,0,0,0,0,0,0
340926,2,1,1986,0,0,0,0,0,0,0,0,0,0
340927,1,1,1986,0,0,0,0,0,0,0,0,0,0
340928,0,1,1986,15,15,15,15,15,15,15,15,15,15
340928,1,1,1986,20,0,0,0,0,0,8,26,0,0
340929,1,1,1986,0,0,19,0,0,0,0,0,0,0
340929,2,1,1986,0,0,0,0,0,0,0,0,0,0
340929,3,1,1986,0,0,0,0,0,0,0,0,0,0
340930,1,1,1986,15,15,15,15,15,15,15,15,15,15
340931,1,1,1986,9,9,9,9,9,9,9,9,9,9
340932,0,1,1986,0,0,31,0,0,0,0,0,0,0
340932,1,1,1986,0,0,0,0,9,12,0,0,0,0
340933,1,1,1986,0,0,0,0,0,0,0,16,0,0
340933,2,1,1986,0,0,0,0,0,0,0,0,0,0
340934,1,1,1986,20,20,20,20,20,20,20,20,20,20
340935,1,1,1986,0,0,0,0,0,0,0,0,0,0
340935,2,1,1986,0,0,0,0,0,0,0,0,0,0
340935,3,1,1986,6,6,6,6,6,6,6,6,6,6
340936,0,1,1986,0,0,0,0,0,0,0,0,0,0
340936,1,1,1986,0,0,0,0,0,0,0,0,0,0
340937,0,1,1986,14,14,14,14,14,14,14,14,14,14
340937,1,1,1986,0,0,0,13,0,0,0,0,0,0
340938,0,1,1986,0,0,0,0,0,0,0,0,0,0
340938,1,1,1986,0,0,0,0,0,0,0,0,0,0
340939,1,1,1986,0,0,0,0,0,0,0,0,0,0
340939,2,1,1986,0,0,0,0,0,0,0,0,0,0
340941,1,1,1986,5,5,5,5,5,5,5,5,5,5
340941,2,1,1986,0,0,0,0,0,0,0,0,0,0
340942,0,1,1986,0,0,0,0,0,0,0,0,0,0
340942,1,1,1986,0,0,0,0,0,0,0,0,0,0
340943,1,1,1986,0,9,0,23,0,10,0,0,0,0
340943,2,1,1986,0,0,0,0,0,0,0,0,0,0
340944,1,1,1986,0,0,0,0,0,0,0,0,0,0
340945,1,1,1986,0,0,0,0,0,0,0,0,0,0
340945,2,1,1986,0,0,0,0,0,0,0,0,0,0
340946,1,1,1986,0,0,0,0,0,8,14,0,0,0
340946,2,1,1986,21,0,0,0,0,9,0,0,0,0
340946,3,1,1986,0,0,0,0,0,0,0,0,0,0
340947,0,1,1986,0,0,0,0,0,0,0,0,0,0
340947,1,1,1986,0,0,0,0,0,0,0,0,0,0
340948,0,1,1986,0,0,0,0,0,0,0,0,0,0
340948,1,1,1986,0,0,0,0,0,0,0,0,0,0
340949,1,1,1986,8,8,8,8,8,8,8,8,8,8
340949,2,1,1986,0,0,0,0,0,0,0,0,0,0
340949,3,1,1986,0,0,11,10,0,0,0,19,18,0
340950,1,1,1986,0,0,0,0,0,0,0,0,0,0
340950,2,1,1986,0,0,0,0,0,0,0,0,0,0
340951,1,1,1986,18,0,0,0,0,0,0,0,0,0
340952,1,1,1986,0,0,0,0,0,0,0,0,0,0
340952,2,1,1986,0,0,0,0,0,0,0,0,0,0
340953,1,1,1986,0,0,0,0,0,0,0,0,6,0
340953,2,1,1986,0,0,0,0,0,0,0,0,0,0
340954,1,1,1986,10,10,10,10,10,10,10,10,10,10
340954,2,1,1986,9,9,9,9,9,9,9,9,9,9
340955,1,1,1986,16,16,16,16,16,16,16,16,16,16
340955,2,1,1986,0,0,0,0,0,0,0,0,10,0
340956,0,1,1986,0,0,0,0,0,0,0,0,0,0
340956,1,1,1986,12,0,0,0,0,3,0,0,0,0
340957,1,1,1986,0,0,0,0,0,0,0,0,0,0
340957,2,1,1986,0,0,0,0,0,0,0,0,0,0
340958,1,1,1986,0,0,0,0,0,0,0,0,0,0
340959,1,1,1986,17,13,8,14,0,9,0,11,0,9
340960,0,1,1986,0,0,0,0,0,0,0,0,0,0
340960,1,1,1986,0,0,0,0,0,0,0,0,0,0
340961,0,1,1986,0,0,0,0,0,0,0,0,0,0
340961,1,1,1986,0,0,0,0,0,0,0,0,0,5
340962,0,1,1986,0,0,0,0,0,0,0,0,0,0
340962,1,1,1986,0,0,0,0,8,0,0,0,0,0
340963,0,1,1986,5,5,5,5,5,5,5,5,5,5
340963,1,1,1986,0,0,0,0,0,0,0,0,0,0
340964,1,1,1986,17,29,0,9,15,10,10,14,21,18
340964,2,1,1986,0,0,0,0,0,0,0,0,0,0
340965,0,1,1986,0,0,10,9,0,46,0,0,22,0
340965,1,1,1986,0,0,0,0,0,0,8,0,0,17
340965,2,1,1986,0,0,0,0,0,0,0,0,0,0
340966,1,1,1986,0,0,0,0,0,0,0,0,0,0
340966,2,1,1986,0,0,0,0,0,0,0,0,0,0
340967,0,1,1986,0,0,0,0,0,0,0,19,0,0
340967,1,1,1986,0,0,0,0,0,0,0,0,0,0
340968,0,1,1986,0,0,0,0,0,0,0,0,0,0
340968,1,1,1986,0,0,0,0,0,0,11,10,1,0
340969,1,1,1986,13,13,13,13,13,13,13,13,13,13
340969,2,1,1986,22,22,22,22,22,22,22,22,22,22
340970,1,1,1986,26,26,26,26,26,26,26,26,26,26
340971,1,1,1986,0,0,0,0,0,0,0,0,0,0
340972,1,1,1986,0,0,0,0,0,0,0,0,0,0
340972,2,1,1986,0,0,0,0,0,0,0,0,17,0
340973,1,1,1986,0,0,0,0,0,0,0,0,0,0
340974,1,1,1986,17,17,17,17,17,17,17,17,17,17
340975,1,1,1986,0,0,0,0,0,0,0,0,0,0
340975,2,1,1986,0,0,0,0,0,0,0,0,0,0
340975,3,1,1986,7,0,0,0,0,0,0,0,0,0
340976,1,1,1986,0,0,0,0,0,0,0,0,0,0
340976,2,1,1986,0,0,0,0,0,0,0,0,0,0
340977,1,1,1986,0,0,0,0,0,0,0,0,0,0
340978,0,1,1986,0,0,0,0,0,0,0,0,0,0
340978,1,1,1986,0,0,0,11,0,10,0,0,0,0
340979,0,1,1986,0,0,0,0,0,0,22,7,0,18
340979,1,1,1986,0,0,0,0,0,0,0,0,0,0
340980,1,1,1986,28,28,28,28,28,28,28,28,28,28
340981,0,1,1986,3,3,3,3,3,3,3,3,3,3
340981,1,1,1986,0,0,10,0,0,0,11,0,0,20
340982,1,1,1986,0,0,0,0,0,0,0,0,0,0
340982,2,1,1986,27,27,27,27,27,27,27,27,27,27
340982,3,1,1986,0,0,0,0,0,0,0,0,0,0
340983,1,1,1986,0,0,0,0,0,0,0,0,0,0
340983,2,1,1986,0,0,0,0,0,0,0,0,0,0
340983,3,1,1986,0,0,0,0,0,0,0,0,0,3
340984,0,1,1986,0,0,0,0,0,0,0,0,0,0
340984,1,1,1986,0,0,4,4,0,0,0,0,0,0
340985,1,1,1986,0,0,0,0,0,0,0,0,0,0
340985,2,1,1986,0,0,0,0,0,0,0,0,0,0
340985,3,1,1986,0,0,0,0,0,4,5,0,0,4
340986,1,1,1986,18,18,18,18,18,18,18,18,18,18
340987,1,1,1986,0,0,0,0,0,0,0,0,0,0
340987,2,1,1986,0,0,0,0,0,0,0,0,0,0
340988,0,1,1986,0,0,0,0,30,0,0,0,0,0
340988,1,1,1986,16,0,0,10,0,0,12,0,5,0
340989,1,1,1986,0,0,0,0,0,0,0,0,0,0
340989,2,1,1986,0,0,0,0,0,0,0,0,0,0
340990,1,1,1986,0,0,0,0,0,0,0,0,0,0
340990,2,1,1986,22,22,22,22,22,22,22,22,22,22
340991,0,1,1986,0,0,0,0,0,0,0,0,0,0
340991,1,1,1986,0,0,0,0,0,0,0,0,0,0
340991,2,1,1986,0,0,0,0,0,0,0,0,0,0
340992,1,1,1986,0,0,0,0,0,0,0,0,0,0
340992,2,1,1986,0,0,0,0,0,0,0,0,0,0
340993,1,1,1986,0,0,0,0,0,0,0,0,0,0
340994,0,1,1986,0,0,0,0,0,0,0,0,0,0
340994,1,1,1986,0,0,0,0,0,0,0,0,0,0
340996,0,1,1986,0,0,0,0,0,0,0,0,0,0
340996,1,1,1986,7,0,0,0,0,0,0,0,0,0
340997,1,1,1986,11,11,11,11,11,11,11,11,11,11
340997,2,1,1986,4,4,4,4,4,4,4,4,4,4
340998,1,1,1986,3,3,3,3,3,3,3,3,3,3
340999,1,1,1986,0,0,0,0,0,0,0,0,0,0
340999,2,1,1986,0,0,0,0,0,14,0,0,0,0
341000,1,1,1986,0,0,0,0,0,0,0,0,0,0
341000,2,1,1986,0,0,0,0,0,0,0,0,0,0
341001,1,1,1986,0,0,0,0,0,0,0,0,0,0
341001,2,1,1986,0,0,0,0,0,0,0,0,0,0
341002,0,1,1986,24,24,24,24,24,24,24,24,24,24
341002,1,1,1986,3,0,0,0,0,7,0,0,0,0
341003,0,1,1986,0,0,0,0,0,0,0,0,0,0
341003,1,1,1986,0,0,0,0,0,0,0,0,0,0
341004,1,1,1986,0,13,0,2,0,17,0,0,0,0
341004,2,1,1986,0,0,0,0,6,0,0,0,0,0
341004,3,1,1986,0,0,0,0,0,0,0,0,2,0
341005,1,1,1986,0,0,0,0,0,0,0,0,0,0
341005,2,1,1986,0,0,0,0,0,16,0,0,0,0
341006,0,1,1986,0,0,0,0,28,0,0,0,5,11
341006,0,2,1986,0,0,0,0,0,0,0,0,0,0
341006,1,1,1986,0,0,0,0,0,0,13,15,0,0
341007,1,1,1986,0,0,0,0,0,0,0,0,0,0
341009,0,1,1986,0,0,0,0,0,0,0,0,0,0
341009,1,1,1986,0,0,0,0,0,0,0,0,11,0
341010,1,1,1986,34,34,34,34,34,34,34,34,34,34
341011,1,1,1986,21,21,21,21,21,21,21,21,21,21
341011,2,1,1986,0,0,8,0,0,0,0,0,0,0
341011,3,1,1986,0,0,0,0,0,0,0,0,0,0
341012,1,1,1986,0,0,0,0,0,0,0,0,0,0
341013,1,1,1986,15,15,15,15,15,15,15,15,15,15
341014,1,1,1986,13,13,13,13,13,13,13,13,13,13
341014,2,1,1986,0,0,0,0,0,0,0,0,0,0
341016,1,1,1986,2,2,2,2,2,2,2,2,2,2
341016,2,1,1986,7,11,0,0,0,0,0,0,0,0
341017,0,1,1986,0,0,0,0,0,0,0,0,0,0
341017,1,1,1986,0,0,0,0,0,0,0,0,0,0
341018,1,1,1986,0,0,0,0,0,0,0,0,0,0
341018,2,1,1986,0,0,0,0,0,0,0,0,0,0
341019,1,1,1986,13,13,13,13,13,13,13,13,13,13
341019,2,1,1986,20,20,20,20,20,20,20,20,20,20
341020,0,1,1986,17,17,17,17,17,17,17,17,17,17
341020,1,1,1986,0,0,0,0,0,0,0,0,0,0
341021,1,1,1986,0,0,0,0,0,0,0,0,0,0
341022,1,1,1986,0,0,0,0,0,0,0,0,0,0
341023,1,1,1986,0,0,0,0,0,0,0,0,0,0
341024,0,1,1986,0,0,0,0,0,0,0,0,0,0
341024,0,2,1986,0,0,0,0,0,0,0,0,0,0
341024,0,3,1986,0,0,13,11,0,14,0,0,0,0
341024,1,1,1986,0,0,0,0,0,0,0,0,0,0
341025,0,1,1986,0,0,0,32,0,0,0,0,0,0
341025,1,1,1986,0,0,0,0,0,0,0,0,0,0
341027,0,1,1986,0,0,0,0,0,0,0,0,0,0
341027,1,1,1986,0,0,0,0,0,0,0,0,0,0
341027,2,1,1986,0,0,0,0,0,0,0,0,0,0
341028,1,1,1986,0,0,0,0,0,0,22,0,0,0
341028,2,1,1986,0,0,0,0,0,0,0,0,0,0
341030,1,1,1986,0,0,0,0,0,0,0,19,0,0
341031,1,1,1986,0,0,0,0,0,0,0,0,0,0
350001,1,1,1986,0,0,0,0,0,0,0,0,0,0
350002,1,1,1986,0,0,0,0,0,0,0,0,0,0
350002,2,1,1986,0,0,0,0,0,0,0,0,0,0
350003,0,1,1986,8,8,8,8,8,8,8,8,8,8
350003,1,1,1986,0,0,0,0,0,0,0,0,0,0
350004,1,1,1986,3,3,3,3,3,3,3,3,3,3
350005,0,1,1986,12,12,12,12,12,12,12,12,12,12
350005,1,1,1986,0,0,0,0,0,0,0,0,0,0
350006,1,1,1986,18,18,18,18,18,18,18,18,18,18
350007,1,1,1986,0,0,0,0,0,0,8,11,0,0
350007,2,1,1986,9,24,0,22,0,0,28,26,9,22
350008,0,1,1986,32,32,32,32,32,32,32,32,32,32
350008,1,1,1986,2,0,9,0,14,14,25,23,0,12
350009,1,1,1986,18,18,18,18,18,18,18,18,18,18
350010,0,1,1986,0,0,0,0,0,0,0,0,0,0
350010,1,1,1986,0,0,0,15,0,0,0,0,0,10
350011,1,1,1986,0,0,0,0,0,0,0,0,0,0
350011,2,1,1986,4,4,4,4,4,4,4,4,4,4
350012,1,1,1986,0,0,0,0,0,0,0,0,0,0
350013,1,1,1986,0,0,0,0,0,0,0,0,0,0
350013,2,1,1986,0,0,0,0,17,0,0,0,0,0
350014,1,1,1986,12,9,23,23,18,25,0,13,10,19
350015,1,1,1986,20,10,15,22,9,14,8,13,16,4
350015,2,1,1986,0,0,0,0,0,0,0,0,0,0
350015,3,1,1986,0,0,0,0,0,0,0,0,0,12
350016,1,1,1986,0,0,0,0,0,0,0,0,0,0
350016,2,1,1986,26,26,26,26,26,26,26,26,26,26
350017,0,1,1986,0,0,0,0,0,0,0,0,0,0
350017,1,1,1986,11,11,11,11,11,11,11,11,11,11
350018,1,1,1986,0,0,0,0,0,0,0,0,0,0
350018,2,1,1986,16,16,16,16,16,16,16,16,16,16
350019,1,1,1986,0,0,0,0,0,0,0,0,0,0
350019,2,1,1986,0,0,0,0,0,0,0,0,0,0
350020,1,1,1986,0,0,0,0,0,0,0,0,0,0
350020,2,1,1986,0,0,0,16,0,8,0,0,0,0
350021,1,1,1986,0,0,0,0,0,0,0,0,0,0
350022,1,1,1986,0,0,0,0,0,0,0,0,0,0
350023,1,1,1986,0,0,0,0,0,0,0,0,0,0
350023,2,1,1986,23,23,23,23,23,23,23,23,23,23
350024,1,1,1986,0,0,0,0,0,0,0,0,0,0
350024,2,1,1986,14,14,14,14,14,14,14,14,14,14
350025,0,1,1986,9,9,9,9,9,9,9,9,9,9
350025,1,1,1986,0,0,0,0,17,0,0,0,0,0
350026,0,1,1986,0,0,0,0,0,0,0,0,0,0
350026,1,1,1986,15,14,9,13,29,12,16,37,33,19
350027,1,1,1986,18,18,18,18,18,18,18,18,18,18
350027,2,1,1986,13,11,4,4,23,4,0,0,22,16
350028,0,1,1986,0,27,0,8,0,0,43,5,0,0
350028,1,1,1986,0,0,0,0,0,0,0,0,0,0
350029,1,1,1986,13,8,21,9,13,16,6,0,11,20
350031,0,1,1986,0,0,0,0,0,0,0,0,0,0
350031,1,1,1986,0,0,0,0,0,0,0,0,0,0
350032,1,1,1986,25,25,25,25,25,25,25,25,25,25
350033,1,1,1986,0,0,0,0,0,0,0,0,0,0
350033,2,1,1986,0,0,0,0,0,0,0,0,0,0
350034,1,1,1986,19,19,19,19,19,19,19,19,19,19