ST_CASE,VEH_NO,PER_NO,YEAR,P1,P2,P3,P4,P5,P6,P7,P8,P9,P10
350035,1,1,1986,20,16,14,12,23,24,15,15,11,10
350036,0,1,1986,31,31,31,31,31,31,31,31,31,31
350036,1,1,1986,0,0,0,0,0,0,0,0,0,0
350037,1,1,1986,19,19,19,19,19,19,19,19,19,19
350038,1,1,1986,1,1,1,1,1,1,1,1,1,1
350039,1,1,1986,0,0,0,0,0,0,0,0,0,0
350040,1,1,1986,10,10,10,10,10,10,10,10,10,10
350040,2,1,1986,0,0,0,5,0,0,0,0,0,0
350041,1,1,1986,0,0,0,0,0,0,0,0,0,0
350041,2,1,1986,15,15,15,15,15,15,15,15,15,15
350042,1,1,1986,0,0,0,0,15,0,0,0,0,0
350042,2,1,1986,0,0,0,0,0,0,0,0,0,0
350043,0,1,1986,1,1,1,1,1,1,1,1,1,1
350043,1,1,1986,0,0,0,0,0,0,0,0,0,0
350044,1,1,1986,0,0,0,0,0,0,0,0,0,0
350044,2,1,1986,0,0,0,0,0,0,0,0,0,0
350045,0,1,1986,30,30,30,30,30,30,30,30,30,30
350045,1,1,1986,23,23,23,23,23,23,23,23,23,23
350046,1,1,1986,0,0,0,0,0,0,0,0,0,0
350047,0,1,1986,0,0,0,0,0,13,0,26,13,0
350047,1,1,1986,0,0,0,0,0,0,0,0,0,0
350048,1,1,1986,11,11,11,11,11,11,11,11,11,11
350048,2,1,1986,23,23,23,23,23,23,23,23,23,23
350049,1,1,1986,33,33,33,33,33,33,33,33,33,33
350050,1,1,1986,0,0,0,0,0,0,0,0,0,0
350051,0,1,1986,33,33,33,33,33,33,33,33,33,33
350051,1,1,1986,0,0,0,0,0,0,0,0,0,0
350052,0,1,1986,21,21,21,21,21,21,21,21,21,21
350052,1,1,1986,7,7,7,7,7,7,7,7,7,7
350053,1,1,1986,11,11,11,11,11,11,11,11,11,11
350054,1,1,1986,17,17,17,17,17,17,17,17,17,17
350055,0,1,1986,2,2,2,2,2,2,2,2,2,2
350055,1,1,1986,15,0,0,0,0,0,0,0,0,0
350056,1,1,1986,11,14,13,29,14,11,8,13,0,12
350056,2,1,1986,0,0,0,0,0,0,0,0,0,0
350057,1,1,1986,0,0,0,0,0,0,0,0,0,0
350057,2,1,1986,22,22,22,22,22,22,22,22,22,22
350058,1,1,1986,16,16,16,16,16,16,16,16,16,16
350058,2,1,1986,0,0,0,0,4,0,0,0,0,0
350059,1,1,1986,0,0,0,0,0,0,0,0,0,0
350059,2,1,1986,0,0,0,0,0,0,0,0,0,0
350059,3,1,1986,0,0,0,0,0,0,0,0,0,0
350060,0,1,1986,16,16,16,16,16,16,16,16,16,16
350060,1,1,1986,0,0,0,0,0,0,0,0,0,0
350061,1,1,1986,2,2,2,2,2,2,2,2,2,2
350062,1,1,1986,28,28,28,28,28,28,28,28,28,28
350062,2,1,1986,43,43,43,43,43,43,43,43,43,43
350063,1,1,1986,24,24,24,24,24,24,24,24,24,24
350063,2,1,1986,0,2,0,0,0,0,0,0,0,0
350064,1,1,1986,16,16,16,16,16,16,16,16,16,16
350065,1,1,1986,0,0,0,0,10,0,0,0,0,0
350066,1,1,1986,0,0,0,0,0,0,0,0,0,0
350066,2,1,1986,3,3,3,3,3,3,3,3,3,3
350067,1,1,1986,0,10,0,0,0,0,0,0,0,0
350067,2,1,1986,0,0,0,0,0,0,0,0,0,0
350067,3,1,1986,0,0,0,0,0,0,0,0,0,0
350067,4,1,1986,0,0,0,0,0,0,0,0,0,0
350068,1,1,1986,0,0,0,0,0,0,0,0,0,0
350069,1,1,1986,22,22,22,22,22,22,22,22,22,22
350070,1,1,1986,26,7,7,10,14,14,8,9,17,0
350071,0,1,1986,17,17,17,17,17,17,17,17,17,17
350071,1,1,1986,0,0,0,0,0,0,0,0,0,0
350072,1,1,1986,17,17,17,17,17,17,17,17,17,17
350072,2,1,1986,10,10,10,10,10,10,10,10,10,10
350073,0,1,1986,46,46,46,46,46,46,46,46,46,46
350073,1,1,1986,15,0,14,0,0,0,0,0,0,0
350074,0,1,1986,0,0,0,0,0,0,0,0,0,0
350074,1,1,1986,0,0,0,0,0,0,0,0,0,0
350075,1,1,1986,12,12,12,12,12,12,12,12,12,12
350076,1,1,1986,7,7,7,7,7,7,7,7,7,7
350076,2,1,1986,0,0,0,0,0,0,0,0,0,0
350077,1,1,1986,23,23,23,23,23,23,23,23,23,23
350078,1,1,1986,22,22,22,22,22,22,22,22,22,22
350079,1,1,1986,0,0,0,0,0,0,0,0,0,0
350080,1,1,1986,0,0,0,0,0,16,28,0,0,0
350081,1,1,1986,0,0,11,0,0,0,0,0,0,32
350081,2,1,1986,0,0,0,0,0,0,0,0,0,0
350082,1,1,1986,16,16,16,16,16,16,16,16,16,16
350083,1,1,1986,10,10,10,10,10,10,10,10,10,10
350084,1,1,1986,0,0,0,0,0,0,0,0,0,0
350085,1,1,1986,0,0,0,0,0,0,0,0,0,0
350086,1,1,1986,18,18,18,18,18,18,18,18,18,18
350088,0,1,1986,36,36,36,36,36,36,36,36,36,36
350088,1,1,1986,0,26,0,8,0,18,0,5,0,0
350089,0,1,1986,0,0,0,0,0,0,0,0,0,0
350089,1,1,1986,0,0,0,0,0,0,0,0,0,0
350089,2,1,1986,0,0,0,0,0,0,0,0,0,0
350090,1,1,1986,23,23,23,23,23,23,23,23,23,23
350090,2,1,1986,0,0,0,0,0,0,0,0,0,0
350091,1,1,1986,0,0,0,0,0,0,0,0,0,0
350092,1,1,1986,7,7,7,7,7,7,7,7,7,7
350093,1,1,1986,29,29,29,29,29,29,29,29,29,29
350094,1,1,1986,19,19,19,19,19,19,19,19,19,19
350095,1,1,1986,0,0,0,0,0,0,0,0,0,0
350095,2,1,1986,15,15,15,15,15,15,15,15,15,15
350096,1,1,1986,24,24,24,24,24,24,24,24,24,24
350097,0,1,1986,0,0,0,0,0,0,0,0,0,0
350097,1,1,1986,0,0,0,0,0,0,0,0,0,0
350098,0,1,1986,0,0,0,0,0,0,0,0,0,0
350098,1,1,1986,13,13,13,13,13,13,13,13,13,13
350099,1,1,1986,9,9,9,9,9,9,9,9,9,9
350099,2,1,1986,0,0,0,0,0,0,0,0,0,0
350100,1,1,1986,0,0,0,0,0,0,0,0,0,0
350100,2,1,1986,0,0,0,0,0,0,0,0,0,0
350101,0,1,1986,0,0,0,0,0,0,0,0,0,0
350101,1,1,1986,0,0,0,0,0,0,0,0,4,0
350102,1,1,1986,22,22,22,22,22,22,22,22,22,22
350103,0,1,1986,0,0,0,0,0,0,0,0,0,0
350103,1,1,1986,0,0,0,0,0,0,0,0,0,0
350104,1,1,1986,16,16,16,16,16,16,16,16,16,16
350105,1,1,1986,11,5,19,13,0,4,14,16,15,16
350105,2,1,1986,15,15,15,15,15,15,15,15,15,15
350106,1,1,1986,0,7,0,0,0,0,0,0,7,0
350106,2,1,1986,0,0,0,0,0,0,0,0,0,0
350107,1,1,1986,9,20,10,21,0,12,23,31,17,28
350108,1,1,1986,17,17,17,17,17,17,17,17,17,17
350109,0,1,1986,19,0,0,13,21,0,18,23,17,0
350109,1,1,1986,22,9,24,13,17,10,8,15,18,13
350110,1,1,1986,9,9,9,9,9,9,9,9,9,9
350111,1,1,1986,16,8,12,5,24,12,21,31,13,23
350112,1,1,1986,0,0,0,0,0,0,0,0,0,7
350112,2,1,1986,0,18,9,0,7,0,0,0,0,32
350113,0,1,1986,50,50,50,50,50,50,50,50,50,50
350113,1,1,1986,20,20,20,20,20,20,20,20,20,20
350114,1,1,1986,7,31,8,4,8,18,3,7,16,16
350115,1,1,1986,22,22,22,22,22,22,22,22,22,22
350116,1,1,1986,0,0,0,0,0,0,0,0,0,0
350116,2,1,1986,19,19,19,19,19,19,19,19,19,19
350117,1,1,1986,15,15,15,15,15,15,15,15,15,15
350118,1,1,1986,0,0,0,0,0,0,0,0,0,0
350119,0,1,1986,6,6,6,6,6,6,6,6,6,6
350119,0,2,1986,10,15,22,29,9,12,43,50,0,16
350119,1,1,1986,0,0,0,11,0,0,0,0,0,0
350120,1,1,1986,11,11,11,11,11,11,11,11,11,11
350120,2,1,1986,0,0,0,0,18,0,0,0,0,0
350121,0,1,1986,0,0,0,0,0,0,0,0,0,0
350121,1,1,1986,0,9,10,0,0,0,13,0,2,35
350122,0,1,1986,19,19,19,19,19,19,19,19,19,19
350122,0,2,1986,0,0,0,18,0,0,15,16,0,0
350122,1,1,1986,0,0,0,0,0,0,0,0,0,0
350122,2,1,1986,0,0,17,0,0,0,0,0,7,0
350123,1,1,1986,15,15,15,15,15,15,15,15,15,15
350124,1,1,1986,25,25,25,25,25,25,25,25,25,25
350125,1,1,1986,5,19,10,27,19,17,17,20,23,17
350126,0,1,1986,0,0,0,0,0,0,0,0,0,0
350126,1,1,1986,20,20,20,20,20,20,20,20,20,20
350127,1,1,1986,15,17,26,12,18,24,0,26,21,26
350128,1,1,1986,0,10,0,13,0,8,13,0,0,0
350129,1,1,1986,32,32,32,32,32,32,32,32,32,32
350130,1,1,1986,20,20,20,20,20,20,20,20,20,20
350131,1,1,1986,15,15,15,15,15,15,15,15,15,15
350132,1,1,1986,0,3,0,0,14,0,0,0,0,0
350133,1,1,1986,0,0,0,0,0,0,0,0,0,0
350133,2,1,1986,7,7,7,7,7,7,7,7,7,7
350134,1,1,1986,13,13,13,13,13,13,13,13,13,13
350135,1,1,1986,0,0,0,0,0,0,0,0,0,0
350136,1,1,1986,0,0,0,0,0,0,0,0,0,0
350136,2,1,1986,0,0,0,0,0,0,0,6,0,0
350137,0,1,1986,0,0,0,0,0,0,0,0,0,0
350137,1,1,1986,0,21,18,0,0,9,10,0,0,0
350138,1,1,1986,0,0,0,0,0,0,0,0,0,0
350139,1,1,1986,0,0,0,0,0,0,0,0,0,0
350140,1,1,1986,19,19,11,15,21,12,13,9,12,24
350141,1,1,1986,23,40,23,7,17,15,11,32,21,0
350142,1,1,1986,0,0,0,0,0,0,0,0,0,0
350143,1,1,1986,0,0,0,0,0,0,0,0,0,0
350143,2,1,1986,0,0,0,0,0,0,0,0,0,0
350143,3,1,1986,0,0,0,0,0,0,0,0,0,0
350144,1,1,1986,11,11,11,11,11,11,11,11,11,11
350145,1,1,1986,0,6,0,8,0,6,15,0,9,0
350146,1,1,1986,22,22,22,22,22,22,22,22,22,22
350147,1,1,1986,17,17,17,17,17,17,17,17,17,17
350148,1,1,1986,16,8,0,19,0,0,0,13,16,13
350149,1,1,1986,19,11,16,19,12,0,12,21,0,9
350149,2,1,1986,0,0,0,0,0,0,0,0,0,0
350150,1,1,1986,0,0,0,0,0,0,0,0,0,0
350151,0,1,1986,0,0,0,0,0,0,0,0,0,0
350151,1,1,1986,18,18,18,18,18,18,18,18,18,18
350152,1,1,1986,0,0,0,0,0,0,0,0,0,0
350152,2,1,1986,0,0,0,0,0,0,0,0,0,0
350153,1,1,1986,32,11,12,7,21,26,18,27,13,21
350154,1,1,1986,22,22,22,22,22,22,22,22,22,22
350155,1,1,1986,0,0,0,0,0,0,0,0,0,0
350155,2,1,1986,10,10,10,10,10,10,10,10,10,10
350156,1,1,1986,0,0,0,16,7,0,0,0,9,0
350156,2,1,1986,0,0,0,0,0,0,0,0,0,0
350157,1,1,1986,3,0,16,0,14,17,0,0,6,0
350158,1,1,1986,9,16,0,23,10,16,13,6,19,13
350159,1,1,1986,0,0,0,0,0,13,0,0,8,0
350159,2,1,1986,0,0,0,0,0,0,0,0,0,0
350160,0,1,1986,0,0,10,7,13,23,0,0,0,6
350160,1,1,1986,0,0,0,0,0,0,0,0,0,0
350160,2,1,1986,0,0,0,0,5,0,0,0,0,0
350161,0,1,1986,2,2,2,2,2,2,2,2,2,2
350161,1,1,1986,0,0,0,0,0,0,0,0,0,0
350162,0,1,1986,0,0,0,0,0,0,0,0,0,0
350162,0,2,1986,0,0,0,0,0,0,0,0,0,0
350162,1,1,1986,29,41,0,0,18,0,0,12,28,42
350163,0,1,1986,25,25,25,25,25,25,25,25,25,25
350163,1,1,1986,10,6,28,22,0,9,7,13,5,8
350164,1,1,1986,26,26,26,26,26,26,26,26,26,26
350165,1,1,1986,12,12,12,12,12,12,12,12,12,12
350165,2,1,1986,10,10,10,10,10,10,10,10,10,10
350166,0,1,1986,0,0,0,0,0,0,0,0,0,0
350166,1,1,1986,0,0,0,0,0,0,0,0,0,0
350167,0,1,1986,0,0,0,0,0,0,0,0,0,0
350167,1,1,1986,0,0,0,0,0,0,0,0,0,0
350168,1,1,1986,0,0,0,0,0,0,0,0,0,0
350169,1,1,1986,26,26,26,26,26,26,26,26,26,26
350170,1,1,1986,29,16,5,19,27,21,20,19,6,18
350171,1,1,1986,0,0,0,0,0,0,0,0,0,0
350172,0,1,1986,17,17,17,17,17,17,17,17,17,17
350172,1,1,1986,13,24,13,13,11,12,11,16,26,12
350173,1,1,1986,3,3,3,3,3,3,3,3,3,3
350174,0,1,1986,0,0,0,0,0,0,0,0,0,0
350174,1,1,1986,0,0,0,0,0,0,0,0,0,0
350175,1,1,1986,17,17,17,17,17,17,17,17,17,17
350176,1,1,1986,9,9,9,9,9,9,9,9,9,9
350177,1,1,1986,0,0,0,0,0,0,0,0,0,0
350178,0,1,1986,0,0,0,0,0,0,0,0,0,0
350178,1,1,1986,0,0,0,0,23,0,0,0,8,0
350179,1,1,1986,0,0,0,0,0,0,0,0,0,0
350180,1,1,1986,0,0,0,0,0,0,0,0,0,0
350180,2,1,1986,0,0,0,0,0,0,0,0,0,0
350181,1,1,1986,0,0,0,0,0,20,0,0,0,0
350182,1,1,1986,6,15,0,12,25,0,0,0,30,9
350182,2,1,1986,0,0,0,0,0,0,0,0,0,0
350183,1,1,1986,0,0,0,0,0,0,0,0,0,0
350183,2,1,1986,0,0,0,0,0,0,0,0,0,2
350184,0,1,1986,19,19,19,19,19,19,19,19,19,19
350184,1,1,1986,0,3,0,0,0,0,0,15,0,0
350185,1,1,1986,0,0,0,0,0,0,0,0,0,0
350185,2,1,1986,0,0,0,0,0,0,0,0,0,0
350186,1,1,1986,0,0,0,0,0,0,0,0,0,0
350186,2,1,1986,11,0,0,0,0,4,0,0,0,0
350187,1,1,1986,0,0,0,0,0,16,0,0,12,0
350187,2,1,1986,24,24,24,24,24,24,24,24,24,24
350188,1,1,1986,0,0,0,0,0,0,0,0,0,0
350188,2,1,1986,9,9,9,9,9,9,9,9,9,9
350189,0,1,1986,18,18,18,18,18,18,18,18,18,18
350189,1,1,1986,20,33,12,14,0,4,13,17,17,20
350190,1,1,1986,10,10,10,10,10,10,10,10,10,10
350191,1,1,1986,3,3,3,3,3,3,3,3,3,3
350192,1,1,1986,0,0,0,0,0,0,0,0,0,0
350192,2,1,1986,0,0,0,0,0,0,0,0,0,0
350193,1,1,1986,9,0,10,10,27,12,0,30,34,4
350194,1,1,1986,0,14,0,0,0,0,0,0,0,10
350195,1,1,1986,13,13,13,13,13,13,13,13,13,13
350196,1,1,1986,18,6,13,11,11,24,14,0,18,5
350197,1,1,1986,0,0,0,0,0,0,0,0,0,0
350197,2,1,1986,0,0,0,0,0,0,0,0,0,0
350198,1,1,1986,0,0,0,0,0,0,0,0,0,0
350198,2,1,1986,0,0,0,0,0,0,0,0,0,0
350199,1,1,1986,15,15,15,15,15,15,15,15,15,15
350199,2,1,1986,0,0,19,0,0,0,0,0,12,0
350200,1,1,1986,0,0,0,0,0,0,0,0,0,0
350201,1,1,1986,0,0,0,13,4,23,13,0,27,0
350202,1,1,1986,0,0,0,0,0,0,0,0,0,0
350203,1,1,1986,0,0,0,0,0,0,0,0,0,0
350203,2,1,1986,0,25,3,0,43,12,19,12,0,0
350204,0,1,1986,29,29,29,29,29,29,29,29,29,29
350204,1,1,1986,0,0,0,0,0,0,0,0,0,0
350205,1,1,1986,16,16,16,16,16,16,16,16,16,16
350206,1,1,1986,14,14,14,14,14,14,14,14,14,14
350207,0,1,1986,0,0,0,0,0,0,0,0,0,0
350207,1,1,1986,13,13,13,13,13,13,13,13,13,13
350208,1,1,1986,5,5,5,5,5,5,5,5,5,5
350209,1,1,1986,0,0,0,0,0,0,0,0,0,0
350209,2,1,1986,0,0,0,0,0,0,0,0,0,0
350210,0,1,1986,18,18,18,18,18,18,18,18,18,18
350210,1,1,1986,0,0,10,5,24,31,10,16,0,17
350211,1,1,1986,3,5,0,0,0,0,0,8,0,0
350212,0,1,1986,25,25,25,25,25,25,25,25,25,25
350212,1,1,1986,0,0,0,2,0,0,0,0,0,0
350213,1,1,1986,9,9,9,9,9,9,9,9,9,9
350214,0,1,1986,0,0,4,0,0,0,0,0,0,0
350214,1,1,1986,0,0,0,0,0,0,0,0,0,0
350215,1,1,1986,27,14,10,6,13,8,14,16,30,20
350215,2,1,1986,16,16,16,16,16,16,16,16,16,16
350216,1,1,1986,0,0,0,0,0,0,0,0,0,0
350217,1,1,1986,9,0,25,0,29,36,0,18,24,0
350218,1,1,1986,0,0,0,0,0,0,0,0,0,0
350218,2,1,1986,0,0,0,0,0,0,0,0,0,0
350219,1,1,1986,0,0,0,0,0,0,0,0,0,0
350220,1,1,1986,0,0,0,0,0,0,0,0,0,0
350221,1,1,1986,0,0,0,0,18,13,9,21,16,17
350221,2,1,1986,0,0,0,0,0,0,0,0,0,0
350222,1,1,1986,0,0,0,0,0,0,0,0,0,0
350222,2,1,1986,0,0,0,0,0,0,0,0,0,0
350223,1,1,1986,0,0,0,0,0,0,0,0,0,0
350223,2,1,1986,0,0,0,0,0,5,0,0,0,0
350223,3,1,1986,8,0,0,11,18,0,19,0,5,0
350224,1,1,1986,41,14,23,29,16,15,12,16,0,26
350225,1,1,1986,0,0,0,0,0,0,10,0,0,0
350225,2,1,1986,21,0,0,0,10,0,0,0,0,0
350226,1,1,1986,7,7,7,7,7,7,7,7,7,7
350227,1,1,1986,0,0,0,0,0,0,0,0,0,0
350228,1,1,1986,0,0,0,0,0,0,0,0,0,0
350228,2,1,1986,0,0,0,0,0,0,0,0,0,0
350228,3,1,1986,0,0,0,0,0,0,0,0,0,0
350229,1,1,1986,15,15,15,15,15,15,15,15,15,15
350230,1,1,1986,0,0,0,16,0,0,3,0,0,0
350231,0,1,1986,25,25,25,25,25,25,25,25,25,25
350231,1,1,1986,0,0,0,0,0,0,0,0,0,0
350232,1,1,1986,0,0,7,0,0,0,0,0,0,0
350233,1,1,1986,17,10,0,0,0,30,0,0,0,0
350233,2,1,1986,2,2,2,2,2,2,2,2,2,2
350234,1,1,1986,0,0,0,0,0,0,0,0,0,0
350235,1,1,1986,5,5,5,5,5,5,5,5,5,5
350235,2,1,1986,15,15,15,15,15,15,15,15,15,15
350236,1,1,1986,0,0,0,0,0,0,0,0,0,0
350237,1,1,1986,0,0,0,0,0,0,0,0,0,0
350238,1,1,1986,22,22,22,22,22,22,22,22,22,22
350239,1,1,1986,0,9,0,17,12,0,0,0,0,0
350240,1,1,1986,0,0,0,0,0,0,0,0,0,0
350240,2,1,1986,3,3,3,3,3,3,3,3,3,3
350241,1,1,1986,0,19,21,22,15,24,0,29,28,12
350242,0,1,1986,31,31,31,31,31,31,31,31,31,31
350242,1,1,1986,0,0,0,15,0,0,0,0,0,13
350243,1,1,1986,14,12,0,0,0,0,0,0,0,0
350243,2,1,1986,5,5,18,20,14,7,4,0,27,19
350244,0,1,1986,20,20,20,20,20,20,20,20,20,20
350244,1,1,1986,6,0,21,13,0,0,0,0,0,0
350245,1,1,1986,19,19,19,19,19,19,19,19,19,19
350246,1,1,1986,0,10,7,14,7,10,23,28,22,5
350247,1,1,1986,12,12,12,12,12,12,12,12,12,12
350247,2,1,1986,14,14,14,14,14,14,14,14,14,14
350248,0,1,1986,0,0,0,0,0,0,0,0,0,0
350248,1,1,1986,0,0,0,0,0,0,0,0,0,0
350249,1,1,1986,7,7,7,7,7,7,7,7,7,7
350250,1,1,1986,0,18,0,26,0,0,0,24,0,0
350250,2,1,1986,0,0,0,0,0,0,0,0,0,0
350251,1,1,1986,22,8,20,0,18,6,16,6,22,10
350252,1,1,1986,0,0,0,0,0,0,0,0,0,0
350253,1,1,1986,0,0,0,0,0,0,0,0,0,0
350254,1,1,1986,9,9,9,9,9,9,9,9,9,9
350254,2,1,1986,0,0,0,0,0,0,0,0,0,0
350255,0,1,1986,8,8,8,8,8,8,8,8,8,8
350255,1,1,1986,17,0,16,14,19,0,0,22,0,8
350256,1,1,1986,0,0,0,0,0,0,0,0,0,0
350256,2,1,1986,0,0,18,0,0,0,22,0,0,0
350257,1,1,1986,0,0,0,0,0,0,0,0,0,0
350258,1,1,1986,0,0,0,0,0,0,0,0,0,0
350259,1,1,1986,20,20,20,20,20,20,20,20,20,20
350259,2,1,1986,0,0,0,0,0,0,0,0,0,20
350260,1,1,1986,0,0,0,0,0,0,0,0,0,0
350261,0,1,1986,27,27,27,27,27,27,27,27,27,27
350261,1,1,1986,0,0,0,0,5,0,0,0,0,0
350262,1,1,1986,31,31,31,31,31,31,31,31,31,31
350263,1,1,1986,0,0,0,0,0,0,0,0,0,0
350263,2,1,1986,0,0,0,0,0,0,0,0,0,0
350264,1,1,1986,18,11,21,9,17,12,10,15,21,14
350264,2,1,1986,12,0,20,7,16,12,15,0,16,15
350265,0,1,1986,27,27,27,27,27,27,27,27,27,27
350265,1,1,1986,0,0,0,0,0,11,0,0,0,0
350266,1,1,1986,18,18,18,18,18,18,18,18,18,18
350266,2,1,1986,0,0,0,0,0,0,0,18,22,0
350267,1,1,1986,21,21,21,21,21,21,21,21,21,21
350268,0,1,1986,0,0,0,0,0,0,0,0,0,0
350268,1,1,1986,0,0,0,0,0,0,0,0,0,0
350269,1,1,1986,0,0,0,0,0,0,0,0,0,0
350269,2,1,1986,0,0,0,0,0,0,0,0,0,0
350270,1,1,1986,8,8,8,8,8,8,8,8,8,8
350271,0,1,1986,20,20,20,20,20,20,20,20,20,20
350271,1,1,1986,0,0,0,14,0,13,11,0,0,0
350272,1,1,1986,14,14,14,14,14,14,14,14,14,14
350273,1,1,1986,16,16,16,16,16,16,16,16,16,16
350274,1,1,1986,0,0,0,0,0,0,0,0,0,0
350274,2,1,1986,12,12,12,12,12,12,12,12,12,12
350275,1,1,1986,0,0,0,0,0,0,0,0,0,0
350275,2,1,1986,0,0,0,0,0,0,0,0,0,0
350276,1,1,1986,34,34,34,34,34,34,34,34,34,34
350277,1,1,1986,29,29,29,29,29,29,29,29,29,29
350278,1,1,1986,20,20,20,20,20,20,20,20,20,20
350278,2,1,1986,7,7,7,7,7,7,7,7,7,7
350279,1,1,1986,25,0,0,10,0,0,0,0,0,0
350281,1,1,1986,13,13,13,13,13,13,13,13,13,13
350282,1,1,1986,0,0,0,0,0,0,0,0,0,0
350282,2,1,1986,0,0,0,0,0,0,0,0,0,0
350283,1,1,1986,0,0,0,0,0,0,0,0,0,0
350283,2,1,1986,9,13,2,8,6,19,28,8,8,9
350284,1,1,1986,8,8,8,8,8,8,8,8,8,8
350284,2,1,1986,11,11,11,11,11,11,11,11,11,11
350286,0,1,1986,0,0,0,0,0,0,0,12,0,0
350286,0,3,1986,0,0,0,0,0,0,0,0,0,0
350286,1,1,1986,0,12,18,0,0,0,23,28,0,28
350287,1,1,1986,12,12,12,12,12,12,12,12,12,12
350288,1,1,1986,0,0,0,0,0,0,0,0,0,0
350288,2,1,1986,0,0,0,0,0,0,0,0,0,0
350289,1,1,1986,0,0,0,0,0,0,0,0,0,0
350289,2,1,1986,0,0,0,0,0,0,0,0,0,0
350290,1,1,1986,0,0,0,0,0,0,0,0,0,0
350291,1,1,1986,0,0,0,0,0,0,0,0,0,0
350291,2,1,1986,0,0,0,0,0,0,0,0,0,0
350292,1,1,1986,0,0,0,0,0,0,0,0,0,0
350293,0,1,1986,34,34,34,34,34,34,34,34,34,34
350293,1,1,1986,24,30,13,20,17,0,17,6,19,23
350294,0,1,1986,0,0,0,0,0,0,0,0,0,0
350294,1,1,1986,0,0,0,0,0,0,0,0,0,0
350295,1,1,1986,0,19,12,11,0,9,15,4,24,0
350296,1,1,1986,21,21,21,21,21,21,21,21,21,21
350297,0,1,1986,0,0,0,0,0,0,0,0,0,0
350297,1,1,1986,0,0,0,0,0,0,0,0,0,0
350298,1,1,1986,23,23,23,23,23,23,23,23,23,23
350299,1,1,1986,14,14,14,14,14,14,14,14,14,14
350300,0,1,1986,27,27,27,27,27,27,27,27,27,27
350300,1,1,1986,0,14,0,0,0,0,0,0,0,0
350301,0,1,1986,25,25,25,25,25,25,25,25,25,25
350301,1,1,1986,20,0,0,0,0,0,0,0,0,0
350302,0,1,1986,29,29,29,29,29,29,29,29,29,29
350302,0,2,1986,26,26,26,26,26,26,26,26,26,26
350302,1,1,1986,0,0,0,0,0,0,0,0,0,0
350303,1,1,1986,0,0,0,0,0,0,0,0,0,0
350304,1,1,1986,0,0,0,0,0,0,0,0,0,0
350305,0,1,1986,15,15,15,15,15,15,15,15,15,15
350305,1,1,1986,0,12,0,0,11,0,0,8,9,21
350306,1,1,1986,4,4,4,4,4,4,4,4,4,4
350307,1,1,1986,12,12,12,12,12,12,12,12,12,12
350308,1,1,1986,0,0,0,3,0,0,0,18,0,0
350308,2,1,1986,0,0,0,0,0,0,6,0,0,0
350309,1,1,1986,22,22,22,22,22,22,22,22,22,22
350310,1,1,1986,17,17,17,17,17,17,17,17,17,17
350311,1,1,1986,13,13,13,13,13,13,13,13,13,13
350312,1,1,1986,0,0,0,0,0,0,0,0,0,0
350312,2,1,1986,0,0,0,0,0,0,0,0,0,0
350313,1,1,1986,1,1,1,1,1,1,1,1,1,1
350314,0,1,1986,0,0,0,0,0,0,0,0,0,0
350314,1,1,1986,0,0,0,0,0,0,0,0,0,0
350315,0,1,1986,0,0,0,0,0,0,0,0,0,0
350315,1,1,1986,0,0,0,0,0,0,0,0,0,0
350316,1,1,1986,20,20,20,20,20,20,20,20,20,20
350317,1,1,1986,14,14,14,14,14,14,14,14,14,14
350317,2,1,1986,0,0,0,0,0,16,0,0,0,0
350317,3,1,1986,17,17,19,13,16,10,11,14,16,14
350318,1,1,1986,0,0,0,0,0,0,0,0,0,0
350318,2,1,1986,0,0,31,0,0,3,7,0,0,0
350319,1,1,1986,16,16,16,16,16,16,16,16,16,16
350319,2,1,1986,0,0,0,0,0,0,0,0,0,0
350320,1,1,1986,15,15,15,15,15,15,15,15,15,15
350320,2,1,1986,21,0,0,0,0,14,0,0,8,0
350321,0,1,1986,14,12,25,0,0,24,0,34,0,12
350321,1,1,1986,21,19,0,0,0,0,8,0,0,0
350322,0,1,1986,0,0,0,0,0,0,0,0,0,0
350322,1,1,1986,0,0,0,0,0,0,0,0,0,0
350323,1,1,1986,14,14,14,14,14,14,14,14,14,14
350324,1,1,1986,0,7,0,3,0,0,0,0,11,0
350325,0,1,1986,29,29,29,29,29,29,29,29,29,29
350325,1,1,1986,0,7,29,3,11,11,8,13,4,16