ST_CASE,VEH_NO,PER_NO,YEAR,P1,P2,P3,P4,P5,P6,P7,P8,P9,P10
360146,0,1,1986,0,0,0,0,0,0,0,0,0,0
360146,1,1,1986,14,7,0,11,13,5,12,17,8,9
360147,1,1,1986,0,0,0,0,0,0,0,0,0,0
360148,1,1,1986,0,0,0,0,0,0,0,0,0,0
360148,2,1,1986,18,0,0,0,0,0,22,14,22,0
360149,1,1,1986,0,0,0,0,0,0,0,0,0,0
360149,2,1,1986,0,0,0,0,0,0,0,0,0,0
360149,3,1,1986,0,0,0,0,0,0,0,0,0,0
360150,1,1,1986,0,0,0,11,0,0,3,0,0,0
360150,2,1,1986,0,0,0,0,0,0,0,0,0,0
360151,1,1,1986,31,31,31,31,31,31,31,31,31,31
360152,1,1,1986,16,16,16,16,16,16,16,16,16,16
360152,2,1,1986,0,0,0,0,0,0,0,0,0,0
360153,1,1,1986,0,0,0,0,0,0,0,0,0,0
360153,2,1,1986,17,17,17,17,17,17,17,17,17,17
360154,1,1,1986,0,0,0,0,0,0,0,5,0,0
360154,2,1,1986,0,0,0,0,0,0,0,0,0,0
360155,1,1,1986,0,0,0,0,0,0,0,0,0,0
360156,1,1,1986,16,16,16,16,16,16,16,16,16,16
360157,1,1,1986,18,18,18,18,18,18,18,18,18,18
360158,1,1,1986,0,0,0,0,0,0,0,0,0,0
360158,2,1,1986,0,0,0,0,0,0,0,0,0,0
360159,0,1,1986,0,0,0,0,0,0,0,0,0,0
360159,1,1,1986,19,0,0,0,0,0,0,0,0,0
360160,1,1,1986,14,14,14,14,14,14,14,14,14,14
360161,1,1,1986,0,0,0,0,0,0,0,0,0,0
360162,1,1,1986,0,0,0,0,0,0,0,0,0,0
360162,2,1,1986,0,0,0,0,0,0,0,0,0,0
360163,1,1,1986,23,23,23,23,23,23,23,23,23,23
360163,2,1,1986,21,21,21,21,21,21,21,21,21,21
360163,3,1,1986,0,0,0,0,0,0,0,0,0,0
360164,1,1,1986,0,0,0,0,0,0,0,0,0,0
360165,1,1,1986,0,0,0,0,0,0,0,0,0,0
360165,2,1,1986,0,0,0,0,0,0,0,0,0,0
360166,1,1,1986,0,0,0,0,0,0,0,0,0,0
360167,0,1,1986,17,17,17,17,17,17,17,17,17,17
360167,1,1,1986,0,0,0,0,0,0,0,0,0,0
360168,1,1,1986,0,0,0,0,0,0,0,0,0,0
360169,0,1,1986,0,0,0,0,0,0,0,0,0,0
360169,1,1,1986,0,0,0,0,0,0,0,0,0,0
360170,0,1,1986,37,37,37,37,37,37,37,37,37,37
360170,1,1,1986,0,0,7,0,0,0,0,10,0,0
360171,0,1,1986,0,0,0,0,0,0,0,0,0,0
360171,0,2,1986,0,0,0,0,0,0,0,0,0,0
360171,1,1,1986,0,0,0,0,0,0,0,0,0,0
360172,1,1,1986,0,0,0,0,0,0,0,0,0,0
360173,1,1,1986,15,15,15,15,15,15,15,15,15,15
360173,2,1,1986,0,0,0,0,0,0,0,0,0,0
360174,0,1,1986,0,0,0,9,29,18,21,0,0,0
360174,0,2,1986,30,0,0,0,16,0,0,16,0,0
360174,1,1,1986,0,0,0,0,0,0,0,0,0,0
360175,0,1,1986,0,0,0,0,0,0,0,0,0,0
360175,1,1,1986,0,0,0,0,0,0,0,0,0,0
360176,1,1,1986,0,0,0,0,0,0,0,0,0,0
360176,2,1,1986,0,0,0,0,0,0,0,0,0,0
360177,1,1,1986,0,0,0,0,0,0,0,0,0,0
360177,2,1,1986,0,0,0,0,0,0,0,11,0,0
360177,3,1,1986,0,0,0,0,0,0,0,2,0,0
360178,1,1,1986,21,21,21,21,21,21,21,21,21,21
360179,1,1,1986,0,0,0,0,0,0,0,0,0,0
360180,1,1,1986,0,0,0,0,0,0,0,0,0,0
360180,2,1,1986,0,0,0,0,0,0,0,0,0,0
360181,0,1,1986,23,23,23,23,23,23,23,23,23,23
360181,1,1,1986,33,7,5,11,0,13,16,0,8,0
360182,0,1,1986,0,0,0,0,0,0,0,0,0,0
360182,1,1,1986,0,0,0,0,0,0,0,0,0,0
360183,0,1,1986,0,0,0,0,0,16,0,0,0,0
360183,1,1,1986,0,0,0,0,0,0,0,0,0,0
360184,1,1,1986,0,0,0,0,0,6,0,0,0,11
360185,1,1,1986,0,0,0,4,0,0,0,0,0,0
360185,2,1,1986,0,0,0,0,0,0,0,0,0,0
360186,1,1,1986,0,0,0,0,0,0,0,0,0,0
360186,2,1,1986,0,0,0,0,0,0,0,0,0,0
360187,1,1,1986,0,0,0,0,0,0,0,0,0,0
360188,0,1,1986,0,18,0,0,0,0,0,0,0,10
360188,0,2,1986,0,0,0,0,0,0,0,0,0,0
360188,1,1,1986,0,0,0,0,0,0,4,0,0,0
360189,1,1,1986,9,5,15,16,16,17,9,20,32,25
360190,0,1,1986,0,0,0,0,0,0,0,0,0,0
360190,1,1,1986,0,0,0,0,0,0,0,0,0,0
360190,2,1,1986,2,0,0,0,0,0,0,13,3,0
360191,0,1,1986,13,13,13,13,13,13,13,13,13,13
360191,1,1,1986,0,0,0,0,0,0,0,0,0,0
360192,1,1,1986,22,22,22,22,22,22,22,22,22,22
360193,1,1,1986,0,0,0,0,5,0,0,0,0,0
360193,2,1,1986,0,0,0,0,0,0,0,0,0,0
360194,1,1,1986,23,22,38,23,9,9,0,28,17,13
360195,1,1,1986,0,0,0,0,0,0,0,0,0,0
360196,1,1,1986,0,0,0,0,0,0,0,0,0,0
360197,1,1,1986,21,17,8,24,21,13,10,13,13,3
360198,0,1,1986,12,12,12,12,12,12,12,12,12,12
360198,1,1,1986,29,7,33,16,17,31,17,19,8,16
360199,0,1,1986,0,0,0,0,0,0,0,0,0,0
360199,1,1,1986,0,0,0,0,0,0,0,0,0,0
360200,1,1,1986,0,0,0,0,0,0,0,0,0,0
360200,2,1,1986,0,0,0,0,0,0,0,8,0,0
360201,1,1,1986,0,0,0,0,0,0,0,0,0,0
360201,2,1,1986,0,0,0,0,0,0,0,19,0,0
360202,1,1,1986,0,0,0,0,0,0,0,0,0,0
360202,2,1,1986,17,17,17,17,17,17,17,17,17,17
360203,1,1,1986,9,9,9,9,9,9,9,9,9,9
360204,1,1,1986,0,0,0,0,0,0,0,0,0,0
360204,2,1,1986,0,0,0,0,0,0,0,0,6,0
360205,1,1,1986,0,15,0,0,0,0,0,0,7,0
360206,1,1,1986,0,0,0,0,0,0,0,0,0,0
360207,0,1,1986,0,0,0,0,0,0,0,0,0,0
360207,1,1,1986,0,0,0,0,0,0,0,0,0,0
360209,0,1,1986,0,0,0,0,0,0,0,0,0,0
360209,1,1,1986,0,0,0,0,0,0,0,0,0,0
360210,0,1,1986,0,0,0,0,0,0,0,0,0,0
360210,1,1,1986,0,0,0,0,11,6,0,0,0,0
360211,0,1,1986,3,3,3,3,3,3,3,3,3,3
360211,1,1,1986,0,0,24,0,0,0,0,0,0,0
360212,1,1,1986,0,0,0,0,0,0,0,0,0,0
360212,2,1,1986,0,0,0,0,0,0,0,0,0,0
360213,0,1,1986,0,0,0,0,0,0,0,0,0,0
360213,1,1,1986,0,0,0,6,0,9,0,0,0,0
360214,0,1,1986,0,0,0,0,0,0,0,0,0,0
360214,1,1,1986,0,0,0,0,10,0,15,6,25,33
360215,1,1,1986,0,0,0,0,0,0,9,0,0,0
360215,2,1,1986,0,0,0,0,0,0,0,0,0,0
360216,1,1,1986,0,0,0,0,0,0,0,0,0,0
360217,1,1,1986,0,0,0,0,0,0,0,0,0,0
360218,0,1,1986,0,0,0,0,0,0,15,0,0,20
360218,1,1,1986,0,0,0,0,0,0,0,0,0,0
360219,1,1,1986,26,0,0,0,0,12,0,0,0,0
360220,1,1,1986,0,0,0,13,5,0,0,11,0,18
360221,1,1,1986,13,0,0,0,0,15,0,0,0,0
360221,2,1,1986,0,0,13,0,0,0,0,0,0,0
360222,1,1,1986,0,0,0,0,0,0,0,0,0,0
360222,2,1,1986,0,0,0,0,0,0,0,0,0,0
360223,1,1,1986,0,0,0,0,0,0,0,0,0,0
360223,2,1,1986,0,0,0,0,0,0,0,0,0,0
360224,1,1,1986,0,0,0,0,6,0,0,0,0,0
360224,2,1,1986,12,12,12,12,12,12,12,12,12,12
360225,1,1,1986,22,22,22,22,22,22,22,22,22,22
360226,0,1,1986,0,0,0,0,0,0,0,0,0,0
360226,1,1,1986,0,0,0,0,0,0,0,0,0,0
360227,1,1,1986,0,0,0,0,0,0,0,0,0,0
360227,2,1,1986,1,1,1,1,1,1,1,1,1,1
360228,0,1,1986,0,0,0,0,0,0,0,0,0,0
360228,1,1,1986,0,0,0,0,0,0,0,0,0,0
360229,0,1,1986,0,0,0,0,0,0,0,0,0,0
360229,1,1,1986,0,0,0,0,0,0,0,0,0,0
360230,1,1,1986,22,22,22,22,22,22,22,22,22,22
360231,1,1,1986,0,0,0,0,0,0,0,0,0,0
360231,2,1,1986,0,0,0,0,0,0,0,0,0,0
360232,1,1,1986,0,0,0,0,0,0,0,0,0,0
360233,1,1,1986,17,17,17,17,17,17,17,17,17,17
360233,2,1,1986,8,0,0,0,0,0,0,0,0,0
360234,1,1,1986,0,0,0,0,0,0,0,0,0,0
360234,2,1,1986,0,0,0,0,0,18,0,0,0,0
360235,1,1,1986,0,0,0,0,0,0,0,0,0,0
360235,2,1,1986,0,0,0,0,0,12,0,0,0,0
360236,1,1,1986,0,0,0,0,0,0,0,0,0,9
360236,2,1,1986,0,0,0,0,0,8,0,0,0,0
360237,0,1,1986,0,0,0,0,0,0,0,0,0,0
360237,1,1,1986,0,0,0,0,0,0,0,0,0,0
360238,0,1,1986,20,20,20,20,20,20,20,20,20,20
360238,1,1,1986,33,34,5,4,2,17,0,15,30,8
360239,0,1,1986,17,17,17,17,17,17,17,17,17,17
360239,1,1,1986,0,16,11,8,0,0,0,19,0,0
360240,1,1,1986,0,0,0,0,0,0,0,0,0,0
360240,2,1,1986,0,0,0,0,0,0,0,0,0,0
360241,0,1,1986,0,0,0,0,0,0,0,0,0,0
360241,1,1,1986,0,0,0,0,0,7,0,0,0,0
360242,1,1,1986,0,0,0,0,0,0,0,0,0,17
360243,0,1,1986,0,0,0,0,0,0,0,0,0,0
360243,1,1,1986,0,0,0,0,10,0,0,0,0,3
360244,1,1,1986,9,16,10,22,0,17,0,16,15,0
360245,1,1,1986,0,0,0,0,0,0,0,0,0,0
360245,2,1,1986,0,0,0,0,0,0,0,0,0,0
360245,3,1,1986,0,0,0,0,0,0,0,0,0,0
360246,1,1,1986,11,17,8,21,7,16,9,9,3,12
360247,1,1,1986,0,0,0,0,0,0,0,0,0,0
360248,0,1,1986,0,0,0,0,0,0,0,0,0,0
360248,1,1,1986,0,0,0,0,0,0,0,0,0,0
360249,1,1,1986,0,0,0,0,0,0,0,0,0,0
360250,0,1,1986,0,0,0,0,25,0,0,0,0,0
360250,1,1,1986,0,0,0,35,0,0,0,0,0,0
360251,1,1,1986,0,0,0,0,0,0,0,0,0,0
360251,2,1,1986,16,16,16,16,16,16,16,16,16,16
360252,1,1,1986,15,15,15,15,15,15,15,15,15,15
360253,1,1,1986,0,8,0,0,13,0,0,0,0,9
360254,1,1,1986,0,0,0,0,0,0,0,0,0,0
360254,2,1,1986,0,0,0,0,0,0,0,0,0,0
360255,0,1,1986,0,0,0,0,0,0,0,0,0,0
360255,1,1,1986,0,0,0,0,0,0,0,0,0,0
360256,1,1,1986,9,11,14,0,0,11,14,17,23,12
360257,1,1,1986,0,0,13,0,0,0,13,0,0,3
360257,2,1,1986,0,0,0,0,0,0,0,0,0,0
360258,1,1,1986,0,0,0,0,0,0,0,0,0,0
360258,2,1,1986,0,0,0,0,0,0,0,0,0,0
360259,0,1,1986,29,29,29,29,29,29,29,29,29,29
360259,1,1,1986,0,0,0,0,0,0,15,0,26,0
360260,0,1,1986,0,0,0,0,0,0,0,0,0,0
360260,1,1,1986,0,0,0,9,0,0,0,0,7,15
360261,1,1,1986,0,0,0,0,0,0,0,0,0,13
360261,2,1,1986,0,7,0,20,11,0,17,4,0,0
360262,1,1,1986,14,14,14,14,14,14,14,14,14,14
360263,1,1,1986,0,0,0,0,0,0,0,0,0,0
360263,2,1,1986,0,0,0,0,0,0,0,0,0,0
360264,1,1,1986,0,0,0,0,0,0,0,0,0,0
360264,2,1,1986,0,0,0,0,0,0,0,0,0,0
360265,1,1,1986,16,6,22,15,19,10,15,11,14,24
360266,1,1,1986,18,17,11,8,16,15,16,9,26,23
360267,1,1,1986,0,0,0,0,0,0,0,0,0,0
360268,0,1,1986,0,0,0,0,0,0,0,0,0,0
360268,0,2,1986,0,0,0,0,0,0,0,0,0,0
360269,1,1,1986,0,0,0,0,0,0,0,0,0,0
360269,2,1,1986,0,0,0,0,10,0,0,4,0,0
360270,0,1,1986,0,0,0,0,0,0,0,0,0,0
360270,2,1,1986,0,0,0,0,0,0,0,0,0,0
360271,1,1,1986,0,0,0,0,0,0,0,0,0,0
360271,2,1,1986,0,0,0,0,0,0,0,0,0,0
360272,1,1,1986,0,0,0,23,8,0,19,0,0,0
360272,2,1,1986,11,0,0,0,0,0,0,0,0,0
360273,1,1,1986,21,21,21,21,21,21,21,21,21,21
360273,2,1,1986,0,0,0,0,0,0,0,0,0,0
360274,1,1,1986,0,0,0,0,0,0,0,0,0,0
360274,2,1,1986,0,0,0,0,0,0,0,0,0,0
360274,3,1,1986,0,0,0,0,0,0,0,0,0,0
360275,1,1,1986,6,6,6,6,6,6,6,6,6,6
360276,1,1,1986,0,0,0,0,0,0,0,0,0,0
360277,1,1,1986,15,15,15,15,15,15,15,15,15,15
360278,1,1,1986,32,32,32,32,32,32,32,32,32,32
360278,2,1,1986,0,0,0,0,0,0,0,0,0,0
360279,1,1,1986,10,17,13,8,12,8,17,0,20,15
360280,1,1,1986,10,10,10,10,10,10,10,10,10,10
360281,1,1,1986,16,10,9,3,19,15,16,11,22,14
360282,1,1,1986,22,0,10,0,8,0,0,0,0,0
360283,1,1,1986,0,0,0,0,0,0,0,0,0,0
360283,2,1,1986,21,21,21,21,21,21,21,21,21,21
360284,0,1,1986,36,36,36,36,36,36,36,36,36,36
360284,1,1,1986,0,0,0,0,0,0,0,0,0,0
360285,1,1,1986,0,0,0,0,0,0,0,14,0,0
360285,2,1,1986,2,2,2,2,2,2,2,2,2,2
360286,1,1,1986,11,11,11,11,11,11,11,11,11,11
360287,1,1,1986,20,20,20,20,20,20,20,20,20,20
360288,0,1,1986,0,0,0,0,0,0,0,0,0,0
360288,1,1,1986,0,6,0,0,0,0,0,0,10,0
360289,1,1,1986,15,15,15,15,15,15,15,15,15,15
360290,0,1,1986,7,7,7,7,7,7,7,7,7,7
360290,1,1,1986,0,0,0,0,0,0,0,17,0,0
360291,1,1,1986,0,25,0,15,0,13,36,17,0,0
360292,1,1,1986,0,0,0,0,0,0,8,0,0,0
360293,1,1,1986,13,13,13,13,13,13,13,13,13,13
360294,1,1,1986,0,0,0,0,0,0,0,0,0,0
360295,1,1,1986,0,0,0,0,0,0,0,0,0,0
360295,2,1,1986,0,0,0,0,0,0,0,0,0,0
360296,0,1,1986,2,2,2,2,2,2,2,2,2,2
360296,1,1,1986,0,16,0,0,0,0,0,0,0,0
360297,0,1,1986,6,6,6,6,6,6,6,6,6,6
360297,1,1,1986,5,29,13,8,21,0,34,5,17,15
360298,0,1,1986,0,0,0,0,0,0,0,0,0,0
360298,1,1,1986,0,9,0,0,0,0,0,0,0,0
360299,1,1,1986,0,0,0,0,0,0,12,0,13,8
360299,2,1,1986,0,0,0,0,0,0,0,0,17,0
360300,1,1,1986,19,19,19,19,19,19,19,19,19,19
360301,1,1,1986,0,0,0,0,0,0,0,0,0,0
360301,2,1,1986,15,15,15,15,15,15,15,15,15,15
360302,0,1,1986,0,0,0,0,0,0,0,0,3,22
360302,1,1,1986,20,0,0,7,0,0,0,0,11,0
360303,1,1,1986,1,1,1,1,1,1,1,1,1,1
360303,2,1,1986,1,1,1,1,1,1,1,1,1,1
360303,3,1,1986,0,0,0,0,0,0,0,0,0,0
360304,0,1,1986,9,9,9,9,9,9,9,9,9,9
360304,1,1,1986,0,0,0,15,0,0,0,0,0,0
360305,1,1,1986,13,13,13,13,13,13,13,13,13,13
360306,1,1,1986,0,0,0,0,0,0,0,0,0,0
360306,2,1,1986,0,0,0,0,0,0,0,2,0,0
360307,1,1,1986,20,17,21,0,27,29,14,20,25,20
360307,2,1,1986,0,0,0,0,0,0,0,0,0,0
360307,3,1,1986,0,0,0,0,0,0,0,0,0,0
360308,0,1,1986,0,0,0,0,0,0,0,0,0,0
360308,1,1,1986,0,0,0,0,0,0,0,0,0,0
360308,2,1,1986,0,0,0,10,0,0,0,0,0,0
360309,0,1,1986,0,0,0,0,0,0,0,0,0,0
360309,1,1,1986,0,0,0,0,0,0,10,0,0,7
360310,1,1,1986,28,28,28,28,28,28,28,28,28,28
360311,1,1,1986,1,1,1,1,1,1,1,1,1,1
360312,1,1,1986,19,19,19,19,19,19,19,19,19,19
360313,0,1,1986,0,0,0,0,0,0,0,0,0,0
360313,1,1,1986,0,0,0,0,0,0,0,0,0,0
360314,0,1,1986,0,0,0,0,0,0,0,0,0,0
360314,1,1,1986,0,0,0,0,7,0,0,0,0,0
360315,0,1,1986,0,0,0,0,0,0,0,0,0,0
360315,1,1,1986,0,0,0,0,0,0,0,0,0,0
360316,1,1,1986,0,0,0,0,0,0,0,0,0,0
360316,2,1,1986,0,0,0,0,0,0,0,0,0,0
360317,1,1,1986,14,17,37,0,13,20,13,4,0,0
360318,1,1,1986,26,26,26,26,26,26,26,26,26,26
360318,2,1,1986,19,0,4,13,9,16,13,16,12,10
360319,1,1,1986,0,0,0,0,16,0,0,0,0,0
360319,2,1,1986,10,10,10,10,10,10,10,10,10,10
360320,0,1,1986,0,0,0,0,0,10,0,0,0,0
360320,1,1,1986,0,0,0,0,0,0,0,0,0,2
360321,0,1,1986,3,3,3,3,3,3,3,3,3,3
360321,1,1,1986,0,0,0,0,20,0,0,0,0,0
360322,0,1,1986,12,12,12,12,12,12,12,12,12,12
360322,1,1,1986,24,24,17,0,2,3,39,6,9,25
360323,1,1,1986,18,0,5,0,6,0,0,0,0,20
360324,1,1,1986,5,5,5,5,5,5,5,5,5,5
360325,1,1,1986,10,10,10,10,10,10,10,10,10,10
360326,0,1,1986,0,0,0,0,0,0,0,0,0,0
360326,1,1,1986,0,14,0,0,0,0,0,0,0,0
360327,1,1,1986,0,4,0,14,0,0,0,36,0,0
360327,2,1,1986,5,0,15,12,0,10,0,0,0,12
360328,1,1,1986,0,0,0,12,12,0,10,0,12,0
360329,0,1,1986,1,1,1,1,1,1,1,1,1,1
360329,1,1,1986,0,0,0,0,0,0,0,0,0,0
360330,0,1,1986,0,0,0,0,0,0,0,0,0,0
360330,0,2,1986,0,20,17,0,0,0,16,0,0,0
360330,1,1,1986,0,0,0,0,0,0,0,0,0,0
360331,1,1,1986,22,22,22,22,22,22,22,22,22,22
360332,1,1,1986,0,0,0,0,17,0,0,0,0,0
360333,0,1,1986,2,2,2,2,2,2,2,2,2,2
360333,1,1,1986,0,0,0,0,0,0,0,0,0,0
360333,2,1,1986,0,0,0,0,0,0,0,0,0,0
360334,1,1,1986,16,16,16,16,16,16,16,16,16,16
360335,1,1,1986,2,2,2,2,2,2,2,2,2,2
360335,2,1,1986,12,12,12,12,12,12,12,12,12,12
360336,0,1,1986,0,0,0,0,0,0,0,0,0,0
360336,1,1,1986,0,0,0,0,0,0,0,0,0,0
360337,1,1,1986,0,0,0,0,0,0,0,0,9,0
360337,2,1,1986,0,0,0,0,0,0,0,0,0,0
360338,1,1,1986,17,17,17,17,17,17,17,17,17,17
360339,1,1,1986,0,0,0,0,0,0,0,0,0,17
360339,2,1,1986,0,0,0,0,0,0,0,0,0,0
360340,1,1,1986,25,25,25,25,25,25,25,25,25,25
360341,1,1,1986,0,0,0,0,0,0,0,0,0,0
360341,2,1,1986,0,0,0,0,0,0,0,0,0,0
360342,0,1,1986,0,0,0,0,0,0,0,0,0,0
360342,1,1,1986,0,0,0,0,0,0,0,0,11,0
360343,1,1,1986,0,0,0,0,0,0,0,0,0,0
360344,0,1,1986,4,4,4,4,4,4,4,4,4,4
360344,1,1,1986,12,14,3,0,11,0,11,0,3,15
360345,1,1,1986,0,0,0,0,0,0,0,0,0,0
360345,2,1,1986,10,0,0,0,0,0,0,0,6,0
360345,3,1,1986,0,0,0,0,0,0,0,0,0,0
360346,1,1,1986,17,17,17,17,17,17,17,17,17,17
360347,0,1,1986,24,25,15,15,27,0,21,21,13,25
360347,1,1,1986,0,23,0,4,0,0,0,0,22,0
360348,0,1,1986,0,0,0,0,0,0,0,0,0,0
360348,1,1,1986,17,0,0,0,0,0,0,0,0,10
360349,1,1,1986,6,2,0,14,10,13,15,6,16,0
360350,1,1,1986,0,0,0,0,0,0,0,0,0,13
360350,2,1,1986,16,16,16,16,16,16,16,16,16,16
360351,1,1,1986,16,10,16,0,20,20,8,16,7,17
360351,2,1,1986,0,17,0,18,0,0,16,14,0,0
360351,3,1,1986,0,0,0,0,0,0,0,0,0,0
360352,1,1,1986,0,0,0,0,0,0,0,0,0,0
360353,0,1,1986,0,0,0,0,0,0,0,0,0,0
360353,1,1,1986,0,0,0,0,0,0,0,0,0,0
360354,0,1,1986,0,0,0,0,0,0,0,0,0,0
360354,1,1,1986,8,0,3,0,17,0,0,0,0,0
360355,0,1,1986,0,0,0,0,0,0,0,0,0,0
360355,1,1,1986,10,0,0,0,0,0,0,0,0,0
360356,1,1,1986,0,0,0,0,0,0,0,0,0,0
360357,0,1,1986,0,0,0,18,0,11,17,0,0,0
360357,0,2,1986,0,0,0,0,0,0,0,0,0,0
360357,0,3,1986,0,0,0,0,0,0,0,0,0,0
360357,1,1,1986,0,0,0,0,0,0,0,0,0,0
360358,1,1,1986,0,0,0,0,0,0,22,0,0,0
360359,0,1,1986,0,0,0,0,0,0,0,0,0,0
360359,1,1,1986,0,0,0,0,0,0,0,0,0,0
360359,2,1,1986,0,0,0,0,0,0,0,0,0,0
360360,1,1,1986,15,15,15,15,15,15,15,15,15,15
360360,2,1,1986,0,0,0,0,0,0,0,0,0,0
360360,3,1,1986,0,0,8,0,0,0,0,12,0,0
360360,4,1,1986,0,0,0,0,20,0,0,0,0,0
360361,0,1,1986,22,0,0,0,16,0,0,0,0,0
360361,1,1,1986,0,0,0,0,0,0,0,0,0,0
360362,0,1,1986,0,0,0,0,0,0,0,0,0,0
360362,1,1,1986,0,0,0,0,0,0,0,0,0,0
360363,1,1,1986,0,0,0,0,11,0,0,10,0,0
360364,1,1,1986,0,0,0,0,0,0,0,0,0,0
360364,2,1,1986,0,0,10,3,0,0,0,0,0,23
360365,1,1,1986,11,11,11,11,11,11,11,11,11,11
360366,1,1,1986,8,8,8,8,8,8,8,8,8,8
360366,2,1,1986,0,0,0,0,0,0,0,0,0,0
360367,0,1,1986,0,0,0,0,0,0,0,0,0,0
360367,1,1,1986,0,0,0,0,21,0,0,0,15,0
360368,0,1,1986,0,0,0,0,0,0,0,0,0,0
360368,1,1,1986,0,20,0,21,9,0,17,18,9,17
360369,1,1,1986,0,0,0,0,0,0,0,9,0,0
360369,2,1,1986,0,0,0,0,0,0,0,0,0,0
360369,3,1,1986,0,0,0,0,0,0,0,0,0,0
360370,1,1,1986,0,0,0,0,0,0,0,0,0,0
360370,2,1,1986,11,11,11,11,11,11,11,11,11,11
360371,0,1,1986,27,0,0,0,0,0,0,18,17,0
360371,1,1,1986,0,0,0,0,0,0,0,0,0,10
360372,1,1,1986,0,0,0,0,0,0,0,0,0,0
360372,2,1,1986,22,22,22,22,22,22,22,22,22,22
360373,1,1,1986,0,23,8,17,0,0,9,0,14,12
360374,0,1,1986,0,0,0,0,0,0,0,0,0,0
360374,1,1,1986,12,0,0,0,0,0,0,0,0,0
360375,1,1,1986,0,0,0,0,0,0,0,0,0,0
360375,2,1,1986,14,14,14,14,14,14,14,14,14,14
360376,1,1,1986,0,0,0,0,0,0,0,0,0,0
360376,2,1,1986,2,2,2,2,2,2,2,2,2,2
360377,0,1,1986,0,0,0,10,0,0,0,0,35,0
360377,1,1,1986,0,0,0,0,0,0,0,14,11,0
360378,1,1,1986,0,0,0,0,0,0,0,0,0,0
360379,1,1,1986,5,5,5,5,5,5,5,5,5,5
360379,2,1,1986,0,0,0,0,0,0,0,0,0,0
360380,1,1,1986,0,0,0,0,0,0,0,0,0,0
360381,1,1,1986,0,0,0,0,0,0,0,0,0,0
360381,2,1,1986,17,12,13,10,12,22,23,20,19,10
360382,1,1,1986,0,0,0,0,0,0,0,11,0,11
360383,1,1,1986,0,8,0,0,0,0,0,0,0,0
360383,2,1,1986,0,0,0,0,0,0,0,0,0,0
360384,1,1,1986,24,24,24,24,24,24,24,24,24,24
360385,1,1,1986,22,9,11,13,27,13,8,0,0,0
360385,2,1,1986,0,0,0,0,0,0,0,0,0,0
360386,1,1,1986,0,0,0,0,0,0,0,0,0,0
360386,2,1,1986,9,0,0,0,0,0,0,11,0,0
360387,0,1,1986,0,0,0,0,0,0,0,0,0,0
360387,1,1,1986,0,0,0,0,0,0,0,0,0,0
360387,2,1,1986,0,0,0,0,0,0,0,0,0,0
360388,0,1,1986,0,0,0,0,16,0,16,0,0,2
360388,1,1,1986,0,0,0,0,0,0,0,0,11,0
360389,0,1,1986,0,0,0,0,0,0,0,0,0,0
360389,1,1,1986,0,0,0,0,0,0,0,0,0,0
360390,1,1,1986,0,0,0,0,0,0,0,0,0,0
360390,2,1,1986,8,9,15,6,0,15,5,11,19,0
360391,1,1,1986,14,14,14,14,14,14,14,14,14,14
360392,1,1,1986,0,0,0,0,0,0,0,0,0,0
360392,2,1,1986,8,13,14,12,11,4,10,14,9,29
360393,1,1,1986,34,34,34,34,34,34,34,34,34,34
360393,2,1,1986,0,0,0,0,0,0,0,0,0,0
360394,0,1,1986,22,0,12,0,0,6,9,10,12,23
360394,0,2,1986,0,0,0,0,0,0,0,0,0,0
360394,1,1,1986,0,0,0,0,0,0,0,0,0,0
360395,1,1,1986,21,21,21,21,21,21,21,21,21,21
360396,1,1,1986,21,21,21,21,21,21,21,21,21,21
360397,1,1,1986,0,0,0,0,0,0,0,0,0,0
360397,2,1,1986,14,15,4,17,12,26,3,4,0,21
360398,1,1,1986,8,8,8,8,8,8,8,8,8,8
360399,1,1,1986,0,18,0,0,0,0,0,0,0,0
360399,2,1,1986,8,8,8,8,8,8,8,8,8,8
360400,1,1,1986,4,4,4,4,4,4,4,4,4,4
360401,0,1,1986,24,24,24,24,24,24,24,24,24,24
360401,1,1,1986,0,0,0,0,0,0,0,0,0,0
360402,1,1,1986,0,0,0,0,0,0,0,0,0,0
360403,2,1,1986,0,0,0,0,0,0,0,0,0,0
360404,0,1,1986,0,0,23,0,0,53,0,22,0,21
360404,1,1,1986,0,0,15,0,0,0,0,0,0,0
360405,1,1,1986,0,0,0,0,0,0,0,0,0,0
360406,1,1,1986,0,0,0,0,0,0,0,0,0,0
360407,1,1,1986,0,0,0,10,0,0,0,0,0,0
360407,2,1,1986,1,1,1,1,1,1,1,1,1,1
360408,0,1,1986,0,0,0,0,0,0,0,0,0,0
360408,1,1,1986,10,16,0,14,5,8,18,26,27,16
360409,1,1,1986,0,11,0,0,0,0,0,0,8,0
360409,2,1,1986,11,26,17,0,13,10,23,18,19,21
360410,0,1,1986,0,0,0,0,0,0,0,0,0,0
360410,0,2,1986,0,0,0,0,0,0,0,0,0,0
360410,1,1,1986,16,9,9,18,21,18,13,4,11,6
360411,0,1,1986,20,20,20,20,20,20,20,20,20,20
360411,1,1,1986,16,16,16,16,16,16,16,16,16,16
360412,1,1,1986,0,0,0,0,0,0,0,0,0,0
360412,2,1,1986,2,0,20,0,14,19,5,0,0,0
360413,0,2,1986,0,0,0,0,0,0,0,0,0,0
360413,0,3,1986,16,0,0,0,0,0,0,0,0,0
360413,1,1,1986,0,0,0,0,0,0,0,0,0,0
360414,1,1,1986,0,0,0,0,0,0,0,0,0,0