ST_CASE,VEH_NO,PER_NO,YEAR,P1,P2,P3,P4,P5,P6,P7,P8,P9,P10
360414,2,1,1986,0,0,0,0,0,0,0,0,0,0
360415,1,1,1986,8,0,2,36,19,0,20,23,8,13
360415,2,1,1986,0,0,0,0,0,0,0,0,0,2
360416,1,1,1986,14,14,14,14,14,14,14,14,14,14
360417,1,1,1986,16,16,16,16,16,16,16,16,16,16
360418,1,1,1986,6,11,8,13,14,9,2,9,0,15
360419,1,1,1986,0,0,0,0,19,0,0,0,0,0
360419,2,1,1986,0,0,0,0,0,0,0,0,0,0
360420,0,1,1986,0,0,0,0,0,0,0,0,0,0
360420,1,1,1986,0,0,0,0,0,0,0,0,0,0
360421,1,1,1986,0,0,0,0,0,0,0,0,0,0
360421,2,1,1986,0,0,0,0,0,0,0,0,0,0
360422,0,1,1986,18,18,18,18,18,18,18,18,18,18
360422,1,1,1986,0,14,0,0,0,0,15,0,0,0
360423,1,1,1986,0,0,14,12,0,0,0,0,4,8
360424,1,1,1986,0,0,0,0,0,0,0,0,0,0
360425,1,1,1986,15,15,15,15,15,15,15,15,15,15
360426,1,1,1986,0,0,0,0,0,0,0,0,0,0
360426,2,1,1986,6,0,23,0,0,18,0,0,0,13
360427,1,1,1986,12,28,0,22,27,9,0,27,15,16
360428,1,1,1986,24,24,24,24,24,24,24,24,24,24
360428,2,1,1986,0,0,0,13,6,0,10,0,0,0
360428,3,1,1986,0,0,0,0,0,0,0,0,0,0
360429,1,1,1986,0,0,0,0,0,0,0,0,0,0
360430,1,1,1986,0,0,0,0,0,23,0,0,0,0
360430,2,1,1986,0,0,0,0,0,0,0,0,0,0
360431,1,1,1986,13,27,25,19,9,21,12,33,9,24
360432,0,1,1986,0,0,0,0,0,0,0,0,0,0
360432,1,1,1986,0,0,0,0,0,25,17,0,0,0
360433,1,1,1986,15,15,15,15,15,15,15,15,15,15
360433,2,1,1986,0,3,10,0,0,0,0,0,0,0
360434,1,1,1986,23,23,23,23,23,23,23,23,23,23
360435,1,1,1986,0,0,0,0,0,0,0,0,0,22
360435,2,1,1986,0,15,0,0,0,12,0,0,0,0
360436,1,1,1986,0,0,0,0,0,0,0,0,0,0
360436,2,1,1986,0,6,5,0,5,0,0,0,8,27
360437,1,1,1986,0,0,0,0,0,0,0,0,0,0
360438,1,1,1986,0,0,0,0,0,0,0,0,0,0
360438,2,1,1986,0,0,0,0,0,0,0,0,0,0
360439,1,1,1986,16,28,11,0,0,9,16,16,18,28
360440,0,1,1986,24,17,18,22,0,24,0,23,0,33
360440,1,1,1986,26,0,0,4,12,0,0,29,0,0
360441,1,1,1986,0,0,0,0,0,0,0,0,0,0
360441,2,1,1986,0,0,0,0,0,0,0,0,0,0
360442,0,1,1986,17,17,17,17,17,17,17,17,17,17
360442,1,1,1986,0,0,0,0,0,0,0,0,0,0
360443,0,1,1986,10,10,10,10,10,10,10,10,10,10
360443,1,1,1986,0,17,0,0,0,0,10,0,0,0
360444,1,1,1986,8,8,8,8,8,8,8,8,8,8
360445,1,1,1986,11,11,11,11,11,11,11,11,11,11
360447,0,1,1986,7,0,0,0,10,9,6,0,0,0
360447,0,2,1986,0,17,0,0,0,0,0,0,8,0
360447,1,1,1986,20,20,20,20,20,20,20,20,20,20
360448,1,1,1986,0,0,0,0,0,0,0,0,0,0
360449,1,1,1986,0,0,0,0,0,0,0,12,0,0
360449,2,1,1986,0,0,0,0,0,0,0,0,0,0
360450,1,1,1986,3,24,11,19,18,19,8,6,17,30
360451,1,1,1986,19,19,19,19,19,19,19,19,19,19
360452,1,1,1986,0,0,0,0,0,0,0,0,0,0
360452,2,1,1986,7,0,0,0,0,0,0,0,0,12
360453,1,1,1986,3,0,0,0,0,0,11,0,0,10
360453,2,1,1986,0,13,0,0,0,0,0,0,0,0
360454,1,1,1986,22,19,7,14,0,10,7,6,16,25
360455,1,1,1986,0,0,0,0,0,0,0,17,0,0
360456,1,1,1986,21,21,21,21,21,21,21,21,21,21
360457,1,1,1986,21,21,21,21,21,21,21,21,21,21
360458,1,1,1986,0,0,0,0,0,0,0,0,0,0
360458,2,1,1986,0,0,0,0,0,0,0,0,0,0
360458,3,1,1986,0,0,0,0,0,0,0,0,0,0
360459,1,1,1986,7,0,0,0,0,0,0,0,0,0
360459,2,1,1986,1,1,1,1,1,1,1,1,1,1
360459,3,1,1986,0,0,0,0,0,0,0,0,0,0
360460,1,1,1986,22,22,22,22,22,22,22,22,22,22
360460,2,1,1986,0,0,0,0,0,0,0,0,0,0
360461,1,1,1986,0,0,0,0,0,0,0,0,0,0
360462,1,1,1986,0,0,0,15,0,0,0,0,0,0
360462,2,1,1986,0,0,0,0,0,0,0,0,0,0
360463,1,1,1986,0,0,0,0,0,0,0,0,0,0
360463,2,1,1986,0,0,0,0,0,0,0,0,0,0
360464,0,1,1986,0,0,0,0,0,0,0,0,12,0
360464,1,1,1986,0,0,0,0,0,0,0,0,0,0
360465,1,1,1986,0,3,0,0,0,4,0,0,0,0
360465,2,1,1986,0,0,0,0,0,0,0,0,0,0
360466,0,1,1986,0,0,0,0,0,0,0,0,0,0
360466,1,1,1986,0,0,0,0,0,0,0,0,6,0
360467,0,1,1986,28,28,28,28,28,28,28,28,28,28
360467,1,1,1986,0,0,10,0,0,0,0,0,9,0
360468,0,1,1986,0,0,0,0,0,0,0,0,0,0
360468,1,1,1986,0,0,0,0,0,0,3,0,0,0
360469,1,1,1986,0,0,0,0,12,0,31,0,13,0
360470,1,1,1986,0,0,0,0,0,0,0,0,0,0
360470,2,1,1986,0,0,0,0,0,0,0,10,0,0
360471,0,1,1986,0,0,0,14,0,0,0,0,0,0
360471,1,1,1986,7,0,0,0,0,0,0,11,16,4
360472,0,1,1986,0,0,0,0,0,0,0,0,0,0
360472,1,1,1986,0,0,0,0,0,0,0,0,0,0
360473,0,1,1986,0,0,0,0,0,0,0,0,0,0
360473,1,1,1986,0,0,0,0,0,0,0,0,0,0
360474,1,1,1986,0,0,0,0,0,0,0,0,0,0
360474,2,1,1986,0,0,0,0,0,0,0,0,0,0
360475,1,1,1986,0,0,0,0,0,0,0,0,0,0
360475,2,1,1986,22,22,22,22,22,22,22,22,22,22
360476,1,1,1986,0,0,16,0,0,0,0,0,0,0
360477,1,1,1986,16,16,16,16,16,16,16,16,16,16
360478,1,1,1986,0,0,0,0,0,0,0,0,0,0
360478,2,1,1986,10,24,12,17,23,0,28,14,17,12
360479,1,1,1986,0,0,0,0,0,0,0,0,0,0
360479,2,1,1986,0,0,0,0,0,0,0,0,0,0
360480,1,1,1986,0,0,0,31,10,5,13,9,5,21
360481,0,1,1986,0,0,0,0,0,0,0,0,0,0
360481,1,1,1986,0,0,0,0,0,0,0,0,0,0
360482,1,1,1986,13,7,12,18,0,24,17,18,7,15
360483,0,1,1986,0,0,30,42,0,0,26,10,27,0
360483,1,1,1986,30,12,18,15,10,9,9,19,3,5
360484,0,1,1986,0,0,0,0,0,0,0,0,0,0
360484,1,1,1986,0,0,0,0,0,2,0,0,0,0
360485,1,1,1986,0,0,0,0,0,0,0,0,0,0
360485,2,1,1986,0,0,13,0,0,0,0,0,0,0
360486,0,1,1986,45,45,45,45,45,45,45,45,45,45
360486,0,2,1986,0,0,22,27,31,0,0,23,0,35
360486,1,1,1986,0,0,0,0,0,0,0,0,0,0
360487,1,1,1986,0,0,0,0,0,0,0,0,0,0
360487,2,1,1986,1,1,1,1,1,1,1,1,1,1
360487,3,1,1986,0,0,0,0,0,0,0,0,0,0
360487,4,1,1986,0,0,0,0,0,0,0,0,0,0
360487,5,1,1986,0,0,0,0,0,0,0,0,0,0
360488,1,1,1986,0,0,0,0,13,0,0,12,4,0
360488,2,1,1986,0,0,0,0,0,0,0,0,0,0
360489,1,1,1986,0,0,0,0,0,0,0,0,0,0
360489,2,1,1986,0,0,0,0,0,0,0,0,0,0
360490,0,1,1986,0,0,0,0,0,0,0,0,0,0
360490,0,2,1986,0,0,0,0,0,0,0,0,0,0
360490,1,1,1986,0,0,0,0,0,0,0,0,0,0
360491,0,1,1986,0,0,0,0,0,0,0,0,0,0
360491,1,1,1986,18,0,4,0,0,0,0,0,0,0
360492,1,1,1986,12,16,23,8,9,15,12,12,5,25
360493,1,1,1986,0,0,0,0,0,0,0,0,0,0
360494,1,1,1986,22,39,22,17,23,30,21,17,23,17
360494,2,1,1986,0,11,0,0,4,14,0,0,0,0
360495,1,1,1986,12,0,0,0,0,38,0,0,8,0
360497,0,1,1986,0,0,0,0,0,0,0,0,0,0
360497,1,1,1986,0,22,0,0,0,0,0,0,0,0
360498,1,1,1986,0,0,0,0,0,0,9,0,0,0
360498,2,1,1986,0,0,0,0,0,0,0,0,0,0
360499,0,1,1986,0,0,0,0,0,0,0,0,0,0
360499,1,1,1986,0,0,0,0,0,0,0,0,0,0
360500,0,1,1986,0,0,21,42,21,0,31,0,14,0
360500,0,2,1986,29,9,0,0,41,0,19,0,15,0
360500,1,1,1986,0,0,0,0,0,0,0,0,0,0
360501,1,1,1986,0,0,0,0,0,0,0,0,0,0
360501,2,1,1986,0,0,0,0,0,0,0,0,0,0
360502,0,1,1986,0,0,0,0,0,0,0,0,0,0
360502,1,1,1986,0,0,15,0,0,0,0,0,0,0
360502,2,1,1986,7,16,19,23,28,17,0,12,28,9
360502,3,1,1986,0,6,16,11,0,4,0,14,0,24
360503,1,1,1986,9,9,9,9,9,9,9,9,9,9
360504,0,1,1986,0,0,0,0,0,0,0,0,0,0
360504,1,1,1986,0,0,0,0,0,0,0,0,0,0
360505,1,1,1986,27,27,27,27,27,27,27,27,27,27
360506,0,1,1986,0,0,0,0,0,0,0,0,0,0
360506,1,1,1986,0,0,0,0,0,0,0,0,0,0
360507,1,1,1986,8,0,13,13,0,2,6,0,0,12
360507,2,1,1986,0,0,0,0,0,0,0,4,0,0
360507,3,1,1986,0,0,0,0,0,0,0,0,0,0
360508,0,1,1986,0,0,0,0,0,0,0,0,13,0
360508,1,1,1986,0,0,0,0,0,0,0,0,0,0
360509,1,1,1986,0,0,0,0,0,0,0,0,0,0
360509,2,1,1986,0,0,0,0,0,0,0,0,0,0
360510,0,1,1986,0,0,0,0,0,0,0,0,0,0
360510,1,1,1986,0,0,0,0,0,0,0,0,0,0
360511,0,1,1986,41,41,41,41,41,41,41,41,41,41
360511,1,1,1986,25,17,11,6,0,14,30,17,15,19
360512,1,1,1986,0,0,0,0,0,0,0,0,0,0
360513,1,1,1986,0,0,0,0,0,0,0,0,0,0
360514,1,1,1986,16,0,23,0,14,0,0,0,26,0
360515,1,1,1986,0,0,0,0,0,0,0,0,0,0
360515,2,1,1986,20,13,10,18,21,0,13,6,7,22
360515,3,1,1986,47,12,0,0,0,0,0,0,0,0
360516,0,1,1986,0,0,0,0,0,0,0,0,0,0
360516,1,1,1986,0,0,0,0,0,0,0,0,0,0
360517,1,1,1986,0,0,0,0,0,0,0,0,0,0
360518,0,1,1986,0,0,0,0,0,0,0,0,0,0
360518,1,1,1986,0,0,0,0,0,0,0,0,0,0
360519,1,1,1986,0,0,0,0,0,0,0,0,0,0
360519,2,1,1986,0,0,0,0,0,0,0,0,0,0
360519,3,1,1986,0,0,0,0,0,0,0,0,0,0
360520,0,1,1986,0,0,0,0,0,0,0,0,0,0
360520,1,1,1986,34,18,8,27,15,6,14,17,30,18
360521,1,1,1986,14,14,14,14,14,14,14,14,14,14
360522,1,1,1986,15,15,15,15,15,15,15,15,15,15
360523,1,1,1986,29,15,0,12,39,0,10,27,16,0
360523,2,1,1986,0,0,0,0,0,0,0,0,0,0
360524,1,1,1986,28,28,28,28,28,28,28,28,28,28
360525,1,1,1986,0,0,0,0,0,0,0,0,0,0
360526,1,1,1986,16,16,16,16,16,16,16,16,16,16
360527,1,1,1986,0,0,0,0,0,0,0,0,0,0
360527,2,1,1986,0,0,0,0,0,0,0,0,0,0
360528,0,1,1986,8,0,0,12,34,0,19,14,0,16
360528,1,1,1986,0,14,0,21,0,0,0,0,0,0
360529,1,1,1986,13,17,8,25,19,17,11,2,26,27
360530,1,1,1986,14,14,12,8,8,15,5,14,12,10
360531,0,1,1986,0,0,0,0,0,0,0,0,0,0
360531,1,1,1986,0,0,0,0,0,0,0,0,0,0
360533,1,1,1986,0,0,0,0,0,0,0,0,0,0
360533,2,1,1986,1,1,1,1,1,1,1,1,1,1
360534,1,1,1986,18,18,18,18,18,18,18,18,18,18
360535,0,1,1986,0,0,0,0,0,0,0,0,0,0
360535,1,1,1986,33,13,0,15,7,27,23,0,19,42
360536,1,1,1986,0,0,9,0,0,0,0,0,0,0
360537,1,1,1986,0,7,0,0,0,0,0,0,0,0
360537,2,1,1986,6,19,9,10,5,6,19,27,13,12
360538,1,1,1986,0,0,0,0,0,0,0,0,0,0
360540,0,1,1986,0,0,0,0,0,0,0,0,0,0
360540,1,1,1986,0,0,0,11,0,0,8,0,0,0
360541,1,1,1986,11,0,9,9,32,0,7,12,3,9
360542,0,1,1986,0,0,0,0,0,0,0,0,0,0
360542,1,1,1986,0,0,0,0,0,0,0,0,0,0
360543,1,1,1986,26,26,26,26,26,26,26,26,26,26
360543,2,1,1986,0,0,0,0,0,0,0,0,0,0
360544,1,1,1986,0,0,0,0,0,0,0,0,0,0
360545,1,1,1986,14,7,0,0,0,0,15,0,18,13
360545,2,1,1986,0,0,0,0,0,0,0,0,0,0
360545,3,1,1986,0,0,0,0,0,0,0,0,0,0
360546,1,1,1986,0,0,0,16,0,0,0,0,0,39
360547,0,1,1986,0,0,0,0,0,0,0,0,0,0
360547,1,1,1986,17,17,5,8,12,28,15,4,0,19
360548,1,1,1986,0,0,0,0,0,0,0,0,0,0
360548,2,1,1986,0,0,0,0,0,0,0,0,0,0
360548,3,1,1986,0,0,0,0,0,0,0,0,0,0
360549,0,1,1986,0,0,0,0,0,0,0,0,0,0
360549,1,1,1986,0,0,0,0,0,16,0,0,0,11
360550,1,1,1986,0,0,0,0,0,0,0,0,0,0
360550,2,1,1986,0,0,0,0,0,0,0,0,0,0
360551,0,1,1986,0,0,0,0,0,0,0,0,0,0
360551,1,1,1986,0,0,0,0,0,29,0,0,0,27
360552,1,1,1986,0,0,0,0,0,1,9,0,0,0
360552,2,1,1986,0,0,0,0,0,0,0,0,0,0
360553,1,1,1986,13,13,13,13,13,13,13,13,13,13
360555,1,1,1986,0,0,0,0,0,0,0,0,0,0
360555,2,1,1986,0,0,0,0,0,0,0,0,0,0
360556,1,1,1986,11,12,0,0,0,0,0,0,0,0
360557,1,1,1986,15,15,15,15,15,15,15,15,15,15
360558,0,1,1986,0,0,0,0,0,0,0,0,0,0
360558,1,1,1986,0,0,0,0,0,0,0,0,0,0
360559,1,1,1986,8,8,8,8,8,8,8,8,8,8
360560,0,1,1986,0,0,0,0,0,0,0,0,0,0
360560,1,1,1986,0,0,0,0,0,0,0,0,0,0
360561,1,1,1986,10,10,10,10,10,10,10,10,10,10
360562,1,1,1986,10,10,10,10,10,10,10,10,10,10
360563,1,1,1986,3,14,28,5,0,10,16,17,13,20
360563,2,1,1986,7,7,7,7,7,7,7,7,7,7
360563,3,1,1986,0,0,0,0,0,8,0,0,0,0
360564,1,1,1986,32,32,32,32,32,32,32,32,32,32
360564,2,1,1986,0,0,0,0,0,20,0,0,0,0
360565,1,1,1986,9,0,0,0,0,0,0,0,0,0
360565,2,1,1986,30,30,30,30,30,30,30,30,30,30
360566,1,1,1986,11,21,25,16,11,15,19,18,19,10
360567,1,1,1986,18,17,15,2,4,9,28,0,24,14
360567,2,1,1986,31,0,0,0,4,0,10,9,0,12
360568,0,1,1986,15,0,21,29,0,13,29,18,26,17
360568,1,1,1986,11,0,18,10,15,19,9,17,27,5
360569,1,1,1986,0,0,0,0,0,0,0,0,0,0
360569,2,1,1986,0,0,0,0,0,0,0,0,0,0
360570,1,1,1986,0,0,0,0,0,0,0,0,0,0
360570,2,1,1986,0,0,0,0,0,0,0,0,0,0
360571,1,1,1986,23,23,23,23,23,23,23,23,23,23
360572,1,1,1986,0,0,0,0,0,0,0,0,0,0
360572,2,1,1986,0,0,0,0,0,0,0,0,0,0
360573,0,1,1986,36,11,0,0,9,0,0,7,22,16
360573,0,2,1986,0,0,0,0,0,0,0,0,10,0
360573,1,1,1986,0,0,0,0,4,15,0,0,0,0
360574,1,1,1986,0,0,0,0,0,0,0,0,0,0
360574,2,1,1986,0,0,0,0,0,0,0,0,0,0
360575,0,1,1986,0,0,0,0,0,0,0,0,0,0
360575,1,1,1986,0,0,0,0,0,0,7,0,0,0
360576,0,1,1986,0,0,0,0,0,0,0,0,0,0
360576,1,1,1986,0,9,13,0,0,0,0,0,0,0
360577,0,1,1986,23,9,12,22,21,12,0,10,28,17
360577,1,1,1986,0,0,9,0,0,0,0,0,0,0
360578,0,1,1986,0,0,0,0,0,0,0,0,0,0
360578,1,1,1986,10,11,34,8,16,20,13,10,15,7
360579,0,1,1986,11,11,11,11,11,11,11,11,11,11
360579,1,1,1986,0,0,0,0,0,0,0,0,0,0
360580,1,1,1986,20,20,20,20,20,20,20,20,20,20
360581,0,1,1986,25,25,25,25,25,25,25,25,25,25
360581,1,1,1986,0,0,0,0,0,0,0,0,0,0
360582,1,1,1986,15,20,17,0,0,11,0,16,0,21
360583,1,1,1986,13,13,13,13,13,13,13,13,13,13
360584,0,1,1986,0,0,0,0,0,0,0,0,0,0
360584,1,1,1986,0,0,0,0,0,0,0,0,0,0
360585,0,1,1986,0,0,0,0,0,0,0,0,0,0
360585,1,1,1986,0,0,0,0,0,0,0,0,9,0
360586,1,1,1986,0,24,27,23,0,0,15,27,0,0
360587,1,1,1986,4,16,0,13,18,13,6,13,24,13
360588,1,1,1986,0,0,0,0,0,0,0,0,0,0
360588,2,1,1986,16,10,9,22,17,14,21,15,10,7
360589,1,1,1986,16,18,8,7,6,7,13,20,7,29
360590,1,1,1986,0,0,0,0,0,0,0,0,0,0
360590,2,1,1986,0,0,0,0,0,0,0,0,0,0
360591,1,1,1986,19,9,12,16,22,18,5,13,0,12
360592,1,1,1986,0,0,0,0,0,0,0,0,0,0
360593,0,1,1986,0,0,0,0,0,0,0,0,0,0
360593,1,1,1986,0,0,0,9,0,0,0,0,0,0
360594,0,1,1986,0,0,0,0,0,0,0,0,0,0
360594,1,1,1986,0,0,0,3,9,23,0,3,0,0
360595,1,1,1986,0,0,0,0,0,0,0,0,0,0
360596,1,1,1986,0,0,0,0,0,0,0,0,0,0
360597,1,1,1986,0,0,0,0,0,0,0,0,0,0
360597,2,1,1986,0,0,0,0,0,0,0,0,0,0
360598,1,1,1986,0,0,0,0,0,0,0,0,0,0
360598,2,1,1986,0,0,0,0,0,0,0,0,0,0
360599,1,1,1986,0,0,0,0,0,0,0,0,0,0
360600,1,1,1986,29,29,29,29,29,29,29,29,29,29
360601,0,1,1986,13,13,13,13,13,13,13,13,13,13
360601,1,1,1986,0,0,4,0,0,0,0,0,0,18
360602,1,1,1986,9,11,11,0,7,0,0,0,16,0
360602,2,1,1986,0,0,0,0,0,0,0,0,0,0
360603,1,1,1986,0,0,0,0,0,0,0,0,0,0
360604,1,1,1986,0,0,0,0,0,0,0,0,0,0
360605,1,1,1986,0,0,0,0,0,0,0,0,0,0
360605,2,1,1986,0,0,0,0,0,0,0,0,0,0
360606,1,1,1986,0,0,0,0,0,0,0,0,0,0
360607,1,1,1986,14,14,14,14,14,14,14,14,14,14
360608,1,1,1986,23,0,0,0,0,0,0,0,0,0
360609,1,1,1986,3,3,3,3,3,3,3,3,3,3
360610,1,1,1986,28,17,0,12,16,35,0,15,4,17
360611,1,1,1986,0,0,0,0,0,0,0,0,0,0
360612,0,1,1986,26,26,26,26,26,26,26,26,26,26
360612,1,1,1986,0,0,0,0,10,0,10,21,0,10
360613,1,1,1986,0,0,0,9,0,0,0,0,0,0
360613,2,1,1986,0,0,0,0,0,0,0,0,0,0
360614,1,1,1986,22,22,22,22,22,22,22,22,22,22
360615,1,1,1986,0,0,0,0,0,4,0,0,0,0
360615,2,1,1986,0,0,0,0,0,19,0,0,0,0
360616,1,1,1986,0,0,0,0,0,0,0,0,0,0
360616,2,1,1986,11,10,0,0,0,0,10,16,0,0
360617,0,1,1986,0,0,0,0,0,0,0,0,0,0
360617,1,1,1986,0,0,0,0,0,0,0,0,17,0
360618,1,1,1986,0,0,27,22,16,22,21,8,18,30
360619,1,1,1986,25,25,25,25,25,25,25,25,25,25
360620,0,1,1986,17,17,17,17,17,17,17,17,17,17
360620,1,1,1986,0,13,0,0,0,0,6,0,0,6
360621,0,1,1986,16,16,16,16,16,16,16,16,16,16
360621,1,1,1986,0,36,0,0,0,0,0,15,0,0
360622,1,1,1986,0,0,0,0,0,0,0,0,0,0
360622,2,1,1986,0,0,0,0,0,0,0,0,0,0
360623,1,1,1986,0,0,0,0,0,0,0,0,0,0
360623,2,1,1986,21,21,21,21,21,21,21,21,21,21
360624,1,1,1986,11,11,11,11,11,11,11,11,11,11
360625,0,1,1986,0,0,0,0,0,0,0,0,0,0
360625,1,1,1986,0,0,0,0,0,0,0,0,0,0
360626,1,1,1986,0,0,0,0,0,0,0,0,0,0
360627,1,1,1986,20,10,0,0,15,16,0,0,0,0
360628,0,1,1986,24,24,24,24,24,24,24,24,24,24
360628,1,1,1986,0,0,0,0,0,0,0,0,0,0
360629,0,1,1986,0,0,0,0,0,0,0,0,0,0
360629,1,1,1986,11,21,18,17,8,16,14,16,13,22
360630,0,1,1986,0,0,0,0,0,0,0,0,0,0
360630,1,1,1986,26,0,11,0,0,0,0,0,3,0
360631,1,1,1986,10,9,0,15,11,24,8,20,0,8
360631,2,1,1986,0,0,0,0,0,0,0,0,0,0
360632,1,1,1986,8,8,8,8,8,8,8,8,8,8
360633,0,1,1986,0,0,0,0,0,0,0,0,0,0
360633,1,1,1986,0,0,0,0,0,0,0,0,0,0
360634,1,1,1986,26,17,7,14,29,21,7,18,19,18
360635,0,1,1986,0,0,0,0,0,0,0,0,0,0
360635,1,1,1986,0,0,0,0,0,0,0,0,0,0
360636,0,1,1986,0,0,0,0,0,0,0,0,0,0
360636,1,1,1986,0,0,0,0,0,0,0,0,0,0
360637,1,1,1986,13,13,13,13,13,13,13,13,13,13
360637,2,1,1986,0,0,0,0,0,0,18,23,0,0
360638,1,1,1986,0,0,0,0,0,0,0,0,0,0
360638,2,1,1986,0,0,0,0,0,0,0,0,0,0
360639,0,1,1986,16,0,0,0,0,10,0,21,0,15
360639,1,1,1986,0,17,0,8,0,0,6,0,0,18
360640,1,1,1986,9,9,9,9,9,9,9,9,9,9
360641,1,1,1986,12,9,11,5,19,13,0,12,12,35
360642,1,1,1986,0,0,0,0,0,0,0,0,0,0
360642,2,1,1986,1,1,1,1,1,1,1,1,1,1
360643,1,1,1986,16,16,16,16,16,16,16,16,16,16
360644,1,1,1986,14,15,13,5,15,11,9,15,17,3
360645,0,1,1986,0,0,0,0,0,0,0,0,0,0
360645,1,1,1986,5,0,0,0,0,15,0,0,0,0
360646,1,1,1986,0,0,0,0,0,0,0,0,0,0
360646,2,1,1986,0,0,0,0,0,0,0,0,0,0
360647,1,1,1986,17,17,17,17,17,17,17,17,17,17
360647,2,1,1986,0,0,0,0,0,0,0,0,8,0
360648,0,1,1986,0,0,0,0,0,0,0,0,0,0
360648,1,1,1986,0,0,0,0,0,0,0,0,0,0
360649,1,1,1986,0,0,0,0,0,0,0,0,0,0
360649,2,1,1986,0,0,0,0,0,0,0,0,0,0
360650,0,1,1986,10,10,10,10,10,10,10,10,10,10
360650,1,1,1986,0,11,0,0,0,0,0,0,0,10
360651,0,1,1986,0,0,0,0,0,0,0,0,0,0
360651,1,1,1986,7,7,16,3,10,26,21,30,15,4
360652,1,1,1986,0,0,0,0,0,0,0,0,0,0
360653,0,1,1986,0,0,0,0,0,0,0,0,0,0
360653,1,1,1986,0,0,10,0,0,0,0,11,0,0
360654,1,1,1986,13,13,13,13,13,13,13,13,13,13
360655,1,1,1986,0,0,0,0,0,0,0,0,0,0
360655,2,1,1986,0,0,0,0,0,0,0,0,0,0
360656,1,1,1986,19,0,0,0,11,0,10,12,0,0
360656,2,1,1986,0,0,0,0,0,0,0,0,0,0
360658,1,1,1986,0,0,0,0,0,0,0,0,0,0
360659,1,1,1986,15,25,24,21,6,24,5,26,21,30
360660,0,1,1986,0,0,0,0,0,0,0,0,0,0
360660,1,1,1986,0,0,0,0,0,0,0,0,0,0
360661,0,1,1986,0,0,0,0,0,0,0,0,0,0
360661,1,1,1986,26,0,0,0,0,0,0,0,0,0
360662,1,1,1986,5,17,15,23,6,27,14,0,13,15
360662,2,1,1986,0,0,0,0,0,0,0,0,0,0
360662,3,1,1986,0,0,0,0,0,0,0,0,15,0
360662,4,1,1986,0,0,0,0,0,0,0,0,0,0
360662,5,1,1986,0,0,0,0,0,0,0,0,0,0
360663,1,1,1986,0,0,0,0,0,0,0,0,0,7
360663,2,1,1986,0,0,0,0,0,0,0,0,0,0
360664,0,1,1986,0,0,0,0,0,0,0,0,0,0
360664,1,1,1986,0,0,0,0,0,0,0,0,0,0
360665,1,1,1986,17,17,17,17,17,17,17,17,17,17
360665,2,1,1986,22,4,7,19,9,19,5,20,15,14
360666,1,1,1986,27,8,7,0,22,11,25,6,15,8
360667,0,1,1986,16,16,16,16,16,16,16,16,16,16
360667,1,1,1986,0,0,0,0,9,0,0,0,0,0
360668,1,1,1986,4,21,5,6,11,27,13,16,10,14
360669,0,1,1986,0,0,0,0,0,0,0,0,0,0
360669,1,1,1986,0,0,0,0,0,0,0,0,0,0
360670,1,1,1986,0,0,0,0,0,0,0,0,0,0
360670,2,1,1986,0,0,0,0,0,0,0,0,0,0
360671,0,1,1986,0,8,15,0,0,0,0,0,0,0
360671,1,1,1986,0,0,0,0,0,0,0,0,0,0
360672,1,1,1986,0,0,0,0,0,0,0,0,0,0
360672,2,1,1986,0,0,0,0,0,0,0,0,0,0
360672,3,1,1986,0,0,0,3,0,0,0,0,0,0
360673,1,1,1986,0,0,0,0,0,0,0,0,0,0
360673,2,1,1986,14,14,14,14,14,14,14,14,14,14
360674,0,1,1986,0,0,0,0,0,0,0,0,0,0
360674,1,1,1986,12,0,0,0,0,0,0,0,0,0
360675,1,1,1986,0,0,0,0,0,0,0,0,0,0
360675,2,1,1986,0,0,0,0,0,0,0,0,0,0
360676,1,1,1986,0,0,0,0,0,0,0,0,0,0
360676,2,1,1986,0,0,0,0,0,0,0,0,0,0
360677,1,1,1986,0,0,0,0,0,0,0,0,0,0
360677,2,1,1986,0,0,0,0,0,0,0,0,0,0
360678,1,1,1986,0,0,0,0,0,0,0,0,0,0
360678,2,1,1986,0,0,0,0,0,0,0,0,0,0
360679,1,1,1986,0,0,0,0,0,0,0,0,0,0
360679,2,1,1986,0,0,0,0,0,0,0,0,0,0
360680,1,1,1986,0,0,0,0,0,0,0,0,0,0
360680,2,1,1986,0,0,0,0,0,0,0,0,0,13
360681,1,1,1986,0,0,0,0,0,5,0,0,0,0
360681,2,1,1986,0,0,0,0,0,0,0,0,0,0
360682,0,1,1986,0,0,0,0,0,0,0,0,0,0
360682,1,1,1986,0,0,0,0,0,0,0,0,0,0
360683,0,1,1986,0,0,0,0,0,0,0,0,0,0
360683,1,1,1986,0,0,0,0,0,0,0,0,0,0
360684,1,1,1986,0,0,0,0,0,0,0,0,0,0
360685,0,1,1986,0,0,0,0,0,0,0,0,0,0
360685,1,1,1986,0,0,0,0,0,0,0,0,0,0
360686,0,1,1986,10,10,10,10,10,10,10,10,10,10
360686,1,1,1986,0,0,0,0,0,0,0,0,0,0
360687,0,1,1986,10,10,10,10,10,10,10,10,10,10
360687,1,1,1986,0,0,0,0,0,0,0,0,0,0
360688,1,1,1986,9,0,4,0,0,0,0,0,17,0
360689,0,1,1986,7,7,7,7,7,7,7,7,7,7
360689,1,1,1986,0,0,0,0,7,0,0,0,0,0