ST_CASE,VEH_NO,PER_NO,YEAR,P1,P2,P3,P4,P5,P6,P7,P8,P9,P10
360689,2,1,1986,0,0,0,0,0,0,0,0,0,0
360690,1,1,1986,0,0,0,0,0,0,0,0,0,0
360691,0,1,1986,0,0,0,0,0,0,0,0,0,0
360691,1,1,1986,0,0,0,0,0,0,0,0,0,0
360692,1,1,1986,16,16,16,16,16,16,16,16,16,16
360693,1,1,1986,0,0,0,0,0,0,0,0,0,0
360693,2,1,1986,0,0,0,0,0,7,0,20,0,0
360694,1,1,1986,26,13,11,8,18,7,0,11,13,18
360695,0,1,1986,0,0,0,0,0,0,0,0,25,0
360695,1,1,1986,0,0,0,0,0,0,0,0,0,0
360696,1,1,1986,0,0,0,0,23,0,11,4,0,0
360696,2,1,1986,0,0,0,0,0,0,0,0,0,0
360697,0,1,1986,0,0,0,0,0,0,0,0,0,0
360697,1,1,1986,12,28,17,6,7,20,0,29,21,0
360698,0,1,1986,0,0,0,0,0,0,0,0,0,0
360698,1,1,1986,31,0,12,0,0,0,13,0,0,0
360699,1,1,1986,23,23,23,23,23,23,23,23,23,23
360699,2,1,1986,0,0,0,0,0,0,0,0,0,0
360699,3,1,1986,0,8,0,0,0,0,0,0,0,0
360700,1,1,1986,0,0,0,0,0,0,0,0,0,0
360700,2,1,1986,0,0,0,0,0,0,0,0,0,0
360701,1,1,1986,0,0,0,0,0,0,0,0,0,0
360701,2,1,1986,0,0,0,0,0,0,0,0,0,0
360702,1,1,1986,9,9,9,9,9,9,9,9,9,9
360702,2,1,1986,0,0,0,0,0,0,0,0,0,0
360703,1,1,1986,0,0,0,0,0,0,0,0,0,0
360703,2,1,1986,0,0,0,0,0,0,0,0,0,0
360704,1,1,1986,0,0,0,0,0,0,0,0,0,0
360704,2,1,1986,0,0,0,0,0,0,0,0,0,0
360705,1,1,1986,0,0,0,0,0,0,0,0,0,0
360705,2,1,1986,0,0,0,0,0,0,0,0,0,0
360706,0,1,1986,0,0,17,0,0,12,9,0,0,0
360706,1,1,1986,0,0,10,11,0,0,0,0,0,0
360706,2,1,1986,0,0,0,0,0,1,0,0,0,0
360707,1,1,1986,0,0,0,0,0,0,0,0,0,0
360709,1,1,1986,0,0,0,0,0,0,0,0,0,0
360709,2,1,1986,7,0,0,0,0,0,0,0,0,0
360709,3,1,1986,0,0,0,0,0,0,0,0,0,0
360709,4,1,1986,0,0,0,0,0,0,0,0,0,0
360710,0,1,1986,0,0,0,0,0,0,0,0,0,0
360710,1,1,1986,0,0,0,0,0,0,0,0,0,0
360711,1,1,1986,0,0,0,0,0,0,0,0,0,0
360711,2,1,1986,25,25,25,25,25,25,25,25,25,25
360712,0,1,1986,0,0,0,0,0,0,0,0,0,0
360712,1,1,1986,0,0,0,0,0,0,0,0,7,0
360713,0,1,1986,7,7,7,7,7,7,7,7,7,7
360713,1,1,1986,15,15,23,9,30,0,0,16,8,11
360714,1,1,1986,0,0,0,0,0,0,0,0,0,0
360715,0,1,1986,0,0,0,0,0,0,0,0,0,0
360715,1,1,1986,0,0,0,0,0,0,0,0,0,0
360716,1,1,1986,1,1,1,1,1,1,1,1,1,1
360717,1,1,1986,0,0,0,0,0,0,0,0,0,0
360717,2,1,1986,0,0,0,0,0,0,0,0,0,0
360718,0,1,1986,23,23,23,23,23,23,23,23,23,23
360718,1,1,1986,0,0,0,10,0,0,0,0,0,0
360719,1,1,1986,0,0,0,0,0,0,0,0,0,0
360719,2,1,1986,0,0,0,0,0,0,0,0,0,0
360720,1,1,1986,29,29,29,29,29,29,29,29,29,29
360721,1,1,1986,23,21,8,7,11,13,12,15,18,6
360721,2,1,1986,0,0,0,0,0,0,0,0,0,0
360722,1,1,1986,22,22,22,22,22,22,22,22,22,22
360722,2,1,1986,0,0,0,0,0,0,0,0,0,0
360722,3,1,1986,12,0,0,0,0,0,0,0,0,0
360723,1,1,1986,0,0,0,0,0,0,0,0,0,0
360724,0,1,1986,0,0,0,0,0,0,0,0,0,0
360724,0,2,1986,0,0,19,0,10,14,0,0,33,15
360724,1,1,1986,26,13,23,16,14,18,8,11,20,10
360725,1,1,1986,13,13,13,13,13,13,13,13,13,13
360726,1,1,1986,12,13,5,0,10,16,7,29,4,25
360727,1,1,1986,13,13,13,13,13,13,13,13,13,13
360728,1,1,1986,12,12,12,12,12,12,12,12,12,12
360728,2,1,1986,0,0,3,0,0,0,0,0,0,0
360729,0,1,1986,24,24,24,24,24,24,24,24,24,24
360729,1,1,1986,0,0,0,0,0,0,0,0,0,0
360730,1,1,1986,0,0,0,0,0,0,0,0,0,0
360730,2,1,1986,0,0,0,0,0,0,0,0,0,0
360731,1,1,1986,7,7,7,7,7,7,7,7,7,7
360732,1,1,1986,9,13,9,8,5,20,13,0,7,11
360732,2,1,1986,1,1,1,1,1,1,1,1,1,1
360733,1,1,1986,44,44,44,44,44,44,44,44,44,44
360733,2,1,1986,0,0,0,0,0,0,12,0,0,0
360734,0,1,1986,30,30,30,30,30,30,30,30,30,30
360734,1,1,1986,8,0,0,1,9,0,0,0,0,0
360735,0,1,1986,28,28,28,28,28,28,28,28,28,28
360735,1,1,1986,0,0,0,0,0,0,0,0,0,0
360736,0,1,1986,27,27,27,27,27,27,27,27,27,27
360736,1,1,1986,14,7,12,25,19,21,0,22,24,28
360737,1,1,1986,0,0,0,0,0,0,0,0,0,0
360737,2,1,1986,0,0,0,0,0,0,0,0,0,0
360738,0,1,1986,9,0,21,13,15,26,18,19,0,4
360738,0,2,1986,0,0,0,0,0,0,0,0,0,0
360738,1,1,1986,0,0,0,0,0,0,0,0,0,0
360739,1,1,1986,21,21,21,21,21,21,21,21,21,21
360740,1,1,1986,6,6,6,6,6,6,6,6,6,6
360741,1,1,1986,34,34,34,34,34,34,34,34,34,34
360742,1,1,1986,0,12,28,7,16,16,12,7,19,13
360743,1,1,1986,23,23,23,23,23,23,23,23,23,23
360744,1,1,1986,0,0,0,0,0,0,0,0,0,0
360744,2,1,1986,0,0,0,0,0,0,0,0,0,0
360744,3,1,1986,0,0,0,0,0,0,0,0,0,0
360745,1,1,1986,0,0,0,0,0,0,0,0,0,0
360745,2,1,1986,0,0,0,0,0,0,0,0,0,0
360746,1,1,1986,15,15,15,15,15,15,15,15,15,15
360746,2,1,1986,10,10,10,10,10,10,10,10,10,10
360747,1,1,1986,15,15,12,6,5,7,17,20,18,7
360748,1,1,1986,17,17,17,17,17,17,17,17,17,17
360749,1,1,1986,0,0,0,0,0,0,0,0,0,0
360749,2,1,1986,0,0,0,0,0,0,0,0,0,0
360750,1,1,1986,0,0,0,0,0,0,0,0,0,5
360750,2,1,1986,0,0,0,0,0,0,0,0,0,0
360751,1,1,1986,14,0,0,0,14,0,0,0,0,0
360752,1,1,1986,0,0,0,0,0,8,0,19,0,0
360753,1,1,1986,0,0,0,0,0,0,0,0,0,0
360753,2,1,1986,0,0,0,0,0,0,0,0,0,0
360753,3,1,1986,0,0,0,7,0,0,0,0,0,0
360754,1,1,1986,0,0,0,0,0,0,0,0,0,0
360755,1,1,1986,0,0,0,0,0,0,0,0,0,0
360755,2,1,1986,0,0,0,0,0,0,0,0,0,0
360756,1,1,1986,20,20,20,20,20,20,20,20,20,20
360757,1,1,1986,20,20,20,20,20,20,20,20,20,20
360757,2,1,1986,16,0,0,0,0,0,0,6,0,0
360758,1,1,1986,3,0,0,0,0,10,0,0,0,21
360759,1,1,1986,0,0,0,0,0,0,0,0,0,0
360760,0,1,1986,16,0,0,0,0,0,0,17,0,0
360760,1,1,1986,0,0,0,0,0,0,0,0,0,0
360761,1,1,1986,0,0,0,0,0,0,0,0,0,0
360761,2,1,1986,0,0,0,0,0,0,0,0,0,0
360762,1,1,1986,0,0,0,0,0,0,0,0,0,0
360762,2,1,1986,1,1,1,1,1,1,1,1,1,1
360763,1,1,1986,25,10,13,27,12,5,8,18,14,16
360763,2,1,1986,8,8,8,8,8,8,8,8,8,8
360764,0,1,1986,0,0,0,0,0,0,0,0,0,0
360764,1,1,1986,24,11,14,13,0,0,0,10,0,15
360765,0,1,1986,0,0,0,0,0,0,0,0,0,0
360765,1,1,1986,0,0,9,6,18,0,0,0,0,0
360766,1,1,1986,9,9,9,9,9,9,9,9,9,9
360768,1,1,1986,0,0,0,21,0,0,0,0,0,0
360768,2,1,1986,0,0,0,0,0,0,0,0,0,0
360768,3,1,1986,0,0,0,0,0,0,5,0,0,0
360769,1,1,1986,0,0,0,0,0,0,0,0,0,0
360769,2,1,1986,0,0,8,0,0,0,0,0,0,6
360770,0,1,1986,0,0,0,0,0,0,0,0,0,0
360771,0,1,1986,17,17,17,17,17,17,17,17,17,17
360771,1,1,1986,0,0,0,0,0,0,0,28,0,0
360772,1,1,1986,19,19,19,19,19,19,19,19,19,19
360772,2,1,1986,15,13,16,11,0,0,0,11,0,0
360773,1,1,1986,0,0,0,0,0,0,0,0,0,0
360774,0,1,1986,0,0,0,0,0,0,0,0,0,0
360774,1,1,1986,0,0,0,18,0,0,16,15,0,0
360774,2,1,1986,0,0,0,0,0,0,7,0,0,0
360775,1,1,1986,0,24,0,0,0,0,0,0,0,0
360775,2,1,1986,0,0,0,0,0,0,0,0,0,0
360776,1,1,1986,0,0,0,0,0,0,0,0,0,0
360776,2,1,1986,0,0,0,0,0,0,21,0,0,4
360777,0,1,1986,17,17,17,17,17,17,17,17,17,17
360777,1,1,1986,0,21,0,12,17,16,0,36,6,13
360778,0,1,1986,0,0,0,0,0,0,0,0,0,0
360778,1,1,1986,0,0,19,0,0,0,0,0,0,0
360779,1,1,1986,0,0,0,0,0,0,0,0,0,0
360779,2,1,1986,27,10,9,27,6,11,12,11,17,25
360780,0,1,1986,0,0,0,0,0,0,0,0,0,0
360780,1,1,1986,0,0,0,0,3,0,0,29,0,0
360781,0,1,1986,9,0,0,12,0,33,28,0,34,0
360781,0,2,1986,0,0,0,0,0,0,0,0,0,0
360781,1,1,1986,0,0,30,6,12,21,0,18,20,0
360782,1,1,1986,0,0,9,0,0,19,0,0,0,0
360782,2,1,1986,0,0,0,0,0,0,0,0,0,0
360783,1,1,1986,8,16,0,12,14,8,23,23,26,15
360784,1,1,1986,19,19,19,19,19,19,19,19,19,19
360785,1,1,1986,29,29,29,29,29,29,29,29,29,29
360786,0,1,1986,4,4,4,4,4,4,4,4,4,4
360786,1,1,1986,0,0,0,0,0,10,0,0,0,0
360787,0,1,1986,0,0,0,0,0,0,0,0,0,0
360787,0,2,1986,0,0,0,0,0,0,0,0,0,0
360787,1,1,1986,9,7,4,15,7,6,10,19,2,8
360788,1,1,1986,0,0,0,0,0,0,0,0,0,0
360789,0,2,1986,0,0,0,0,0,0,0,0,0,0
360789,1,1,1986,1,1,1,1,1,1,1,1,1,1
360789,2,1,1986,0,18,0,19,0,0,0,0,0,28
360790,1,1,1986,0,0,0,0,0,0,0,0,0,0
360790,2,1,1986,0,10,17,0,0,0,0,2,0,0
360791,1,1,1986,3,3,3,3,3,3,3,3,3,3
360792,1,1,1986,14,14,14,14,14,14,14,14,14,14
360793,1,1,1986,7,7,7,7,7,7,7,7,7,7
360793,2,1,1986,0,0,0,0,0,0,0,0,0,0
360793,3,1,1986,0,0,0,0,0,0,18,0,0,0
360794,1,1,1986,0,0,0,0,20,16,0,0,0,0
360794,2,1,1986,18,18,18,18,18,18,18,18,18,18
360795,1,1,1986,6,6,25,0,26,18,14,9,14,18
360796,1,1,1986,0,0,0,0,0,0,0,0,0,0
360796,2,1,1986,0,0,0,0,0,0,0,0,0,0
360797,1,1,1986,0,0,0,0,0,0,0,0,0,0
360797,2,1,1986,0,0,0,0,0,0,0,0,0,0
360797,3,1,1986,0,0,0,0,0,0,0,0,0,0
360797,4,1,1986,0,0,0,0,0,0,0,0,0,0
360798,1,1,1986,0,0,0,0,0,0,0,0,0,0
360798,2,1,1986,0,0,0,0,0,0,14,0,16,0
360799,1,1,1986,12,12,12,12,12,12,12,12,12,12
360800,0,2,1986,10,10,10,10,10,10,10,10,10,10
360800,1,1,1986,21,21,21,21,21,21,21,21,21,21
360800,2,1,1986,0,0,0,0,0,6,11,0,0,0
360801,1,1,1986,0,0,0,0,0,0,0,0,0,0
360801,2,1,1986,0,0,0,0,0,0,0,0,0,0
360802,1,1,1986,0,0,0,0,0,0,0,0,0,0
360803,1,1,1986,0,0,0,0,15,0,0,0,0,0
360803,2,1,1986,17,16,12,23,17,0,27,6,26,9
360804,1,1,1986,0,0,0,0,0,0,0,0,0,0
360805,1,1,1986,25,34,34,0,21,21,13,28,15,11
360806,1,1,1986,0,0,0,22,0,14,0,0,0,0
360806,2,1,1986,0,0,0,0,0,0,0,0,0,0
360807,1,1,1986,12,0,26,15,12,0,16,18,14,18
360808,1,1,1986,19,19,19,19,19,19,19,19,19,19
360809,1,1,1986,17,17,17,17,17,17,17,17,17,17
360810,1,1,1986,0,0,0,0,9,0,0,0,0,10
360811,1,1,1986,13,13,13,13,13,13,13,13,13,13
360812,1,1,1986,0,0,11,19,0,0,0,0,5,0
360812,2,1,1986,6,11,30,15,20,22,28,24,4,21
360813,1,1,1986,12,12,12,12,12,12,12,12,12,12
360814,1,1,1986,25,28,19,12,24,14,28,10,8,15
360815,1,1,1986,16,16,16,16,16,16,16,16,16,16
360816,0,1,1986,0,0,0,0,0,0,0,0,0,0
360816,1,1,1986,0,0,0,0,0,0,0,0,0,0
360817,0,1,1986,0,0,0,0,0,0,0,0,0,0
360817,1,1,1986,0,7,0,0,6,0,0,0,0,0
360818,1,1,1986,12,12,12,12,12,12,12,12,12,12
360818,2,1,1986,6,0,0,0,0,0,0,0,0,0
360819,1,1,1986,16,0,0,4,0,0,0,0,0,0
360819,2,1,1986,23,0,4,0,0,0,12,0,0,12
360820,1,1,1986,0,0,0,0,0,0,0,0,0,0
360820,2,1,1986,0,0,0,0,0,0,0,0,0,0
360821,1,1,1986,25,25,25,25,25,25,25,25,25,25
360822,1,1,1986,0,0,7,0,10,10,0,12,0,18
360823,0,1,1986,0,0,0,0,0,0,0,0,0,0
360823,1,1,1986,0,0,0,0,0,0,0,0,0,0
360824,1,1,1986,0,6,0,0,0,0,0,0,0,0
360824,2,1,1986,0,0,0,0,0,0,0,0,0,0
360825,1,1,1986,14,14,14,14,14,14,14,14,14,14
360826,0,1,1986,14,14,14,14,14,14,14,14,14,14
360826,1,1,1986,0,0,0,0,0,0,0,0,0,0
360827,0,1,1986,24,19,27,12,15,29,34,3,26,0
360827,0,2,1986,0,14,10,15,9,54,21,11,24,0
360827,1,1,1986,18,0,0,0,11,23,10,0,6,7
360828,1,1,1986,15,15,15,15,15,15,15,15,15,15
360830,1,1,1986,13,13,13,13,13,13,13,13,13,13
360830,2,1,1986,0,0,0,0,0,0,0,0,0,0
360831,0,1,1986,0,0,0,0,0,0,0,0,0,0
360831,1,1,1986,0,0,0,0,0,0,0,0,0,0
360832,0,1,1986,0,0,0,0,0,0,0,0,0,0
360832,1,1,1986,0,0,0,0,0,0,0,0,0,0
360833,1,1,1986,0,0,0,0,0,0,0,0,0,0
360833,2,1,1986,0,0,0,0,0,0,0,0,0,0
360834,0,2,1986,2,17,11,29,19,23,0,11,0,0
360834,1,1,1986,15,9,15,11,11,14,24,19,7,18
360834,2,1,1986,0,0,0,0,0,0,0,0,0,0
360835,1,1,1986,0,0,0,0,0,0,0,0,0,0
360835,2,1,1986,17,12,12,17,12,1,22,10,0,20
360836,1,1,1986,0,0,0,0,0,0,0,0,0,0
360837,1,1,1986,13,13,13,13,13,13,13,13,13,13
360838,1,1,1986,0,0,0,0,0,0,0,0,0,0
360838,2,1,1986,0,0,0,0,16,0,0,0,16,0
360838,3,1,1986,0,0,0,0,0,0,0,0,0,0
360838,4,1,1986,0,0,0,9,0,0,0,0,0,0
360838,5,1,1986,0,0,0,0,0,0,0,0,0,0
360838,6,1,1986,0,0,0,0,0,0,0,0,0,0
360838,7,1,1986,18,0,0,0,0,0,0,14,0,8
360839,1,1,1986,1,1,1,1,1,1,1,1,1,1
360839,2,1,1986,0,0,8,0,0,0,0,0,0,0
360840,1,1,1986,0,0,0,0,0,0,0,0,0,0
360841,1,1,1986,0,0,0,0,0,0,6,0,0,0
360841,2,1,1986,0,0,0,0,0,0,0,0,0,0
360841,3,1,1986,0,0,0,0,0,0,0,0,0,0
360842,1,1,1986,0,0,0,0,0,0,0,0,0,0
360842,2,1,1986,0,0,0,0,0,0,0,0,0,0
360843,1,1,1986,0,0,0,0,0,0,0,0,0,0
360843,2,1,1986,0,0,0,0,0,0,0,0,0,0
360844,0,1,1986,0,0,0,0,0,0,0,0,0,0
360844,1,1,1986,0,0,0,0,0,0,0,0,0,0
360845,1,1,1986,0,0,5,0,0,0,0,0,0,0
360846,1,1,1986,0,0,0,0,0,0,0,0,9,0
360846,2,1,1986,0,0,14,18,20,0,11,0,0,29
360847,1,1,1986,0,0,0,0,0,20,0,18,0,6
360847,2,1,1986,0,0,0,0,0,0,0,0,0,0
360848,1,1,1986,8,5,17,7,25,0,7,0,14,9
360849,1,1,1986,29,29,29,29,29,29,29,29,29,29
360849,2,1,1986,18,0,0,15,0,0,0,0,0,0
360850,1,1,1986,15,15,15,15,15,15,15,15,15,15
360850,2,1,1986,0,0,0,0,0,0,0,0,0,0
360851,1,1,1986,0,0,0,0,0,0,0,0,0,0
360851,2,1,1986,0,11,0,0,0,0,0,0,0,0
360852,1,1,1986,19,19,19,19,19,19,19,19,19,19
360853,1,1,1986,0,0,0,0,0,0,0,0,0,0
360853,2,1,1986,0,0,0,14,0,0,0,15,0,0
360854,1,1,1986,0,0,0,0,0,0,0,0,0,0
360854,2,1,1986,0,0,0,0,0,0,0,0,0,0
360855,1,1,1986,0,0,0,0,3,0,0,0,0,0
360855,2,1,1986,0,0,0,0,0,0,0,0,0,0
360856,1,1,1986,0,0,0,0,0,0,0,0,0,0
360856,2,1,1986,0,0,0,0,0,0,0,0,0,0
360857,0,1,1986,0,0,0,0,0,0,0,0,0,0
360857,1,1,1986,13,17,11,4,18,24,9,18,9,0
360858,1,1,1986,16,16,16,16,16,16,16,16,16,16
360859,0,1,1986,35,35,35,35,35,35,35,35,35,35
360859,1,1,1986,0,0,0,0,0,0,0,0,8,0
360860,0,1,1986,0,0,0,0,0,0,0,0,0,0
360860,1,1,1986,8,0,0,0,0,0,0,0,0,0
360861,1,1,1986,0,22,0,0,0,0,0,0,0,0
360862,1,1,1986,0,0,0,0,0,0,0,0,0,0
360862,2,1,1986,0,17,0,14,0,0,0,0,0,0
360863,1,1,1986,26,26,26,26,26,26,26,26,26,26
360863,2,1,1986,0,0,0,0,0,0,0,0,0,0
360864,0,1,1986,0,0,0,0,0,0,0,0,0,0
360864,1,1,1986,0,0,0,0,0,0,0,0,0,0
360864,2,1,1986,0,0,0,0,0,0,0,0,0,0
360865,1,1,1986,0,0,0,0,0,0,0,0,0,0
360866,1,1,1986,16,16,16,16,16,16,16,16,16,16
360867,1,1,1986,14,13,13,10,21,19,10,21,8,17
360867,2,1,1986,0,0,0,0,0,0,0,0,0,0
360868,1,1,1986,5,0,0,0,0,0,0,0,0,0
360869,1,1,1986,0,0,0,0,0,0,0,0,0,0
360869,2,1,1986,0,0,0,0,0,0,0,0,0,0
360870,1,1,1986,9,0,7,0,12,16,0,0,0,0
360870,2,1,1986,0,0,0,0,0,0,0,0,0,0
360871,1,1,1986,8,0,0,0,0,0,0,0,0,0
360871,2,1,1986,15,12,23,23,19,9,0,5,17,17
360872,0,1,1986,0,0,0,0,0,0,0,0,0,0
360872,1,1,1986,0,0,9,0,0,0,0,0,0,0
360873,0,1,1986,0,0,0,0,0,0,0,0,0,0
360873,0,2,1986,0,0,0,0,0,0,0,0,7,0
360873,1,1,1986,0,0,0,0,0,0,0,0,0,0
360874,1,1,1986,0,5,0,0,0,0,0,0,0,0
360874,2,1,1986,32,32,32,32,32,32,32,32,32,32
360875,1,1,1986,11,26,14,19,9,5,13,16,12,0
360875,2,1,1986,0,0,0,0,0,0,0,0,0,0
360876,0,1,1986,0,0,0,0,0,0,0,0,0,0
360876,1,1,1986,27,16,12,19,13,15,0,11,14,9
360877,0,1,1986,5,22,20,0,0,9,11,0,9,22
360877,0,2,1986,0,15,6,12,9,0,0,0,0,0
360877,0,3,1986,15,15,15,15,15,15,15,15,15,15
360877,2,1,1986,0,0,0,0,0,0,13,0,0,0
360878,1,1,1986,10,10,10,10,10,10,10,10,10,10
360879,1,1,1986,7,15,19,11,7,12,25,17,16,12
360880,1,1,1986,0,0,0,0,0,0,0,0,0,0
360880,2,1,1986,0,0,0,0,0,0,0,0,0,0
360881,1,1,1986,14,19,0,0,0,23,0,0,0,0
360882,1,1,1986,1,1,1,1,1,1,1,1,1,1
360882,2,1,1986,0,0,0,0,0,0,0,0,0,0
360883,1,1,1986,16,16,16,16,16,16,16,16,16,16
360884,1,1,1986,6,6,6,6,6,6,6,6,6,6
360885,1,1,1986,0,0,0,0,0,0,0,0,0,14
360886,1,1,1986,10,10,10,10,10,10,10,10,10,10
360887,1,1,1986,24,24,24,24,24,24,24,24,24,24
360888,1,1,1986,16,16,16,16,16,16,16,16,16,16
360889,1,1,1986,22,22,22,22,22,22,22,22,22,22
360890,1,1,1986,24,0,0,18,0,23,14,23,0,0
360891,1,1,1986,22,0,19,0,0,14,0,20,0,15
360892,1,1,1986,3,0,0,0,0,9,0,0,0,0
360893,1,1,1986,0,0,0,0,0,0,0,0,0,0
360894,1,1,1986,0,0,0,0,0,0,0,0,0,0
360894,2,1,1986,0,0,0,0,0,0,0,0,0,0
360894,3,1,1986,1,1,1,1,1,1,1,1,1,1
360895,1,1,1986,28,28,28,28,28,28,28,28,28,28
360896,1,1,1986,0,0,0,0,0,0,0,0,0,0
360896,2,1,1986,0,0,0,0,0,0,0,0,0,0
360897,1,1,1986,21,17,19,18,26,36,18,25,22,16
360898,1,1,1986,0,0,0,0,0,0,0,0,0,0
360899,1,1,1986,0,0,0,0,0,0,0,0,0,0
360900,1,1,1986,19,17,19,12,10,13,29,10,0,20
360901,1,1,1986,0,0,0,0,0,0,0,0,0,0
360901,2,1,1986,0,0,0,0,0,0,0,0,0,0
360902,1,1,1986,0,26,0,0,15,0,0,7,0,12
360903,1,1,1986,9,9,9,9,9,9,9,9,9,9
360904,0,1,1986,0,0,0,0,0,0,0,0,0,0
360904,1,1,1986,0,0,0,0,0,0,0,0,0,0
360905,1,1,1986,10,16,6,17,24,9,23,29,3,0
360906,1,1,1986,0,0,0,0,14,0,0,0,0,0
360907,0,1,1986,0,0,0,12,0,0,21,0,0,0
360907,1,1,1986,0,0,0,0,0,20,21,0,0,0
360908,0,1,1986,0,0,0,32,21,9,20,7,9,23
360908,1,1,1986,0,0,0,0,0,0,0,0,0,0
360909,0,1,1986,0,0,0,0,0,0,0,0,0,0
360909,1,1,1986,0,0,0,0,0,0,0,0,0,0
360910,0,1,1986,0,0,0,0,0,0,0,0,0,0
360910,1,1,1986,10,0,0,0,10,0,0,0,0,0
360911,1,1,1986,0,0,0,0,0,0,0,0,0,0
360911,2,1,1986,0,0,0,0,0,0,11,0,0,11
360912,1,1,1986,6,6,6,6,6,6,6,6,6,6
360912,2,1,1986,0,0,0,0,0,0,0,0,0,0
360913,0,1,1986,0,0,0,0,0,0,0,0,0,0
360913,1,1,1986,0,0,0,0,0,0,0,0,0,0
360914,1,1,1986,0,0,0,0,0,0,0,0,0,0
360914,2,1,1986,0,0,0,0,0,0,0,0,0,0
360915,1,1,1986,0,0,0,0,0,0,0,0,0,0
360915,2,1,1986,16,16,16,16,16,16,16,16,16,16
360916,0,1,1986,0,0,0,0,0,0,0,0,0,0
360917,1,1,1986,0,0,0,0,0,0,0,0,0,0
360918,0,1,1986,5,5,5,5,5,5,5,5,5,5
360918,1,1,1986,10,24,13,15,10,14,11,20,14,31
360919,1,1,1986,0,10,0,0,0,0,0,14,0,7
360919,2,1,1986,0,0,0,0,0,0,0,0,0,0
360920,1,1,1986,1,1,1,1,1,1,1,1,1,1
360920,2,1,1986,0,0,0,0,0,0,0,0,0,0
360921,1,1,1986,2,2,2,2,2,2,2,2,2,2
360922,1,1,1986,9,9,9,9,9,9,9,9,9,9
360923,1,1,1986,17,0,0,0,0,0,0,0,0,0
360923,2,1,1986,0,0,0,0,0,0,12,0,0,0
360924,1,1,1986,0,0,0,0,0,0,0,0,0,0
360924,2,1,1986,0,0,0,0,0,0,0,0,0,0
360925,1,1,1986,0,0,0,0,0,0,12,27,0,21
360925,2,1,1986,0,0,0,0,0,2,0,13,0,0
360926,1,1,1986,0,0,0,0,0,0,24,0,8,20
360926,2,1,1986,0,0,0,0,0,0,22,0,0,0
360927,1,1,1986,0,21,0,0,6,0,21,0,8,23
360927,2,1,1986,0,0,0,0,0,0,0,0,0,0
360928,0,1,1986,0,0,0,0,0,0,0,0,0,0
360928,1,1,1986,0,18,28,0,0,0,0,7,0,0
360929,1,1,1986,11,11,11,11,11,11,11,11,11,11
360930,0,1,1986,0,0,0,0,0,0,0,0,0,0
360930,1,1,1986,0,0,0,0,0,0,0,0,0,0
360931,0,1,1986,0,0,0,0,0,0,0,0,0,0
360931,1,1,1986,0,0,0,0,0,0,0,0,0,0
360931,2,1,1986,0,0,0,0,0,0,0,0,0,0
360932,1,1,1986,0,12,0,0,0,0,0,9,0,5
360932,2,1,1986,0,0,14,0,8,0,0,0,0,0
360932,3,1,1986,0,23,0,0,0,0,0,6,8,0
360933,1,1,1986,0,0,0,0,0,0,0,0,0,0
360933,2,1,1986,0,8,0,0,0,0,0,0,0,0
360934,1,1,1986,0,13,0,0,0,0,0,0,0,0
360934,2,1,1986,0,0,0,13,0,19,0,0,0,0
360935,1,1,1986,0,0,0,0,0,0,0,0,0,0
360936,1,1,1986,0,0,0,0,0,0,0,0,0,0
360936,2,1,1986,0,0,0,0,0,0,0,0,0,0
360938,1,1,1986,23,23,23,23,23,23,23,23,23,23
360938,2,1,1986,0,0,0,0,0,0,0,0,0,0
360938,3,1,1986,0,0,18,0,0,0,0,0,0,0
360939,1,1,1986,0,0,0,0,0,0,0,0,0,0
360940,1,1,1986,10,10,10,10,10,10,10,10,10,10
360941,1,1,1986,9,0,0,0,0,0,0,0,0,0
360941,2,1,1986,0,0,0,0,0,0,0,0,0,0
360942,1,1,1986,0,0,17,0,0,0,0,7,0,0
360943,1,1,1986,0,9,0,0,0,0,0,0,7,0
360943,2,1,1986,0,0,0,19,0,0,0,0,0,0
360944,1,1,1986,0,0,0,0,0,0,0,0,0,0
360944,2,1,1986,0,0,0,0,0,0,14,0,0,0
360945,0,1,1986,0,0,0,0,0,0,0,0,0,0
360945,1,1,1986,0,0,5,0,0,0,0,0,0,0
360946,1,1,1986,13,13,13,13,13,13,13,13,13,13
360947,1,1,1986,4,4,4,4,4,4,4,4,4,4
360948,0,1,1986,0,0,0,0,0,0,0,0,0,0
360948,1,1,1986,0,0,0,0,12,0,0,0,0,0
360949,1,1,1986,0,0,0,0,0,0,0,0,0,0
360949,2,1,1986,0,0,0,0,8,0,0,0,0,0
360950,1,1,1986,0,0,0,0,0,0,0,0,0,0
360950,2,1,1986,5,0,0,9,4,0,0,0,0,0
360951,1,1,1986,0,0,0,0,0,0,0,0,0,0
360951,2,1,1986,0,0,0,0,0,0,0,0,0,0
360952,1,1,1986,0,0,0,0,0,0,0,0,0,0
360952,2,1,1986,19,13,29,18,11,26,24,22,15,16
360952,3,1,1986,0,0,0,0,0,0,0,0,0,0
360953,1,1,1986,21,21,21,21,21,21,21,21,21,21
360954,1,1,1986,0,0,0,0,0,0,0,0,0,0
360954,2,1,1986,0,0,0,0,0,0,0,0,0,0
360955,1,1,1986,0,0,0,0,0,0,15,0,0,0
360955,2,1,1986,0,0,0,0,0,0,0,0,0,0
360956,0,1,1986,0,0,0,0,0,0,0,0,0,0