ST_CASE,VEH_NO,PER_NO,YEAR,P1,P2,P3,P4,P5,P6,P7,P8,P9,P10
360956,1,1,1986,0,0,0,0,0,0,0,0,0,0
360957,1,1,1986,12,12,12,12,12,12,12,12,12,12
360958,0,1,1986,0,0,0,0,0,0,0,0,3,0
360958,1,1,1986,0,0,0,0,0,0,0,0,0,0
360959,0,1,1986,0,0,0,0,0,0,0,0,0,0
360959,1,1,1986,0,0,0,0,0,0,0,0,0,0
360960,1,1,1986,27,2,0,0,0,0,13,0,0,8
360961,1,1,1986,0,0,0,0,0,0,0,0,0,0
360961,2,1,1986,0,0,0,0,0,0,0,0,8,0
360961,3,1,1986,0,0,0,0,0,0,13,0,0,0
360962,0,1,1986,0,0,0,0,0,0,0,0,0,0
360962,1,1,1986,0,0,0,0,0,0,0,0,0,0
360963,0,1,1986,0,0,0,0,0,0,0,0,0,0
360963,1,1,1986,0,0,0,0,0,0,0,0,0,0
360964,1,1,1986,35,35,35,35,35,35,35,35,35,35
360964,2,1,1986,0,0,0,9,0,25,0,0,0,0
360965,0,1,1986,3,3,3,3,3,3,3,3,3,3
360965,1,1,1986,0,0,0,0,0,0,0,0,0,0
360966,1,1,1986,0,0,0,0,0,0,0,0,0,0
360967,1,1,1986,8,8,4,17,17,17,15,10,8,13
360968,0,1,1986,0,0,0,0,0,0,0,0,0,0
360968,1,1,1986,0,0,0,0,0,0,0,0,0,0
360968,2,1,1986,0,16,0,14,10,13,0,14,0,0
360968,3,1,1986,0,0,0,0,0,0,0,0,0,0
360968,4,1,1986,0,0,0,13,0,0,0,0,0,0
360969,1,1,1986,0,0,0,0,0,0,0,0,0,0
360970,0,1,1986,12,29,20,13,33,35,7,21,31,0
360970,1,1,1986,0,0,0,0,0,0,4,0,0,0
360971,0,1,1986,4,4,4,4,4,4,4,4,4,4
360971,1,1,1986,0,0,0,0,0,0,0,0,0,0
360972,0,1,1986,0,0,0,0,0,0,0,0,0,0
360972,1,1,1986,4,16,7,15,0,0,9,15,0,26
360973,1,1,1986,0,0,0,0,0,0,0,0,0,0
360973,2,1,1986,0,0,0,0,0,0,0,0,0,0
360973,3,1,1986,0,0,0,0,0,0,0,0,0,0
360974,1,1,1986,0,0,0,0,0,0,0,0,0,9
360975,1,1,1986,0,0,0,0,0,0,0,0,0,0
360975,2,1,1986,0,0,0,11,0,0,0,0,0,0
360976,1,1,1986,13,13,13,13,13,13,13,13,13,13
360977,1,1,1986,0,0,0,0,0,0,0,0,0,0
360977,2,1,1986,9,9,9,9,9,9,9,9,9,9
360978,0,1,1986,0,0,0,0,0,0,0,0,0,0
360978,1,1,1986,15,0,0,0,0,0,0,0,0,0
360979,1,1,1986,0,0,0,0,0,0,0,0,0,0
360979,2,1,1986,0,0,0,0,0,0,0,0,0,0
360980,1,1,1986,0,0,0,0,0,0,0,0,0,0
360981,0,1,1986,31,31,31,31,31,31,31,31,31,31
360981,1,1,1986,0,0,0,0,0,0,0,0,0,0
360982,0,1,1986,0,0,0,0,0,0,0,0,0,0
360982,1,1,1986,0,7,0,0,0,0,0,0,0,0
360983,0,1,1986,0,0,0,0,0,0,0,0,0,0
360983,0,2,1986,12,41,0,0,28,8,0,19,0,20
360983,1,1,1986,14,14,34,0,16,17,9,4,5,12
360984,1,1,1986,27,27,27,27,27,27,27,27,27,27
360985,0,1,1986,0,0,0,0,0,0,0,0,0,0
360985,1,1,1986,0,0,0,10,0,0,0,0,0,0
360986,1,1,1986,0,0,0,0,0,0,0,0,0,0
360986,2,1,1986,0,0,0,0,0,0,0,0,0,0
360987,1,1,1986,0,0,0,0,0,0,0,0,0,0
360987,2,1,1986,16,5,16,14,10,11,9,0,23,7
360988,1,1,1986,0,0,20,0,0,19,21,0,0,0
360988,2,1,1986,0,0,0,0,0,0,0,0,0,0
360989,1,1,1986,0,0,0,0,11,0,0,0,0,0
360989,2,1,1986,0,0,0,0,0,0,0,0,0,0
360989,3,1,1986,0,0,0,0,0,0,0,0,0,0
360990,0,1,1986,0,0,0,0,0,0,0,0,0,0
360990,1,1,1986,0,0,0,0,0,0,0,0,0,0
360991,1,1,1986,0,0,0,14,0,0,28,41,17,25
360992,1,1,1986,15,0,0,0,0,12,0,47,14,0
360993,1,1,1986,0,0,0,0,0,0,0,0,0,0
360993,2,1,1986,14,0,0,15,0,0,0,7,0,0
360994,1,1,1986,0,0,0,0,0,0,0,0,0,0
360994,2,1,1986,0,0,0,0,0,0,0,0,0,0
360995,1,1,1986,0,0,0,0,0,0,0,0,0,0
360995,2,1,1986,0,0,0,0,0,0,0,0,0,0
360996,1,1,1986,0,0,0,0,0,0,0,0,0,0
360997,1,1,1986,8,8,8,8,8,8,8,8,8,8
360998,1,1,1986,3,11,4,13,12,21,12,16,14,20
360998,2,1,1986,0,0,0,0,0,0,0,0,0,0
360999,1,1,1986,0,0,0,0,0,0,0,0,0,0
360999,2,1,1986,0,0,0,0,0,0,0,0,0,0
361000,1,1,1986,32,32,32,32,32,32,32,32,32,32
361001,0,1,1986,0,0,0,0,0,0,0,0,0,0
361001,1,1,1986,0,0,0,0,0,0,0,0,0,11
361002,1,1,1986,16,16,16,16,16,16,16,16,16,16
361003,1,1,1986,0,0,0,0,0,0,0,0,0,0
361003,2,1,1986,0,0,21,0,0,0,0,0,0,0
361004,1,1,1986,4,4,4,4,4,4,4,4,4,4
361004,2,1,1986,0,0,0,0,0,0,0,0,0,0
361005,1,1,1986,0,0,10,0,0,0,0,0,0,0
361005,2,1,1986,0,0,0,0,0,0,0,0,0,0
361006,1,1,1986,0,0,0,0,0,0,0,0,0,0
361006,2,1,1986,0,0,0,0,0,0,0,0,0,0
361007,1,1,1986,0,0,0,0,0,0,0,0,0,0
361007,2,1,1986,37,17,15,0,11,17,0,2,17,0
361008,1,1,1986,16,16,16,16,16,16,16,16,16,16
361008,2,1,1986,0,0,0,0,0,0,0,0,0,0
361009,1,1,1986,16,13,7,14,12,3,24,16,25,12
361009,2,1,1986,0,0,0,0,0,0,0,0,0,0
361010,0,1,1986,0,0,0,0,0,0,0,0,0,0
361010,1,1,1986,0,0,0,0,10,0,0,0,0,7
361011,1,1,1986,6,6,6,6,6,6,6,6,6,6
361012,1,1,1986,19,0,7,3,37,20,0,10,0,31
361013,1,1,1986,0,0,0,0,0,0,0,0,0,0
361013,2,1,1986,0,0,0,0,0,0,0,0,0,0
361014,1,1,1986,20,20,20,20,20,20,20,20,20,20
361015,0,1,1986,0,0,0,0,0,0,0,0,0,0
361015,1,1,1986,0,0,0,0,0,0,0,0,0,0
361016,0,1,1986,0,0,0,0,0,0,0,0,0,0
361016,1,1,1986,0,0,0,0,0,0,0,0,0,0
361017,1,1,1986,15,15,15,15,15,15,15,15,15,15
361017,2,1,1986,0,0,0,0,0,0,0,0,0,0
361018,1,1,1986,0,0,0,0,0,0,0,0,0,0
361018,2,1,1986,0,0,0,0,0,0,0,0,0,0
361018,3,1,1986,16,0,0,0,0,3,0,0,0,0
361019,0,1,1986,25,25,25,25,25,25,25,25,25,25
361019,1,1,1986,0,5,0,0,7,0,9,0,0,8
361020,1,1,1986,0,0,0,0,0,0,0,0,0,0
361020,2,1,1986,0,0,0,0,0,0,0,0,0,0
361021,1,1,1986,0,0,0,5,9,0,0,0,0,10
361022,1,1,1986,0,0,0,0,0,0,0,0,0,0
361023,0,1,1986,0,0,0,0,0,0,0,0,0,0
361023,1,1,1986,0,0,0,0,0,0,0,0,0,0
361024,1,1,1986,0,0,0,0,0,0,0,0,0,0
361025,1,1,1986,0,0,0,0,0,0,0,0,0,0
361025,2,1,1986,0,0,0,0,0,0,0,0,0,0
361026,1,1,1986,0,0,0,0,0,0,0,0,0,0
361026,2,1,1986,8,0,0,0,0,0,0,0,0,0
361027,1,1,1986,3,3,3,3,3,3,3,3,3,3
361027,2,1,1986,0,0,0,10,0,0,0,0,0,0
361028,1,1,1986,0,0,0,0,0,0,0,0,0,0
361028,2,1,1986,0,0,0,0,0,0,0,10,0,0
361029,1,1,1986,0,0,0,24,0,22,0,0,0,4
361029,2,1,1986,0,0,0,0,0,0,0,0,0,0
361030,1,1,1986,7,7,7,7,7,7,7,7,7,7
361031,1,1,1986,0,0,0,0,0,0,0,0,0,0
361031,2,1,1986,0,0,0,0,0,0,0,3,0,0
361032,1,1,1986,26,26,26,26,26,26,26,26,26,26
361032,2,1,1986,45,0,13,21,0,2,0,11,0,12
361033,1,1,1986,0,0,0,0,0,0,0,0,0,0
361033,2,1,1986,0,0,0,0,0,0,0,0,0,0
361034,1,1,1986,0,0,0,0,0,0,0,0,0,0
361035,1,1,1986,0,0,0,0,0,0,0,0,0,0
361036,1,1,1986,4,4,4,4,4,4,4,4,4,4
361036,2,1,1986,12,12,12,12,12,12,12,12,12,12
361037,1,1,1986,14,14,14,14,14,14,14,14,14,14
361038,1,1,1986,0,0,0,0,0,0,0,0,0,0
361038,2,1,1986,0,0,0,0,0,0,0,0,0,0
361039,1,1,1986,0,0,0,0,0,0,0,0,0,0
361040,1,1,1986,2,2,2,2,2,2,2,2,2,2
361040,2,1,1986,0,0,14,0,0,0,0,0,0,0
361041,1,1,1986,0,0,0,0,0,0,0,0,0,0
361041,2,1,1986,0,0,0,0,0,0,0,0,0,0
361042,1,1,1986,0,0,9,0,0,0,18,0,0,0
361042,2,1,1986,0,0,0,0,0,0,0,0,0,0
361043,1,1,1986,0,0,0,0,0,0,0,0,0,0
361043,2,1,1986,0,0,0,0,17,0,0,16,0,0
361044,1,1,1986,0,0,0,0,0,0,0,0,0,0
361044,2,1,1986,0,0,0,0,0,0,0,0,0,0
361045,0,1,1986,0,0,0,0,0,0,0,0,0,0
361045,1,1,1986,0,0,0,8,0,0,0,0,0,0
361046,0,1,1986,0,0,0,0,0,0,0,0,0,0
361046,1,1,1986,0,0,7,0,0,0,0,0,0,0
361047,1,1,1986,0,0,0,0,0,0,0,0,0,0
361047,2,1,1986,0,0,0,0,0,0,0,0,0,0
361048,1,1,1986,0,0,0,0,0,0,0,0,0,0
361048,2,1,1986,0,0,0,0,0,0,0,0,0,0
361049,1,1,1986,0,0,0,0,0,0,0,0,0,0
361049,2,1,1986,14,33,6,23,10,15,15,4,14,5
361050,1,1,1986,0,0,0,0,0,0,0,0,0,0
361050,2,1,1986,0,0,0,0,0,0,0,0,0,0
361051,1,1,1986,18,18,18,18,18,18,18,18,18,18
361052,1,1,1986,0,0,0,0,0,0,0,0,0,0
361052,2,1,1986,0,0,10,0,0,0,0,0,0,0
361052,3,1,1986,0,0,0,0,0,0,0,0,0,0
361053,1,1,1986,0,0,0,0,0,0,0,0,0,0
361054,0,1,1986,0,0,0,0,0,0,0,0,0,1
361054,1,1,1986,0,0,0,19,0,0,19,0,11,0
361055,1,1,1986,10,10,10,10,10,10,10,10,10,10
361056,1,1,1986,0,4,0,0,0,0,5,9,0,0
361056,2,1,1986,0,0,0,0,0,0,0,0,0,0
361057,1,1,1986,12,12,12,12,12,12,12,12,12,12
361058,1,1,1986,0,0,0,0,0,0,0,0,0,0
361058,2,1,1986,0,0,0,0,0,0,0,0,0,0
361058,3,1,1986,0,0,0,0,0,0,0,0,0,0
361059,1,1,1986,17,13,17,16,27,15,16,21,22,0
361060,1,1,1986,14,14,14,14,14,14,14,14,14,14
361060,2,1,1986,0,0,0,15,0,0,0,0,0,0
361061,1,1,1986,14,14,14,14,14,14,14,14,14,14
361062,1,1,1986,14,14,14,14,14,14,14,14,14,14
361063,0,1,1986,0,0,0,0,0,0,0,0,0,0
361063,1,1,1986,0,17,0,25,0,6,0,0,0,0
361064,1,1,1986,20,20,20,20,20,20,20,20,20,20
361064,2,1,1986,0,0,8,12,16,11,0,0,5,18
361065,0,1,1986,3,3,3,3,3,3,3,3,3,3
361065,1,1,1986,20,0,0,0,0,0,0,0,0,0
361066,1,1,1986,0,0,0,0,0,0,0,0,0,0
361067,0,1,1986,2,2,2,2,2,2,2,2,2,2
361067,1,1,1986,0,0,0,8,0,0,28,0,0,0
361068,0,1,1986,0,0,0,0,0,0,0,0,0,0
361068,1,1,1986,0,0,0,0,0,0,0,0,0,0
361069,1,1,1986,20,20,20,20,20,20,20,20,20,20
361070,0,1,1986,6,6,6,6,6,6,6,6,6,6
361070,1,1,1986,10,10,10,10,10,10,10,10,10,10
361071,1,1,1986,0,0,0,0,0,0,0,0,0,0
361071,2,1,1986,0,0,0,0,0,0,0,0,0,0
361072,0,1,1986,0,0,0,0,0,0,0,0,0,0
361072,1,1,1986,0,0,0,14,16,11,0,15,17,43
361073,1,1,1986,0,0,0,0,0,0,0,16,0,0
361073,2,1,1986,0,0,0,0,0,0,18,0,0,0
361074,1,1,1986,0,0,0,0,0,0,0,0,0,0
361074,2,1,1986,0,0,0,0,0,0,0,0,0,0
361075,1,1,1986,0,17,0,0,0,0,0,0,14,0
361075,2,1,1986,0,0,0,0,0,0,0,0,0,0
361076,1,1,1986,18,0,0,0,0,0,0,0,0,0
361077,1,1,1986,0,0,0,0,0,0,0,0,0,0
361077,2,1,1986,0,0,0,0,0,0,0,0,0,0
361078,1,1,1986,0,0,0,0,0,0,0,0,0,0
361078,2,1,1986,0,0,0,0,0,0,0,0,0,0
361079,0,1,1986,12,0,0,0,0,0,0,0,0,10
361079,1,1,1986,0,0,0,0,0,0,0,0,0,0
361080,0,1,1986,0,0,0,0,0,0,0,0,0,0
361080,1,1,1986,6,0,0,0,0,7,0,0,0,0
361080,2,1,1986,0,0,0,0,0,0,0,0,0,0
361081,1,1,1986,38,31,20,27,31,9,13,28,13,18
361082,0,1,1986,0,11,0,0,28,0,0,0,0,0
361082,1,1,1986,0,14,11,0,5,22,6,17,0,6
361083,1,1,1986,14,14,14,14,14,14,14,14,14,14
361084,1,1,1986,0,0,0,0,0,0,0,0,0,0
361084,2,1,1986,0,23,0,0,0,0,0,0,0,0
361085,1,1,1986,10,17,26,13,6,29,17,15,18,21
361086,1,1,1986,14,12,11,18,8,16,23,20,13,13
361086,2,1,1986,0,0,0,0,0,0,0,0,0,0
361086,3,1,1986,0,0,0,0,0,0,0,0,9,0
361087,1,1,1986,23,23,23,23,23,23,23,23,23,23
361088,1,1,1986,0,0,0,8,0,0,0,0,0,0
361088,2,1,1986,0,0,0,0,0,0,0,0,0,0
361089,1,1,1986,0,0,0,0,0,0,0,0,0,0
361089,2,1,1986,0,26,0,0,0,0,27,9,0,0
361090,1,1,1986,32,32,32,32,32,32,32,32,32,32
361091,0,1,1986,0,0,0,0,0,0,0,0,0,0
361091,1,1,1986,0,0,0,0,0,0,0,0,0,12
361092,1,1,1986,0,0,0,0,0,0,0,0,0,0
361093,1,1,1986,23,23,23,23,23,23,23,23,23,23
361094,1,1,1986,5,5,5,5,5,5,5,5,5,5
361094,2,1,1986,4,8,0,0,0,0,0,0,0,6
361095,1,1,1986,14,14,14,14,14,14,14,14,14,14
361096,1,1,1986,14,14,14,14,14,14,14,14,14,14
361097,0,1,1986,0,0,0,0,0,0,0,0,0,0
361097,1,1,1986,14,0,0,6,4,0,22,13,22,13
361098,1,1,1986,9,0,13,0,0,17,0,32,0,6
361098,2,1,1986,0,0,0,0,0,0,0,0,0,0
361099,1,1,1986,0,0,0,0,0,0,0,0,0,0
361099,2,1,1986,0,0,0,0,0,0,0,0,0,0
361100,1,1,1986,0,0,0,0,0,0,0,0,0,0
361100,2,1,1986,0,0,0,0,0,0,0,0,0,0
361101,1,1,1986,21,21,21,21,21,21,21,21,21,21
361102,1,1,1986,0,0,0,0,0,0,0,0,0,0
361103,1,1,1986,15,15,15,15,15,15,15,15,15,15
361104,1,1,1986,0,0,0,0,0,0,0,0,0,0
361104,2,1,1986,0,0,0,0,38,10,14,18,0,0
361105,1,1,1986,23,0,0,0,0,0,0,0,0,0
361105,2,1,1986,4,4,4,4,4,4,4,4,4,4
361106,1,1,1986,18,18,18,18,18,18,18,18,18,18
361107,1,1,1986,6,0,0,16,0,0,0,11,0,0
361107,2,1,1986,0,6,12,0,0,0,0,0,0,0
361108,0,1,1986,11,11,11,11,11,11,11,11,11,11
361108,1,1,1986,0,0,0,11,0,0,0,0,0,0
361109,1,1,1986,0,17,0,0,0,0,20,0,0,0
361110,1,1,1986,15,15,15,15,15,15,15,15,15,15
361111,1,1,1986,0,0,0,0,0,0,0,0,0,0
361111,2,1,1986,1,1,1,1,1,1,1,1,1,1
361112,1,1,1986,0,5,0,0,0,0,0,0,18,0
361112,2,1,1986,0,12,0,0,0,0,0,0,0,0
361113,0,1,1986,0,0,0,0,0,0,0,0,0,0
361113,1,1,1986,0,0,0,0,0,0,0,0,0,0
361114,1,1,1986,4,4,4,4,4,4,4,4,4,4
361115,1,1,1986,0,0,0,0,0,0,0,0,0,0
361116,0,1,1986,0,0,0,0,0,0,0,0,0,0
361116,1,1,1986,0,0,0,0,0,14,10,0,13,7
361116,2,1,1986,0,0,0,0,0,0,0,0,0,0
361116,3,1,1986,0,0,3,0,0,0,0,0,0,0
361116,4,1,1986,0,0,0,0,0,0,0,0,0,0
361117,1,1,1986,17,24,0,0,14,0,9,25,15,0
361118,0,1,1986,1,1,1,1,1,1,1,1,1,1
361118,1,1,1986,0,0,0,0,0,0,0,0,0,0
361119,0,1,1986,13,7,0,0,0,0,7,12,19,14
361119,1,1,1986,0,0,0,0,0,0,0,0,0,0
361119,2,1,1986,0,0,0,0,0,20,0,0,16,11
361120,1,1,1986,18,12,27,30,8,24,13,18,19,8
361120,2,1,1986,0,17,0,0,0,0,11,0,0,18
361121,1,1,1986,10,0,0,0,0,0,0,0,0,0
361121,2,1,1986,0,0,0,0,0,0,0,0,5,0
361122,1,1,1986,24,24,24,24,24,24,24,24,24,24
361123,1,1,1986,19,13,15,24,13,9,14,16,6,10
361124,1,1,1986,0,0,0,0,0,0,0,0,0,0
361124,2,1,1986,21,21,21,21,21,21,21,21,21,21
361125,1,1,1986,30,30,30,30,30,30,30,30,30,30
361125,2,1,1986,0,40,0,0,20,0,28,12,0,8
361126,1,1,1986,0,0,0,0,0,0,0,0,0,0
361126,2,1,1986,0,0,0,0,0,0,0,0,0,0
361127,1,1,1986,19,19,19,19,19,19,19,19,19,19
361128,1,1,1986,0,0,0,0,0,0,0,0,0,0
361129,1,1,1986,0,0,0,5,0,0,0,0,18,0
361130,1,1,1986,21,0,16,13,10,18,16,21,0,16
361131,1,1,1986,0,0,0,0,0,0,0,0,0,0
361131,2,1,1986,0,0,10,0,0,0,0,0,0,0
361132,1,1,1986,6,6,6,6,6,6,6,6,6,6
361133,0,1,1986,0,0,0,0,0,0,0,0,0,0
361133,0,2,1986,0,0,0,0,0,0,0,0,0,0
361133,1,1,1986,21,18,23,0,12,7,16,15,7,0
361134,1,1,1986,0,0,0,0,0,0,0,0,0,0
361134,2,1,1986,0,0,0,0,0,0,0,0,0,0
361135,1,1,1986,0,0,11,0,0,17,2,0,0,0
361136,0,1,1986,0,0,0,0,0,0,0,0,0,0
361136,1,1,1986,0,0,0,0,0,0,0,0,0,0
361137,0,1,1986,19,19,19,19,19,19,19,19,19,19
361137,1,1,1986,0,0,0,0,0,0,0,0,0,0
361138,1,1,1986,2,2,2,2,2,2,2,2,2,2
361139,1,1,1986,0,0,0,0,0,0,0,0,0,0
361139,2,1,1986,20,20,20,20,20,20,20,20,20,20
361140,0,1,1986,0,0,0,0,0,0,0,0,0,0
361140,1,1,1986,0,0,0,0,11,0,0,0,0,0
361141,1,1,1986,9,16,15,4,8,24,26,19,0,27
361142,0,1,1986,27,27,27,27,27,27,27,27,27,27
361142,1,1,1986,0,0,0,0,9,0,0,0,0,0
361143,1,1,1986,0,0,0,0,0,0,0,0,0,0
361143,2,1,1986,0,0,0,0,0,0,0,0,0,0
361143,3,1,1986,0,0,0,0,0,0,0,0,0,0
361144,1,1,1986,5,5,5,5,5,5,5,5,5,5
361144,2,1,1986,0,0,0,0,0,0,0,0,0,0
361145,0,1,1986,0,0,0,0,0,0,0,0,0,0
361145,1,1,1986,0,0,0,0,0,0,0,0,0,0
361146,1,1,1986,0,0,0,0,0,0,0,0,0,0
361147,0,1,1986,4,4,4,4,4,4,4,4,4,4
361147,1,1,1986,0,0,0,0,0,0,0,0,0,0
361148,0,1,1986,0,0,0,0,0,0,0,0,0,0
361148,1,1,1986,0,0,0,0,0,0,0,0,0,0
361149,1,1,1986,8,8,8,8,8,8,8,8,8,8
361151,1,1,1986,12,12,12,12,12,12,12,12,12,12
361152,1,1,1986,0,0,0,12,0,0,0,0,0,0
361152,2,1,1986,0,18,7,7,11,11,8,4,3,6
361153,1,1,1986,0,0,0,0,0,0,0,0,0,0
361154,1,1,1986,0,15,0,0,0,0,0,0,0,0
361154,2,1,1986,0,0,0,0,0,0,0,9,0,0
361155,0,1,1986,18,18,18,18,18,18,18,18,18,18
361155,1,1,1986,0,0,0,0,0,0,0,0,0,0
361156,1,1,1986,0,0,0,0,0,0,0,0,0,0
361157,1,1,1986,6,6,6,6,6,6,6,6,6,6
361158,0,1,1986,2,2,2,2,2,2,2,2,2,2
361158,1,1,1986,7,0,5,10,18,22,25,14,37,10
361159,0,1,1986,0,0,0,0,0,0,0,0,0,0
361159,1,1,1986,0,0,0,0,0,0,0,0,0,0
361160,1,1,1986,0,0,0,0,0,0,0,13,0,0
361160,2,1,1986,0,0,0,0,0,0,0,0,0,0
361161,1,1,1986,15,0,11,6,11,15,10,0,4,22
361162,1,1,1986,7,2,3,8,0,0,24,0,0,0
361163,1,1,1986,14,14,14,14,14,14,14,14,14,14
361164,0,1,1986,9,9,9,9,9,9,9,9,9,9
361164,0,2,1986,0,19,9,16,7,0,13,8,0,0
361164,1,1,1986,22,9,11,18,20,7,24,0,0,28
361165,1,1,1986,7,7,7,7,7,7,7,7,7,7
361165,2,1,1986,0,0,0,0,0,0,0,0,0,0
361166,0,1,1986,9,9,9,9,9,9,9,9,9,9
361166,1,1,1986,0,0,0,0,0,0,11,0,0,0
361167,0,1,1986,0,0,0,0,0,0,0,0,0,0
361167,1,1,1986,0,0,0,0,0,0,0,0,0,0
361168,1,1,1986,0,0,0,0,0,0,0,0,0,0
361169,1,1,1986,0,0,0,0,0,0,0,0,0,0
361170,1,2,1986,20,22,0,21,0,16,15,0,19,13
361171,1,1,1986,25,25,25,25,25,25,25,25,25,25
361172,0,1,1986,6,6,6,6,6,6,6,6,6,6
361172,1,1,1986,0,0,0,0,0,0,0,0,0,0
361173,1,1,1986,0,0,0,0,0,0,0,0,0,0
361173,2,1,1986,0,0,0,0,0,0,0,0,0,9
361174,0,1,1986,0,0,0,0,0,0,0,0,0,0
361174,1,1,1986,0,0,0,0,0,0,0,0,0,0
361175,1,1,1986,0,0,9,0,0,0,0,0,0,0
361175,2,1,1986,0,0,0,0,0,0,0,0,0,0
361176,1,1,1986,22,22,22,22,22,22,22,22,22,22
361177,1,1,1986,0,0,0,0,0,0,0,0,0,0
361177,2,1,1986,0,0,0,0,0,0,0,0,0,0
361178,1,1,1986,0,0,0,0,0,0,0,0,0,0
361179,1,1,1986,0,0,0,0,0,0,0,0,0,0
361179,2,1,1986,0,0,0,0,0,0,0,0,0,0
361180,1,1,1986,23,0,0,0,0,0,0,0,0,0
361180,2,1,1986,20,20,20,20,20,20,20,20,20,20
361181,1,1,1986,38,38,38,38,38,38,38,38,38,38
361182,1,1,1986,0,0,0,0,15,0,0,14,0,0
361182,2,1,1986,0,0,0,0,0,0,0,0,0,0
361183,1,1,1986,0,0,0,0,0,0,0,0,0,0
361183,2,1,1986,0,0,0,0,0,0,0,0,0,0
361184,1,1,1986,0,0,0,0,0,0,0,0,0,0
361185,1,1,1986,9,17,9,22,28,7,13,18,28,21
361186,1,1,1986,0,0,0,0,0,0,0,0,0,0
361186,2,1,1986,0,0,0,0,0,0,0,0,0,0
361186,3,1,1986,0,0,0,0,0,0,12,0,0,0
361187,0,1,1986,0,0,0,0,0,0,0,0,0,0
361187,1,1,1986,0,0,0,0,6,0,3,0,0,0
361188,1,1,1986,0,0,0,0,0,0,0,0,0,0
361189,1,1,1986,0,0,0,0,0,0,0,0,0,0
361190,1,1,1986,28,15,28,15,16,7,9,0,15,10
361191,0,1,1986,0,0,0,0,0,0,0,0,0,0
361191,1,1,1986,0,5,0,0,0,0,0,0,0,0
361192,1,1,1986,0,0,0,0,0,0,0,0,0,0
361192,2,1,1986,8,8,8,8,8,8,8,8,8,8
361193,1,1,1986,20,20,20,20,20,20,20,20,20,20
361194,0,1,1986,0,0,0,0,0,0,0,0,0,0
361195,0,1,1986,28,28,28,28,28,28,28,28,28,28
361195,1,1,1986,0,0,0,0,0,0,0,0,0,0
361196,1,1,1986,21,17,22,32,27,5,25,10,20,26
361197,1,1,1986,0,0,0,0,0,0,0,0,0,0
361197,2,1,1986,0,0,0,0,0,0,0,0,0,0
361198,1,1,1986,10,10,10,10,10,10,10,10,10,10
361199,1,1,1986,0,0,0,0,0,0,0,0,0,0
361199,2,1,1986,0,0,0,0,0,0,0,2,0,0
361200,1,1,1986,4,4,4,4,4,4,4,4,4,4
361200,2,1,1986,15,15,15,15,15,15,15,15,15,15
361201,1,1,1986,0,0,0,0,0,0,0,0,0,0
361202,1,1,1986,0,0,0,0,0,0,0,0,0,0
361203,1,1,1986,12,7,0,12,32,9,4,16,14,17
361204,1,1,1986,28,28,28,28,28,28,28,28,28,28
361205,1,1,1986,22,22,22,22,22,22,22,22,22,22
361206,1,1,1986,0,23,48,27,0,7,23,0,0,26
361206,2,1,1986,0,0,0,0,0,0,0,0,0,0
361206,3,1,1986,0,0,0,0,0,0,0,0,0,0
361207,0,1,1986,0,0,0,0,0,0,0,0,0,0
361207,1,1,1986,0,0,0,0,0,0,14,0,7,0
361208,1,1,1986,3,11,8,12,6,11,11,0,11,4
361208,2,1,1986,0,0,0,0,0,0,0,0,0,0
361209,1,1,1986,31,31,31,31,31,31,31,31,31,31
361209,2,1,1986,0,0,10,0,0,0,0,0,0,0
361210,1,1,1986,0,0,0,0,0,0,0,0,0,0
361211,1,1,1986,0,11,12,31,20,19,6,14,0,0
361212,0,1,1986,0,0,0,0,0,0,0,0,0,0
361212,1,1,1986,0,0,0,0,0,0,0,0,0,0
361213,1,1,1986,12,8,18,0,13,15,21,0,24,13
361213,2,1,1986,0,0,0,0,0,0,8,0,0,0
361214,1,1,1986,10,0,0,0,0,0,0,0,33,0
361214,2,1,1986,0,0,0,14,0,3,0,0,0,0
361215,0,1,1986,0,0,0,0,0,0,0,0,0,0
361215,1,1,1986,0,0,0,0,0,0,0,0,6,0
361216,0,1,1986,0,0,0,0,0,0,0,0,0,0
361216,1,1,1986,0,0,0,0,0,0,0,7,0,0
361217,0,1,1986,8,8,8,8,8,8,8,8,8,8
361217,1,1,1986,0,0,0,21,0,0,0,0,0,0
361218,0,1,1986,0,0,0,0,0,0,0,0,0,0
361218,1,1,1986,0,0,0,0,0,0,0,0,0,0
361219,0,1,1986,0,0,0,0,0,0,0,0,0,0
361219,1,1,1986,0,0,0,0,0,0,0,0,0,0
361220,1,1,1986,6,6,6,6,6,6,6,6,6,6
361221,1,1,1986,0,0,0,0,0,0,0,0,0,0
361221,2,1,1986,0,14,0,18,0,0,0,0,13,8
361222,0,1,1986,0,0,0,0,0,0,0,0,0,0
361222,1,1,1986,0,0,0,0,0,0,0,0,0,0
361223,0,1,1986,0,0,0,0,0,0,0,0,0,0
361223,1,1,1986,0,0,0,0,0,0,0,0,0,0
361224,1,1,1986,0,0,0,0,0,0,0,0,0,0
361224,2,1,1986,15,0,0,0,15,0,13,0,0,0
361225,1,1,1986,0,0,0,0,0,0,0,0,0,0
361226,0,1,1986,0,0,0,0,0,0,0,0,0,0
361226,1,1,1986,0,0,0,0,0,6,0,0,0,0
361227,1,1,1986,0,0,0,0,0,0,0,0,0,0
361228,1,1,1986,3,3,3,3,3,3,3,3,3,3
361229,0,1,1986,0,0,0,0,0,0,0,0,0,19
361229,1,1,1986,0,0,0,0,8,0,0,0,0,0
361230,1,1,1986,13,13,13,13,13,13,13,13,13,13
361231,1,1,1986,0,0,0,0,0,0,0,0,0,0
361231,2,1,1986,0,0,0,0,0,0,0,0,0,0