ST_CASE,VEH_NO,PER_NO,YEAR,P1,P2,P3,P4,P5,P6,P7,P8,P9,P10
361510,1,1,1986,0,0,0,0,0,0,0,0,0,0
361510,2,1,1986,2,2,2,2,2,2,2,2,2,2
361511,1,1,1986,19,19,19,19,19,19,19,19,19,19
361512,1,1,1986,0,0,0,0,0,0,0,0,0,13
361513,0,1,1986,7,7,7,7,7,7,7,7,7,7
361513,1,1,1986,0,11,0,0,0,0,0,0,0,0
361514,1,1,1986,0,0,0,0,0,0,0,0,0,0
361514,2,1,1986,0,0,0,0,0,0,0,0,0,0
361514,3,1,1986,0,0,0,0,0,0,0,0,0,0
361515,1,1,1986,0,0,6,0,0,0,0,0,4,0
361516,0,1,1986,0,0,0,0,0,0,0,0,0,0
361516,1,1,1986,0,0,0,0,0,0,0,0,0,0
361517,1,1,1986,0,0,0,0,0,0,0,0,0,0
361518,0,1,1986,0,0,0,0,0,0,0,0,0,0
361519,1,1,1986,16,16,16,16,16,16,16,16,16,16
361519,2,1,1986,0,0,0,0,0,0,0,0,0,0
361520,1,1,1986,0,0,0,0,0,0,15,0,0,0
361521,1,1,1986,18,18,18,18,18,18,18,18,18,18
361522,1,1,1986,32,32,32,32,32,32,32,32,32,32
361523,1,1,1986,0,0,0,0,0,0,0,0,0,0
361523,2,1,1986,0,0,0,0,0,0,0,0,0,0
361524,1,1,1986,0,0,0,0,0,0,0,0,0,0
361524,2,1,1986,0,0,0,0,0,0,0,0,0,0
361525,1,1,1986,0,0,0,0,0,0,0,0,0,0
361525,2,1,1986,0,0,0,0,0,0,0,0,0,0
361526,1,1,1986,0,12,0,0,24,0,0,14,0,0
361526,2,1,1986,0,0,0,0,12,0,0,0,0,0
361527,1,1,1986,14,14,14,14,14,14,14,14,14,14
361528,1,1,1986,0,0,0,0,0,0,0,0,0,0
361528,2,1,1986,0,0,0,0,0,0,0,0,0,0
361529,0,1,1986,11,11,11,11,11,11,11,11,11,11
361529,1,1,1986,0,0,0,0,0,0,0,0,0,0
361530,0,1,1986,0,0,0,0,0,0,0,0,0,0
361530,1,1,1986,0,0,12,0,16,0,17,0,0,0
361531,1,1,1986,0,0,0,0,0,0,0,0,0,0
361531,2,1,1986,0,0,6,0,0,0,0,0,0,0
361532,0,1,1986,0,0,0,0,0,0,0,0,0,0
361532,1,1,1986,0,0,0,0,0,0,0,0,0,0
361533,0,1,1986,0,0,0,0,0,0,0,0,0,0
361533,1,1,1986,0,0,0,0,0,0,0,0,0,0
361534,0,1,1986,0,0,0,0,7,0,0,0,0,0
361534,1,1,1986,0,0,0,0,0,0,0,0,0,0
361535,1,1,1986,0,0,0,13,0,0,0,0,0,0
361535,2,1,1986,0,0,0,0,0,0,0,0,7,0
361535,3,1,1986,22,0,0,0,0,0,0,0,0,0
361536,0,1,1986,0,0,0,0,0,0,0,0,0,0
361536,1,1,1986,0,0,0,0,0,0,0,0,0,0
361537,1,1,1986,0,0,0,0,0,0,0,0,0,0
361538,1,1,1986,0,0,0,0,0,0,0,0,0,0
361538,2,1,1986,0,0,0,0,0,0,0,0,0,0
361539,1,1,1986,0,9,0,23,0,0,10,0,0,6
361539,2,1,1986,0,0,10,0,0,0,0,0,0,0
361540,1,1,1986,0,0,0,0,0,0,0,0,0,0
361540,2,1,1986,0,0,0,0,0,0,0,0,0,0
361541,0,1,1986,27,27,27,27,27,27,27,27,27,27
361541,1,1,1986,0,13,0,12,0,11,0,0,0,0
361542,1,1,1986,0,0,0,0,0,0,0,0,0,0
361542,2,1,1986,0,0,0,0,0,0,0,0,0,0
361543,0,1,1986,0,0,0,0,0,0,0,0,0,0
361543,1,1,1986,27,24,0,12,0,13,0,0,0,18
361544,1,1,1986,0,0,4,0,0,0,0,0,0,0
361545,0,1,1986,20,20,20,20,20,20,20,20,20,20
361546,1,1,1986,5,30,17,23,14,0,22,20,18,21
361547,1,1,1986,0,0,0,0,0,0,0,0,0,0
361547,2,1,1986,0,0,0,0,0,0,0,0,0,0
361547,3,1,1986,0,0,0,0,0,0,0,0,0,0
361548,1,1,1986,21,0,0,0,0,0,4,0,12,13
361548,2,1,1986,0,0,0,0,0,0,0,0,0,0
361549,1,1,1986,26,26,26,26,26,26,26,26,26,26
361550,1,1,1986,9,31,0,11,11,30,0,33,43,12
361551,1,1,1986,0,0,0,0,0,0,0,0,0,20
361551,2,1,1986,0,0,0,12,17,0,17,0,0,0
361552,1,1,1986,0,0,0,0,0,0,0,0,0,0
361552,2,1,1986,27,27,27,27,27,27,27,27,27,27
361553,1,1,1986,23,23,23,23,23,23,23,23,23,23
361553,2,1,1986,0,0,0,0,0,0,0,0,18,30
361554,1,1,1986,30,30,30,30,30,30,30,30,30,30
361555,1,1,1986,1,1,1,1,1,1,1,1,1,1
361556,1,1,1986,0,0,0,0,0,0,0,0,0,0
361556,2,1,1986,0,0,0,0,0,0,0,0,0,0
361557,1,1,1986,0,0,0,0,0,0,0,0,0,0
361557,2,1,1986,0,0,0,0,0,0,0,0,0,0
361557,3,1,1986,0,0,0,0,0,0,0,0,0,0
361558,0,1,1986,0,0,0,0,0,0,0,29,0,0
361558,1,1,1986,0,23,5,0,0,0,0,0,0,0
361559,1,1,1986,0,0,0,0,0,0,0,0,0,0
361559,2,1,1986,0,0,0,0,0,0,0,0,0,0
361560,1,1,1986,0,0,0,0,0,0,0,0,0,0
361560,2,1,1986,0,0,0,0,0,0,0,0,0,0
361561,1,1,1986,8,30,15,25,31,14,23,38,24,21
361562,1,1,1986,0,0,0,0,0,0,0,0,0,0
361562,2,1,1986,0,0,0,0,0,0,0,0,2,0
361563,0,1,1986,0,0,0,0,0,0,0,0,0,0
361563,1,1,1986,0,12,0,0,4,0,4,0,0,0
361564,1,1,1986,0,30,0,0,0,0,0,0,0,0
361564,2,1,1986,0,0,0,0,0,0,0,0,0,0
361565,0,1,1986,31,31,31,31,31,31,31,31,31,31
361565,1,1,1986,0,0,0,0,0,0,0,4,0,0
361566,1,1,1986,0,0,0,0,0,0,0,0,0,0
361566,2,1,1986,0,0,0,0,0,0,0,0,0,0
361567,1,1,1986,0,0,0,0,4,0,0,0,0,0
361567,2,1,1986,0,0,0,2,0,0,0,0,0,0
361568,1,1,1986,13,13,13,13,13,13,13,13,13,13
361569,0,1,1986,16,16,16,16,16,16,16,16,16,16
361569,1,1,1986,0,0,0,19,0,0,0,9,0,15
361570,1,1,1986,14,14,14,14,14,14,14,14,14,14
361571,1,1,1986,23,23,23,23,23,23,23,23,23,23
361572,0,1,1986,0,0,0,0,0,0,0,0,0,0
361572,1,1,1986,6,0,0,0,0,0,0,0,0,0
361573,1,1,1986,21,21,21,21,21,21,21,21,21,21
361574,1,1,1986,0,0,0,0,0,0,0,0,0,0
361575,0,1,1986,0,0,0,0,0,0,0,0,0,0
361575,1,1,1986,0,0,0,0,0,0,0,0,0,0
361576,1,1,1986,0,0,0,0,0,0,0,9,0,0
361576,2,1,1986,0,0,0,0,0,0,0,0,5,0
361577,1,1,1986,32,32,32,32,32,32,32,32,32,32
361578,1,1,1986,6,0,34,10,16,0,20,10,0,18
361579,1,1,1986,0,0,0,0,0,0,0,0,0,0
361579,2,1,1986,0,0,0,0,0,0,0,0,0,0
361580,1,1,1986,0,0,0,0,19,0,0,0,15,0
361580,2,1,1986,0,0,0,0,0,0,0,0,0,0
361581,1,1,1986,25,25,25,25,25,25,25,25,25,25
361582,1,1,1986,20,21,16,13,17,19,7,34,30,24
361583,1,1,1986,20,20,20,20,20,20,20,20,20,20
361584,0,1,1986,0,0,6,0,0,0,0,0,0,0
361584,1,1,1986,0,0,12,0,0,0,14,0,0,0
361585,0,1,1986,0,0,0,0,0,0,0,0,0,0
361585,1,1,1986,0,0,0,0,0,0,0,0,0,0
361586,1,1,1986,27,27,27,27,27,27,27,27,27,27
361587,1,1,1986,0,0,0,0,8,0,0,0,0,5
361587,2,1,1986,0,0,0,0,0,0,0,0,7,19
361588,0,1,1986,0,0,0,0,0,0,0,0,0,0
361588,1,1,1986,12,14,0,16,0,21,11,7,12,16
361589,0,1,1986,0,0,0,0,0,0,0,0,0,0
361589,1,1,1986,15,37,0,20,0,0,0,0,0,30
361590,1,1,1986,0,0,0,0,0,8,0,0,0,0
361590,2,1,1986,0,0,0,0,0,0,0,0,0,0
361591,0,1,1986,0,0,0,0,0,0,0,0,0,0
361591,1,1,1986,0,0,0,0,0,0,0,0,0,0
361592,0,1,1986,0,0,0,0,0,0,0,0,0,0
361593,1,1,1986,0,28,0,0,38,17,14,14,16,0
361594,1,1,1986,0,0,0,0,0,0,14,0,0,0
361594,2,1,1986,0,0,0,0,0,0,0,0,0,0
361595,0,1,1986,0,0,0,0,0,0,0,0,0,0
361595,1,1,1986,0,52,17,5,0,4,0,18,18,30
361596,0,1,1986,15,15,15,15,15,15,15,15,15,15
361596,1,1,1986,0,19,0,0,0,0,0,11,0,0
361597,0,1,1986,0,0,0,0,0,0,0,0,0,0
361597,1,1,1986,0,0,0,0,0,0,0,0,0,24
361598,1,1,1986,0,0,0,0,0,0,0,0,0,0
361598,2,1,1986,0,0,0,0,0,0,0,0,0,0
361599,1,1,1986,0,0,0,0,0,0,0,0,0,0
361600,1,1,1986,21,17,12,15,5,11,10,8,19,11
361601,1,1,1986,9,17,19,12,7,7,28,20,0,14
361601,2,1,1986,0,0,0,0,0,0,0,0,0,0
361602,1,1,1986,22,22,22,22,22,22,22,22,22,22
361603,1,1,1986,12,12,12,12,12,12,12,12,12,12
361604,1,1,1986,5,14,25,13,18,22,13,13,19,19
361605,1,1,1986,16,9,4,7,0,15,13,0,20,20
361605,2,1,1986,0,0,0,0,0,0,0,0,0,0
361606,1,1,1986,22,22,22,22,22,22,22,22,22,22
361607,1,1,1986,5,5,5,5,5,5,5,5,5,5
361608,1,1,1986,11,16,8,14,41,22,0,18,3,0
361609,1,1,1986,2,2,2,2,2,2,2,2,2,2
361609,2,1,1986,0,0,0,0,0,0,0,0,0,0
361610,0,1,1986,0,0,0,0,0,0,0,0,0,0
361610,1,1,1986,0,0,19,0,0,0,0,0,0,0
361611,1,1,1986,0,0,0,0,0,0,0,0,0,0
361612,0,1,1986,0,0,0,0,0,0,0,0,0,0
361612,1,1,1986,0,0,0,0,8,0,0,0,0,0
361613,0,1,1986,0,0,0,0,0,0,0,0,0,0
361613,0,2,1986,0,0,0,0,0,0,0,0,0,0
361613,1,1,1986,0,0,0,0,0,0,0,0,0,0
361613,2,1,1986,0,0,0,0,0,0,0,0,0,0
361614,0,1,1986,0,0,0,0,0,0,0,0,0,0
361614,1,1,1986,0,0,0,0,0,0,0,0,5,0
361615,1,1,1986,0,0,0,0,0,0,0,0,0,0
361615,2,1,1986,0,0,0,0,0,0,0,0,0,0
361616,1,1,1986,0,0,0,0,0,0,0,0,0,0
361616,2,1,1986,0,0,0,19,0,0,0,0,0,0
361617,1,1,1986,0,0,0,0,0,0,0,0,0,20
361618,1,1,1986,21,21,21,21,21,21,21,21,21,21
361618,2,1,1986,0,0,0,0,0,0,0,0,0,0
361618,3,1,1986,0,0,0,0,0,0,0,0,0,19
361619,1,1,1986,0,0,0,0,0,0,0,0,0,0
361619,2,1,1986,0,0,0,0,0,0,0,0,0,0
361620,0,1,1986,19,19,19,19,19,19,19,19,19,19
361620,1,1,1986,5,5,5,5,5,5,5,5,5,5
361621,1,1,1986,0,0,11,0,0,0,0,3,0,0
361622,1,1,1986,0,0,0,0,0,0,0,0,0,0
361622,2,1,1986,0,0,0,0,0,0,0,10,0,0
361623,0,1,1986,22,9,37,0,34,31,0,9,10,15
361623,1,1,1986,0,0,0,0,0,0,0,0,0,0
361624,1,1,1986,10,10,10,10,10,10,10,10,10,10
361625,1,1,1986,0,0,16,19,15,17,0,12,0,33
361626,1,1,1986,0,0,0,0,0,0,0,0,0,0
361626,2,1,1986,20,29,13,14,0,9,10,16,9,0
361627,1,1,1986,0,0,0,0,0,0,0,0,0,0
361627,2,1,1986,0,0,0,0,0,0,0,0,0,0
361628,1,1,1986,0,0,0,0,0,0,0,0,0,0
361628,2,1,1986,0,0,0,0,0,12,0,0,0,0
361629,0,1,1986,0,0,0,0,0,0,0,0,0,0
361629,1,1,1986,0,0,0,0,0,0,0,0,0,0
361630,1,1,1986,19,19,19,19,19,19,19,19,19,19
361631,1,1,1986,34,34,34,34,34,34,34,34,34,34
361631,2,1,1986,0,0,0,0,0,0,21,14,0,0
361632,0,1,1986,0,9,0,0,18,0,0,0,0,15
361632,0,2,1986,0,0,0,0,0,0,0,0,0,0
361632,1,1,1986,26,21,27,17,13,6,10,0,17,23
361633,0,1,1986,4,22,0,24,0,20,12,0,17,0
361633,1,1,1986,0,0,0,0,8,0,0,0,0,0
361634,0,1,1986,0,0,18,0,0,0,0,0,0,13
361634,1,1,1986,0,0,0,0,39,14,0,0,0,0
361635,1,1,1986,0,0,0,0,0,0,0,0,0,0
361635,2,1,1986,0,0,16,0,0,0,0,0,0,0
361636,0,1,1986,0,0,0,0,0,0,0,0,0,0
361636,1,1,1986,0,0,0,0,0,0,0,0,0,0
361636,2,1,1986,0,0,0,0,5,0,0,0,0,0
361637,1,1,1986,0,0,0,0,0,0,0,0,0,0
361637,2,1,1986,11,11,11,11,11,11,11,11,11,11
361638,1,1,1986,0,0,2,0,0,0,0,7,6,0
361638,2,1,1986,0,0,0,0,0,14,0,9,2,0
361639,0,1,1986,21,21,21,21,21,21,21,21,21,21
361639,1,1,1986,5,10,0,19,13,10,6,7,5,12
361640,1,1,1986,0,0,0,0,0,0,0,0,0,0
361640,2,1,1986,0,0,0,0,0,0,0,0,0,0
361641,1,1,1986,14,0,0,0,0,12,0,0,0,0
361642,1,1,1986,0,0,0,0,0,0,0,0,0,0
361643,1,1,1986,0,0,0,0,0,0,0,0,0,0
361643,2,1,1986,0,0,0,0,0,0,7,0,0,0
361643,3,1,1986,0,0,0,0,0,0,0,0,0,0
361644,1,1,1986,0,0,0,0,0,0,0,0,0,0
361644,2,1,1986,10,10,10,10,10,10,10,10,10,10
361645,1,1,1986,18,7,8,0,15,20,0,0,9,0
361645,2,1,1986,0,0,0,0,3,0,0,0,0,0
361646,1,1,1986,0,0,0,0,0,0,0,0,0,0
361646,2,1,1986,0,0,0,0,0,0,0,0,0,0
361647,1,1,1986,0,0,0,0,0,0,0,0,0,0
361647,2,1,1986,0,0,0,0,0,0,0,33,0,0
361648,0,1,1986,24,24,24,24,24,24,24,24,24,24
361648,1,1,1986,0,7,0,0,0,0,0,0,0,0
361649,0,1,1986,0,0,0,0,0,0,0,0,0,0
361649,0,2,1986,0,10,0,15,0,0,9,0,4,23
361649,1,1,1986,10,0,22,0,20,18,13,0,0,0
361649,2,1,1986,0,0,0,0,0,0,0,0,0,0
361649,3,1,1986,0,0,7,0,0,0,0,0,0,0
361649,4,1,1986,0,0,0,11,0,0,0,4,7,0
361651,1,1,1986,26,26,26,26,26,26,26,26,26,26
361652,0,1,1986,1,1,1,1,1,1,1,1,1,1
361652,1,1,1986,5,17,12,0,5,14,19,15,14,0
361653,1,1,1986,13,13,13,13,13,13,13,13,13,13
361654,1,1,1986,0,0,0,0,0,0,0,0,0,0
361654,2,1,1986,0,0,0,0,0,0,0,14,0,0
361655,1,1,1986,0,0,0,0,0,0,0,0,0,0
361655,2,1,1986,0,20,0,0,0,0,0,0,0,0
361656,1,1,1986,0,0,0,0,0,0,0,0,0,0
361656,2,1,1986,0,13,0,0,0,0,0,0,0,0
361657,1,1,1986,0,0,0,0,0,0,0,0,0,0
361657,2,1,1986,0,0,0,0,0,0,0,0,0,0
361658,1,1,1986,20,20,20,20,20,20,20,20,20,20
361658,2,1,1986,0,0,21,0,0,0,0,0,0,0
361659,1,1,1986,4,4,4,4,4,4,4,4,4,4
361660,1,1,1986,16,16,16,16,16,16,16,16,16,16
361661,1,1,1986,13,13,13,13,13,13,13,13,13,13
361662,0,1,1986,0,0,0,0,0,0,0,0,0,0
361662,1,1,1986,9,12,12,7,9,5,0,6,4,6
361663,1,1,1986,12,12,12,12,12,12,12,12,12,12
361663,2,1,1986,0,0,0,0,0,0,0,0,0,0
361663,3,1,1986,0,0,0,0,0,0,0,37,0,0
361664,1,1,1986,0,0,0,0,0,17,0,0,0,0
361665,1,1,1986,14,14,14,14,14,14,14,14,14,14
361666,0,1,1986,0,0,18,0,32,33,0,30,0,23
361666,1,1,1986,0,21,2,0,0,0,0,0,0,0
361667,1,1,1986,0,0,0,0,0,0,0,0,0,0
361667,2,1,1986,0,0,0,0,0,0,0,0,0,5
361668,1,1,1986,0,0,0,0,0,0,0,0,0,0
361669,1,1,1986,0,11,0,12,0,22,0,13,0,0
361670,1,1,1986,0,0,0,0,0,0,0,0,0,0
361670,2,1,1986,0,0,0,0,0,0,0,0,0,0
361671,1,1,1986,0,0,0,0,0,0,0,0,0,0
361672,1,1,1986,0,0,0,0,0,0,0,0,0,0
361672,2,1,1986,0,0,0,0,0,0,0,0,0,0
361673,1,1,1986,1,1,1,1,1,1,1,1,1,1
361673,2,1,1986,0,0,0,0,0,21,0,0,0,0
361674,1,1,1986,9,12,8,3,12,10,17,9,10,5
361675,1,1,1986,21,0,0,0,0,0,0,24,0,21
361676,1,1,1986,21,21,21,21,21,21,21,21,21,21
361676,2,1,1986,0,0,0,0,0,0,0,0,0,0
361677,1,1,1986,0,0,0,0,0,0,0,10,7,0
361677,2,1,1986,0,0,0,0,0,0,0,0,0,0
361678,1,1,1986,0,0,0,0,0,0,0,0,0,0
361678,2,1,1986,0,0,0,0,0,0,0,0,0,0
361679,1,1,1986,16,16,16,16,16,16,16,16,16,16
361679,2,1,1986,0,0,0,0,7,5,0,0,0,0
361680,0,1,1986,37,17,0,25,0,29,0,0,17,0
361680,1,1,1986,18,27,0,0,13,43,6,5,14,13
361681,1,1,1986,15,15,15,15,15,15,15,15,15,15
361681,2,1,1986,13,13,13,13,13,13,13,13,13,13
361682,1,1,1986,13,13,13,13,13,13,13,13,13,13
361683,1,1,1986,0,0,16,0,0,0,0,0,0,0
361683,2,1,1986,0,0,0,0,21,0,0,0,13,0
361684,1,1,1986,0,0,0,0,0,0,10,0,0,0
361685,1,1,1986,3,17,16,16,32,21,14,19,23,12
361686,1,1,1986,0,0,0,0,0,0,0,0,0,0
361686,2,1,1986,0,0,0,0,0,0,0,0,0,0
361687,1,1,1986,0,0,0,0,0,0,0,0,0,0
361687,2,1,1986,0,0,0,0,0,0,0,0,0,0
361688,1,1,1986,0,0,0,0,0,0,0,0,0,0
361689,1,1,1986,0,0,0,14,0,19,0,0,0,0
361690,0,1,1986,0,0,0,0,0,0,0,18,0,0
361690,1,1,1986,0,0,0,0,0,0,0,0,0,0
361691,1,1,1986,24,24,24,24,24,24,24,24,24,24
361692,1,1,1986,17,17,17,17,17,17,17,17,17,17
361693,0,1,1986,0,0,0,0,0,0,0,0,0,0
361693,1,1,1986,0,0,0,0,0,0,0,0,0,0
361694,1,1,1986,0,0,0,0,0,0,0,0,0,0
361695,1,1,1986,0,0,0,0,0,0,0,0,0,0
361696,1,1,1986,0,0,0,0,0,0,0,0,0,0
361696,2,1,1986,0,0,0,0,0,0,0,0,0,0
361697,1,1,1986,0,0,0,0,0,0,0,0,0,0
361698,1,1,1986,0,0,0,0,0,0,0,0,0,0
361699,1,1,1986,0,0,0,0,0,0,0,0,0,0
361700,1,1,1986,0,0,0,0,0,0,0,0,0,0
361700,2,1,1986,0,0,0,0,0,0,0,0,0,0
361701,1,1,1986,0,0,0,0,0,0,0,0,0,0
361701,2,1,1986,0,0,0,0,0,0,0,0,0,0
361701,3,1,1986,0,0,0,0,0,0,0,0,0,0
361702,0,1,1986,0,11,0,0,0,0,0,0,0,0
361702,1,1,1986,0,0,0,0,0,0,0,0,0,0
361703,1,1,1986,0,0,0,0,0,0,0,0,0,0
361703,2,1,1986,0,0,0,0,0,0,0,0,0,0
361704,0,1,1986,45,45,45,45,45,45,45,45,45,45
361704,1,1,1986,0,0,0,0,0,7,0,0,16,0
361705,0,1,1986,0,0,0,19,0,24,0,0,0,0
361705,1,1,1986,8,9,7,0,5,0,20,20,8,9
361707,1,1,1986,0,0,0,24,0,13,0,0,14,0
361708,1,1,1986,22,22,22,22,22,22,22,22,22,22
361709,0,1,1986,12,12,12,12,12,12,12,12,12,12
361709,1,1,1986,0,0,0,0,0,0,0,0,0,0
361710,1,1,1986,0,0,0,0,0,0,0,0,0,0
361710,2,1,1986,0,0,0,0,0,0,0,0,0,0
361711,1,1,1986,14,14,14,14,14,14,14,14,14,14
361712,0,1,1986,0,0,0,0,0,0,0,0,0,0
361712,1,1,1986,0,0,0,10,0,0,0,0,0,0
361713,1,1,1986,26,26,26,26,26,26,26,26,26,26
361713,2,1,1986,0,0,0,7,16,0,0,0,0,10
361714,0,1,1986,0,0,0,17,0,0,0,0,26,0
361714,1,1,1986,0,0,0,0,0,0,0,0,0,0
361715,1,1,1986,15,15,15,15,15,15,15,15,15,15
361716,1,1,1986,0,0,0,0,0,0,0,0,0,0
361716,2,1,1986,10,8,0,0,0,0,0,19,0,0
361717,0,1,1986,0,0,0,0,0,0,0,0,0,0
361717,1,1,1986,0,0,0,0,0,0,0,0,0,0
361718,0,1,1986,0,0,0,0,0,0,0,0,0,0
361718,1,1,1986,0,0,0,0,0,0,0,12,0,0
361719,0,1,1986,0,0,0,0,0,0,0,0,0,0
361719,1,1,1986,0,0,0,0,0,0,14,0,0,0
361720,1,1,1986,0,0,0,0,0,0,0,0,0,0
361720,2,1,1986,0,0,0,0,0,0,0,0,0,0
361721,1,1,1986,0,0,9,0,0,21,0,0,0,18
361722,1,1,1986,0,0,0,0,0,0,0,0,0,0
361722,2,1,1986,0,0,0,0,12,0,0,0,0,0
361723,1,1,1986,0,0,0,0,0,0,0,0,0,0
361724,0,1,1986,0,0,0,0,0,0,0,0,0,0
361724,1,1,1986,0,8,0,0,0,0,0,0,0,0
361725,1,1,1986,0,0,0,0,0,0,0,0,0,0
361725,2,1,1986,15,15,15,15,15,15,15,15,15,15
361725,3,1,1986,0,0,0,0,0,0,0,0,0,0
361725,4,1,1986,10,0,0,0,0,0,13,0,0,0
361726,1,1,1986,0,0,0,0,0,0,0,0,0,0
361726,2,1,1986,0,13,0,0,0,0,0,0,0,0
361727,0,1,1986,0,0,0,0,0,0,0,0,0,0
361727,1,1,1986,15,0,0,0,7,0,9,0,0,0
361728,1,1,1986,0,0,0,0,0,0,0,0,0,0
361728,2,1,1986,0,0,0,0,0,0,0,0,0,0
361729,1,1,1986,0,0,0,0,0,0,0,0,0,0
361730,1,1,1986,0,0,0,0,0,0,0,0,0,0
361730,2,1,1986,0,0,0,0,0,0,0,0,0,0
361731,1,1,1986,0,0,2,0,0,4,0,0,0,0
361732,1,1,1986,0,0,0,0,0,13,0,0,0,0
361733,1,1,1986,0,0,0,0,0,0,0,0,0,0
361733,2,1,1986,0,0,0,0,0,0,0,0,0,0
361734,1,1,1986,12,14,11,12,29,0,14,7,0,0
361735,1,1,1986,9,19,13,22,0,9,15,25,14,42
361736,0,1,1986,0,12,14,0,0,8,51,0,0,10
361736,1,1,1986,0,14,0,29,0,0,0,0,0,0
361737,1,1,1986,12,12,13,24,18,24,0,14,28,12
361737,2,1,1986,0,0,0,0,0,0,0,0,0,0
361738,0,1,1986,0,0,0,0,0,0,0,0,0,0
361738,0,2,1986,18,0,0,13,0,17,0,9,24,19
361738,1,1,1986,0,0,0,0,0,0,0,33,0,0
361739,0,1,1986,18,18,18,18,18,18,18,18,18,18
361739,1,1,1986,8,6,0,0,24,8,0,0,29,27
361739,2,1,1986,0,0,0,0,0,0,0,0,0,0
361740,1,1,1986,0,0,0,0,0,0,0,0,0,0
361741,0,1,1986,0,0,0,0,0,0,0,0,0,0
361741,1,1,1986,0,0,0,0,0,0,0,0,0,0
361742,0,1,1986,0,0,0,0,0,0,0,0,0,0
361742,1,1,1986,0,0,0,0,0,0,0,0,0,0
361743,1,1,1986,0,0,0,0,0,0,0,0,0,0
361743,2,1,1986,0,0,0,0,0,0,0,0,0,0
361744,0,1,1986,0,0,0,0,0,0,0,0,0,0
361744,0,2,1986,6,12,16,0,18,25,12,0,6,25
361744,0,3,1986,23,5,3,7,0,0,14,9,10,0
361744,0,4,1986,26,19,15,7,0,16,0,3,2,0
361744,0,5,1986,0,0,4,8,22,0,0,13,18,12
361744,0,6,1986,10,0,8,0,0,0,9,0,9,26
361744,1,1,1986,9,0,0,0,0,0,0,4,5,12
361745,1,1,1986,3,3,3,3,3,3,3,3,3,3
361746,0,1,1986,11,11,11,11,11,11,11,11,11,11
361746,1,2,1986,0,0,0,0,0,0,0,0,0,0
361747,1,1,1986,0,0,0,0,0,0,0,0,0,0
361747,2,1,1986,0,0,0,0,0,0,0,0,0,0
361748,1,1,1986,0,0,0,0,0,0,0,0,0,0
361748,2,1,1986,0,0,0,0,0,0,0,0,0,0
361749,1,1,1986,16,16,16,16,16,16,16,16,16,16
361750,1,1,1986,20,20,20,20,20,20,20,20,20,20
361750,2,1,1986,17,0,0,0,0,0,0,0,0,0
361751,1,1,1986,0,0,0,0,0,0,0,0,0,0
361751,2,1,1986,0,0,0,0,0,0,0,0,0,0
361752,1,1,1986,0,0,0,0,0,0,0,0,0,0
361752,2,1,1986,0,0,0,0,0,0,0,0,0,0
361753,1,1,1986,0,0,0,0,0,0,0,0,0,0
361753,2,1,1986,0,0,0,0,0,0,0,0,0,0
361754,1,1,1986,0,0,0,17,0,0,9,11,0,0
361755,0,1,1986,0,0,0,0,0,0,0,0,0,0
361755,1,1,1986,0,0,0,0,0,0,0,5,0,0
361756,1,1,1986,0,0,12,0,9,0,0,0,5,0
361757,0,1,1986,0,0,0,0,0,0,0,0,0,0
361757,1,1,1986,0,0,4,0,0,0,0,0,15,0
361758,1,1,1986,0,0,0,0,0,0,0,0,0,0
361758,2,1,1986,0,0,0,0,0,0,0,0,0,0
361759,1,1,1986,24,24,24,24,24,24,24,24,24,24
361760,0,1,1986,20,0,0,0,0,0,0,0,0,0
361760,1,1,1986,0,0,0,0,0,0,0,0,0,0
361761,1,1,1986,0,0,0,0,0,0,0,0,0,0
361761,2,1,1986,17,7,7,7,18,22,0,4,14,16
361762,1,1,1986,0,0,0,0,0,0,0,0,0,0
361763,1,1,1986,12,0,0,0,20,9,0,10,16,0
361764,1,1,1986,0,0,0,0,0,0,0,0,0,0
361764,2,1,1986,8,0,0,0,0,11,0,0,0,0
361765,1,1,1986,17,27,17,0,18,28,20,22,19,16
361766,0,1,1986,0,11,18,0,25,24,16,7,0,0
361766,1,1,1986,0,0,0,0,0,0,0,0,0,9
361767,1,1,1986,35,0,18,11,0,0,0,0,12,0
361768,0,1,1986,0,0,36,0,28,0,21,0,0,0
361768,1,1,1986,0,0,0,0,0,0,0,0,0,8
361769,0,1,1986,0,0,0,0,0,0,0,0,0,0
361769,1,1,1986,0,0,0,0,31,0,15,0,12,0
361770,0,1,1986,0,0,0,0,0,0,0,0,0,0
361770,1,1,1986,0,0,0,0,0,0,0,0,0,0
361771,1,1,1986,0,7,0,0,0,0,0,0,0,16
361772,0,1,1986,0,0,0,0,0,0,0,0,0,0
361772,1,1,1986,0,0,0,0,0,0,0,0,0,0
361772,2,1,1986,0,0,0,0,0,0,0,0,0,0
361772,3,1,1986,0,0,0,0,0,0,0,0,0,0
361773,0,1,1986,0,0,0,0,0,0,0,0,0,0
361773,1,1,1986,0,0,0,0,0,0,0,0,0,0
361774,0,1,1986,0,0,0,0,0,0,0,0,0,0
361774,1,1,1986,0,0,0,0,0,0,0,0,0,0
361775,1,1,1986,1,0,0,0,0,0,0,0,0,0
361776,0,1,1986,0,0,0,0,0,0,0,0,0,0
361776,1,1,1986,0,0,0,0,0,0,0,0,0,0
361777,0,1,1986,14,0,0,0,0,19,0,0,0,0
361777,1,1,1986,0,0,0,0,0,0,0,0,0,0
361778,1,1,1986,8,6,0,0,0,17,21,5,8,0
361779,0,1,1986,0,0,0,0,0,0,0,0,0,0