ST_CASE,VEH_NO,PER_NO,YEAR,P1,P2,P3,P4,P5,P6,P7,P8,P9,P10
370064,0,1,1986,31,31,31,31,31,31,31,31,31,31
370064,1,1,1986,28,32,13,7,5,0,25,24,25,16
370065,1,1,1986,0,0,0,0,0,0,0,0,0,0
370065,2,1,1986,0,0,0,0,0,0,0,0,0,0
370066,1,1,1986,0,0,0,0,0,0,0,0,0,0
370066,2,1,1986,0,0,0,0,0,0,0,0,0,0
370067,1,1,1986,0,0,0,0,0,0,0,0,11,0
370067,2,1,1986,0,0,0,0,0,0,0,0,0,0
370068,1,1,1986,31,31,31,31,31,31,31,31,31,31
370069,1,1,1986,0,0,0,0,0,0,0,0,0,0
370070,1,1,1986,0,0,0,0,0,0,0,0,0,0
370070,2,1,1986,0,0,0,0,0,0,0,0,0,0
370071,1,1,1986,0,0,0,0,0,0,0,0,0,0
370072,1,1,1986,10,16,19,0,5,24,12,28,6,0
370072,2,1,1986,0,0,0,0,0,0,0,0,0,0
370073,0,1,1986,0,0,0,0,0,0,0,0,0,0
370073,1,1,1986,0,0,0,0,0,0,0,0,3,0
370074,0,1,1986,0,0,0,0,0,0,0,0,0,0
370074,1,1,1986,0,0,0,0,0,0,0,0,0,0
370075,1,1,1986,19,19,19,19,19,19,19,19,19,19
370075,2,1,1986,0,0,0,0,0,0,0,0,0,0
370075,3,1,1986,0,0,0,0,0,0,0,0,0,0
370075,4,1,1986,0,0,0,0,0,32,0,0,0,0
370076,0,1,1986,0,0,0,0,0,0,0,0,0,0
370076,1,1,1986,0,0,0,9,0,0,0,0,0,0
370077,1,1,1986,15,15,15,15,15,15,15,15,15,15
370077,2,1,1986,0,0,0,0,0,0,0,0,0,0
370078,1,1,1986,16,12,14,16,9,21,12,0,0,15
370078,2,1,1986,0,0,0,0,0,0,0,0,0,0
370079,1,1,1986,0,0,0,0,0,0,0,0,0,0
370080,1,1,1986,0,0,0,0,0,0,0,0,0,0
370081,1,1,1986,0,0,0,0,0,0,0,0,0,0
370081,2,1,1986,0,0,0,0,0,0,0,0,0,0
370082,1,1,1986,20,20,20,20,20,20,20,20,20,20
370083,1,1,1986,0,0,0,0,0,0,0,0,0,0
370084,1,1,1986,24,24,24,24,24,24,24,24,24,24
370085,1,1,1986,0,0,0,11,0,0,0,0,0,0
370085,2,1,1986,0,0,0,0,0,0,0,0,0,0
370086,1,1,1986,0,0,0,0,0,0,0,0,0,0
370086,2,1,1986,15,15,15,15,15,15,15,15,15,15
370087,1,1,1986,0,0,0,0,17,0,0,0,0,0
370088,0,1,1986,19,17,25,17,6,11,17,8,21,5
370088,1,1,1986,0,0,0,0,0,0,0,0,0,0
370089,0,1,1986,22,22,22,22,22,22,22,22,22,22
370089,1,1,1986,21,21,21,21,21,21,21,21,21,21
370090,0,1,1986,0,0,0,0,0,0,0,0,0,0
370090,1,1,1986,9,27,14,17,13,8,12,7,0,12
370090,2,1,1986,0,0,0,0,10,0,0,0,0,0
370091,1,1,1986,13,13,13,13,13,13,13,13,13,13
370092,1,1,1986,17,0,0,0,0,0,0,0,0,0
370092,2,1,1986,8,8,8,8,8,8,8,8,8,8
370093,1,1,1986,0,0,0,0,0,0,0,0,0,0
370093,2,1,1986,0,0,0,0,0,0,0,0,0,0
370094,1,1,1986,25,16,21,18,23,10,10,17,17,16
370095,1,1,1986,0,0,0,0,0,0,0,0,0,0
370095,2,1,1986,0,0,0,0,0,0,0,0,0,0
370096,0,1,1986,0,0,0,0,0,0,0,0,0,0
370096,1,1,1986,0,0,0,0,0,0,0,17,0,9
370097,1,1,1986,0,0,0,0,0,0,0,0,0,0
370099,1,1,1986,0,0,0,0,0,0,0,0,0,0
370099,2,1,1986,0,0,0,0,0,0,0,0,0,0
370100,1,1,1986,28,28,28,28,28,28,28,28,28,28
370100,2,1,1986,0,0,4,0,0,0,0,0,0,0
370101,1,1,1986,19,0,16,11,34,31,21,10,15,13
370102,1,1,1986,0,16,19,26,27,13,0,11,16,13
370103,1,1,1986,0,0,0,0,0,0,0,0,0,0
370103,2,1,1986,12,12,12,12,12,12,12,12,12,12
370104,1,1,1986,0,0,0,0,0,0,0,0,0,0
370104,2,1,1986,0,0,0,0,0,0,0,0,0,0
370105,1,1,1986,11,0,28,17,15,10,21,23,29,25
370106,0,1,1986,33,33,33,33,33,33,33,33,33,33
370106,1,1,1986,0,0,0,0,0,0,0,0,0,9
370107,1,1,1986,0,0,0,0,0,0,0,0,0,0
370107,2,1,1986,0,0,0,0,0,0,0,0,0,0
370108,1,1,1986,0,0,0,0,0,0,0,0,0,0
370108,2,1,1986,16,0,11,28,19,12,2,23,17,23
370109,1,1,1986,0,0,0,0,0,0,0,0,0,0
370109,2,1,1986,0,0,0,0,0,0,0,0,0,0
370110,1,1,1986,26,26,26,26,26,26,26,26,26,26
370111,0,1,1986,0,0,0,0,0,0,0,0,0,0
370111,1,1,1986,0,0,0,0,7,0,0,0,0,0
370112,1,1,1986,0,0,0,0,0,0,0,0,0,0
370112,2,1,1986,27,27,27,27,27,27,27,27,27,27
370113,0,1,1986,0,0,0,0,0,0,0,0,0,0
370113,1,1,1986,0,0,0,0,0,0,0,0,0,0
370114,1,1,1986,0,0,0,0,0,0,0,0,0,0
370115,1,1,1986,19,19,19,19,19,19,19,19,19,19
370116,1,1,1986,0,0,0,0,0,0,0,0,0,0
370117,1,1,1986,10,10,10,10,10,10,10,10,10,10
370118,0,1,1986,0,0,0,0,0,0,0,0,0,0
370118,1,1,1986,0,0,0,0,0,0,0,0,0,0
370119,1,1,1986,0,0,0,0,0,0,0,0,0,0
370119,2,1,1986,0,0,0,0,0,0,0,0,0,0
370120,1,1,1986,20,15,24,38,19,18,26,14,23,17
370121,1,1,1986,0,0,0,0,0,0,0,0,0,0
370121,2,1,1986,0,0,0,0,0,0,0,0,0,0
370122,0,1,1986,11,42,25,22,0,0,30,0,24,0
370122,1,1,1986,0,0,0,0,0,9,0,0,0,0
370123,0,1,1986,0,0,0,0,0,0,0,0,0,0
370123,1,1,1986,0,0,0,0,0,0,0,0,0,0
370123,2,1,1986,8,0,0,0,0,0,0,0,0,0
370124,1,1,1986,0,0,0,0,0,0,0,0,0,0
370124,2,1,1986,2,2,2,2,2,2,2,2,2,2
370124,3,1,1986,0,0,0,0,0,12,0,0,0,0
370125,1,1,1986,13,13,13,13,13,13,13,13,13,13
370126,0,1,1986,0,0,0,0,0,0,0,0,0,0
370126,1,1,1986,0,0,0,0,0,0,0,0,0,0
370127,1,1,1986,0,0,0,0,0,0,0,0,0,0
370128,0,1,1986,28,28,28,28,28,28,28,28,28,28
370128,1,1,1986,0,0,0,0,0,0,0,0,0,0
370129,0,1,1986,23,23,23,23,23,23,23,23,23,23
370129,1,1,1986,0,0,0,0,0,0,0,0,0,0
370130,1,1,1986,10,10,10,10,10,10,10,10,10,10
370131,1,1,1986,0,0,0,0,0,0,0,0,0,0
370131,2,1,1986,0,0,0,0,0,0,0,0,0,0
370132,1,1,1986,0,0,0,0,0,0,0,0,0,0
370133,0,1,1986,0,0,0,0,0,0,0,0,0,0
370133,0,2,1986,0,0,0,0,0,0,0,0,0,0
370133,1,1,1986,3,0,0,0,0,0,0,0,0,0
370134,1,1,1986,0,0,0,0,0,0,0,0,0,0
370135,0,1,1986,24,0,24,10,0,18,21,2,28,20
370135,1,1,1986,0,0,0,0,0,0,0,0,0,0
370136,0,1,1986,0,0,0,0,0,0,0,0,0,0
370136,1,1,1986,0,0,0,0,0,0,0,0,0,0
370137,1,1,1986,15,23,14,27,11,7,10,10,6,22
370137,2,1,1986,12,0,0,0,0,0,0,0,15,0
370138,1,1,1986,0,0,0,0,0,0,0,0,0,0
370139,1,1,1986,0,0,0,0,0,0,0,0,0,0
370139,2,1,1986,0,0,0,0,0,0,0,0,0,0
370140,1,1,1986,0,0,0,0,0,0,0,0,0,0
370140,2,1,1986,0,0,0,0,0,0,0,0,5,0
370141,0,1,1986,0,0,0,0,0,0,0,0,0,0
370141,1,1,1986,0,0,0,0,0,0,11,0,0,0
370142,1,1,1986,0,0,0,0,0,0,0,0,0,0
370144,1,1,1986,0,0,0,0,0,0,0,0,0,0
370144,2,1,1986,0,0,0,0,0,0,0,0,0,0
370145,1,1,1986,21,0,18,17,9,16,25,18,19,18
370145,2,1,1986,0,0,0,0,0,0,22,0,0,7
370146,1,1,1986,0,0,0,0,0,0,0,0,0,0
370146,2,1,1986,0,0,0,0,0,0,0,0,0,0
370147,1,1,1986,0,0,0,0,0,0,0,0,0,0
370148,1,1,1986,0,0,0,0,0,0,0,0,0,0
370148,2,1,1986,0,0,0,0,0,0,0,0,0,0
370149,1,1,1986,0,0,0,0,0,0,0,0,0,0
370150,0,1,1986,0,0,0,0,0,0,0,0,0,0
370150,1,1,1986,0,0,0,0,0,0,0,0,16,0
370151,1,1,1986,0,0,0,0,0,0,0,0,0,0
370152,1,1,1986,0,0,0,0,0,0,0,0,0,0
370153,1,1,1986,24,24,24,24,24,24,24,24,24,24
370153,2,1,1986,6,0,0,0,0,0,0,0,0,0
370153,3,1,1986,0,13,0,0,0,0,0,4,17,0
370153,4,1,1986,0,2,0,7,3,0,13,13,3,0
370154,1,1,1986,0,0,0,0,0,0,0,0,0,0
370154,2,1,1986,0,0,0,0,0,0,0,0,0,0
370155,0,1,1986,0,0,0,0,0,0,0,0,0,0
370155,1,1,1986,0,0,0,0,0,0,0,0,0,0
370156,1,1,1986,0,0,0,0,0,0,0,0,0,0
370156,2,1,1986,0,0,0,0,0,0,0,0,0,0
370157,1,1,1986,0,0,0,0,0,0,0,0,0,0
370157,2,1,1986,0,0,0,0,0,0,0,0,0,0
370158,1,1,1986,0,0,0,0,0,0,0,0,0,0
370159,1,1,1986,0,0,0,0,0,0,5,0,0,0
370159,2,1,1986,12,0,0,0,0,0,19,0,0,0
370160,0,1,1986,18,18,18,18,18,18,18,18,18,18
370160,0,2,1986,32,0,30,26,0,0,10,0,24,28
370160,1,1,1986,0,0,4,0,0,6,0,0,18,0
370161,1,1,1986,0,0,0,0,0,0,0,0,0,0
370161,2,1,1986,0,0,0,0,0,0,0,0,0,0
370162,1,1,1986,15,20,31,9,30,16,12,21,16,28
370163,1,1,1986,0,0,0,0,0,0,0,0,0,0
370163,2,1,1986,0,0,0,0,0,0,0,0,0,0
370164,0,1,1986,0,0,0,0,0,0,0,0,0,0
370164,1,1,1986,0,0,0,16,0,0,0,0,9,0
370165,1,1,1986,0,11,0,4,4,0,0,0,5,0
370165,2,1,1986,0,0,0,0,0,0,0,0,0,0
370166,1,1,1986,0,0,0,0,0,0,0,0,0,0
370166,2,1,1986,9,0,0,12,0,0,0,0,0,0
370166,3,1,1986,0,0,0,0,0,0,0,0,0,0
370167,0,1,1986,9,9,9,9,9,9,9,9,9,9
370167,1,1,1986,0,0,0,0,0,0,7,31,0,0
370168,1,1,1986,0,0,0,0,0,0,0,0,0,0
370169,1,1,1986,20,20,20,20,20,20,20,20,20,20
370170,1,1,1986,0,0,0,0,0,0,0,0,0,0
370170,2,1,1986,0,0,0,0,0,0,0,0,0,0
370171,1,1,1986,22,22,22,22,22,22,22,22,22,22
370172,1,1,1986,0,0,0,0,0,0,0,0,0,0
370172,2,1,1986,15,15,15,15,15,15,15,15,15,15
370173,1,1,1986,0,0,0,0,0,0,0,0,0,0
370174,1,1,1986,0,0,0,0,0,0,0,0,0,0
370174,2,1,1986,0,0,0,0,0,0,0,0,0,0
370175,1,1,1986,23,0,0,6,0,0,0,0,12,0
370176,1,1,1986,0,0,0,0,0,0,0,0,0,0
370176,2,1,1986,0,0,0,0,0,0,0,0,0,0
370176,3,1,1986,0,0,0,0,0,0,0,0,0,0
370177,1,1,1986,0,0,0,0,0,0,0,0,0,0
370178,1,1,1986,0,0,0,0,4,0,0,0,0,0
370178,2,1,1986,0,0,0,0,0,0,0,0,0,0
370179,1,1,1986,0,0,0,0,0,0,0,0,0,0
370179,2,1,1986,0,10,0,0,0,0,0,0,0,0
370180,1,1,1986,0,0,0,0,0,0,0,0,0,0
370180,2,1,1986,0,0,0,0,0,0,0,0,0,0
370181,1,1,1986,0,0,0,0,0,0,0,0,0,0
370181,2,1,1986,0,0,0,0,0,0,0,0,0,0
370182,1,1,1986,0,0,0,0,0,0,0,0,0,0
370182,2,1,1986,0,0,0,0,0,0,0,0,0,0
370182,3,1,1986,0,0,0,0,0,0,0,0,0,0
370183,1,1,1986,0,0,0,0,0,0,0,0,0,0
370183,2,1,1986,0,0,0,0,0,12,0,0,0,0
370184,1,1,1986,0,0,0,0,0,0,0,0,0,0
370185,1,1,1986,0,0,0,0,0,0,0,0,0,0
370185,2,1,1986,0,0,19,0,0,0,0,0,0,0
370186,1,1,1986,3,3,3,3,3,3,3,3,3,3
370187,1,1,1986,0,0,0,0,0,0,0,0,0,0
370187,2,1,1986,15,0,8,0,7,3,24,6,9,6
370188,0,1,1986,0,0,0,0,0,0,0,0,0,0
370188,1,1,1986,0,0,0,0,0,0,0,0,0,0
370189,1,1,1986,0,0,0,0,0,0,0,0,0,0
370189,2,1,1986,0,0,0,0,0,0,0,0,0,0
370190,0,1,1986,21,21,21,21,21,21,21,21,21,21
370190,1,1,1986,0,18,0,0,0,0,0,0,0,6
370191,1,1,1986,0,0,0,0,0,0,0,0,0,0
370191,2,1,1986,0,5,5,20,7,15,3,5,10,4
370192,1,1,1986,36,36,36,36,36,36,36,36,36,36
370193,1,1,1986,0,0,0,0,0,0,0,0,0,0
370193,2,1,1986,0,15,7,0,0,0,24,5,6,11
370194,0,1,1986,38,38,38,38,38,38,38,38,38,38
370194,1,1,1986,0,0,4,0,0,0,0,0,0,0
370195,1,1,1986,0,0,0,0,0,0,0,0,0,0
370196,0,1,1986,0,0,0,0,0,0,0,0,0,0
370196,1,1,1986,21,21,21,21,21,21,21,21,21,21
370197,1,1,1986,0,0,0,0,0,0,0,0,0,0
370197,2,1,1986,0,0,0,0,0,0,0,0,0,0
370199,1,1,1986,23,18,16,20,11,9,25,13,27,3
370200,1,1,1986,9,9,9,9,9,9,9,9,9,9
370200,2,1,1986,0,0,0,0,0,0,0,0,0,0
370201,0,1,1986,0,0,0,0,0,0,0,0,0,0
370201,1,1,1986,0,0,0,12,0,0,0,0,0,0
370202,0,1,1986,0,0,0,0,0,0,0,0,0,0
370202,1,1,1986,0,0,0,0,0,0,0,0,0,0
370203,1,1,1986,7,8,13,0,6,10,3,23,17,19
370204,0,1,1986,5,5,5,5,5,5,5,5,5,5
370204,1,1,1986,0,0,0,0,0,0,0,0,0,0
370205,1,1,1986,0,0,0,0,10,2,0,0,0,0
370205,2,1,1986,0,0,0,0,0,0,0,0,0,0
370206,1,1,1986,0,0,0,0,0,0,0,0,0,0
370207,0,1,1986,0,0,0,0,0,0,0,0,0,0
370207,1,1,1986,26,17,29,7,10,7,15,21,12,10
370208,1,1,1986,7,7,7,7,7,7,7,7,7,7
370209,1,1,1986,0,0,0,0,0,0,0,0,0,0
370209,2,1,1986,0,0,0,0,0,0,0,0,0,0
370210,1,1,1986,0,0,0,0,0,0,0,0,0,0
370210,2,1,1986,16,16,16,16,16,16,16,16,16,16
370211,1,1,1986,0,0,0,0,0,0,0,0,0,0
370211,2,1,1986,0,0,0,0,0,0,0,0,0,0
370212,1,1,1986,0,0,0,0,0,0,0,0,0,0
370212,2,1,1986,0,0,0,0,0,0,0,0,0,0
370213,1,1,1986,0,0,0,0,0,0,0,0,0,0
370214,1,1,1986,0,0,0,0,0,0,0,0,0,0
370215,1,1,1986,0,0,0,0,0,0,0,0,0,0
370215,2,1,1986,0,0,0,0,0,0,0,0,26,0
370216,1,1,1986,14,14,14,14,14,14,14,14,14,14
370217,1,1,1986,30,30,30,30,30,30,30,30,30,30
370218,1,1,1986,14,14,14,14,14,14,14,14,14,14
370219,1,1,1986,0,0,0,0,0,0,0,0,0,0
370219,2,1,1986,0,0,0,0,0,0,0,0,0,0
370220,1,1,1986,0,8,0,0,11,0,0,5,5,19
370220,2,1,1986,26,26,26,26,26,26,26,26,26,26
370221,0,1,1986,9,9,9,9,9,9,9,9,9,9
370221,1,1,1986,0,0,0,0,0,0,0,0,0,0
370222,0,1,1986,21,21,21,21,21,21,21,21,21,21
370222,1,1,1986,0,0,0,0,0,0,0,14,0,0
370223,1,1,1986,18,18,18,18,18,18,18,18,18,18
370224,1,1,1986,0,0,0,0,0,0,0,0,0,0
370225,1,1,1986,0,0,0,0,0,0,0,0,0,0
370225,2,1,1986,0,0,0,0,0,0,0,0,0,0
370226,1,1,1986,0,0,0,0,0,0,0,0,0,0
370226,2,1,1986,0,0,0,0,0,0,0,0,0,0
370227,1,1,1986,0,0,0,0,0,0,0,0,0,0
370227,2,1,1986,0,0,0,0,0,0,0,0,0,0
370228,1,1,1986,0,6,0,4,0,0,0,0,0,0
370228,2,1,1986,5,5,5,5,5,5,5,5,5,5
370229,1,1,1986,0,0,0,0,0,0,0,0,0,0
370230,1,1,1986,0,0,0,0,15,0,0,0,0,0
370230,2,1,1986,0,0,0,0,0,0,0,0,0,0
370230,3,1,1986,0,0,0,0,0,0,0,0,0,0
370231,1,1,1986,0,0,0,0,0,0,0,0,0,0
370232,1,1,1986,17,25,22,13,17,14,15,21,12,0
370233,1,1,1986,0,0,0,0,0,0,0,0,0,0
370233,2,1,1986,0,0,0,0,0,0,0,0,0,0
370234,1,1,1986,14,19,18,20,22,32,18,10,18,20
370234,2,1,1986,0,23,0,0,0,0,0,15,0,0
370235,1,1,1986,0,0,0,0,0,0,0,0,0,0
370235,2,1,1986,0,0,0,0,0,0,0,0,0,0
370236,1,1,1986,5,32,0,20,7,12,26,8,21,25
370238,1,1,1986,0,0,0,0,0,0,0,0,0,0
370238,2,1,1986,0,0,0,0,0,0,0,0,0,0
370239,1,1,1986,7,7,7,7,7,7,7,7,7,7
370239,2,1,1986,0,0,0,0,0,0,0,0,0,0
370240,1,1,1986,0,0,0,0,0,0,0,0,0,0
370240,2,1,1986,0,0,0,0,0,0,0,0,0,0
370240,3,1,1986,0,0,0,0,0,0,0,0,0,0
370240,4,1,1986,0,0,0,0,0,0,0,0,0,0
370241,1,1,1986,0,0,0,0,0,0,0,0,7,0
370241,2,1,1986,31,0,0,0,0,0,0,0,0,0
370242,0,1,1986,0,0,0,0,0,0,0,0,0,0
370242,0,2,1986,26,13,15,24,19,16,0,25,0,15
370242,1,1,1986,0,0,0,0,0,0,0,0,0,0
370243,1,1,1986,0,0,0,0,0,0,0,0,0,0
370243,2,1,1986,0,0,0,0,0,0,0,0,0,0
370244,1,1,1986,0,0,0,0,0,0,0,0,0,0
370244,2,1,1986,0,0,0,0,0,0,0,0,0,0
370244,3,1,1986,0,0,0,0,0,0,0,0,0,0
370245,0,1,1986,20,36,14,12,27,0,14,22,21,25
370245,1,1,1986,0,0,0,0,0,26,0,0,0,0
370246,0,1,1986,9,9,9,9,9,9,9,9,9,9
370246,1,1,1986,0,0,0,0,0,0,0,0,0,0
370247,1,1,1986,0,0,0,0,0,0,0,0,0,0
370247,2,1,1986,0,0,0,0,0,0,0,0,0,0
370248,1,1,1986,0,0,0,0,0,0,0,10,0,0
370248,2,1,1986,0,0,0,0,0,0,0,0,0,0
370249,1,1,1986,27,6,17,8,25,15,18,8,16,14
370250,1,1,1986,9,10,2,12,20,18,19,16,4,32
370250,2,1,1986,0,0,0,4,0,0,3,0,0,6
370250,3,1,1986,0,0,0,11,0,0,0,0,0,0
370251,1,1,1986,0,0,0,0,0,0,0,0,0,0
370251,2,1,1986,0,0,0,0,0,0,0,0,0,0
370251,3,1,1986,0,0,0,0,0,0,0,0,0,3
370252,1,1,1986,0,0,0,0,0,0,0,0,0,0
370253,1,1,1986,0,0,0,0,0,0,0,0,0,0
370253,2,1,1986,0,0,0,0,0,0,0,7,0,0
370254,1,1,1986,19,7,16,6,19,28,7,30,20,5
370255,1,1,1986,10,15,12,0,6,12,6,14,21,17
370256,0,1,1986,34,34,34,34,34,34,34,34,34,34
370256,1,1,1986,0,22,13,20,8,7,0,13,14,27
370257,1,1,1986,0,0,0,0,0,14,0,10,12,0
370257,2,1,1986,0,0,0,0,0,0,0,0,0,0
370258,1,1,1986,0,0,0,0,0,12,0,0,0,0
370258,2,1,1986,0,0,0,0,0,0,0,0,0,0
370259,1,1,1986,0,0,0,0,0,0,0,0,0,10
370259,2,1,1986,22,22,22,22,22,22,22,22,22,22
370260,1,1,1986,26,26,26,26,26,26,26,26,26,26
370261,1,1,1986,0,0,0,0,0,0,0,0,0,0
370261,2,1,1986,0,0,0,0,0,0,0,0,0,0
370262,1,1,1986,5,5,5,5,5,5,5,5,5,5
370263,1,1,1986,0,0,0,0,0,0,0,0,0,0
370263,2,1,1986,0,0,0,0,0,0,0,0,0,0
370264,1,1,1986,0,0,0,0,0,0,0,0,0,0
370265,1,1,1986,0,0,0,0,0,0,0,0,0,0
370266,1,1,1986,0,0,0,0,0,0,0,0,0,0
370266,2,1,1986,0,0,0,0,0,0,0,0,0,0
370267,0,1,1986,0,0,0,0,0,0,0,0,0,0
370268,1,1,1986,14,22,21,13,29,0,13,17,8,13
370269,1,1,1986,0,0,0,0,0,0,0,0,0,0
370269,2,1,1986,29,29,29,29,29,29,29,29,29,29
370270,1,1,1986,13,12,11,17,35,25,0,25,8,9
370270,2,1,1986,10,10,10,10,10,10,10,10,10,10
370271,1,1,1986,17,17,17,17,17,17,17,17,17,17
370272,1,1,1986,7,7,7,7,7,7,7,7,7,7
370273,1,1,1986,8,8,8,8,8,8,8,8,8,8
370274,1,1,1986,22,17,10,23,18,18,5,13,15,21
370275,0,1,1986,0,0,0,0,0,0,0,0,0,0
370275,1,1,1986,0,0,0,0,0,0,0,0,0,0
370276,1,1,1986,20,20,20,20,20,20,20,20,20,20
370276,2,1,1986,0,0,0,0,0,0,0,0,0,0
370276,3,1,1986,0,0,0,0,0,0,0,0,0,0
370277,0,1,1986,11,12,5,0,0,21,0,0,0,0
370277,0,2,1986,0,0,0,0,0,0,0,0,0,0
370277,1,1,1986,7,7,7,7,7,7,7,7,7,7
370278,1,1,1986,19,19,19,19,19,19,19,19,19,19
370278,2,1,1986,0,0,0,0,0,0,0,0,0,0
370279,1,1,1986,24,24,24,24,24,24,24,24,24,24
370280,0,1,1986,0,0,0,0,0,0,0,22,0,0
370280,1,1,1986,0,0,0,0,0,0,0,0,0,0
370281,1,1,1986,0,0,0,0,0,0,0,0,0,0
370282,1,1,1986,0,0,0,0,0,0,22,0,20,0
370282,2,1,1986,22,0,0,0,4,0,0,0,0,0
370282,3,1,1986,0,5,0,0,0,0,0,0,0,0
370283,1,1,1986,0,0,0,0,0,0,10,0,0,8
370284,0,1,1986,0,0,0,0,0,0,0,0,0,0
370284,1,1,1986,0,0,0,0,0,0,0,0,0,0
370285,1,1,1986,0,0,0,0,0,0,0,12,0,0
370285,2,1,1986,0,0,0,0,0,0,0,0,0,0
370286,1,1,1986,0,0,0,0,0,0,0,0,0,0
370286,2,1,1986,0,0,0,0,0,0,0,0,20,0
370287,1,1,1986,0,0,0,0,0,0,0,0,0,0
370288,1,1,1986,11,0,0,0,0,0,0,0,0,0
370288,2,1,1986,17,0,0,0,0,0,25,0,0,0
370289,1,1,1986,0,0,0,0,0,0,0,0,0,0
370290,1,1,1986,8,17,15,0,5,23,7,8,16,7
370290,2,1,1986,0,0,0,0,0,0,0,0,0,0
370291,1,1,1986,16,16,16,16,16,16,16,16,16,16
370291,2,1,1986,0,0,0,0,6,0,0,0,0,0
370292,1,1,1986,31,31,31,31,31,31,31,31,31,31
370293,1,1,1986,0,0,0,0,0,0,6,0,5,0
370293,2,1,1986,7,0,16,17,19,10,10,17,9,20
370294,1,1,1986,16,10,19,9,6,8,26,14,19,13
370294,2,1,1986,0,0,0,0,0,0,0,0,0,0
370295,1,1,1986,12,12,12,12,12,12,12,12,12,12
370296,0,1,1986,0,0,0,0,0,0,0,0,0,0
370296,1,1,1986,0,0,0,0,0,0,0,0,0,0
370296,2,1,1986,0,0,0,0,0,0,0,0,0,0
370297,1,1,1986,42,16,10,22,21,14,18,23,28,24
370297,2,1,1986,0,0,0,0,0,0,0,0,0,0
370298,1,1,1986,0,0,0,0,0,0,0,0,0,0
370298,2,1,1986,0,19,0,0,0,0,0,14,0,0
370298,3,1,1986,0,0,0,0,0,0,0,0,0,0
370299,1,1,1986,11,11,11,11,11,11,11,11,11,11
370300,1,1,1986,15,6,11,4,18,18,20,17,9,11
370300,2,1,1986,0,0,0,0,0,0,0,0,0,0
370301,1,1,1986,4,4,4,4,4,4,4,4,4,4
370302,1,1,1986,15,15,22,10,0,11,0,0,13,7
370302,2,1,1986,0,0,0,0,0,0,0,0,0,0
370303,0,1,1986,0,0,0,0,0,0,0,0,0,0
370303,1,1,1986,0,0,0,10,0,0,0,0,0,0
370304,1,1,1986,10,28,10,31,25,22,35,24,18,17
370305,1,1,1986,13,13,13,13,13,13,13,13,13,13
370306,0,1,1986,15,15,15,15,15,15,15,15,15,15
370306,1,1,1986,23,20,18,13,19,11,22,22,12,3
370307,0,1,1986,32,12,16,0,16,0,19,49,8,12
370307,1,1,1986,0,0,12,0,0,0,0,0,0,0
370308,1,1,1986,0,0,0,0,0,0,0,0,0,0
370308,2,1,1986,0,0,0,0,0,0,0,0,0,0
370309,0,1,1986,0,0,0,0,0,0,0,0,0,0
370309,1,1,1986,0,0,0,0,0,0,0,0,0,0
370310,0,1,1986,0,0,0,0,0,0,0,0,0,0
370310,1,1,1986,0,0,0,0,0,0,0,5,0,0
370311,1,1,1986,13,0,0,4,12,19,16,13,8,13
370312,1,1,1986,0,0,0,0,0,0,0,0,0,0
370312,2,1,1986,0,0,0,0,0,0,0,0,0,0
370313,1,1,1986,0,0,0,0,0,0,0,0,0,0
370314,1,1,1986,19,19,19,19,19,19,19,19,19,19
370315,1,1,1986,0,0,0,0,0,0,0,0,0,0
370315,2,1,1986,0,0,0,0,0,0,0,0,0,0
370316,1,1,1986,6,6,6,6,6,6,6,6,6,6
370316,2,1,1986,0,0,0,0,0,0,0,0,0,0
370317,1,1,1986,0,0,11,0,0,0,0,0,0,0
370318,1,1,1986,7,26,0,0,0,0,13,7,0,4
370319,1,1,1986,17,17,17,17,17,17,17,17,17,17
370320,0,1,1986,21,35,16,0,0,0,16,17,25,24
370320,1,1,1986,0,0,0,0,0,0,0,0,0,6
370321,1,1,1986,0,0,0,0,0,0,0,0,0,0
370322,1,1,1986,12,12,12,12,12,12,12,12,12,12
370323,1,1,1986,8,17,7,21,5,11,17,9,28,28
370324,1,1,1986,0,0,0,10,0,0,0,0,0,0
370325,1,1,1986,12,12,9,9,8,8,11,20,8,26
370326,0,1,1986,59,59,59,59,59,59,59,59,59,59
370326,1,1,1986,0,0,0,0,0,0,0,0,0,0
370327,0,1,1986,21,21,21,21,21,21,21,21,21,21
370327,1,1,1986,18,6,4,23,17,7,27,13,12,18
370328,0,1,1986,0,0,0,0,0,0,0,0,0,0
370328,1,1,1986,0,0,0,0,0,0,0,0,0,0
370329,1,1,1986,6,6,6,6,6,6,6,6,6,6
370330,1,1,1986,26,26,26,26,26,26,26,26,26,26
370331,1,1,1986,6,22,34,0,10,18,0,18,7,7
370332,1,1,1986,29,29,29,29,29,29,29,29,29,29
370333,1,1,1986,0,0,0,0,20,0,0,7,0,16
370333,2,1,1986,0,17,0,0,0,0,0,0,0,0
370334,1,1,1986,15,0,0,0,0,0,0,0,0,4
370334,2,1,1986,0,0,0,0,0,0,0,0,0,0
370335,1,1,1986,0,0,0,0,0,0,0,36,8,0
370335,2,1,1986,0,0,0,0,0,0,0,0,0,0
370336,1,1,1986,0,0,0,0,0,0,0,0,0,0
370337,1,1,1986,18,16,23,9,8,16,0,0,24,9
370338,1,1,1986,0,0,0,0,0,0,0,0,0,0
370339,1,1,1986,16,16,16,16,16,16,16,16,16,16
370339,2,1,1986,0,0,0,0,0,0,0,0,0,0
370340,1,1,1986,9,9,9,9,9,9,9,9,9,9