ST_CASE,VEH_NO,PER_NO,YEAR,P1,P2,P3,P4,P5,P6,P7,P8,P9,P10
370917,1,1,1986,0,0,0,0,0,0,0,0,0,0
370918,0,1,1986,17,17,17,17,17,17,17,17,17,17
370918,1,1,1986,0,5,0,0,0,14,0,12,12,0
370919,1,1,1986,10,10,10,10,10,10,10,10,10,10
370920,0,1,1986,0,25,16,6,23,20,0,0,18,27
370920,1,1,1986,0,0,0,0,0,0,0,0,0,0
370921,1,1,1986,22,22,22,22,22,22,22,22,22,22
370922,0,1,1986,0,0,0,0,0,0,0,0,0,0
370922,1,1,1986,0,0,0,0,0,0,0,0,0,0
370923,1,1,1986,16,27,20,30,21,3,5,13,15,12
370924,0,1,1986,0,0,0,0,0,0,0,0,0,0
370924,1,1,1986,0,0,0,0,0,0,0,0,0,0
370925,1,1,1986,7,22,0,13,0,10,8,12,22,28
370926,1,1,1986,14,13,0,33,22,20,12,17,22,8
370927,1,1,1986,25,17,22,12,25,14,10,31,26,14
370928,1,1,1986,15,15,15,15,15,15,15,15,15,15
370929,1,1,1986,0,0,0,0,0,0,0,0,0,0
370929,2,1,1986,0,0,0,0,9,0,0,0,0,0
370930,1,1,1986,0,0,0,0,0,0,0,0,0,0
370931,1,1,1986,0,0,0,0,0,0,0,0,0,0
370931,2,1,1986,0,0,0,0,0,0,0,0,0,0
370931,3,1,1986,0,0,0,0,0,0,0,0,0,0
370932,1,1,1986,0,0,0,0,0,0,0,0,0,0
370932,2,1,1986,0,0,0,0,0,0,0,0,0,0
370933,1,1,1986,11,11,11,11,11,11,11,11,11,11
370934,1,1,1986,15,15,15,15,15,15,15,15,15,15
370935,1,1,1986,15,15,15,15,15,15,15,15,15,15
370936,1,1,1986,15,13,0,0,14,18,16,0,4,13
370936,2,1,1986,0,0,0,0,0,0,0,0,0,0
370937,1,1,1986,0,0,0,0,0,0,0,0,0,0
370937,2,1,1986,12,0,0,0,0,0,0,0,0,0
370938,1,1,1986,0,0,0,0,0,0,0,0,0,0
370938,2,1,1986,0,0,0,0,0,0,0,0,0,0
370939,1,1,1986,0,0,0,0,0,0,0,0,0,0
370939,2,1,1986,0,0,0,0,0,0,0,0,0,0
370940,1,1,1986,0,0,0,0,0,0,0,0,0,0
370940,2,1,1986,0,0,0,0,0,0,0,0,0,0
370940,3,1,1986,0,0,0,0,0,0,0,0,0,0
370941,1,1,1986,0,0,0,0,0,0,0,0,0,0
370941,2,1,1986,0,0,0,0,0,0,0,0,0,0
370941,3,1,1986,0,0,0,0,0,0,0,0,0,0
370942,1,1,1986,0,0,0,0,0,0,0,0,0,0
370942,2,1,1986,0,5,0,0,0,0,0,0,0,0
370943,1,1,1986,30,18,8,19,0,16,11,26,9,12
370943,2,1,1986,0,0,0,6,0,17,0,0,0,0
370944,1,1,1986,10,10,10,10,10,10,10,10,10,10
370945,1,1,1986,8,15,0,0,0,0,0,0,0,0
370945,2,1,1986,0,0,0,0,0,0,0,0,0,0
370946,1,1,1986,0,0,0,0,0,0,0,0,0,0
370947,1,1,1986,0,0,0,0,0,0,0,0,0,0
370948,1,1,1986,0,0,0,0,12,37,0,0,0,3
370948,2,1,1986,0,14,0,0,0,0,0,0,0,0
370949,1,1,1986,0,0,0,0,0,0,0,0,0,0
370949,2,1,1986,0,0,0,0,0,0,14,0,0,0
370950,1,1,1986,0,0,0,0,0,0,0,0,0,0
370950,2,1,1986,0,0,0,0,0,0,0,0,0,0
370951,1,1,1986,29,29,29,29,29,29,29,29,29,29
370952,0,1,1986,17,17,17,17,17,17,17,17,17,17
370952,1,1,1986,0,8,0,0,0,0,0,8,0,0
370953,0,1,1986,0,0,0,0,22,0,0,0,0,0
370953,1,1,1986,0,0,0,0,0,0,0,0,0,0
370955,1,1,1986,0,0,0,0,0,0,0,0,0,0
370956,1,1,1986,28,28,28,28,28,28,28,28,28,28
370956,2,1,1986,0,0,0,0,0,10,0,0,0,0
370956,3,1,1986,0,0,0,0,0,0,0,0,9,0
370957,1,1,1986,0,0,0,0,23,0,0,0,0,0
370957,2,1,1986,0,0,0,0,0,0,0,0,0,0
370958,1,1,1986,0,0,0,0,0,0,0,0,0,0
370958,2,1,1986,10,10,10,10,10,10,10,10,10,10
370959,1,1,1986,0,0,0,0,0,0,0,0,0,0
370960,1,1,1986,0,0,0,0,0,0,0,0,0,0
370960,2,1,1986,0,0,0,0,0,0,0,0,0,0
370961,1,1,1986,27,27,27,27,27,27,27,27,27,27
370962,1,1,1986,0,0,0,0,0,0,0,0,0,0
370963,1,1,1986,0,0,0,0,0,0,0,0,0,0
370963,2,1,1986,0,0,0,0,0,0,0,0,0,0
370963,3,1,1986,0,0,0,0,0,0,0,0,0,0
370964,1,1,1986,13,13,13,13,13,13,13,13,13,13
370965,1,1,1986,16,10,6,7,0,15,11,10,0,13
370965,2,1,1986,0,0,0,0,0,0,0,0,0,0
370965,3,1,1986,0,0,0,0,0,0,0,0,0,0
370966,0,1,1986,0,0,0,0,0,0,0,0,0,0
370966,1,1,1986,0,0,0,0,5,0,0,0,0,0
370967,1,1,1986,0,0,0,0,0,0,0,0,0,0
370968,1,1,1986,16,16,16,16,16,16,16,16,16,16
370968,2,1,1986,0,0,0,0,0,0,0,0,0,0
370969,0,1,1986,7,7,7,7,7,7,7,7,7,7
370969,1,1,1986,11,4,17,24,28,17,19,9,16,13
370970,1,1,1986,0,0,0,0,0,0,0,0,0,0
370970,2,1,1986,5,0,0,0,0,0,0,0,0,0
370971,1,1,1986,0,0,0,0,0,0,0,20,0,0
370972,0,1,1986,0,0,0,0,0,0,0,0,0,0
370972,1,1,1986,12,15,0,7,0,0,10,6,14,8
370973,1,1,1986,25,25,25,25,25,25,25,25,25,25
370974,1,1,1986,0,0,0,0,0,0,0,0,0,0
370974,2,1,1986,0,0,0,0,26,23,0,0,17,19
370975,0,1,1986,0,0,0,0,0,0,0,0,0,0
370975,1,1,1986,0,0,0,0,0,0,0,0,0,0
370976,0,1,1986,0,0,0,0,0,0,0,0,0,0
370976,1,1,1986,15,0,0,0,0,0,0,0,0,0
370977,1,1,1986,0,0,0,0,0,0,0,0,0,0
370978,1,1,1986,0,0,0,0,0,0,0,0,0,0
370978,2,1,1986,0,0,0,0,0,0,0,0,0,0
370979,1,1,1986,0,0,0,0,0,0,0,0,0,0
370979,2,1,1986,0,0,0,0,0,0,0,0,0,0
370980,1,1,1986,0,0,0,0,0,0,0,0,0,0
370981,1,1,1986,0,0,0,0,0,11,0,10,0,0
370982,0,1,1986,24,24,24,24,24,24,24,24,24,24
370982,1,1,1986,0,0,9,0,0,0,0,0,0,0
370983,0,1,1986,28,28,28,28,28,28,28,28,28,28
370983,1,1,1986,0,0,0,0,0,0,0,0,0,0
370984,1,1,1986,0,0,0,0,0,0,0,0,0,0
370985,1,1,1986,0,0,0,0,0,0,0,0,0,0
370985,2,1,1986,0,0,0,0,0,0,0,0,13,0
370986,1,1,1986,22,22,22,22,22,22,22,22,22,22
370987,1,1,1986,0,0,0,0,0,0,0,0,0,0
370987,2,1,1986,0,0,0,0,0,0,9,0,0,0
370988,1,1,1986,33,33,33,33,33,33,33,33,33,33
370988,2,1,1986,0,0,0,0,0,0,0,0,0,0
370989,1,1,1986,0,0,0,0,0,0,0,0,0,0
370989,2,1,1986,0,0,0,0,0,0,0,0,0,17
370990,1,1,1986,16,0,0,0,0,6,0,0,0,0
370991,1,1,1986,20,20,20,20,20,20,20,20,20,20
370993,1,1,1986,0,0,0,0,0,0,0,0,0,0
370993,2,1,1986,0,0,0,0,0,0,0,0,0,0
370994,1,1,1986,8,9,8,18,0,0,3,20,12,4
370994,2,1,1986,0,7,0,0,16,15,19,0,0,15
370995,1,1,1986,3,3,3,3,3,3,3,3,3,3
370995,2,1,1986,0,0,0,0,0,0,0,0,0,0
370996,1,1,1986,0,0,0,0,0,0,0,0,0,0
370996,2,1,1986,0,0,0,0,0,0,0,0,0,0
370997,1,1,1986,22,22,22,22,22,22,22,22,22,22
370998,0,1,1986,0,0,0,0,0,0,0,0,0,0
370998,1,1,1986,0,0,0,0,0,0,0,0,0,0
370999,0,1,1986,0,0,0,0,0,0,0,0,0,0
370999,1,1,1986,0,0,0,0,0,0,0,0,8,11
371000,1,1,1986,14,0,0,0,0,0,0,0,8,0
371000,2,1,1986,2,0,11,10,2,16,21,3,9,10
371001,1,1,1986,0,0,0,0,0,0,0,0,0,0
371001,2,1,1986,0,0,0,0,0,0,0,0,0,0
371002,1,1,1986,0,0,0,0,0,0,0,0,0,0
371002,2,1,1986,0,0,0,14,0,0,0,0,0,0
371003,0,1,1986,0,0,0,0,0,0,0,0,0,0
371003,1,1,1986,0,0,0,0,0,0,0,0,0,0
371004,1,1,1986,31,31,31,31,31,31,31,31,31,31
371005,0,1,1986,19,19,19,19,19,19,19,19,19,19
371005,1,1,1986,21,9,29,0,0,0,20,9,11,21
371006,1,1,1986,6,11,22,24,0,25,6,19,6,14
371006,2,1,1986,0,9,29,11,31,10,16,21,12,21
371007,1,1,1986,15,6,27,0,17,25,7,20,13,13
371007,2,1,1986,0,0,0,0,0,0,0,0,0,0
371008,0,1,1986,15,15,15,15,15,15,15,15,15,15
371008,1,1,1986,20,11,12,0,5,0,9,0,0,0
371009,1,1,1986,0,0,8,0,0,0,0,0,0,0
371009,2,1,1986,0,0,0,0,0,0,0,0,0,0
371010,1,1,1986,0,0,0,0,0,0,0,0,0,0
371010,2,1,1986,0,0,0,0,0,0,0,0,0,0
371011,1,1,1986,9,30,7,16,8,17,15,14,19,9
371011,2,1,1986,0,0,0,0,0,0,0,0,0,0
371012,1,1,1986,0,0,0,0,0,0,0,0,0,0
371012,2,1,1986,0,0,0,0,0,0,0,0,0,0
371013,1,1,1986,0,0,24,0,0,0,0,0,0,0
371013,2,1,1986,11,20,8,8,32,16,16,28,4,17
371015,1,1,1986,0,0,0,0,0,0,18,0,6,0
371016,1,1,1986,0,0,2,0,0,0,0,0,0,0
371016,2,1,1986,0,0,0,0,0,0,0,0,0,0
371017,1,1,1986,0,0,0,0,0,0,0,0,0,0
371017,2,1,1986,0,0,0,0,0,0,0,0,0,0
371018,0,1,1986,29,29,29,29,29,29,29,29,29,29
371018,1,1,1986,0,0,5,0,0,0,0,0,0,0
371019,0,1,1986,20,7,0,23,0,0,0,0,0,0
371019,1,1,1986,0,0,0,10,0,8,0,0,0,0
371020,1,1,1986,0,0,0,0,0,0,0,0,0,0
371020,2,1,1986,0,0,0,0,0,0,0,0,0,0
371021,0,1,1986,18,18,18,18,18,18,18,18,18,18
371021,1,1,1986,0,0,0,0,0,16,21,0,8,0
371022,1,1,1986,25,28,22,17,10,21,37,0,21,14
371023,0,1,1986,20,20,20,20,20,20,20,20,20,20
371023,1,1,1986,24,0,0,9,0,17,0,0,0,18
371024,0,1,1986,0,13,0,0,0,11,19,24,0,9
371024,1,1,1986,0,0,0,0,0,0,0,9,0,0
371025,1,1,1986,0,0,0,12,12,0,12,0,6,0
371025,2,1,1986,0,0,0,0,0,0,0,0,0,0
371026,1,1,1986,37,37,37,37,37,37,37,37,37,37
371027,1,1,1986,0,0,0,0,0,0,0,0,0,0
371028,0,1,1986,26,26,26,26,26,26,26,26,26,26
371028,1,1,1986,0,0,14,0,7,0,0,0,0,0
371029,1,1,1986,19,19,19,19,19,19,19,19,19,19
371030,1,1,1986,11,0,15,0,0,0,0,0,0,0
371030,2,1,1986,12,14,17,13,4,15,13,18,18,8
371031,1,1,1986,0,0,0,0,0,0,0,0,0,0
371031,2,1,1986,0,0,0,0,0,0,0,0,0,0
371032,1,1,1986,7,7,7,7,7,7,7,7,7,7
371033,1,1,1986,22,22,22,22,22,22,22,22,22,22
371034,0,1,1986,17,17,17,17,17,17,17,17,17,17
371034,1,1,1986,20,13,21,18,15,28,3,4,14,24
371035,1,1,1986,6,6,6,6,6,6,6,6,6,6
371036,1,1,1986,0,0,0,0,0,0,13,0,0,0
371036,2,1,1986,0,0,0,0,0,0,0,0,0,0
371037,1,1,1986,15,0,0,0,14,7,0,0,0,0
371037,2,1,1986,0,0,0,0,0,0,0,0,0,0
371038,0,1,1986,0,0,0,0,0,0,0,0,0,0
371038,1,1,1986,16,0,16,6,0,0,19,6,11,21
371039,1,1,1986,32,32,32,32,32,32,32,32,32,32
371040,1,1,1986,11,11,11,11,11,11,11,11,11,11
371041,1,1,1986,0,0,0,0,0,0,0,0,0,0
371041,2,1,1986,19,11,23,8,18,20,12,9,0,14
371042,1,1,1986,28,28,28,28,28,28,28,28,28,28
371043,1,1,1986,16,16,16,16,16,16,16,16,16,16
371044,0,1,1986,0,0,0,0,0,0,0,0,0,0
371044,1,1,1986,0,0,0,0,0,0,0,0,0,0
371045,0,1,1986,0,0,0,0,0,0,0,0,0,0
371045,1,1,1986,0,0,0,0,0,0,0,0,0,0
371046,1,1,1986,13,13,13,13,13,13,13,13,13,13
371047,1,1,1986,0,0,0,0,0,0,0,0,0,0
371047,2,1,1986,10,0,0,13,5,17,0,11,11,18
371048,1,1,1986,0,0,0,0,0,0,0,0,0,0
371048,2,1,1986,0,0,0,0,0,0,0,0,0,0
371049,1,1,1986,0,0,0,0,0,0,0,0,0,0
371050,1,1,1986,9,16,22,31,25,21,28,29,22,0
371051,0,1,1986,0,8,29,22,0,0,41,54,0,0
371051,1,1,1986,7,26,0,10,0,20,10,11,11,15
371052,1,1,1986,18,18,18,18,18,18,18,18,18,18
371052,2,1,1986,0,0,0,0,0,0,0,0,0,0
371053,1,1,1986,6,6,6,6,6,6,6,6,6,6
371053,2,1,1986,0,0,0,0,8,0,0,0,0,2
371054,1,1,1986,17,17,17,17,17,17,17,17,17,17
371055,1,1,1986,0,0,0,0,0,0,0,0,0,0
371056,1,1,1986,24,30,24,0,0,4,19,6,36,11
371056,2,1,1986,0,0,0,0,0,0,0,0,0,0
371057,1,1,1986,21,21,21,21,21,21,21,21,21,21
371058,1,1,1986,22,7,7,12,22,14,18,6,12,17
371058,2,1,1986,0,0,0,0,0,0,0,0,0,0
371058,3,1,1986,0,0,0,0,0,0,0,12,0,0
371059,1,1,1986,0,0,0,0,0,0,12,0,0,0
371059,2,1,1986,0,8,4,23,4,21,6,13,11,10
371060,1,1,1986,15,15,15,15,15,15,15,15,15,15
371061,1,1,1986,0,0,0,0,0,0,0,0,0,0
371062,1,1,1986,21,21,21,21,21,21,21,21,21,21
371062,2,1,1986,11,0,0,0,0,0,0,0,0,0
371063,0,1,1986,22,22,22,22,22,22,22,22,22,22
371063,1,1,1986,0,0,0,8,14,0,0,0,0,0
371064,1,1,1986,20,20,20,20,20,20,20,20,20,20
371065,1,1,1986,0,0,0,0,0,0,0,0,0,0
371065,2,1,1986,0,0,0,0,0,0,0,0,0,0
371066,1,1,1986,13,13,13,13,13,13,13,13,13,13
371067,0,1,1986,0,0,0,0,0,0,0,7,4,13
371067,1,1,1986,0,0,0,0,0,0,0,0,0,0
371068,1,1,1986,27,11,5,40,7,23,14,15,28,20
371069,1,1,1986,17,17,17,17,17,17,17,17,17,17
371069,2,1,1986,0,0,0,0,0,0,0,12,0,0
371070,0,1,1986,30,30,30,30,30,30,30,30,30,30
371070,1,1,1986,5,5,5,5,5,5,5,5,5,5
371071,1,1,1986,23,23,23,23,23,23,23,23,23,23
371072,0,1,1986,0,0,0,0,0,0,0,0,0,0
371072,1,1,1986,0,0,0,0,0,0,0,0,0,0
371073,1,1,1986,0,0,0,0,0,0,0,0,0,0
371074,1,1,1986,0,0,0,0,0,0,0,0,0,0
371074,2,1,1986,0,0,0,0,0,0,0,0,0,0
371075,0,1,1986,0,0,0,0,0,0,0,0,0,0
371075,1,1,1986,0,0,0,0,0,0,0,0,0,0
371076,1,1,1986,0,0,0,0,0,0,0,0,0,0
371077,1,1,1986,0,0,0,0,0,0,0,0,0,0
371077,2,1,1986,0,0,0,0,0,0,0,0,0,0
371078,1,1,1986,0,0,0,0,0,0,0,0,0,0
371078,2,1,1986,0,0,0,10,0,0,0,11,0,0
371079,1,1,1986,10,10,10,10,10,10,10,10,10,10
371079,2,1,1986,0,0,0,0,0,0,0,0,0,0
371080,1,1,1986,14,14,14,14,14,14,14,14,14,14
371081,1,1,1986,0,0,0,0,0,0,0,0,0,0
371081,2,1,1986,0,0,0,0,0,0,0,0,0,0
371082,1,1,1986,16,16,16,16,16,16,16,16,16,16
371083,1,1,1986,0,0,0,0,0,0,0,0,0,0
371083,2,1,1986,0,0,0,0,0,0,0,0,0,0
371085,0,1,1986,0,0,0,0,0,0,0,0,0,0
371085,1,1,1986,4,0,0,0,0,0,0,0,0,0
371086,1,1,1986,30,30,30,30,30,30,30,30,30,30
371087,1,1,1986,0,0,0,0,0,0,0,0,0,0
371087,2,1,1986,25,10,15,2,18,16,0,15,8,10
371088,1,1,1986,11,13,31,15,24,9,0,18,16,11
371089,1,1,1986,0,0,0,0,0,0,0,0,0,0
371089,2,1,1986,0,0,0,0,0,0,0,0,0,0
371090,1,1,1986,0,0,0,0,0,0,0,8,0,0
371091,1,1,1986,20,20,20,20,20,20,20,20,20,20
371092,0,1,1986,3,3,3,3,3,3,3,3,3,3
371092,1,1,1986,0,0,0,0,0,0,0,0,0,0
371093,1,1,1986,10,19,18,19,7,29,17,17,6,14
371094,1,1,1986,0,18,29,0,0,0,18,0,11,8
371095,0,1,1986,35,35,35,35,35,35,35,35,35,35
371095,1,1,1986,0,0,12,0,0,6,9,0,0,0
371096,1,1,1986,0,0,0,0,0,0,0,0,7,5
371097,1,1,1986,0,0,0,0,0,0,0,0,0,0
371097,2,1,1986,0,0,0,0,0,0,0,0,0,0
371099,1,1,1986,0,0,0,0,0,6,0,0,0,10
371099,2,1,1986,0,0,0,0,0,0,0,0,0,0
371100,0,1,1986,0,0,0,0,0,0,0,0,0,0
371100,1,1,1986,0,13,0,0,0,0,0,0,0,0
371101,1,1,1986,0,0,0,0,0,0,0,0,0,0
371101,2,1,1986,0,0,0,0,0,0,0,0,0,0
371101,3,1,1986,0,0,0,0,0,0,0,0,0,0
371102,1,1,1986,0,0,0,13,0,0,0,0,0,0
371103,1,1,1986,23,14,17,0,12,0,10,12,8,9
371104,1,1,1986,17,17,17,17,17,17,17,17,17,17
371104,2,1,1986,0,0,0,0,0,0,0,0,0,0
371105,1,1,1986,23,36,18,25,12,19,8,18,39,27
371106,1,1,1986,0,0,0,0,0,0,0,0,0,0
371107,1,1,1986,9,0,16,15,0,10,0,0,0,0
371108,1,1,1986,25,25,25,25,25,25,25,25,25,25
371109,0,1,1986,0,0,0,0,0,0,0,0,0,0
371109,1,1,1986,22,11,0,15,28,3,6,13,3,0
371110,1,1,1986,0,0,0,0,0,0,0,0,0,0
371110,2,1,1986,0,0,0,0,0,0,0,0,0,0
371111,1,1,1986,0,0,0,0,0,0,0,0,0,0
371111,2,1,1986,0,0,0,0,0,0,0,0,0,0
371112,1,1,1986,0,0,0,0,0,0,0,0,0,0
371113,1,1,1986,24,0,0,0,0,0,0,5,0,22
371113,2,1,1986,0,0,0,4,0,17,0,0,0,11
371114,1,1,1986,0,0,0,0,0,0,0,0,0,0
371114,2,1,1986,0,0,0,0,0,0,0,0,0,0
371115,0,1,1986,0,0,0,0,0,0,0,0,0,0
371115,1,1,1986,0,0,0,0,0,0,0,0,0,0
371116,1,1,1986,0,0,20,28,6,7,0,0,0,15
371116,2,1,1986,0,0,0,0,0,0,0,0,0,0
371117,1,1,1986,9,0,0,0,0,0,0,0,0,0
371118,1,1,1986,0,0,0,0,0,0,0,0,0,0
371118,2,1,1986,0,0,0,0,0,0,0,0,0,0
371118,3,1,1986,0,0,0,0,0,0,0,0,0,0
371119,1,1,1986,7,7,7,7,7,7,7,7,7,7
371120,1,1,1986,5,0,0,0,0,0,0,0,0,0
371120,2,1,1986,0,0,0,0,0,0,0,0,0,0
371121,1,1,1986,0,0,0,0,0,0,0,0,0,0
371121,2,1,1986,0,0,0,0,0,0,0,0,0,0
371122,1,1,1986,22,22,22,22,22,22,22,22,22,22
371123,1,1,1986,0,0,0,0,13,0,0,0,0,0
371123,2,1,1986,13,18,8,21,20,21,0,26,23,26
371124,0,1,1986,18,18,18,18,18,18,18,18,18,18
371124,1,1,1986,0,4,8,13,0,0,0,0,28,0
371125,1,1,1986,15,15,15,15,15,15,15,15,15,15
371126,1,1,1986,19,19,19,19,19,19,19,19,19,19
371127,1,1,1986,3,0,0,6,0,0,0,15,16,0
371128,0,1,1986,0,0,0,0,0,0,0,0,0,0
371128,1,1,1986,0,0,0,0,0,0,0,0,0,0
371129,0,1,1986,31,31,31,31,31,31,31,31,31,31
371129,1,1,1986,0,0,0,0,0,0,0,0,0,0
371130,0,1,1986,21,21,21,21,21,21,21,21,21,21
371130,1,1,1986,4,20,27,7,17,0,9,12,4,46
371131,0,1,1986,22,22,22,22,22,22,22,22,22,22
371131,1,1,1986,0,0,0,0,0,0,0,0,0,0
371132,1,1,1986,10,15,14,6,12,13,6,17,10,16
371133,1,1,1986,23,23,23,23,23,23,23,23,23,23
371134,1,1,1986,12,12,12,12,12,12,12,12,12,12
371135,1,1,1986,10,7,10,8,5,35,0,21,7,10
371135,2,1,1986,15,15,15,15,15,15,15,15,15,15
371136,1,1,1986,9,0,0,0,0,0,0,0,0,0
371136,2,1,1986,0,0,0,0,0,0,0,0,0,0
371136,3,1,1986,0,0,0,0,0,0,0,0,0,0
371137,0,1,1986,21,21,21,21,21,21,21,21,21,21
371137,1,1,1986,12,0,0,7,0,12,6,0,0,0
371138,0,1,1986,9,9,9,9,9,9,9,9,9,9
371138,1,1,1986,10,11,25,18,17,15,16,8,15,19
371139,1,1,1986,0,0,0,0,0,0,0,0,0,0
371139,2,1,1986,0,0,0,0,0,0,0,0,0,0
371140,1,1,1986,0,12,0,0,0,0,0,8,0,0
371141,1,1,1986,0,0,0,0,0,0,0,0,0,0
371141,2,1,1986,0,0,13,16,0,0,0,0,0,0
371142,1,1,1986,0,0,0,0,0,0,0,0,0,0
371142,2,1,1986,0,0,0,0,0,0,0,0,0,0
371143,1,1,1986,0,0,0,12,0,0,0,15,0,0
371143,2,1,1986,0,0,0,0,0,0,0,0,0,0
371144,1,1,1986,16,16,16,16,16,16,16,16,16,16
371145,1,1,1986,0,0,0,0,0,0,0,0,0,0
371145,2,1,1986,9,5,0,0,8,8,0,0,0,4
371146,1,1,1986,0,0,0,0,0,0,0,0,0,0
371147,1,1,1986,0,0,0,0,0,0,0,0,0,0
371147,2,1,1986,0,0,0,0,0,0,0,0,0,0
371148,1,1,1986,0,0,0,0,0,0,0,0,0,0
371148,2,1,1986,0,0,0,0,0,0,0,0,0,0
371149,1,1,1986,16,16,16,16,16,16,16,16,16,16
371150,1,1,1986,0,0,0,10,0,0,0,0,0,0
371150,2,1,1986,13,13,13,13,13,13,13,13,13,13
371151,1,1,1986,0,0,0,0,0,0,0,0,0,0
371151,2,1,1986,0,0,0,0,0,0,0,0,0,0
371152,1,1,1986,25,22,19,14,19,21,15,8,26,23
371152,2,1,1986,0,0,0,0,0,0,0,0,0,0
371153,0,1,1986,0,0,0,0,0,0,0,0,0,0
371153,1,1,1986,0,0,0,0,0,0,0,0,0,0
371154,1,1,1986,0,0,0,0,0,0,0,0,0,0
371154,2,1,1986,0,0,0,0,0,0,0,0,0,0
371155,1,1,1986,19,19,19,19,19,19,19,19,19,19
371156,1,1,1986,0,0,0,0,0,0,0,0,0,0
371156,2,1,1986,14,12,18,15,14,22,19,13,19,15
371157,1,1,1986,0,0,0,0,0,0,0,0,0,0
371157,2,1,1986,0,0,0,0,0,0,0,0,0,0
371158,1,1,1986,26,26,26,26,26,26,26,26,26,26
371159,1,1,1986,0,0,0,0,0,0,0,0,0,0
371160,0,1,1986,11,11,11,11,11,11,11,11,11,11
371160,1,1,1986,0,0,0,0,0,0,0,0,0,0
371161,0,1,1986,22,22,22,22,22,22,22,22,22,22
371161,1,1,1986,14,0,0,12,17,0,26,0,0,7
371162,1,1,1986,14,24,8,5,21,27,18,12,8,31
371162,2,1,1986,0,0,0,0,0,0,0,0,0,0
371163,1,1,1986,22,22,22,22,22,22,22,22,22,22
371164,1,1,1986,22,22,22,22,22,22,22,22,22,22
371165,0,1,1986,0,0,11,0,0,10,19,28,14,0
371165,1,1,1986,10,0,0,0,0,0,9,0,0,0
371166,1,1,1986,26,14,19,19,12,19,21,6,20,31
371166,2,1,1986,0,0,0,0,0,0,0,0,0,0
371167,1,1,1986,0,0,0,0,0,0,0,0,0,0
371168,1,1,1986,23,10,0,0,0,6,0,0,12,0
371169,1,1,1986,0,0,0,0,0,0,0,0,0,0
371169,2,1,1986,0,0,0,0,0,0,0,0,0,0
371170,0,1,1986,16,16,16,16,16,16,16,16,16,16
371170,1,1,1986,0,0,0,0,0,0,0,0,0,0
371171,1,1,1986,0,0,0,0,0,0,0,0,0,0
371171,2,1,1986,7,0,0,0,0,5,0,0,0,0
371172,1,1,1986,0,0,0,0,0,0,0,0,0,0
371172,2,1,1986,0,0,0,0,0,0,0,0,0,14
371173,1,1,1986,0,0,0,0,0,0,0,0,0,0
371173,2,1,1986,0,0,0,0,0,0,0,0,0,0
371174,0,1,1986,16,16,16,16,16,16,16,16,16,16
371174,1,1,1986,0,20,15,0,0,0,0,25,17,15
371175,0,1,1986,16,16,16,16,16,16,16,16,16,16
371175,1,1,1986,0,0,0,0,10,0,0,0,0,0
371176,0,1,1986,28,28,28,28,28,28,28,28,28,28
371176,1,1,1986,12,0,0,9,0,0,28,0,0,15
371177,1,1,1986,0,0,0,0,0,0,0,0,0,0
371178,1,1,1986,18,8,12,24,19,15,17,17,28,0
371178,2,1,1986,0,0,0,0,0,0,0,0,0,0
371179,1,1,1986,0,0,0,0,0,0,0,0,0,0
371179,2,1,1986,0,0,0,0,0,0,0,0,0,0
371180,1,1,1986,30,30,30,30,30,30,30,30,30,30
371181,1,1,1986,21,21,21,21,21,21,21,21,21,21
371182,1,1,1986,9,22,0,0,5,19,10,12,0,7
371182,2,1,1986,0,0,0,0,0,0,0,0,0,0
371182,3,1,1986,0,0,0,0,0,0,0,0,0,0
371183,0,1,1986,0,0,0,0,0,0,0,0,0,0
371183,1,1,1986,0,0,0,0,0,0,0,0,0,0
371184,1,1,1986,0,0,0,0,0,0,0,0,0,0
371184,2,1,1986,0,0,0,0,0,0,0,0,0,0
371185,1,1,1986,26,26,26,26,26,26,26,26,26,26
371186,1,1,1986,17,17,17,17,17,17,17,17,17,17
371187,0,1,1986,23,43,7,18,21,12,16,16,21,21
371187,1,1,1986,0,0,0,0,0,0,0,0,0,0
371188,1,1,1986,18,18,18,18,18,18,18,18,18,18
371189,0,1,1986,0,0,0,0,0,0,0,0,0,0
371189,0,2,1986,0,14,0,0,16,0,0,5,0,0
371189,1,1,1986,13,16,13,6,15,22,14,13,24,9
371190,1,1,1986,0,0,0,0,0,0,0,0,0,0
371190,2,1,1986,0,0,13,0,0,0,0,0,0,0
371191,0,1,1986,35,35,35,35,35,35,35,35,35,35
371191,1,1,1986,9,9,9,9,9,9,9,9,9,9
371192,1,1,1986,22,22,22,22,22,22,22,22,22,22
371193,1,1,1986,7,7,7,7,7,7,7,7,7,7
371193,2,1,1986,0,0,0,0,0,14,7,0,0,0
371194,1,1,1986,0,0,0,0,0,0,0,0,0,0
371194,2,1,1986,0,0,0,0,0,0,0,0,3,0
371195,1,1,1986,0,11,0,0,4,0,0,0,0,0
371195,2,1,1986,0,0,0,0,0,0,0,0,0,0