ST_CASE,VEH_NO,PER_NO,YEAR,P1,P2,P3,P4,P5,P6,P7,P8,P9,P10
371468,1,1,1986,0,0,0,0,6,0,0,0,0,0
371469,0,1,1986,0,0,0,0,0,0,0,0,0,0
371469,1,1,1986,0,0,12,0,12,0,9,0,0,0
371470,1,1,1986,0,0,0,0,0,0,0,0,0,0
371470,2,1,1986,21,21,21,21,21,21,21,21,21,21
371471,1,1,1986,31,31,31,31,31,31,31,31,31,31
371472,1,1,1986,28,28,28,28,28,28,28,28,28,28
371473,1,1,1986,24,24,18,20,29,39,38,23,17,18
371474,1,1,1986,14,21,20,18,23,23,21,15,19,8
371475,1,1,1986,23,23,23,23,23,23,23,23,23,23
371476,1,1,1986,13,27,33,19,10,9,26,14,11,25
371477,1,1,1986,0,0,0,0,0,0,0,0,0,0
371478,1,1,1986,0,0,0,0,0,0,0,0,0,0
371478,2,1,1986,0,0,0,0,0,0,0,0,0,0
371479,1,1,1986,24,14,23,0,10,0,0,0,15,6
371480,0,1,1986,17,22,0,22,10,0,24,28,37,30
371480,1,1,1986,0,0,0,0,0,11,0,0,0,0
371481,1,1,1986,0,0,0,21,0,0,0,0,0,0
371481,2,1,1986,0,9,0,0,0,0,0,0,0,0
371482,1,1,1986,0,0,0,0,0,0,8,9,0,0
371483,1,1,1986,0,0,0,0,0,0,0,0,0,0
371484,1,1,1986,0,0,0,0,0,0,0,0,0,0
371484,2,1,1986,0,0,8,0,0,0,0,0,0,0
371484,3,1,1986,0,0,0,0,0,0,0,0,0,0
371485,1,1,1986,9,9,9,9,9,9,9,9,9,9
371486,0,1,1986,0,0,0,0,0,0,0,0,0,0
371486,1,1,1986,0,0,0,0,0,0,0,0,0,0
371487,1,1,1986,5,5,5,5,5,5,5,5,5,5
371488,1,1,1986,10,10,10,10,10,10,10,10,10,10
371489,1,1,1986,9,6,21,9,18,8,16,8,21,27
371490,1,1,1986,0,0,0,0,0,0,0,0,0,0
371490,2,1,1986,0,0,0,0,0,0,0,0,0,0
371491,1,1,1986,0,0,0,0,0,0,0,0,0,0
371492,1,1,1986,19,24,26,9,17,35,22,23,9,0
371493,1,1,1986,0,0,0,0,0,0,0,0,0,0
371493,2,1,1986,0,0,0,0,0,0,0,0,0,0
371494,0,1,1986,0,0,0,0,0,0,0,0,0,0
371494,1,1,1986,0,0,0,0,0,0,0,0,0,0
371495,1,1,1986,0,0,0,0,0,0,0,0,0,7
371496,1,1,1986,35,18,17,7,13,0,7,21,15,30
371497,1,1,1986,31,31,31,31,31,31,31,31,31,31
371498,1,1,1986,0,0,0,0,0,0,0,0,0,0
371498,2,1,1986,0,0,0,0,0,0,0,0,0,0
371499,1,1,1986,6,17,13,10,9,8,12,11,26,10
371499,2,1,1986,30,19,14,18,5,11,14,20,9,19
371500,1,1,1986,0,0,0,0,0,0,0,0,0,0
371500,2,1,1986,0,0,0,15,0,0,0,0,0,25
371501,1,1,1986,0,0,0,0,0,0,0,0,0,0
371501,2,1,1986,0,0,0,0,0,0,0,0,0,0
371502,1,1,1986,0,0,0,0,0,0,0,0,0,0
371502,2,1,1986,0,0,0,0,0,0,0,0,0,0
371503,0,1,1986,0,12,0,24,0,0,0,0,0,0
371503,1,1,1986,0,0,0,0,0,0,0,0,0,11
371504,1,1,1986,14,21,0,9,20,32,12,14,0,12
371505,0,1,1986,0,0,0,0,0,8,0,5,0,24
371505,1,1,1986,0,0,0,0,12,0,0,0,0,0
371506,0,1,1986,13,29,27,38,16,25,6,23,30,24
371506,1,1,1986,0,0,0,0,0,0,0,0,0,0
371507,0,1,1986,0,0,0,0,0,0,0,0,0,0
371507,1,1,1986,0,0,0,0,0,0,0,0,0,0
371508,0,1,1986,31,20,23,20,17,0,28,9,25,0
371508,1,1,1986,0,0,0,0,0,0,0,0,0,0
371508,2,1,1986,0,0,0,0,0,0,0,0,0,0
371509,0,1,1986,38,26,24,25,16,10,24,25,14,9
371509,1,1,1986,0,23,0,0,0,6,12,6,0,6
371510,0,1,1986,19,15,7,4,18,30,19,14,22,17
371510,1,1,1986,0,0,0,0,0,19,0,0,0,0
380001,1,1,1986,17,17,17,17,17,17,17,17,17,17
380001,2,1,1986,0,0,0,0,0,0,0,0,0,0
380002,1,1,1986,13,13,13,13,13,13,13,13,13,13
380003,0,1,1986,0,0,0,0,0,0,0,0,0,0
380003,1,1,1986,0,0,0,0,0,8,0,0,0,0
380004,1,1,1986,0,0,7,0,0,7,12,0,0,0
380005,1,1,1986,0,0,0,0,8,0,0,0,0,0
380006,1,1,1986,18,18,18,18,18,18,18,18,18,18
380007,1,1,1986,0,0,0,0,0,0,0,0,0,0
380007,2,1,1986,0,0,0,0,0,0,0,0,0,0
380008,1,1,1986,0,0,0,0,0,0,0,0,0,0
380008,2,1,1986,0,6,0,0,0,0,0,0,0,7
380009,1,1,1986,0,0,0,0,0,0,0,0,0,0
380009,2,1,1986,0,0,0,0,0,0,0,0,0,0
380010,1,1,1986,22,22,22,22,22,22,22,22,22,22
380012,1,1,1986,24,24,24,24,24,24,24,24,24,24
380012,2,1,1986,0,0,0,0,0,0,0,0,0,0
380013,1,1,1986,27,27,27,27,27,27,27,27,27,27
380014,1,1,1986,0,0,0,0,0,0,0,0,0,0
380014,2,1,1986,0,0,0,0,0,0,0,0,0,0
380015,1,1,1986,9,18,14,0,7,6,19,12,0,0
380016,1,1,1986,23,23,23,23,23,23,23,23,23,23
380017,1,1,1986,6,0,14,0,0,0,0,6,0,0
380018,1,1,1986,8,8,8,8,8,8,8,8,8,8
380019,1,1,1986,0,0,0,0,0,0,0,0,0,0
380019,2,1,1986,0,0,0,0,0,0,0,0,0,0
380019,3,1,1986,0,0,0,0,0,0,0,0,0,0
380020,1,1,1986,14,14,14,14,14,14,14,14,14,14
380021,1,1,1986,0,0,0,0,0,0,0,0,0,0
380022,1,1,1986,0,9,13,19,0,8,13,16,0,24
380023,1,1,1986,0,0,0,0,0,0,0,0,0,0
380024,1,1,1986,0,0,0,0,0,0,0,0,0,0
380025,1,1,1986,0,0,0,0,0,0,0,0,0,0
380026,1,1,1986,19,19,19,19,19,19,19,19,19,19
380027,1,1,1986,15,26,9,0,14,20,17,21,21,20
380028,1,1,1986,0,0,0,0,0,0,0,0,0,0
380029,1,1,1986,0,0,0,0,0,0,0,0,0,0
380030,1,1,1986,6,6,13,6,9,0,22,0,6,7
380031,1,1,1986,0,0,0,0,0,0,0,0,0,0
380031,2,1,1986,0,0,0,0,0,0,0,0,0,0
380032,1,1,1986,0,0,0,0,0,0,0,0,0,3
380033,1,1,1986,0,0,0,0,0,0,0,0,0,0
380033,2,1,1986,0,0,0,0,0,0,0,0,0,0
380034,1,1,1986,0,0,24,0,0,13,8,0,17,0
380035,1,1,1986,14,14,14,14,14,14,14,14,14,14
380036,1,1,1986,26,26,26,26,26,26,26,26,26,26
380037,1,1,1986,0,0,0,0,0,0,0,0,0,0
380037,2,1,1986,0,0,0,0,0,0,0,0,0,0
380038,1,1,1986,16,16,16,16,16,16,16,16,16,16
380039,1,1,1986,17,17,17,17,17,17,17,17,17,17
380040,1,1,1986,0,0,0,0,0,0,0,0,0,0
380040,2,1,1986,0,0,0,0,0,0,0,0,0,0
380041,1,1,1986,0,0,0,0,0,0,0,0,0,0
380041,2,1,1986,0,0,0,0,0,0,0,0,0,0
380042,1,1,1986,0,0,0,0,0,0,0,0,0,0
380042,2,1,1986,0,0,0,0,26,23,12,4,0,0
380044,1,1,1986,28,28,28,28,28,28,28,28,28,28
380044,2,1,1986,0,0,0,0,0,0,0,0,0,0
380045,1,1,1986,9,13,0,0,0,0,0,0,0,0
380046,1,1,1986,9,16,0,0,17,13,9,10,14,5
380047,1,1,1986,13,13,13,13,13,13,13,13,13,13
380047,2,1,1986,0,0,0,0,0,0,0,0,0,0
380048,1,1,1986,11,0,0,0,0,0,0,0,0,0
380049,1,1,1986,0,0,0,0,0,0,0,0,0,0
380049,2,1,1986,0,0,0,0,0,0,0,0,0,0
380050,1,1,1986,0,0,0,0,0,0,0,0,0,0
380051,1,1,1986,15,15,15,15,15,15,15,15,15,15
380052,1,1,1986,0,0,0,0,0,0,0,0,0,0
380052,2,1,1986,0,0,0,0,0,12,0,0,0,0
380053,1,1,1986,0,0,0,0,0,0,0,0,0,0
380054,1,1,1986,21,25,0,7,9,22,24,20,16,6
380054,2,1,1986,0,0,23,3,0,0,0,0,10,0
380055,1,1,1986,11,11,11,11,11,11,11,11,11,11
380055,2,1,1986,7,7,7,7,7,7,7,7,7,7
380056,1,1,1986,29,29,29,29,29,29,29,29,29,29
380056,2,1,1986,0,0,0,0,0,0,0,0,0,0
380057,1,1,1986,0,0,0,0,0,0,0,0,0,0
380057,2,1,1986,0,0,0,0,0,0,0,0,7,0
380058,1,1,1986,14,14,14,14,14,14,14,14,14,14
380058,2,1,1986,1,1,1,1,1,1,1,1,1,1
380059,1,1,1986,0,0,0,0,0,0,0,0,0,0
380059,2,1,1986,0,0,0,0,0,0,0,0,0,0
380060,1,1,1986,0,4,26,15,19,14,14,6,0,0
380061,1,1,1986,0,0,0,0,0,0,0,0,0,0
380061,2,1,1986,0,0,0,0,0,0,0,0,0,0
380062,1,1,1986,17,17,17,17,17,17,17,17,17,17
380063,1,1,1986,0,0,0,0,0,0,16,0,0,0
380063,2,1,1986,0,0,0,0,0,0,0,0,25,0
380063,3,1,1986,9,0,0,0,0,0,0,0,0,0
380063,4,1,1986,0,0,0,0,0,0,0,0,0,0
380063,5,1,1986,0,0,0,0,6,0,0,0,0,0
380064,0,1,1986,0,0,0,0,0,0,0,0,0,0
380064,1,1,1986,0,0,0,0,0,0,0,0,0,0
380065,1,1,1986,19,19,19,19,19,19,19,19,19,19
380066,0,1,1986,18,18,18,18,18,18,18,18,18,18
380066,1,1,1986,11,20,21,11,8,20,13,20,14,21
380068,1,1,1986,17,17,17,17,17,17,17,17,17,17
380069,1,1,1986,0,0,0,0,0,0,0,0,0,0
380070,1,1,1986,0,0,0,0,0,0,0,0,0,0
380071,1,1,1986,0,0,0,0,0,0,0,0,0,0
380071,2,1,1986,0,0,0,0,0,0,0,0,0,0
380072,1,1,1986,7,24,23,5,24,28,17,13,4,21
380073,1,1,1986,22,30,6,17,4,19,18,3,26,23
380073,2,1,1986,4,4,4,4,4,4,4,4,4,4
380074,1,1,1986,0,0,0,0,0,0,0,0,0,0
380075,1,1,1986,26,26,26,26,26,26,26,26,26,26
380076,1,1,1986,0,0,0,0,0,0,0,0,0,0
380076,2,1,1986,0,0,0,0,0,0,0,0,0,0
380077,1,1,1986,0,0,0,0,0,0,0,0,0,0
380077,2,1,1986,0,0,0,0,0,0,0,0,0,0
380078,1,1,1986,0,0,0,0,0,0,0,0,0,0
380078,2,1,1986,0,0,0,0,0,0,0,0,0,0
380078,3,1,1986,0,0,0,0,0,0,0,0,0,0
380079,0,1,1986,0,0,0,0,0,0,0,0,0,0
380079,0,2,1986,0,0,0,0,0,0,0,0,0,0
380079,1,1,1986,0,0,0,10,0,0,0,11,0,0
380080,1,1,1986,0,0,0,0,0,0,14,0,0,0
380080,2,1,1986,0,0,0,0,0,0,0,0,0,0
380081,1,1,1986,16,16,16,16,16,16,16,16,16,16
380081,2,1,1986,11,0,0,0,20,0,0,0,0,0
380082,1,1,1986,12,12,12,12,12,12,12,12,12,12
380083,1,1,1986,0,0,0,0,0,0,0,0,0,0
380083,2,1,1986,0,0,0,0,0,0,0,0,0,0
380084,1,1,1986,12,0,0,14,0,11,24,0,26,21
380085,1,1,1986,0,0,0,0,0,0,0,0,0,0
380085,2,1,1986,0,0,0,0,0,8,4,0,0,0
380086,1,1,1986,0,0,0,0,0,0,12,0,0,8
380087,1,1,1986,11,0,0,0,0,0,9,18,0,23
380087,2,1,1986,36,0,9,16,19,0,0,6,0,16
380088,1,1,1986,25,25,25,25,25,25,25,25,25,25
380089,1,1,1986,0,18,0,0,0,0,0,0,0,0
380089,2,1,1986,0,0,0,0,0,0,0,0,0,0
380090,1,1,1986,0,0,0,0,0,0,0,0,0,0
380090,2,1,1986,0,0,0,0,0,0,0,0,0,0
380091,1,1,1986,16,16,16,16,16,16,16,16,16,16
390001,1,1,1986,25,25,25,25,25,25,25,25,25,25
390002,1,1,1986,0,6,0,0,0,0,0,0,0,5
390002,2,1,1986,0,0,0,0,8,0,0,0,0,0
390003,0,1,1986,0,0,0,0,0,0,24,0,0,0
390003,1,1,1986,0,0,0,0,0,0,0,4,0,0
390004,1,1,1986,0,0,0,0,0,0,0,0,0,0
390004,2,1,1986,0,0,0,3,0,0,0,0,0,0
390005,1,1,1986,0,0,0,0,0,0,0,0,0,0
390005,2,1,1986,0,0,0,0,0,0,0,0,0,0
390006,1,1,1986,0,0,0,0,0,0,0,0,0,26
390007,1,1,1986,0,0,0,0,0,0,0,0,0,0
390008,1,1,1986,24,24,24,24,24,24,24,24,24,24
390008,2,1,1986,0,0,0,0,0,0,0,0,0,0
390009,0,1,1986,25,25,25,25,25,25,25,25,25,25
390009,1,1,1986,15,10,12,14,0,8,11,0,20,19
390011,1,1,1986,10,26,33,24,20,19,16,22,9,17
390012,1,1,1986,0,0,0,0,0,0,0,0,0,0
390012,2,1,1986,0,0,0,0,0,0,0,0,0,0
390013,1,1,1986,3,0,0,0,0,0,0,0,0,0
390014,1,1,1986,0,0,0,0,0,0,0,0,0,0
390014,2,1,1986,0,0,0,0,0,0,0,0,11,0
390015,1,1,1986,7,0,0,0,0,4,0,13,0,24
390016,1,1,1986,18,18,18,18,18,18,18,18,18,18
390017,1,1,1986,0,0,0,0,0,0,0,0,0,0
390017,2,1,1986,0,0,0,0,0,0,0,24,0,0
390018,1,1,1986,0,0,0,0,0,0,0,0,0,0
390018,2,1,1986,0,0,0,0,0,0,0,0,0,0
390019,0,1,1986,0,5,0,0,0,0,0,0,0,0
390019,1,1,1986,0,0,0,0,0,0,0,0,0,0
390020,0,1,1986,0,0,5,0,0,0,0,0,0,0
390020,1,1,1986,0,0,0,0,0,0,0,0,0,0
390021,1,1,1986,0,19,3,8,21,10,0,9,0,0
390022,1,1,1986,4,4,4,4,4,4,4,4,4,4
390023,0,1,1986,9,0,0,16,0,0,0,0,0,0
390023,1,1,1986,0,0,0,0,0,0,0,0,0,0
390024,0,1,1986,20,20,20,20,20,20,20,20,20,20
390024,1,1,1986,0,0,0,0,0,0,0,0,0,0
390025,1,1,1986,0,14,0,0,0,0,0,0,3,0
390025,2,1,1986,24,0,0,0,0,0,0,0,0,0
390026,0,1,1986,28,43,19,12,13,19,11,21,30,13
390026,1,1,1986,16,15,0,6,19,11,20,0,0,0
390027,1,1,1986,0,0,0,0,12,0,0,0,0,0
390027,2,1,1986,0,0,9,0,21,0,0,0,0,0
390028,1,1,1986,22,22,22,22,22,22,22,22,22,22
390029,1,1,1986,0,0,0,0,0,0,0,0,0,0
390029,2,1,1986,14,0,0,0,0,0,0,0,0,0
390030,0,1,1986,0,0,0,0,0,0,0,0,0,0
390030,1,1,1986,0,0,0,0,0,0,0,0,0,0
390031,1,1,1986,0,0,0,0,9,0,0,0,16,0
390032,1,1,1986,0,0,0,0,0,0,0,0,0,0
390032,2,1,1986,6,0,0,0,0,0,0,0,0,0
390033,1,1,1986,0,4,0,0,18,0,0,12,0,0
390034,0,1,1986,0,0,0,0,0,0,0,0,0,0
390034,1,1,1986,0,0,0,0,0,0,0,0,0,0
390035,0,1,1986,0,0,0,0,0,0,0,0,0,0
390035,1,1,1986,0,0,0,0,0,0,0,0,0,0
390036,0,1,1986,0,0,0,0,0,0,0,0,0,0
390036,1,1,1986,0,0,0,0,0,0,0,0,0,0
390037,1,1,1986,0,0,0,0,0,0,0,0,0,0
390037,2,1,1986,0,0,0,0,0,0,0,0,0,0
390038,1,1,1986,7,7,7,7,7,7,7,7,7,7
390039,1,1,1986,0,0,0,0,0,0,0,0,0,2
390039,2,1,1986,12,12,12,12,12,12,12,12,12,12
390040,0,1,1986,48,13,8,0,43,31,28,11,24,22
390040,1,1,1986,34,34,34,34,34,34,34,34,34,34
390041,1,1,1986,0,0,18,0,0,0,0,0,12,0
390041,2,1,1986,0,0,0,0,0,0,0,0,0,0
390042,1,1,1986,13,13,13,13,13,13,13,13,13,13
390043,1,1,1986,34,34,34,34,34,34,34,34,34,34
390044,1,1,1986,23,23,23,23,23,23,23,23,23,23
390045,1,1,1986,0,0,0,0,0,0,0,0,0,0
390046,1,1,1986,6,0,18,26,0,0,31,16,8,0
390047,0,1,1986,52,52,52,52,52,52,52,52,52,52
390047,1,1,1986,0,0,0,0,0,0,0,0,0,0
390048,1,1,1986,0,0,0,0,0,6,0,10,19,0
390048,2,1,1986,5,13,13,14,14,18,14,22,14,0
390049,0,1,1986,21,21,21,21,21,21,21,21,21,21
390049,1,1,1986,0,0,0,0,0,0,0,0,0,0
390050,1,1,1986,32,32,32,32,32,32,32,32,32,32
390051,0,1,1986,0,0,0,0,0,0,10,0,0,0
390051,1,1,1986,0,0,0,0,0,0,0,13,0,0
390052,1,1,1986,0,0,0,7,0,0,0,0,0,0
390052,2,1,1986,0,0,0,0,0,10,0,0,0,0
390052,3,1,1986,0,0,9,0,0,0,0,0,7,0
390053,1,1,1986,0,18,5,0,0,17,0,22,16,25
390054,0,1,1986,14,14,14,14,14,14,14,14,14,14
390054,1,1,1986,0,0,0,0,0,0,0,0,0,0
390055,1,1,1986,15,9,0,24,9,15,13,0,8,13
390055,2,1,1986,10,10,10,10,10,10,10,10,10,10
390056,1,1,1986,0,16,0,0,0,6,0,14,0,0
390056,2,1,1986,0,0,0,0,0,0,0,0,0,0
390057,1,1,1986,12,25,20,16,15,21,16,29,19,33
390058,1,1,1986,9,9,9,9,9,9,9,9,9,9
390059,1,1,1986,0,0,0,0,0,0,0,0,0,0
390059,2,1,1986,0,24,0,0,0,0,5,0,0,0
390060,1,1,1986,33,33,33,33,33,33,33,33,33,33
390061,1,1,1986,0,0,0,5,0,0,0,1,0,0
390062,1,1,1986,0,3,0,13,0,0,0,0,0,0
390063,1,1,1986,10,0,10,11,20,0,27,0,0,18
390064,1,1,1986,15,10,13,9,27,21,20,3,23,21
390065,1,1,1986,0,0,0,0,0,0,0,4,0,0
390065,2,1,1986,0,0,0,0,0,2,0,0,0,0
390066,1,1,1986,0,0,0,0,0,0,0,0,0,0
390066,2,1,1986,0,0,0,0,0,0,0,0,0,2
390067,1,1,1986,12,12,12,12,12,12,12,12,12,12
390068,1,1,1986,0,0,0,0,0,0,0,0,0,0
390069,1,1,1986,21,2,15,10,5,10,11,13,14,16
390070,1,1,1986,0,0,0,0,0,0,0,0,0,0
390070,2,1,1986,0,0,15,0,0,0,0,0,6,0
390071,0,1,1986,20,15,19,30,8,0,15,19,21,20
390071,1,1,1986,0,26,8,26,0,0,0,20,24,9
390072,1,1,1986,0,0,0,0,0,0,0,0,0,0
390073,1,1,1986,0,0,0,0,0,0,0,0,0,0
390073,2,1,1986,16,16,16,16,16,16,16,16,16,16
390074,1,1,1986,0,0,0,0,0,0,0,0,0,0
390074,2,1,1986,0,0,0,0,0,0,0,0,0,0
390075,1,1,1986,26,26,26,26,26,26,26,26,26,26
390076,1,1,1986,0,0,0,0,0,0,0,0,0,0
390076,2,1,1986,0,0,9,0,0,0,0,0,18,0
390077,1,1,1986,26,26,26,26,26,26,26,26,26,26
390077,2,1,1986,0,6,0,0,0,0,0,0,11,0
390078,1,1,1986,0,0,0,0,0,0,0,0,0,0
390078,2,1,1986,0,0,0,8,0,0,0,0,0,0
390080,1,1,1986,17,8,0,0,0,0,0,8,0,0
390080,2,1,1986,0,0,0,0,0,0,0,7,0,0
390081,0,1,1986,0,0,0,0,0,0,0,0,0,0
390081,1,1,1986,0,0,0,0,0,0,0,0,20,0
390082,1,1,1986,21,21,21,21,21,21,21,21,21,21
390083,1,1,1986,21,21,21,21,21,21,21,21,21,21
390083,2,1,1986,0,0,0,0,0,0,0,0,0,0
390084,1,1,1986,0,0,0,0,0,0,0,0,0,0
390084,2,1,1986,0,0,0,0,0,0,9,0,0,0
390085,1,1,1986,18,18,18,18,18,18,18,18,18,18
390086,1,1,1986,8,13,0,12,0,11,3,0,12,7
390086,2,1,1986,13,5,5,9,12,17,14,15,6,4
390086,3,1,1986,3,5,5,7,15,0,5,12,20,0
390087,1,1,1986,13,0,0,0,0,0,0,0,0,0
390087,2,1,1986,0,0,0,0,0,0,0,0,0,0
390087,3,1,1986,0,0,0,0,0,0,0,0,0,0
390087,4,1,1986,0,0,0,0,0,0,0,0,0,0
390088,1,1,1986,0,0,0,0,0,0,0,0,0,0
390088,2,1,1986,0,0,0,20,0,0,0,0,5,0
390089,1,1,1986,0,0,0,0,0,15,0,0,6,0
390090,1,1,1986,0,0,0,0,0,0,0,0,0,0
390090,2,1,1986,0,0,0,0,0,0,0,0,0,16
390091,1,1,1986,0,0,0,0,0,0,0,0,0,0
390091,2,1,1986,0,0,0,0,0,12,13,24,0,16
390092,1,1,1986,0,0,0,0,0,0,0,0,0,0
390092,2,1,1986,17,17,17,17,17,17,17,17,17,17
390093,1,1,1986,0,0,0,0,0,0,0,0,0,0
390094,1,1,1986,0,0,0,0,0,0,0,0,0,0
390095,1,1,1986,0,0,0,0,0,0,0,0,0,0
390096,1,1,1986,0,0,0,0,0,0,0,0,0,0
390097,1,1,1986,19,19,19,19,19,19,19,19,19,19
390098,1,1,1986,18,18,18,18,18,18,18,18,18,18
390099,1,1,1986,13,13,13,13,13,13,13,13,13,13
390100,1,1,1986,4,4,4,4,4,4,4,4,4,4
390100,2,1,1986,16,0,0,15,0,16,0,9,0,0
390101,1,1,1986,17,0,0,0,0,0,0,0,0,0
390101,2,1,1986,0,0,0,0,0,0,0,8,0,0
390102,1,1,1986,11,11,11,11,11,11,11,11,11,11
390103,0,1,1986,0,0,0,0,0,0,0,0,0,0
390103,1,1,1986,18,0,0,0,0,0,0,0,0,0
390104,1,1,1986,0,0,0,0,0,0,0,0,0,0
390104,2,1,1986,0,0,0,0,0,0,0,0,0,0
390105,1,1,1986,0,0,14,0,0,0,0,0,0,0
390105,2,1,1986,12,15,0,0,0,0,0,15,0,0
390106,1,1,1986,25,25,25,25,25,25,25,25,25,25
390107,1,1,1986,19,0,0,0,0,0,0,0,0,0
390108,1,1,1986,20,20,20,20,20,20,20,20,20,20
390109,1,1,1986,0,0,0,0,27,0,0,0,0,0
390109,2,1,1986,0,0,0,0,0,0,0,19,16,0
390110,1,1,1986,9,9,9,9,9,9,9,9,9,9
390111,1,1,1986,0,0,11,0,0,0,0,16,0,0
390111,2,1,1986,0,0,0,0,0,0,0,0,0,0
390112,1,1,1986,16,16,16,16,16,16,16,16,16,16
390113,1,1,1986,25,25,25,25,25,25,25,25,25,25
390114,1,1,1986,6,6,6,6,6,6,6,6,6,6
390114,2,1,1986,10,13,17,0,11,14,9,17,26,10
390115,1,1,1986,0,0,0,0,0,0,0,0,0,0
390115,2,1,1986,0,0,21,0,0,0,0,0,0,0
390116,1,1,1986,0,0,0,0,0,0,0,0,0,0
390116,2,1,1986,21,21,21,21,21,21,21,21,21,21
390117,1,1,1986,3,3,3,3,3,3,3,3,3,3
390118,1,1,1986,13,13,13,13,13,13,13,13,13,13
390119,1,1,1986,0,0,0,0,0,0,0,0,0,0
390119,2,1,1986,0,0,0,0,0,24,0,0,0,0
390120,1,1,1986,0,0,13,0,0,0,0,26,0,0
390120,2,1,1986,0,0,0,0,0,0,0,0,0,0
390121,1,1,1986,0,4,0,19,0,0,0,3,0,0
390121,2,1,1986,0,0,0,21,0,0,0,23,0,0
390122,1,1,1986,10,6,12,18,23,12,17,17,7,24
390123,1,1,1986,0,0,0,0,0,0,5,0,0,0
390123,2,1,1986,0,0,0,0,0,0,0,0,0,0
390124,1,1,1986,0,0,0,0,0,0,2,0,0,8
390125,1,1,1986,0,0,0,0,0,0,0,0,0,0
390126,1,1,1986,15,15,15,15,15,15,15,15,15,15
390127,1,1,1986,0,0,0,0,0,19,0,0,0,0
390127,2,1,1986,13,0,0,0,0,0,0,0,0,0
390128,1,1,1986,7,7,7,7,7,7,7,7,7,7
390129,1,1,1986,18,18,18,18,18,18,18,18,18,18
390130,1,1,1986,17,17,17,17,17,17,17,17,17,17
390130,2,1,1986,21,21,21,21,21,21,21,21,21,21
390131,1,1,1986,0,0,0,0,0,22,0,0,0,0
390131,2,1,1986,0,0,0,0,0,0,0,0,0,0
390132,1,1,1986,0,0,0,0,0,0,0,0,0,0
390132,2,1,1986,3,3,3,3,3,3,3,3,3,3
390133,0,1,1986,0,9,0,0,0,0,21,0,0,0
390133,1,1,1986,0,0,0,0,0,0,0,0,0,5
390134,1,1,1986,0,0,0,0,0,0,0,0,0,0
390135,1,1,1986,28,28,28,28,28,28,28,28,28,28
390136,1,1,1986,24,24,24,24,24,24,24,24,24,24
390137,1,1,1986,0,0,0,0,0,0,0,0,0,0
390137,2,1,1986,0,0,0,0,0,0,0,0,0,0
390138,1,1,1986,13,13,13,13,13,13,13,13,13,13
390139,1,1,1986,0,0,0,0,11,0,0,0,0,0
390139,2,1,1986,0,0,0,8,0,0,0,5,0,0
390140,1,1,1986,0,0,0,0,0,0,0,0,0,0
390141,1,1,1986,0,0,0,0,0,0,8,0,0,0
390141,2,1,1986,0,0,0,0,0,0,0,0,0,0
390142,1,1,1986,0,0,0,0,0,0,0,0,0,0
390142,2,1,1986,0,11,0,5,0,20,0,0,0,0
390144,1,1,1986,0,5,22,14,0,0,11,21,0,0
390144,2,1,1986,0,0,0,0,11,0,0,0,0,0
390145,1,1,1986,0,0,0,0,0,0,0,0,22,0
390145,2,1,1986,0,0,0,0,0,15,0,0,0,0
390146,0,1,1986,19,19,19,19,19,19,19,19,19,19
390146,1,1,1986,19,19,19,19,19,19,19,19,19,19
390147,1,1,1986,0,11,17,0,0,0,0,5,29,0
390148,1,1,1986,0,0,20,12,0,0,24,0,0,0
390148,2,1,1986,4,4,4,4,4,4,4,4,4,4
390149,1,1,1986,13,13,13,13,13,13,13,13,13,13
390149,2,1,1986,0,0,0,0,0,0,0,0,0,0
390149,3,1,1986,0,0,0,0,0,0,0,0,0,6
390149,4,1,1986,0,0,0,0,0,0,0,0,0,0
390150,1,1,1986,0,0,9,20,0,0,13,0,0,0
390150,2,1,1986,15,14,12,8,15,24,27,32,5,12
390151,1,1,1986,0,0,0,0,0,0,0,0,0,0
390151,2,1,1986,0,0,0,0,0,0,0,0,0,0
390152,1,1,1986,21,21,21,21,21,21,21,21,21,21
390153,1,1,1986,0,0,0,0,0,0,0,0,0,0
390153,2,1,1986,0,0,0,0,0,0,0,0,0,0
390154,1,1,1986,0,0,0,0,0,0,0,0,0,0
390154,2,1,1986,0,0,0,0,0,0,0,0,4,0
390155,1,1,1986,16,10,26,6,4,6,12,13,9,5
390155,2,1,1986,19,19,19,19,19,19,19,19,19,19
390156,1,1,1986,21,21,21,21,21,21,21,21,21,21
390157,1,1,1986,0,0,0,0,0,0,0,0,0,0
390157,2,1,1986,0,27,0,0,0,0,15,0,0,12
390158,1,1,1986,17,17,17,17,17,17,17,17,17,17
390159,1,1,1986,6,0,0,0,0,12,0,0,0,0
390159,2,1,1986,16,16,16,16,16,16,16,16,16,16
390160,1,1,1986,13,8,17,13,14,18,0,0,10,19
390160,2,1,1986,6,0,0,0,10,0,0,0,0,0
390161,1,1,1986,0,0,15,0,0,14,0,0,0,0
390162,1,1,1986,0,0,0,0,23,0,0,0,0,0
390163,1,1,1986,0,0,0,0,0,0,0,0,13,0