ST_CASE,VEH_NO,PER_NO,YEAR,P1,P2,P3,P4,P5,P6,P7,P8,P9,P10
390163,2,1,1986,0,16,0,0,0,0,11,0,13,0
390164,1,1,1986,0,0,0,0,0,3,0,0,0,21
390164,2,1,1986,0,0,0,22,0,0,0,18,6,0
390165,1,1,1986,0,0,0,0,0,0,4,0,0,0
390165,2,1,1986,0,0,0,0,0,0,0,0,0,0
390166,0,1,1986,0,0,0,0,0,0,0,0,0,0
390166,1,1,1986,0,0,0,0,0,0,0,0,0,0
390167,0,1,1986,0,0,0,0,0,0,0,0,0,0
390167,1,1,1986,0,0,0,0,0,0,18,0,0,0
390168,1,1,1986,10,10,10,10,10,10,10,10,10,10
390168,2,1,1986,19,24,36,24,6,18,22,16,8,14
390169,1,1,1986,19,0,16,0,0,15,13,0,6,0
390171,1,1,1986,0,0,0,0,0,0,0,0,0,0
390171,2,1,1986,0,0,0,0,0,0,0,0,0,0
390172,1,1,1986,14,14,14,14,14,14,14,14,14,14
390173,1,1,1986,0,0,0,0,0,0,0,0,0,0
390174,1,1,1986,0,25,8,0,10,5,0,0,32,0
390175,0,1,1986,15,15,15,15,15,15,15,15,15,15
390175,1,1,1986,16,16,16,16,16,16,16,16,16,16
390176,1,1,1986,16,16,16,16,16,16,16,16,16,16
390177,1,1,1986,7,7,7,7,7,7,7,7,7,7
390177,2,1,1986,0,0,0,0,0,0,0,0,6,0
390177,3,1,1986,0,0,0,0,0,0,0,0,0,0
390178,1,1,1986,0,0,0,0,0,0,0,19,0,0
390179,1,1,1986,1,1,1,1,1,1,1,1,1,1
390179,2,1,1986,0,0,0,0,0,0,0,0,0,0
390180,1,1,1986,11,11,11,11,11,11,11,11,11,11
390181,1,1,1986,0,0,0,0,0,0,0,0,0,0
390181,2,1,1986,0,0,0,0,0,0,0,0,0,0
390181,3,1,1986,0,0,0,0,0,0,0,0,0,0
390182,1,1,1986,15,9,14,20,33,19,12,16,0,11
390183,1,1,1986,0,0,0,0,0,0,0,0,0,19
390183,2,1,1986,0,0,0,0,0,0,0,0,0,0
390184,1,1,1986,15,15,15,15,15,15,15,15,15,15
390184,2,1,1986,0,0,0,0,0,0,0,0,0,0
390184,3,1,1986,15,15,15,15,15,15,15,15,15,15
390185,0,1,1986,0,0,0,0,0,0,0,0,0,7
390185,1,1,1986,0,0,0,0,0,0,0,0,0,0
390186,0,1,1986,0,0,0,0,0,7,0,0,12,0
390186,1,1,1986,17,3,37,11,16,31,20,9,14,17
390187,1,1,1986,23,30,21,20,14,26,20,10,0,14
390187,2,1,1986,16,24,15,15,28,20,15,22,14,24
390187,3,1,1986,19,9,0,13,15,27,19,34,11,16
390189,1,1,1986,0,0,0,0,0,0,0,0,0,0
390189,2,1,1986,33,33,33,33,33,33,33,33,33,33
390190,1,1,1986,11,11,11,11,11,11,11,11,11,11
390191,1,1,1986,15,15,15,15,15,15,15,15,15,15
390193,1,1,1986,15,15,15,15,15,15,15,15,15,15
390194,1,1,1986,24,0,0,0,22,0,0,0,0,0
390195,0,1,1986,0,0,0,0,0,0,0,0,0,0
390195,1,1,1986,0,0,0,0,0,0,0,0,0,0
390197,1,1,1986,2,0,0,0,5,0,8,10,0,0
390197,2,1,1986,3,3,3,3,3,3,3,3,3,3
390198,1,1,1986,0,0,0,0,0,0,0,0,8,0
390198,2,1,1986,0,0,0,0,0,0,0,0,0,0
390199,1,1,1986,21,21,21,21,21,21,21,21,21,21
390200,1,1,1986,27,27,27,27,27,27,27,27,27,27
390201,1,1,1986,0,0,0,0,0,0,0,0,0,0
390201,2,1,1986,0,0,0,0,0,0,0,0,0,0
390202,1,1,1986,19,19,19,19,19,19,19,19,19,19
390203,0,1,1986,30,18,34,11,15,37,20,15,27,28
390203,1,1,1986,0,0,0,0,11,0,0,0,0,0
390204,1,1,1986,0,15,0,0,0,27,26,13,9,0
390205,1,1,1986,0,0,0,0,0,0,0,0,0,0
390205,2,1,1986,0,0,0,0,0,0,0,0,0,0
390206,1,1,1986,0,0,0,0,0,0,0,0,0,0
390206,2,1,1986,12,12,12,12,12,12,12,12,12,12
390207,1,1,1986,22,22,22,22,22,22,22,22,22,22
390208,1,1,1986,0,0,0,0,0,0,0,0,0,0
390209,1,1,1986,0,0,0,0,0,0,0,0,0,0
390209,2,1,1986,0,0,0,0,0,0,0,0,0,0
390210,1,1,1986,16,16,16,16,16,16,16,16,16,16
390211,1,1,1986,0,0,0,0,0,0,0,0,0,0
390212,1,1,1986,0,0,0,0,0,0,0,0,0,0
390212,2,1,1986,15,15,15,15,15,15,15,15,15,15
390213,1,1,1986,14,14,14,14,14,14,14,14,14,14
390214,1,1,1986,0,0,0,0,0,0,0,0,0,0
390214,2,1,1986,0,0,0,0,0,0,0,0,0,0
390215,1,1,1986,20,20,20,20,20,20,20,20,20,20
390216,1,1,1986,0,0,0,0,0,0,0,0,0,0
390216,2,1,1986,0,11,0,0,0,0,0,0,0,0
390217,0,1,1986,0,0,0,0,0,0,0,0,0,0
390217,1,1,1986,0,0,0,0,0,0,0,0,0,0
390218,1,1,1986,13,13,13,13,13,13,13,13,13,13
390219,1,1,1986,0,0,0,0,0,0,0,0,0,0
390219,2,1,1986,0,0,0,0,0,0,0,0,0,0
390220,1,1,1986,0,0,11,21,15,0,5,12,0,24
390221,1,1,1986,0,0,21,0,9,20,0,0,0,0
390221,2,1,1986,16,16,16,16,16,16,16,16,16,16
390222,1,1,1986,0,9,10,7,3,18,0,13,14,5
390223,0,1,1986,13,13,13,13,13,13,13,13,13,13
390223,1,1,1986,16,24,0,8,24,12,0,7,3,13
390224,1,1,1986,0,0,0,0,0,15,0,0,0,8
390225,1,1,1986,0,6,0,17,24,0,0,0,0,0
390226,1,1,1986,19,19,19,19,19,19,19,19,19,19
390228,0,1,1986,20,20,20,20,20,20,20,20,20,20
390228,2,1,1986,19,19,19,19,19,19,19,19,19,19
390228,3,1,1986,0,15,23,0,0,19,0,0,6,0
390229,0,1,1986,28,28,28,28,28,28,28,28,28,28
390229,1,1,1986,18,11,10,20,33,25,12,23,0,25
390230,1,1,1986,21,21,21,21,21,21,21,21,21,21
390230,2,1,1986,0,0,0,0,18,0,0,0,0,0
390231,1,1,1986,0,0,11,0,0,5,9,0,0,4
390232,1,1,1986,0,0,0,0,0,0,0,0,0,0
390232,2,1,1986,4,4,4,4,4,4,4,4,4,4
390233,1,1,1986,5,0,7,11,23,6,7,18,18,10
390234,1,1,1986,29,29,29,29,29,29,29,29,29,29
390235,1,1,1986,0,0,0,0,0,0,0,0,0,0
390235,2,1,1986,0,0,0,0,0,0,0,0,0,0
390236,1,1,1986,0,0,0,0,0,0,0,0,0,0
390236,2,1,1986,0,0,0,0,0,0,0,0,0,0
390237,1,1,1986,11,11,11,11,11,11,11,11,11,11
390238,1,1,1986,0,0,0,0,0,0,0,0,0,0
390238,2,1,1986,0,0,0,0,0,0,0,0,0,0
390239,1,1,1986,0,0,0,0,0,0,0,0,0,0
390240,1,1,1986,25,25,25,25,25,25,25,25,25,25
390241,1,1,1986,0,0,0,0,0,0,0,0,0,0
390241,2,1,1986,21,21,21,21,21,21,21,21,21,21
390242,0,1,1986,15,0,0,0,0,0,0,0,0,0
390242,1,1,1986,0,0,0,0,0,0,0,0,0,0
390243,1,1,1986,19,0,0,0,0,4,0,0,0,0
390243,2,1,1986,16,8,9,4,16,12,20,13,10,17
390244,0,1,1986,22,22,22,22,22,22,22,22,22,22
390244,1,1,1986,0,0,15,0,0,0,0,0,0,0
390245,1,1,1986,20,20,20,20,20,20,20,20,20,20
390247,1,1,1986,0,0,0,0,0,0,0,17,0,0
390248,1,1,1986,20,15,16,0,17,10,16,13,0,0
390249,1,1,1986,0,0,0,0,0,0,0,0,0,0
390249,2,1,1986,18,18,18,18,18,18,18,18,18,18
390250,0,1,1986,0,0,0,0,0,0,0,0,0,0
390250,1,1,1986,0,0,0,0,0,0,0,0,0,0
390251,1,1,1986,0,10,16,0,0,0,25,0,0,0
390252,1,1,1986,22,22,22,22,22,22,22,22,22,22
390253,1,1,1986,14,8,17,6,40,21,21,0,0,0
390255,1,1,1986,25,25,25,25,25,25,25,25,25,25
390255,2,1,1986,0,0,0,0,0,0,0,0,11,0
390256,1,1,1986,44,44,44,44,44,44,44,44,44,44
390256,2,1,1986,0,0,0,0,0,0,0,0,0,0
390257,1,1,1986,0,0,0,0,3,16,0,0,0,0
390258,0,1,1986,0,0,0,0,0,0,0,0,0,0
390258,1,1,1986,25,12,14,22,11,17,20,7,30,11
390259,1,1,1986,20,20,20,20,20,20,20,20,20,20
390260,1,1,1986,16,17,7,13,25,15,32,21,14,17
390262,1,1,1986,0,4,0,0,0,0,0,0,0,0
390262,2,1,1986,16,0,0,8,0,0,13,0,18,0
390263,1,1,1986,9,9,9,9,9,9,9,9,9,9
390264,1,1,1986,29,29,29,29,29,29,29,29,29,29
390265,1,1,1986,29,29,29,29,29,29,29,29,29,29
390266,1,1,1986,10,18,0,3,23,12,13,17,9,21
390267,1,1,1986,9,9,9,9,9,9,9,9,9,9
390268,1,1,1986,15,0,27,9,0,26,17,0,18,20
390269,0,1,1986,0,0,0,0,0,0,0,0,0,0
390269,1,1,1986,0,4,0,0,0,0,0,0,0,0
390270,1,1,1986,26,26,26,26,26,26,26,26,26,26
390271,1,1,1986,16,12,26,13,0,0,12,21,16,18
390271,2,1,1986,0,0,0,0,0,0,0,0,0,0
390271,3,1,1986,0,0,0,0,0,0,0,0,0,0
390272,1,1,1986,0,0,0,0,0,0,2,0,0,10
390272,2,1,1986,0,0,0,0,0,0,0,0,0,0
390273,1,1,1986,7,11,15,10,0,11,13,13,4,4
390274,1,1,1986,17,20,27,23,20,23,18,5,23,20
390275,1,1,1986,0,0,4,12,17,0,17,0,14,10
390276,1,1,1986,0,0,0,0,0,0,0,0,0,0
390277,1,1,1986,38,38,38,38,38,38,38,38,38,38
390277,2,1,1986,0,0,0,0,0,0,0,0,0,0
390278,1,1,1986,0,0,0,0,0,0,0,0,0,0
390278,2,1,1986,0,0,0,0,0,0,0,0,0,0
390279,1,1,1986,26,26,26,26,26,26,26,26,26,26
390280,1,1,1986,24,24,24,24,24,24,24,24,24,24
390280,2,1,1986,0,0,0,0,0,0,0,0,0,11
390281,1,1,1986,19,0,12,22,8,0,0,0,0,0
390282,1,1,1986,0,0,4,3,14,0,0,0,0,0
390282,2,1,1986,0,0,0,0,0,0,0,0,0,0
390283,1,1,1986,16,0,21,6,19,12,23,18,18,16
390284,1,1,1986,0,0,0,0,0,0,0,0,0,0
390285,1,1,1986,0,0,0,0,0,0,0,0,0,0
390286,1,1,1986,0,0,0,0,0,0,17,0,0,0
390286,2,1,1986,0,0,0,0,0,0,0,0,0,0
390286,3,1,1986,0,0,0,0,0,0,0,0,0,0
390287,1,1,1986,0,0,0,0,0,0,0,0,0,0
390287,2,1,1986,0,0,0,0,0,0,0,0,0,0
390288,1,1,1986,0,0,0,0,0,0,0,0,0,0
390288,2,1,1986,0,0,0,0,0,0,0,0,0,0
390289,1,1,1986,19,0,0,0,0,0,21,0,0,0
390290,1,1,1986,23,18,2,23,22,14,27,23,17,26
390291,1,1,1986,0,0,0,0,0,0,0,0,0,0
390291,2,1,1986,0,0,0,0,0,0,0,0,2,0
390291,3,1,1986,6,0,0,0,0,0,0,0,0,12
390291,4,1,1986,0,0,0,0,0,0,0,0,0,0
390292,0,1,1986,14,0,0,0,0,0,0,0,0,11
390292,1,1,1986,0,0,0,0,0,0,0,0,0,12
390294,0,1,1986,0,0,0,0,0,0,0,0,0,0
390294,1,1,1986,0,0,0,0,0,0,0,0,0,0
390295,0,1,1986,0,17,0,0,22,0,0,14,0,0
390295,1,1,1986,0,8,7,0,0,8,15,0,0,0
390296,1,1,1986,22,22,22,22,22,22,22,22,22,22
390297,1,1,1986,0,4,0,0,0,0,0,0,9,0
390297,2,1,1986,0,0,0,0,0,0,0,0,0,0
390297,3,1,1986,0,0,0,0,7,0,0,0,0,0
390298,1,1,1986,0,0,0,0,0,0,0,18,0,0
390298,2,1,1986,0,9,0,0,0,0,0,0,0,0
390299,0,1,1986,19,11,20,18,0,0,0,22,5,0
390299,1,1,1986,2,31,34,8,0,0,9,7,14,0
390300,1,1,1986,0,0,0,0,0,0,0,0,0,0
390300,2,1,1986,0,0,0,0,0,0,0,0,0,0
390301,1,1,1986,0,0,0,0,0,0,0,0,0,0
390301,2,1,1986,0,0,0,0,0,0,0,0,0,0
390302,1,1,1986,13,31,41,15,44,19,30,19,19,31
390303,1,1,1986,15,16,19,32,19,47,9,14,28,10
390305,1,1,1986,14,14,0,13,0,15,12,0,25,8
390306,1,1,1986,0,0,0,0,0,0,0,0,0,0
390306,2,1,1986,0,0,0,0,0,0,0,0,0,0
390307,1,1,1986,14,10,10,14,14,15,0,31,12,10
390308,1,1,1986,17,17,17,17,17,17,17,17,17,17
390309,1,1,1986,0,0,0,0,0,0,0,0,0,0
390309,2,1,1986,0,0,0,0,0,0,0,0,0,0
390311,0,1,1986,0,0,0,0,0,0,0,0,0,18
390311,1,1,1986,20,0,15,15,10,8,17,15,15,11
390312,1,1,1986,0,0,0,0,0,0,0,0,0,0
390312,2,1,1986,0,18,0,0,0,0,0,4,4,9
390313,1,1,1986,12,11,9,13,11,12,16,3,17,28
390314,1,1,1986,30,30,30,30,30,30,30,30,30,30
390315,1,1,1986,8,8,8,8,8,8,8,8,8,8
390316,1,1,1986,14,29,0,12,25,16,16,13,27,11
390316,2,1,1986,20,20,20,20,20,20,20,20,20,20
390317,1,1,1986,0,0,6,0,13,0,0,11,5,0
390317,2,1,1986,11,9,0,0,0,0,0,34,0,0
390318,1,1,1986,0,0,0,0,0,0,0,0,0,0
390319,1,1,1986,0,4,0,0,0,0,0,0,0,16
390320,1,1,1986,0,0,0,3,0,0,0,0,0,0
390320,2,1,1986,23,23,23,23,23,23,23,23,23,23
390321,1,1,1986,23,23,23,23,23,23,23,23,23,23
390322,1,1,1986,0,17,0,0,0,0,0,11,0,0
390322,2,1,1986,0,0,0,0,0,0,0,0,0,0
390323,1,1,1986,0,13,14,12,20,11,21,15,17,16
390324,1,1,1986,8,8,8,8,8,8,8,8,8,8
390325,1,1,1986,27,27,27,27,27,27,27,27,27,27
390326,1,1,1986,0,0,0,0,0,0,0,0,0,0
390327,1,1,1986,0,0,0,0,0,0,0,0,0,0
390327,2,1,1986,0,0,0,0,0,0,0,0,0,0
390328,1,1,1986,5,20,16,10,20,20,18,20,18,16
390329,1,1,1986,14,0,0,0,0,0,0,0,0,0
390330,0,1,1986,33,33,33,33,33,33,33,33,33,33
390330,1,1,1986,0,0,0,0,0,0,0,0,0,0
390331,1,1,1986,19,19,19,19,19,19,19,19,19,19
390333,1,1,1986,10,0,0,14,11,13,0,12,23,0
390333,2,1,1986,0,0,0,0,0,0,0,0,0,0
390333,3,1,1986,0,0,0,0,0,0,0,0,0,0
390334,0,1,1986,0,0,0,0,0,0,0,0,0,0
390334,1,1,1986,0,0,0,0,0,6,0,0,0,15
390335,1,1,1986,0,0,0,0,0,9,0,0,0,10
390335,2,1,1986,12,12,12,12,12,12,12,12,12,12
390336,1,1,1986,7,7,7,7,7,7,7,7,7,7
390336,2,1,1986,14,14,14,14,14,14,14,14,14,14
390337,1,1,1986,23,23,23,23,23,23,23,23,23,23
390338,1,1,1986,24,40,13,19,11,25,29,9,7,29
390339,1,1,1986,34,10,9,37,12,10,26,21,17,17
390340,0,1,1986,9,12,24,10,16,0,31,14,14,24
390340,1,1,1986,16,6,25,16,17,10,25,7,7,16
390341,1,1,1986,13,13,13,13,13,13,13,13,13,13
390342,0,1,1986,7,0,0,0,0,0,0,0,0,0
390342,1,1,1986,0,0,0,0,0,0,0,0,0,0
390343,1,1,1986,12,12,12,12,12,12,12,12,12,12
390344,1,1,1986,17,17,17,17,17,17,17,17,17,17
390345,1,1,1986,0,0,0,0,0,0,0,0,0,0
390345,2,1,1986,30,30,30,30,30,30,30,30,30,30
390346,1,1,1986,0,0,8,0,0,0,0,0,0,21
390346,2,1,1986,25,0,16,0,0,0,0,0,0,0
390347,1,1,1986,0,0,0,0,0,0,0,0,0,0
390347,2,1,1986,0,0,0,0,0,0,0,0,0,0
390348,1,1,1986,4,4,4,4,4,4,4,4,4,4
390348,2,1,1986,0,0,0,0,0,0,0,0,0,0
390349,1,1,1986,0,0,0,0,0,0,27,0,0,0
390350,1,1,1986,0,0,13,0,0,0,0,0,0,0
390350,2,1,1986,0,0,0,25,0,4,0,0,0,15
390351,1,1,1986,0,0,16,24,0,15,0,6,0,0
390352,1,1,1986,0,11,0,0,18,0,0,11,11,13
390353,1,1,1986,0,0,0,0,15,0,0,0,0,0
390354,1,1,1986,25,25,25,25,25,25,25,25,25,25
390355,1,1,1986,0,0,27,0,0,0,0,0,0,0
390356,1,1,1986,0,0,0,0,0,0,2,0,0,0
390356,2,1,1986,0,0,0,0,0,0,0,0,0,0
390357,1,1,1986,0,0,0,0,0,0,0,0,0,0
390358,1,1,1986,18,10,12,17,27,8,18,9,41,0
390359,1,1,1986,0,0,0,0,0,0,0,0,0,0
390359,2,1,1986,8,21,19,24,9,22,17,13,9,17
390360,1,1,1986,0,0,0,0,0,0,0,0,0,10
390360,2,1,1986,33,0,24,0,0,0,23,0,0,0
390361,1,1,1986,0,0,0,0,0,0,0,0,0,0
390362,1,1,1986,15,23,24,11,29,30,14,27,20,11
390363,1,1,1986,4,4,4,4,4,4,4,4,4,4
390364,1,1,1986,0,0,0,0,0,0,0,0,0,0
390364,2,1,1986,0,0,0,14,0,0,0,2,0,11
390365,0,1,1986,0,0,0,0,0,0,0,0,0,0
390365,1,1,1986,0,0,0,0,0,7,0,0,0,0
390366,1,1,1986,0,0,0,0,5,0,0,14,0,0
390366,2,1,1986,0,0,0,0,0,0,0,36,0,0
390367,0,1,1986,0,0,0,0,0,0,0,0,0,0
390367,1,1,1986,0,0,0,0,0,0,0,0,0,0
390368,1,1,1986,0,0,0,0,0,0,0,0,0,0
390368,2,1,1986,0,0,0,0,0,0,0,0,0,4
390369,1,1,1986,12,12,12,12,12,12,12,12,12,12
390369,2,1,1986,0,0,0,0,0,0,0,0,0,0
390370,1,1,1986,19,19,19,19,19,19,19,19,19,19
390371,1,1,1986,31,31,31,31,31,31,31,31,31,31
390372,1,1,1986,37,12,23,10,26,20,6,27,20,27
390373,1,1,1986,0,0,0,0,0,0,0,0,0,0
390374,1,1,1986,0,0,0,0,0,0,0,0,0,0
390375,1,1,1986,3,3,3,3,3,3,3,3,3,3
390376,1,1,1986,30,30,30,30,30,30,30,30,30,30
390378,0,1,1986,0,0,0,0,0,0,0,0,0,0
390378,1,1,1986,0,0,0,0,0,0,0,0,0,0
390379,1,1,1986,20,20,24,17,14,14,9,8,18,10
390380,1,1,1986,0,0,0,0,12,0,0,0,0,0
390380,2,1,1986,0,0,0,0,0,14,0,0,0,0
390382,1,1,1986,0,0,0,0,0,0,0,0,0,17
390382,2,1,1986,0,0,0,0,0,0,0,0,0,0
390383,0,1,1986,25,25,25,25,25,25,25,25,25,25
390383,1,1,1986,0,0,0,0,0,0,0,0,0,0
390384,1,1,1986,28,28,28,28,28,28,28,28,28,28
390385,1,1,1986,0,0,0,0,0,0,0,0,0,0
390385,2,1,1986,0,0,0,0,0,0,17,0,0,0
390386,1,1,1986,23,23,0,10,13,18,28,25,18,10
390387,1,1,1986,19,19,19,19,19,19,19,19,19,19
390388,1,1,1986,11,11,11,11,11,11,11,11,11,11
390389,1,1,1986,0,0,0,0,0,0,0,0,0,0
390389,2,1,1986,0,0,0,0,0,0,0,0,0,0
390390,1,1,1986,16,16,16,16,16,16,16,16,16,16
390391,1,1,1986,0,0,0,11,0,0,9,0,0,0
390391,2,1,1986,0,0,0,0,0,0,0,0,0,0
390392,1,1,1986,6,6,6,6,6,6,6,6,6,6
390394,1,1,1986,17,17,17,17,17,17,17,17,17,17
390395,1,1,1986,21,0,0,0,0,0,0,0,0,0
390395,2,1,1986,0,0,0,0,0,0,0,0,0,0
390396,1,1,1986,16,16,16,16,16,16,16,16,16,16
390397,1,1,1986,0,32,10,0,0,18,25,0,0,7
390397,2,1,1986,0,0,0,0,0,25,0,0,6,0
390400,0,1,1986,0,0,0,0,0,0,0,0,0,0
390400,1,1,1986,0,0,0,10,0,0,0,0,0,10
390401,0,1,1986,0,0,0,0,0,0,0,0,0,0
390401,1,1,1986,0,0,0,0,0,0,0,0,0,0
390402,1,1,1986,0,0,17,0,0,0,0,0,0,0
390403,1,1,1986,10,10,10,10,10,10,10,10,10,10
390404,1,1,1986,26,26,26,26,26,26,26,26,26,26
390404,2,1,1986,0,0,0,0,0,0,0,0,0,0
390405,1,1,1986,9,9,9,9,9,9,9,9,9,9
390405,2,1,1986,0,0,0,0,0,0,0,0,10,0
390405,3,1,1986,0,0,0,0,0,0,0,0,0,0
390406,1,1,1986,14,14,14,14,14,14,14,14,14,14
390406,2,1,1986,1,1,1,1,1,1,1,1,1,1
390407,1,1,1986,7,7,7,7,7,7,7,7,7,7
390407,2,1,1986,21,13,20,10,12,13,12,16,12,17
390408,1,1,1986,0,0,0,0,0,0,0,0,0,0
390408,2,1,1986,6,6,6,6,6,6,6,6,6,6
390409,1,1,1986,0,0,0,0,0,0,0,0,0,0
390409,2,1,1986,19,19,19,19,19,19,19,19,19,19
390410,1,1,1986,0,7,0,5,0,17,13,14,0,15
390411,1,1,1986,16,21,19,12,14,0,14,0,39,18
390413,1,1,1986,0,0,0,0,0,8,0,0,0,0
390413,2,1,1986,0,0,0,0,0,0,0,0,0,0
390414,1,1,1986,31,31,31,31,31,31,31,31,31,31
390415,1,1,1986,0,0,0,0,0,0,0,0,0,0
390415,2,1,1986,0,0,0,0,0,0,0,0,0,0
390416,0,1,1986,0,0,0,0,0,0,0,0,0,0
390416,1,1,1986,0,0,0,0,0,0,0,0,0,0
390417,1,1,1986,19,19,19,19,19,19,19,19,19,19
390417,2,1,1986,0,0,0,0,0,0,0,0,0,0
390418,0,1,1986,0,0,0,0,0,0,0,0,0,0
390418,1,1,1986,0,0,0,14,0,0,0,0,0,0
390419,1,1,1986,0,0,0,0,0,0,0,0,0,0
390419,2,1,1986,0,0,0,0,4,0,0,0,0,0
390420,1,1,1986,20,0,0,0,18,9,8,9,16,15
390420,2,1,1986,25,22,19,0,9,18,16,12,20,7
390421,0,1,1986,0,0,0,0,0,0,0,0,0,0
390421,1,1,1986,0,0,0,0,0,0,3,0,10,0
390422,1,1,1986,0,0,0,0,0,0,0,0,0,0
390422,2,1,1986,10,10,10,10,10,10,10,10,10,10
390423,1,1,1986,0,0,0,0,0,0,0,7,16,0
390423,2,1,1986,0,0,0,0,0,0,0,0,0,0
390424,1,1,1986,23,23,23,23,23,23,23,23,23,23
390424,2,1,1986,0,0,0,0,0,0,0,0,0,8
390425,1,1,1986,26,26,26,26,26,26,26,26,26,26
390426,0,1,1986,0,0,0,0,0,0,0,0,0,0
390426,1,1,1986,0,0,0,0,0,0,0,0,0,0
390427,1,1,1986,0,0,0,0,0,0,0,0,0,0
390429,0,1,1986,7,21,0,0,19,0,0,0,0,0
390429,1,1,1986,9,9,9,9,9,9,9,9,9,9
390430,1,1,1986,28,28,28,28,28,28,28,28,28,28
390431,1,1,1986,0,3,0,0,0,0,0,0,0,0
390431,2,1,1986,0,0,0,0,0,0,0,0,0,0
390432,1,1,1986,6,4,0,0,0,0,0,0,0,0
390432,2,1,1986,13,13,13,13,13,13,13,13,13,13
390433,1,1,1986,25,25,25,25,25,25,25,25,25,25
390434,0,1,1986,0,0,0,0,0,0,0,0,0,0
390434,1,1,1986,0,0,0,0,11,0,0,0,0,0
390435,1,1,1986,0,0,0,0,0,0,0,0,0,0
390435,2,1,1986,0,0,0,0,0,0,0,0,0,0
390436,1,1,1986,0,0,25,0,0,0,17,0,18,25
390437,1,1,1986,0,0,0,0,0,3,0,0,7,0
390437,2,1,1986,0,0,0,0,0,0,0,0,0,0
390438,1,1,1986,11,0,7,13,5,22,0,0,21,9
390439,1,1,1986,3,3,3,3,3,3,3,3,3,3
390440,1,1,1986,0,0,0,0,0,0,0,0,0,0
390440,2,1,1986,0,0,0,0,0,0,0,0,0,0
390440,3,1,1986,0,0,0,0,0,0,0,0,0,0
390440,4,1,1986,0,0,0,0,0,0,0,0,0,0
390440,5,1,1986,0,0,0,0,0,0,0,0,0,0
390441,1,1,1986,34,34,34,34,34,34,34,34,34,34
390442,1,1,1986,0,0,0,0,0,0,0,0,0,0
390442,2,1,1986,16,2,0,6,15,15,0,6,18,10
390443,1,1,1986,6,6,6,6,6,6,6,6,6,6
390444,1,1,1986,13,13,13,13,13,13,13,13,13,13
390444,2,1,1986,29,6,0,13,0,0,16,0,0,16
390444,3,1,1986,0,0,24,0,0,0,0,12,0,0
390445,1,1,1986,0,0,0,0,0,21,0,23,4,0
390446,1,1,1986,0,0,0,0,0,0,0,0,0,0
390446,2,1,1986,0,0,0,0,0,0,0,0,0,0
390447,1,1,1986,0,0,0,0,0,0,0,0,0,0
390447,2,1,1986,0,0,0,0,0,0,0,0,0,0
390448,1,1,1986,0,0,0,0,0,0,0,0,0,0
390448,2,1,1986,27,6,11,26,11,10,18,13,14,19
390449,1,1,1986,0,0,0,0,0,0,0,0,0,0
390449,2,1,1986,0,0,0,0,0,0,0,0,0,0
390449,3,1,1986,0,0,0,0,0,0,0,0,0,0
390451,1,1,1986,0,0,10,0,22,10,0,0,0,0
390452,0,1,1986,29,11,24,23,8,43,17,56,22,16
390452,1,1,1986,0,0,0,0,0,0,0,0,0,0
390453,1,1,1986,30,6,17,4,10,10,18,11,16,15
390454,1,1,1986,0,0,0,0,0,0,0,0,0,0
390454,2,1,1986,4,27,3,5,17,0,10,11,0,0
390455,1,1,1986,14,21,9,10,28,19,19,8,29,0
390456,1,1,1986,0,0,22,10,0,0,0,7,0,0
390457,1,1,1986,28,25,14,0,16,16,16,16,13,14
390458,1,1,1986,6,5,0,0,0,0,25,0,0,0
390459,1,1,1986,0,0,0,0,0,9,0,0,0,0
390459,2,1,1986,15,15,15,15,15,15,15,15,15,15
390460,1,1,1986,0,0,0,9,0,0,0,0,0,9
390461,1,1,1986,0,12,29,0,0,10,0,0,15,0
390462,1,1,1986,16,23,20,18,24,13,17,5,16,15
390462,2,1,1986,28,28,28,28,28,28,28,28,28,28
390463,1,1,1986,11,11,11,11,11,11,11,11,11,11
390464,1,1,1986,21,12,20,42,0,13,14,15,3,19
390465,1,1,1986,0,0,0,0,0,0,0,0,0,0
390465,2,1,1986,0,0,0,0,0,0,0,0,0,0
390466,1,1,1986,10,10,10,10,10,10,10,10,10,10
390466,2,1,1986,14,0,0,0,0,0,0,0,0,0
390467,1,1,1986,27,27,27,27,27,27,27,27,27,27
390468,1,1,1986,0,0,0,0,0,0,0,0,4,0
390469,1,1,1986,18,16,20,17,9,11,21,9,8,0
390470,1,1,1986,6,6,6,6,6,6,6,6,6,6
390471,1,1,1986,12,26,43,38,49,27,32,8,14,24
390472,1,1,1986,9,12,34,20,21,2,6,17,13,14