ST_CASE,VEH_NO,PER_NO,YEAR,P1,P2,P3,P4,P5,P6,P7,P8,P9,P10
390472,2,1,1986,7,11,15,17,13,0,14,14,15,0
390473,1,1,1986,17,26,12,15,5,27,19,35,20,16
390474,1,1,1986,34,10,11,17,0,19,23,10,16,21
390475,1,1,1986,17,17,17,17,17,17,17,17,17,17
390476,0,1,1986,0,0,0,0,0,0,0,0,0,0
390476,1,1,1986,0,15,0,0,0,16,0,19,11,23
390478,1,1,1986,25,25,25,25,25,25,25,25,25,25
390479,0,1,1986,13,0,0,0,0,0,0,0,28,28
390479,1,1,1986,11,0,0,0,0,0,0,0,0,0
390480,1,1,1986,10,10,10,10,10,10,10,10,10,10
390480,2,1,1986,0,26,0,0,0,0,0,0,0,0
390482,1,1,1986,0,0,8,0,0,0,0,0,0,0
390483,1,1,1986,23,12,19,15,14,19,15,22,16,6
390484,1,1,1986,27,9,0,7,0,6,12,22,0,23
390485,1,1,1986,0,0,0,0,0,0,0,0,0,0
390485,2,1,1986,0,0,0,0,16,0,13,0,0,0
390485,3,1,1986,0,0,0,0,13,0,0,0,4,6
390486,1,1,1986,11,11,11,11,11,11,11,11,11,11
390487,1,1,1986,12,12,12,12,12,12,12,12,12,12
390488,1,1,1986,0,0,0,5,0,0,6,0,8,0
390488,2,1,1986,11,0,0,32,22,0,0,10,0,0
390489,1,1,1986,0,0,0,20,0,0,0,18,0,21
390490,1,1,1986,10,0,0,0,18,0,0,0,0,0
390491,1,1,1986,0,0,0,0,0,0,0,0,0,0
390491,2,1,1986,0,0,0,0,0,0,0,0,0,0
390492,1,1,1986,0,0,0,0,0,0,0,0,0,0
390492,2,1,1986,0,0,0,0,0,0,0,0,0,0
390494,1,1,1986,0,0,0,0,9,0,0,0,0,0
390494,2,1,1986,0,0,0,0,0,0,0,0,0,0
390495,1,1,1986,14,14,14,14,14,14,14,14,14,14
390496,0,1,1986,0,0,0,0,0,0,0,0,0,0
390496,1,1,1986,14,10,16,6,23,11,0,17,24,16
390497,1,1,1986,15,15,15,15,15,15,15,15,15,15
390497,2,1,1986,11,20,0,25,15,0,11,26,11,9
390498,1,1,1986,22,22,22,22,22,22,22,22,22,22
390499,1,1,1986,7,13,23,7,10,23,0,12,0,13
390499,2,1,1986,0,0,0,0,0,0,0,0,0,0
390500,1,1,1986,0,23,21,18,0,0,38,20,0,0
390500,2,1,1986,0,0,0,0,0,0,0,0,0,0
390501,1,1,1986,25,25,25,25,25,25,25,25,25,25
390502,1,1,1986,0,0,8,0,0,0,0,0,0,3
390503,1,1,1986,23,23,23,23,23,23,23,23,23,23
390504,1,1,1986,10,10,10,10,10,10,10,10,10,10
390504,2,1,1986,0,16,14,13,6,12,27,7,25,11
390504,3,1,1986,0,0,0,0,0,0,0,0,0,0
390505,1,1,1986,17,17,17,17,17,17,17,17,17,17
390505,2,1,1986,0,0,0,0,0,0,0,0,8,0
390506,1,1,1986,23,23,23,23,23,23,23,23,23,23
390507,0,1,1986,6,17,0,4,33,19,0,19,29,15
390507,1,1,1986,0,0,0,0,0,0,0,26,0,0
390508,1,1,1986,22,22,22,22,22,22,22,22,22,22
390509,1,1,1986,0,0,0,0,0,0,0,0,0,0
390510,1,1,1986,0,0,0,0,0,0,0,0,0,0
390510,2,1,1986,9,9,9,9,9,9,9,9,9,9
390511,1,1,1986,0,0,0,0,0,0,0,0,24,0
390511,2,1,1986,14,14,14,14,14,14,14,14,14,14
390512,1,1,1986,20,20,20,20,20,20,20,20,20,20
390513,1,1,1986,25,25,25,25,25,25,25,25,25,25
390513,2,1,1986,0,17,0,0,0,0,0,0,0,0
390514,1,1,1986,0,10,28,0,20,0,0,0,10,0
390515,0,1,1986,0,28,25,0,0,0,0,0,0,0
390515,1,1,1986,11,23,4,0,15,0,22,0,0,0
390516,1,1,1986,0,0,0,0,0,0,0,0,0,0
390516,2,1,1986,0,0,0,2,8,0,0,0,0,0
390517,1,1,1986,23,23,23,23,23,23,23,23,23,23
390517,2,1,1986,0,15,0,0,0,0,18,10,0,0
390520,0,1,1986,0,0,0,0,0,0,0,0,0,0
390520,1,1,1986,0,0,0,0,0,0,0,0,0,0
390521,1,1,1986,0,0,0,0,0,0,0,0,0,0
390521,2,1,1986,0,0,0,0,0,0,0,0,0,0
390522,1,1,1986,0,16,0,0,0,0,0,0,0,0
390522,2,1,1986,0,0,0,0,0,0,0,0,0,0
390522,3,1,1986,0,0,0,0,17,0,0,0,0,0
390523,1,1,1986,0,0,0,0,0,0,0,0,0,0
390523,2,1,1986,1,1,1,1,1,1,1,1,1,1
390524,1,1,1986,5,5,5,5,5,5,5,5,5,5
390525,1,1,1986,0,0,0,0,0,0,0,0,5,0
390525,2,1,1986,0,0,0,0,0,0,0,0,0,0
390526,1,1,1986,0,0,0,0,0,0,0,0,0,0
390526,2,1,1986,0,0,20,0,0,0,0,0,0,0
390527,1,1,1986,10,10,10,10,10,10,10,10,10,10
390527,2,1,1986,17,22,12,13,16,13,11,12,7,9
390528,1,1,1986,21,19,12,12,25,15,21,22,11,7
390528,2,1,1986,15,0,0,33,0,0,17,6,0,0
390530,0,1,1986,18,0,22,0,0,0,0,9,0,0
390530,1,1,1986,21,16,6,7,0,8,12,7,11,6
390531,1,1,1986,12,7,24,33,12,20,21,16,21,13
390532,1,1,1986,0,0,0,0,0,0,0,0,0,0
390532,2,1,1986,14,0,0,0,15,0,0,0,8,0
390533,1,1,1986,19,10,23,0,0,39,14,29,0,33
390534,1,1,1986,0,0,0,0,0,0,0,0,0,0
390534,2,1,1986,0,0,0,0,0,0,0,4,0,0
390535,1,1,1986,0,0,0,0,0,0,0,0,0,0
390535,2,1,1986,0,0,0,0,0,0,0,0,0,0
390536,1,1,1986,0,0,0,0,0,0,0,0,0,0
390537,1,1,1986,9,9,9,9,9,9,9,9,9,9
390538,1,1,1986,17,17,17,17,17,17,17,17,17,17
390539,0,1,1986,21,21,21,21,21,21,21,21,21,21
390539,1,1,1986,0,18,17,13,23,13,13,4,25,0
390540,1,1,1986,16,0,0,0,0,0,0,0,0,0
390540,2,1,1986,0,0,0,0,0,0,0,0,0,0
390541,1,1,1986,12,22,0,31,20,15,11,15,30,11
390542,1,1,1986,0,0,0,0,0,0,0,0,0,0
390543,1,1,1986,0,0,0,0,0,0,0,0,0,0
390543,2,1,1986,15,0,0,16,5,17,4,0,0,0
390544,1,1,1986,0,2,0,0,0,0,17,0,0,0
390545,1,1,1986,0,0,0,0,0,0,0,0,0,0
390545,2,1,1986,0,0,0,0,0,0,0,0,0,0
390546,1,1,1986,20,20,20,20,20,20,20,20,20,20
390547,1,1,1986,0,0,0,0,0,0,0,0,0,0
390547,2,1,1986,0,0,0,0,0,0,0,0,0,0
390548,1,1,1986,0,0,0,0,0,0,0,0,0,0
390549,1,1,1986,16,2,7,31,0,22,24,18,24,12
390551,1,1,1986,19,19,19,19,19,19,19,19,19,19
390552,1,1,1986,4,18,12,0,8,11,8,29,0,13
390552,2,1,1986,0,0,0,0,0,0,0,0,0,0
390554,1,1,1986,0,0,18,0,0,0,0,15,0,0
390555,0,1,1986,0,0,0,0,0,0,0,0,0,0
390555,1,1,1986,10,15,11,25,0,17,16,9,9,6
390556,1,1,1986,26,26,26,26,26,26,26,26,26,26
390557,1,1,1986,0,0,0,0,0,0,0,0,0,0
390557,2,1,1986,0,17,0,0,0,0,0,0,0,0
390558,0,1,1986,0,0,0,0,0,0,0,0,0,0
390558,1,1,1986,0,0,0,0,0,0,0,0,0,0
390559,1,1,1986,16,16,16,16,16,16,16,16,16,16
390560,1,1,1986,16,48,25,16,12,21,25,25,16,15
390562,1,1,1986,11,16,0,16,15,18,30,10,27,13
390563,1,1,1986,25,25,25,25,25,25,25,25,25,25
390564,1,1,1986,0,12,0,18,9,21,9,24,0,22
390565,0,1,1986,20,0,20,0,0,0,26,0,0,27
390565,1,1,1986,9,6,29,5,0,62,0,15,24,6
390566,1,1,1986,33,33,33,33,33,33,33,33,33,33
390567,1,1,1986,24,24,24,24,24,24,24,24,24,24
390568,1,1,1986,23,32,26,16,3,19,7,10,19,17
390569,0,1,1986,0,0,0,0,0,0,0,0,0,0
390569,1,1,1986,0,0,0,0,0,0,0,0,0,0
390570,0,1,1986,0,0,0,0,0,0,0,0,0,0
390570,1,1,1986,0,0,0,0,0,0,0,0,0,0
390571,1,1,1986,0,0,0,0,0,0,0,0,0,0
390572,1,1,1986,0,0,0,0,0,0,0,0,0,0
390572,2,1,1986,17,17,17,17,17,17,17,17,17,17
390573,1,1,1986,0,0,10,0,0,9,0,0,0,0
390573,2,1,1986,0,0,0,0,0,0,0,0,0,0
390574,1,1,1986,0,0,0,0,0,0,0,7,0,0
390574,2,1,1986,0,0,0,0,0,0,0,0,0,0
390575,1,1,1986,0,0,0,0,0,0,0,0,0,0
390575,2,1,1986,0,0,0,0,0,0,0,0,0,0
390575,3,1,1986,0,0,0,0,4,0,0,0,0,0
390576,2,1,1986,0,0,0,0,0,0,0,0,0,0
390577,1,1,1986,0,0,0,0,0,0,0,0,0,0
390577,2,1,1986,12,11,0,0,0,0,0,15,0,16
390578,1,1,1986,16,0,0,0,0,0,0,11,0,4
390579,1,1,1986,0,0,0,0,0,0,0,0,0,0
390579,2,1,1986,0,0,0,0,0,0,0,0,0,0
390580,1,1,1986,0,0,0,0,0,0,0,0,0,0
390580,2,1,1986,0,0,0,0,0,0,0,0,0,0
390580,3,1,1986,0,0,0,0,0,0,0,0,0,0
390580,4,1,1986,0,0,0,0,0,0,0,0,0,0
390580,5,1,1986,0,0,0,0,0,0,0,0,0,0
390581,1,1,1986,0,0,0,0,0,0,0,0,13,17
390582,1,1,1986,12,11,15,0,0,0,0,19,12,26
390582,2,1,1986,0,0,0,0,0,0,0,0,0,0
390583,0,1,1986,9,32,0,17,8,18,16,9,0,23
390583,0,2,1986,0,16,0,0,25,0,15,14,0,0
390583,0,3,1986,22,6,15,5,28,26,0,20,0,0
390583,1,1,1986,9,18,0,0,0,0,17,11,11,0
390583,2,1,1986,0,0,0,0,0,0,0,0,0,0
390584,1,1,1986,25,0,9,22,32,0,8,0,0,27
390585,1,1,1986,13,0,17,14,17,0,10,0,22,0
390586,1,1,1986,0,7,0,0,14,11,13,0,16,10
390588,0,1,1986,0,0,0,0,0,0,0,0,0,0
390588,1,1,1986,0,0,0,0,0,0,0,0,0,0
390589,1,1,1986,22,22,22,22,22,22,22,22,22,22
390590,1,1,1986,9,7,18,6,14,29,0,0,16,12
390591,1,1,1986,0,20,28,4,17,0,26,12,33,27
390592,1,1,1986,13,13,13,13,13,13,13,13,13,13
390592,2,1,1986,0,0,0,0,0,0,0,0,0,0
390593,1,1,1986,13,8,14,8,0,14,22,3,16,33
390594,1,1,1986,6,6,6,6,6,6,6,6,6,6
390596,0,1,1986,25,25,25,25,25,25,25,25,25,25
390596,1,1,1986,25,25,25,25,25,25,25,25,25,25
390597,1,1,1986,28,8,14,23,17,24,10,8,6,14
390598,1,1,1986,29,29,29,29,29,29,29,29,29,29
390598,2,1,1986,21,21,21,21,21,21,21,21,21,21
390599,0,1,1986,0,0,0,0,0,0,0,0,0,0
390599,1,1,1986,0,0,0,0,0,0,0,0,0,0
390600,1,1,1986,0,0,0,0,0,0,0,0,0,0
390600,2,1,1986,0,0,0,0,0,0,0,0,0,0
390600,3,1,1986,0,0,0,0,0,0,0,0,0,0
390600,4,1,1986,0,0,0,0,0,0,0,0,0,0
390601,1,1,1986,0,6,0,0,0,17,16,11,0,0
390602,1,1,1986,20,20,20,20,20,20,20,20,20,20
390603,1,1,1986,15,15,15,15,15,15,15,15,15,15
390604,1,1,1986,19,19,19,19,19,19,19,19,19,19
390605,1,1,1986,16,0,0,0,0,11,0,0,0,0
390606,1,1,1986,0,0,0,0,0,0,0,0,0,0
390606,2,1,1986,0,0,0,0,0,0,0,0,0,0
390607,1,1,1986,16,11,36,8,0,13,20,12,21,19
390608,1,1,1986,3,3,3,3,3,3,3,3,3,3
390608,2,1,1986,0,0,10,0,0,0,11,0,13,0
390609,1,1,1986,17,17,17,17,17,17,17,17,17,17
390610,1,1,1986,22,22,22,22,22,22,22,22,22,22
390611,1,1,1986,0,0,0,0,0,0,0,0,0,0
390611,2,1,1986,0,0,0,0,0,32,0,6,0,0
390612,1,1,1986,0,0,0,0,0,18,0,0,0,0
390612,2,1,1986,0,0,9,0,6,0,0,0,0,0
390612,3,1,1986,0,0,0,0,0,0,0,0,0,0
390613,1,1,1986,0,0,11,0,0,0,0,9,0,0
390613,2,1,1986,12,12,12,12,12,12,12,12,12,12
390614,1,1,1986,16,16,16,16,16,16,16,16,16,16
390615,1,1,1986,16,16,16,16,16,16,16,16,16,16
390617,1,1,1986,7,7,7,7,7,7,7,7,7,7
390618,0,1,1986,0,0,0,0,0,0,0,0,0,0
390618,1,1,1986,0,0,0,0,0,0,0,0,0,0
390619,1,1,1986,8,12,16,15,11,17,13,5,0,16
390620,1,1,1986,0,6,0,16,0,24,0,0,0,0
390621,1,1,1986,30,0,0,0,0,0,0,0,0,0
390621,2,1,1986,0,0,0,0,0,0,0,0,0,0
390622,1,1,1986,0,0,0,0,0,0,0,0,0,0
390622,2,1,1986,8,10,23,7,7,7,24,19,17,10
390623,1,1,1986,17,17,17,17,17,17,17,17,17,17
390624,0,1,1986,0,0,0,2,3,6,21,0,22,12
390624,1,1,1986,28,11,21,20,3,0,11,10,0,30
390626,1,1,1986,10,10,10,10,10,10,10,10,10,10
390627,1,1,1986,0,0,0,12,15,13,13,19,0,0
390627,2,1,1986,0,0,0,0,0,0,0,0,0,0
390627,3,1,1986,0,0,0,0,0,0,0,0,8,0
390628,1,1,1986,29,29,29,29,29,29,29,29,29,29
390629,1,1,1986,12,12,12,12,12,12,12,12,12,12
390630,1,1,1986,0,0,0,0,0,0,0,0,0,0
390630,2,1,1986,0,0,0,0,0,0,14,0,0,0
390631,1,1,1986,6,6,6,6,6,6,6,6,6,6
390631,2,1,1986,0,20,10,12,11,7,9,23,3,7
390632,1,1,1986,0,0,0,0,0,0,0,0,0,0
390632,2,1,1986,0,0,0,0,0,0,0,0,0,0
390633,1,1,1986,0,0,25,13,0,29,15,0,29,0
390634,1,1,1986,0,0,0,0,0,0,0,0,0,0
390634,2,1,1986,3,0,0,0,0,0,0,0,0,0
390636,1,1,1986,0,0,0,0,0,0,0,0,0,0
390636,2,1,1986,0,12,0,0,0,0,0,0,0,0
390637,1,1,1986,0,0,26,0,0,0,0,0,10,0
390638,1,1,1986,0,0,0,0,0,0,0,0,0,0
390638,2,1,1986,0,0,0,0,0,0,0,0,0,7
390639,1,1,1986,7,7,7,7,7,7,7,7,7,7
390640,1,1,1986,24,24,24,24,24,24,24,24,24,24
390641,1,1,1986,10,13,10,21,19,16,20,4,22,17
390641,2,1,1986,15,0,0,11,0,6,4,12,0,0
390642,1,1,1986,0,0,0,0,0,0,0,0,0,0
390642,2,1,1986,0,12,6,23,14,13,3,3,10,16
390643,1,1,1986,0,0,0,0,0,0,0,12,0,0
390643,2,1,1986,0,0,0,0,0,0,0,0,0,0
390643,3,1,1986,0,0,6,0,0,0,0,0,0,0
390644,1,1,1986,21,17,0,0,14,19,11,3,0,12
390645,1,1,1986,0,0,6,0,0,0,0,0,0,0
390645,2,1,1986,0,0,0,0,0,7,0,0,0,0
390646,1,1,1986,22,30,21,14,17,30,7,15,15,27
390647,1,1,1986,26,48,13,0,27,0,0,12,11,13
390648,1,1,1986,25,25,25,25,25,25,25,25,25,25
390649,1,1,1986,0,0,0,14,0,0,0,0,0,16
390650,1,1,1986,0,0,0,0,0,0,10,0,11,0
390651,0,1,1986,0,0,0,0,0,0,0,0,0,0
390651,1,1,1986,0,0,0,0,0,0,0,0,0,0
390652,1,1,1986,21,21,21,21,21,21,21,21,21,21
390652,2,1,1986,0,32,21,8,10,0,0,12,18,19
390653,1,1,1986,31,31,31,31,31,31,31,31,31,31
390654,0,1,1986,0,0,0,0,0,0,0,0,0,0
390654,1,1,1986,0,0,0,0,14,0,0,0,0,0
390655,1,1,1986,0,0,0,0,0,0,0,0,0,0
390655,2,1,1986,0,0,0,0,0,0,0,0,0,0
390656,1,1,1986,0,0,7,8,0,20,11,11,0,10
390657,1,1,1986,0,0,0,0,0,0,0,0,0,0
390658,1,1,1986,0,0,16,0,0,0,0,0,6,0
390658,2,1,1986,11,19,6,24,24,15,0,8,0,9
390659,1,1,1986,18,18,18,18,18,18,18,18,18,18
390659,2,1,1986,0,0,0,0,0,0,0,0,0,0
390660,1,1,1986,0,0,0,0,0,0,14,0,0,0
390661,1,1,1986,11,11,11,11,11,11,11,11,11,11
390662,1,1,1986,6,6,6,6,6,6,6,6,6,6
390662,2,1,1986,22,10,13,12,22,26,4,11,3,19
390663,0,1,1986,0,0,0,0,0,0,0,0,0,0
390663,1,1,1986,0,0,0,0,0,0,0,0,0,0
390664,1,1,1986,10,26,18,6,8,13,22,0,11,11
390664,2,1,1986,0,0,0,0,0,0,0,13,17,0
390665,1,1,1986,6,6,6,6,6,6,6,6,6,6
390666,0,1,1986,0,0,0,0,0,0,0,0,0,0
390666,1,1,1986,0,0,7,0,0,0,0,0,0,11
390667,1,1,1986,0,0,0,0,0,0,0,0,0,0
390668,1,1,1986,28,28,28,28,28,28,28,28,28,28
390669,1,1,1986,26,26,26,26,26,26,26,26,26,26
390670,1,1,1986,23,23,23,23,23,23,23,23,23,23
390671,1,1,1986,10,10,10,10,10,10,10,10,10,10
390672,1,1,1986,24,24,24,24,24,24,24,24,24,24
390673,1,1,1986,16,16,16,16,16,16,16,16,16,16
390675,0,1,1986,15,15,15,15,15,15,15,15,15,15
390675,0,2,1986,8,8,8,8,8,8,8,8,8,8
390675,0,3,1986,24,24,24,24,24,24,24,24,24,24
390675,1,1,1986,23,8,14,0,7,13,14,8,15,10
390676,1,1,1986,31,31,31,31,31,31,31,31,31,31
390677,1,1,1986,0,0,0,0,0,0,0,0,0,0
390677,2,1,1986,0,0,0,0,0,0,0,0,0,0
390678,0,1,1986,0,0,0,0,0,0,0,0,0,0
390678,1,1,1986,12,0,0,0,0,0,0,0,0,0
390679,1,1,1986,0,0,0,0,0,0,0,0,0,0
390680,0,1,1986,0,0,0,0,0,0,0,0,15,0
390680,1,1,1986,30,28,11,29,0,21,24,0,8,0
390681,1,1,1986,0,0,0,0,0,0,0,0,0,0
390681,2,1,1986,0,0,0,0,0,0,0,0,14,0
390682,1,1,1986,16,16,16,16,16,16,16,16,16,16
390683,1,1,1986,22,36,17,35,0,38,26,25,0,40
390684,1,1,1986,0,0,0,0,0,0,0,0,0,0
390684,2,1,1986,0,0,0,0,0,0,0,0,0,0
390684,3,1,1986,0,0,0,0,0,0,0,0,0,0
390685,1,1,1986,0,0,0,9,3,0,0,0,0,9
390685,2,1,1986,11,7,11,0,0,0,0,0,0,0
390686,1,1,1986,0,0,0,0,0,0,0,0,0,0
390686,2,1,1986,0,0,0,0,0,0,0,0,0,0
390687,1,1,1986,0,0,0,0,0,0,0,0,0,0
390687,2,1,1986,0,0,0,0,0,0,0,0,8,0
390689,0,1,1986,0,0,0,0,0,0,0,0,0,0
390689,1,1,1986,0,0,0,0,0,0,0,0,0,0
390690,1,1,1986,17,17,17,17,17,17,17,17,17,17
390690,2,1,1986,0,0,0,0,0,0,0,0,0,0
390691,1,1,1986,7,7,7,7,7,7,7,7,7,7
390691,2,1,1986,17,0,11,0,15,0,0,25,20,0
390692,0,1,1986,0,0,23,16,0,0,0,0,6,0
390692,1,1,1986,0,0,0,0,0,0,14,0,0,0
390693,1,1,1986,6,6,6,6,6,6,6,6,6,6
390694,1,1,1986,0,0,0,0,0,0,0,0,0,0
390694,2,1,1986,0,0,0,0,0,0,0,0,0,0
390694,3,1,1986,0,0,0,0,0,0,0,0,0,0
390695,1,1,1986,0,4,0,0,0,0,0,0,0,0
390695,2,1,1986,0,0,0,0,0,0,0,0,0,0
390696,1,1,1986,0,0,0,0,0,0,0,0,0,0
390696,2,1,1986,13,13,13,13,13,13,13,13,13,13
390698,1,1,1986,0,0,0,0,0,0,0,0,0,0
390698,2,1,1986,0,0,0,0,0,0,0,0,0,0
390698,3,1,1986,0,0,0,0,0,0,0,0,0,0
390699,1,1,1986,0,0,0,0,0,0,0,0,0,0
390699,2,1,1986,0,0,0,0,0,0,0,0,0,0
390700,1,1,1986,14,0,13,0,5,10,0,12,0,0
390701,1,1,1986,19,19,19,19,19,19,19,19,19,19
390702,1,1,1986,0,0,0,0,0,0,0,0,0,7
390702,2,1,1986,0,0,0,0,0,0,0,0,0,0
390703,1,1,1986,0,0,0,18,0,4,0,0,4,0
390704,0,1,1986,0,0,0,0,0,0,0,0,0,0
390704,1,1,1986,0,0,0,20,0,0,0,0,0,0
390706,1,1,1986,0,0,0,0,0,0,0,0,0,0
390706,2,1,1986,0,0,0,0,0,0,0,0,0,0
390707,1,1,1986,4,4,4,4,4,4,4,4,4,4
390708,0,1,1986,37,0,26,37,0,24,0,32,15,14
390708,1,1,1986,0,0,16,0,0,0,0,0,0,0
390709,1,1,1986,0,0,0,0,0,0,0,0,0,0
390710,1,1,1986,0,0,18,0,0,0,0,0,0,0
390710,2,1,1986,0,0,0,0,0,0,0,0,0,0
390711,1,1,1986,32,12,9,16,15,20,0,17,32,15
390712,1,1,1986,0,0,0,0,0,0,0,0,0,0
390713,1,1,1986,12,21,18,12,0,18,0,10,13,21
390714,1,1,1986,14,14,14,14,14,14,14,14,14,14
390715,1,1,1986,0,12,0,0,0,16,0,6,16,0
390716,1,1,1986,0,27,0,0,0,0,0,0,0,0
390716,2,1,1986,0,0,0,0,0,0,0,0,0,0
390717,1,1,1986,0,0,0,18,0,0,0,0,0,15
390717,2,1,1986,14,0,0,20,0,0,4,0,0,13
390718,0,1,1986,0,0,0,0,0,0,0,0,16,0
390718,0,2,1986,0,0,0,0,0,0,0,0,0,0
390718,1,1,1986,0,0,0,0,0,0,38,0,22,0
390719,1,1,1986,0,22,0,0,0,0,12,0,0,0
390719,2,1,1986,20,0,0,0,9,0,0,0,15,0
390720,1,1,1986,0,0,9,0,0,0,0,0,0,0
390720,2,1,1986,32,32,32,32,32,32,32,32,32,32
390721,0,1,1986,0,0,0,0,0,0,0,0,0,0
390721,1,1,1986,0,0,0,0,0,0,0,0,0,0
390721,2,1,1986,0,0,0,0,0,0,0,0,0,0
390722,1,1,1986,15,0,0,0,0,0,17,16,3,15
390723,0,1,1986,0,0,0,0,0,0,0,0,0,0
390723,1,1,1986,0,0,0,0,0,0,0,0,17,0
390724,1,1,1986,0,0,0,0,0,0,0,0,0,0
390724,2,1,1986,0,0,0,0,0,0,0,0,0,0
390726,1,1,1986,18,18,18,18,18,18,18,18,18,18
390727,1,1,1986,9,0,0,15,0,16,8,0,3,0
390728,1,1,1986,0,0,0,0,0,0,0,0,0,0
390728,2,1,1986,0,0,34,0,0,0,0,13,0,0
390729,0,1,1986,26,24,20,50,30,51,35,50,19,8
390729,1,1,1986,32,0,0,16,0,22,0,22,15,8
390730,1,1,1986,18,18,9,23,16,17,23,34,0,22
390731,1,1,1986,0,0,0,0,0,0,0,0,0,0
390731,2,1,1986,0,0,0,0,0,0,0,0,0,0
390732,1,1,1986,0,0,0,0,0,0,0,0,0,0
390732,2,1,1986,0,0,0,0,0,0,0,12,0,0
390733,1,1,1986,8,8,8,8,8,8,8,8,8,8
390733,2,1,1986,0,0,0,0,0,0,0,0,0,13
390733,3,1,1986,7,14,14,17,13,10,16,8,24,10
390734,1,1,1986,9,9,9,9,9,9,9,9,9,9
390735,1,1,1986,17,9,0,12,25,13,13,5,14,4
390736,1,1,1986,0,0,0,0,0,0,0,4,0,0
390736,2,1,1986,0,0,0,0,0,0,0,0,0,0
390737,1,1,1986,4,4,4,4,4,4,4,4,4,4
390737,2,1,1986,0,0,0,0,0,0,0,0,0,0
390739,1,1,1986,16,16,16,16,16,16,16,16,16,16
390740,0,1,1986,38,12,16,17,39,9,22,35,11,22
390740,1,1,1986,12,8,21,19,5,10,5,19,21,8
390741,1,1,1986,0,14,0,0,0,0,0,0,0,0
390741,2,1,1986,0,0,0,0,0,0,0,0,0,0
390742,1,1,1986,0,0,0,0,0,0,0,0,0,0
390743,1,1,1986,0,11,0,23,0,13,0,0,0,19
390745,0,1,1986,25,25,25,25,25,25,25,25,25,25
390745,1,1,1986,7,0,0,0,0,0,0,0,0,13
390746,1,1,1986,0,0,0,0,0,0,0,4,5,0
390746,2,1,1986,15,15,15,15,15,15,15,15,15,15
390747,1,1,1986,0,12,0,0,0,0,0,6,0,0
390748,0,1,1986,20,20,20,20,20,20,20,20,20,20
390748,1,1,1986,0,0,0,21,0,0,23,12,0,0
390749,1,1,1986,17,19,25,19,34,9,16,40,9,22
390750,1,1,1986,0,0,0,0,0,0,0,0,0,0
390750,2,1,1986,0,0,0,0,0,0,0,0,0,0
390751,1,1,1986,18,16,16,16,7,22,16,14,14,22
390751,2,1,1986,0,0,0,0,0,0,0,0,0,0
390751,3,1,1986,0,26,27,6,29,18,24,0,37,21
390751,4,1,1986,0,0,0,0,0,0,0,0,0,0
390752,1,1,1986,0,0,0,0,0,0,0,0,0,0
390752,2,1,1986,0,0,0,0,0,0,0,0,0,0
390753,1,1,1986,0,23,0,0,31,0,0,0,0,11
390753,2,1,1986,0,0,0,0,0,0,0,0,0,0
390753,3,1,1986,0,0,0,0,0,0,0,0,0,0
390754,1,1,1986,10,0,0,0,15,0,0,0,0,0
390754,2,1,1986,22,0,0,0,0,0,0,0,0,0
390755,1,1,1986,19,19,19,19,19,19,19,19,19,19
390755,2,1,1986,3,0,0,0,0,0,0,24,0,0
390756,1,1,1986,0,0,0,0,0,0,0,0,0,3
390756,2,1,1986,0,0,0,0,0,0,0,0,0,0
390756,3,1,1986,0,0,0,0,0,0,0,0,0,0
390757,2,1,1986,4,13,28,14,22,19,16,12,14,11
390758,1,1,1986,6,4,22,14,15,0,20,34,30,27
390759,1,1,1986,11,11,11,11,11,11,11,11,11,11
390760,1,1,1986,19,24,27,29,19,28,16,26,9,25
390760,2,1,1986,0,0,0,0,0,0,0,0,0,0
390761,1,1,1986,0,0,0,0,0,0,0,0,0,8
390761,2,1,1986,9,9,9,9,9,9,9,9,9,9
390762,1,1,1986,20,20,20,20,20,20,20,20,20,20
390763,1,1,1986,0,0,0,0,0,0,0,0,0,0
390763,2,1,1986,0,6,0,0,21,8,0,0,0,0
390764,1,1,1986,0,19,0,0,0,0,0,0,0,0
390764,2,1,1986,0,0,0,0,0,0,0,0,0,0
390765,1,1,1986,0,0,0,0,0,0,0,0,0,0
390765,2,1,1986,23,23,23,23,23,23,23,23,23,23
390766,1,1,1986,0,0,0,0,0,0,0,0,0,31
390768,0,1,1986,0,0,0,0,0,0,0,0,0,0
390768,1,1,1986,0,0,0,6,0,0,0,0,0,0
390770,0,1,1986,0,0,0,0,0,0,0,0,0,0
390770,1,1,1986,0,0,0,0,0,0,8,0,0,0
390771,1,1,1986,0,30,0,0,0,13,0,3,0,0
390772,0,1,1986,15,15,15,15,15,15,15,15,15,15
390772,1,1,1986,0,0,0,0,0,0,0,0,0,0
390773,1,1,1986,19,6,14,17,11,20,12,11,0,8