ST_CASE,VEH_NO,PER_NO,YEAR,P1,P2,P3,P4,P5,P6,P7,P8,P9,P10
390773,2,1,1986,25,25,25,25,25,25,25,25,25,25
390774,1,1,1986,0,0,0,0,0,0,0,0,0,0
390774,2,1,1986,18,18,18,18,18,18,18,18,18,18
390775,0,1,1986,0,0,0,0,0,0,0,0,0,0
390775,1,1,1986,0,0,0,0,0,0,0,0,0,0
390776,1,1,1986,17,17,17,17,17,17,17,17,17,17
390776,2,1,1986,0,0,0,0,0,0,0,0,0,0
390777,1,1,1986,4,27,0,0,0,19,0,15,0,2
390777,2,1,1986,12,12,12,12,12,12,12,12,12,12
390778,0,1,1986,0,0,0,0,0,0,0,0,0,0
390778,1,1,1986,0,0,0,0,4,0,0,11,0,0
390779,1,1,1986,0,9,15,0,22,13,0,16,8,19
390780,0,1,1986,15,15,15,15,15,15,15,15,15,15
390780,1,1,1986,10,13,7,8,21,20,18,5,12,5
390781,0,1,1986,0,20,0,0,0,0,0,0,22,5
390781,1,1,1986,0,0,0,5,0,0,0,7,0,0
390781,2,1,1986,22,0,0,8,16,0,0,0,0,0
390782,1,1,1986,17,17,17,17,17,17,17,17,17,17
390782,2,1,1986,0,0,0,0,14,0,0,0,0,0
390783,1,1,1986,0,0,0,0,0,0,0,0,8,0
390784,1,1,1986,0,4,0,0,0,0,0,0,0,0
390785,1,1,1986,14,14,14,14,14,14,14,14,14,14
390786,1,1,1986,5,0,0,0,0,0,0,13,0,0
390786,2,1,1986,0,0,0,0,0,0,0,0,0,0
390787,1,1,1986,11,11,11,11,11,11,11,11,11,11
390788,1,1,1986,14,14,14,14,14,14,14,14,14,14
390789,0,1,1986,34,34,34,34,34,34,34,34,34,34
390789,1,1,1986,0,0,0,0,0,0,0,0,0,0
390790,0,1,1986,0,0,0,0,0,0,7,0,0,0
390790,1,1,1986,0,0,6,0,0,0,0,0,20,0
390792,1,1,1986,0,0,0,0,0,0,0,0,0,0
390792,2,1,1986,0,0,0,0,0,0,0,0,0,0
390793,1,1,1986,0,0,0,0,0,0,0,0,0,0
390793,2,1,1986,0,0,0,0,0,0,0,0,0,0
390794,1,1,1986,15,15,15,15,15,15,15,15,15,15
390795,1,1,1986,12,12,12,12,12,12,12,12,12,12
390796,1,1,1986,0,0,0,36,0,0,0,0,0,0
390796,2,1,1986,0,4,0,0,0,0,0,4,0,0
390797,1,1,1986,0,0,7,0,36,0,10,22,0,0
390798,1,1,1986,15,15,15,15,15,15,15,15,15,15
390798,2,1,1986,0,0,0,0,15,0,0,0,0,15
390799,0,1,1986,0,0,0,0,0,0,0,0,0,0
390799,1,1,1986,0,0,0,0,0,0,0,0,0,0
390800,1,1,1986,0,0,0,0,0,0,0,0,0,0
390800,2,1,1986,7,0,0,0,0,0,0,0,0,0
390801,1,1,1986,0,0,0,0,0,0,0,0,0,0
390801,2,1,1986,0,0,0,0,0,0,0,0,0,0
390802,1,1,1986,0,0,0,0,0,0,0,0,0,0
390802,2,1,1986,19,0,8,0,0,2,0,13,0,0
390803,0,1,1986,14,0,0,28,21,35,20,12,26,22
390803,1,1,1986,0,0,0,0,0,0,0,0,0,0
390804,1,1,1986,0,0,0,0,0,0,0,0,10,0
390805,1,1,1986,0,17,26,11,0,0,12,9,26,0
390806,1,1,1986,36,36,36,36,36,36,36,36,36,36
390807,1,1,1986,12,12,12,12,12,12,12,12,12,12
390807,2,1,1986,12,0,11,0,0,0,0,0,0,0
390808,0,1,1986,0,0,0,0,0,0,0,0,7,0
390808,1,1,1986,12,27,3,15,0,23,16,9,28,10
390809,0,1,1986,9,0,0,0,0,0,0,0,0,0
390809,1,1,1986,19,12,20,16,0,10,8,11,14,9
390810,1,1,1986,9,15,18,15,11,17,31,31,16,23
390811,1,1,1986,0,0,0,0,0,0,0,0,0,0
390811,2,1,1986,0,0,0,0,0,0,0,0,0,0
390812,1,1,1986,21,21,21,21,21,21,21,21,21,21
390812,2,1,1986,9,9,9,9,9,9,9,9,9,9
390813,0,1,1986,0,0,0,0,0,0,0,0,0,0
390813,1,1,1986,0,0,0,0,0,0,0,0,0,0
390814,1,1,1986,7,7,7,7,7,7,7,7,7,7
390814,2,1,1986,0,0,0,0,11,0,0,0,0,0
390815,1,1,1986,0,0,0,0,0,0,0,0,0,0
390815,2,1,1986,0,0,0,14,0,0,0,18,0,0
390816,1,1,1986,0,0,0,4,12,13,0,0,0,0
390816,2,1,1986,14,11,13,0,6,11,0,13,0,20
390817,0,1,1986,9,18,0,0,0,20,0,0,0,0
390817,1,1,1986,0,0,15,0,11,13,0,0,0,18
390818,1,1,1986,26,15,6,10,20,14,16,21,19,6
390819,1,1,1986,11,0,13,0,0,0,0,0,0,0
390819,2,1,1986,21,19,15,9,12,13,23,0,18,34
390820,0,1,1986,24,24,24,24,24,24,24,24,24,24
390820,1,1,1986,22,22,22,22,22,22,22,22,22,22
390821,1,1,1986,0,9,0,0,22,0,0,0,0,8
390821,2,1,1986,14,8,17,5,14,3,0,12,0,5
390822,1,1,1986,15,0,15,21,0,15,15,12,0,21
390823,1,1,1986,15,0,26,18,15,0,0,14,20,8
390824,1,1,1986,1,1,1,1,1,1,1,1,1,1
390824,2,1,1986,0,11,0,0,0,16,4,0,0,9
390825,1,1,1986,20,20,20,20,20,20,20,20,20,20
390826,1,1,1986,16,24,17,4,40,0,19,0,0,0
390827,1,1,1986,16,0,0,18,0,6,11,19,0,0
390828,1,1,1986,0,19,0,0,4,27,0,0,0,0
390829,1,1,1986,0,0,0,0,0,0,0,0,0,0
390829,2,1,1986,0,0,0,0,14,0,0,0,0,0
390830,1,1,1986,16,16,16,16,16,16,16,16,16,16
390831,0,1,1986,18,24,8,17,34,14,19,9,8,19
390831,0,2,1986,17,8,0,16,4,24,14,14,11,0
390831,1,1,1986,17,15,29,19,7,22,13,12,15,25
390832,1,1,1986,0,0,18,7,14,0,15,0,19,17
390833,1,1,1986,0,0,0,6,0,3,6,27,0,0
390833,2,1,1986,0,0,0,0,0,0,0,0,0,0
390834,1,1,1986,0,0,10,12,0,0,0,0,0,0
390834,2,1,1986,16,5,15,0,13,5,14,14,16,16
390835,1,1,1986,32,32,32,32,32,32,32,32,32,32
390836,1,1,1986,19,19,19,19,19,19,19,19,19,19
390837,1,1,1986,11,0,23,7,18,23,15,2,11,23
390838,1,1,1986,0,35,0,17,0,20,0,0,0,0
390839,1,1,1986,0,0,0,0,0,0,0,0,0,0
390839,2,1,1986,0,0,0,0,0,0,0,0,0,0
390839,3,1,1986,0,0,0,0,0,0,0,0,0,0
390840,1,1,1986,1,1,1,1,1,1,1,1,1,1
390841,1,1,1986,0,0,13,0,0,0,0,0,0,0
390842,1,1,1986,19,19,19,19,19,19,19,19,19,19
390843,0,1,1986,0,0,0,0,0,0,0,0,0,0
390843,1,1,1986,11,10,11,11,9,13,12,4,19,21
390844,1,1,1986,17,17,17,17,17,17,17,17,17,17
390844,2,1,1986,0,0,0,0,0,0,0,0,0,0
390845,1,1,1986,0,15,7,0,0,0,0,0,20,36
390846,1,1,1986,0,0,9,0,0,8,0,9,0,25
390847,1,1,1986,0,19,13,0,0,0,17,13,0,0
390848,1,1,1986,16,16,16,16,16,16,16,16,16,16
390849,1,1,1986,13,13,13,13,13,13,13,13,13,13
390850,1,1,1986,11,11,11,11,11,11,11,11,11,11
390851,1,1,1986,24,24,24,24,24,24,24,24,24,24
390852,1,1,1986,18,9,5,16,4,4,20,19,7,10
390852,2,1,1986,8,0,21,0,0,0,13,0,12,0
390853,1,1,1986,0,0,0,0,0,0,0,0,0,0
390853,2,1,1986,0,0,0,0,0,0,0,0,0,0
390854,1,1,1986,0,0,0,0,16,0,10,0,17,0
390855,0,1,1986,0,29,12,0,24,21,16,27,23,19
390855,1,1,1986,18,0,0,0,4,3,0,0,0,0
390856,1,1,1986,0,0,0,0,0,0,0,0,0,0
390856,2,1,1986,0,0,0,0,0,0,0,0,0,0
390857,1,1,1986,0,8,10,0,0,0,0,0,0,0
390857,2,1,1986,24,0,0,0,6,0,0,0,0,16
390858,1,1,1986,0,0,0,0,0,0,0,0,0,0
390858,2,1,1986,0,0,0,0,0,0,0,0,0,0
390859,1,1,1986,0,0,0,0,0,0,0,0,0,0
390860,1,1,1986,19,19,19,19,19,19,19,19,19,19
390861,1,1,1986,16,16,16,16,16,16,16,16,16,16
390862,0,1,1986,2,12,11,17,13,25,17,12,29,21
390862,1,1,1986,18,11,12,14,9,29,17,13,30,0
390863,1,1,1986,0,0,0,0,0,0,0,0,0,0
390863,2,1,1986,11,11,11,11,11,11,11,11,11,11
390864,1,1,1986,20,20,20,20,20,20,20,20,20,20
390865,1,1,1986,0,0,0,0,0,0,0,0,0,0
390865,2,1,1986,0,0,4,0,0,0,0,0,0,0
390865,3,1,1986,0,0,0,0,0,0,0,0,0,18
390866,1,1,1986,0,18,0,0,0,0,0,0,0,0
390866,2,1,1986,0,14,26,0,15,0,11,8,26,8
390867,1,1,1986,0,0,0,0,0,0,0,0,0,0
390867,2,1,1986,19,14,10,10,11,13,13,16,17,5
390868,1,1,1986,15,25,0,0,24,20,6,13,12,5
390868,2,1,1986,0,0,0,0,0,0,0,0,0,0
390869,1,1,1986,0,0,0,0,0,0,0,0,0,0
390869,2,1,1986,0,10,0,0,16,18,0,16,0,0
390870,1,1,1986,0,0,0,0,0,0,0,0,0,0
390870,2,1,1986,13,13,13,13,13,13,13,13,13,13
390871,1,1,1986,0,0,6,0,0,0,0,0,0,0
390871,2,1,1986,0,0,0,0,0,0,0,0,0,0
390872,1,1,1986,0,0,0,0,0,0,0,0,0,23
390872,2,1,1986,0,0,0,0,0,0,0,0,0,0
390873,1,1,1986,2,2,2,2,2,2,2,2,2,2
390873,2,1,1986,0,0,0,0,0,0,0,0,0,0
390874,1,1,1986,0,0,0,0,0,0,0,0,0,0
390874,2,1,1986,0,0,0,0,0,0,0,0,20,11
390875,1,1,1986,17,23,9,12,5,17,7,19,0,0
390875,2,1,1986,15,15,15,15,15,15,15,15,15,15
390876,1,1,1986,15,15,15,15,15,15,15,15,15,15
390876,2,1,1986,0,0,0,0,0,0,0,0,0,0
390877,1,1,1986,6,0,0,0,0,0,0,13,0,0
390877,2,1,1986,24,24,24,24,24,24,24,24,24,24
390877,3,1,1986,0,0,0,0,0,0,0,0,0,0
390878,1,1,1986,14,14,14,14,14,14,14,14,14,14
390879,1,1,1986,21,21,21,21,21,21,21,21,21,21
390880,1,1,1986,0,4,0,0,0,0,0,0,0,0
390880,2,1,1986,0,0,0,0,0,0,0,0,0,0
390881,1,1,1986,13,9,6,16,32,17,12,15,10,6
390882,1,1,1986,19,19,19,19,19,19,19,19,19,19
390883,0,1,1986,0,16,0,17,0,34,0,17,22,19
390883,1,1,1986,0,0,0,13,0,0,13,0,0,0
390884,1,1,1986,21,21,21,21,21,21,21,21,21,21
390886,1,1,1986,0,0,0,0,0,0,0,0,0,0
390886,2,1,1986,0,0,0,0,0,0,0,0,6,0
390887,1,1,1986,0,0,0,0,0,0,0,0,6,0
390888,1,1,1986,0,0,0,0,0,0,0,0,13,0
390889,1,1,1986,20,20,20,20,20,20,20,20,20,20
390891,1,1,1986,1,1,1,1,1,1,1,1,1,1
390892,0,1,1986,0,0,0,0,0,0,0,0,0,0
390892,0,2,1986,0,0,0,0,0,0,0,0,0,0
390892,1,1,1986,0,0,0,0,0,0,10,0,0,0
390893,1,1,1986,12,12,12,12,12,12,12,12,12,12
390893,2,1,1986,31,31,31,31,31,31,31,31,31,31
390894,1,1,1986,0,0,0,0,0,0,0,0,0,0
390895,0,1,1986,0,0,0,0,0,0,0,0,0,0
390895,1,1,1986,0,0,0,0,0,0,0,0,0,0
390896,1,1,1986,32,32,32,32,32,32,32,32,32,32
390896,2,1,1986,0,0,0,0,0,0,0,0,0,0
390898,0,1,1986,0,0,0,0,0,0,0,0,0,0
390898,1,1,1986,0,0,0,0,0,0,17,0,0,0
390899,1,1,1986,15,11,16,25,23,14,8,13,32,15
390899,2,1,1986,19,0,0,0,13,16,14,3,21,0
390901,1,1,1986,0,0,0,0,0,0,0,0,0,0
390901,2,1,1986,0,0,0,0,0,0,0,0,0,0
390902,1,1,1986,15,15,15,15,15,15,15,15,15,15
390903,1,1,1986,0,0,0,0,0,0,0,0,0,0
390903,2,1,1986,29,29,29,29,29,29,29,29,29,29
390904,0,1,1986,17,17,17,17,17,17,17,17,17,17
390904,1,1,1986,0,0,0,0,0,0,0,0,0,0
390905,1,1,1986,0,0,16,0,0,0,0,0,0,0
390906,1,1,1986,15,15,15,15,15,15,15,15,15,15
390907,1,1,1986,0,0,0,0,0,0,0,0,0,0
390907,2,1,1986,0,9,27,0,22,17,5,3,9,0
390908,0,1,1986,0,0,0,0,0,0,0,0,0,0
390908,1,1,1986,0,0,0,0,0,0,0,0,0,0
390909,0,1,1986,0,0,0,0,0,0,0,0,0,0
390909,1,1,1986,0,0,0,0,0,0,0,0,0,0
390910,1,1,1986,16,16,16,16,16,16,16,16,16,16
390911,0,1,1986,35,0,0,23,18,0,8,18,22,0
390911,1,1,1986,0,0,0,0,0,0,0,0,0,0
390912,1,1,1986,15,17,12,22,14,23,26,33,24,6
390913,0,1,1986,4,0,0,0,0,0,0,0,0,0
390913,0,2,1986,22,0,0,0,0,0,3,10,0,8
390913,1,1,1986,38,7,19,0,22,11,0,0,22,41
390914,0,1,1986,0,0,0,0,0,0,0,0,0,0
390914,1,1,1986,0,0,0,0,0,0,0,0,0,0
390915,1,1,1986,9,11,8,20,26,23,19,0,9,16
390916,1,1,1986,11,0,0,0,0,11,0,12,0,0
390918,1,1,1986,14,14,14,14,14,14,14,14,14,14
390919,0,1,1986,18,18,18,18,18,18,18,18,18,18
390919,1,1,1986,0,0,15,0,0,0,0,8,0,15
390920,1,1,1986,0,0,0,6,0,0,0,0,0,0
390921,1,1,1986,0,0,0,0,0,6,0,0,0,0
390921,2,1,1986,12,12,12,12,12,12,12,12,12,12
390922,1,1,1986,0,0,0,0,0,0,0,0,0,0
390922,2,1,1986,0,0,0,0,0,0,0,0,0,0
390923,1,1,1986,13,13,13,13,13,13,13,13,13,13
390924,1,1,1986,0,0,0,0,0,0,0,0,0,0
390924,2,1,1986,11,11,11,11,11,11,11,11,11,11
390925,1,1,1986,0,0,0,0,0,0,0,0,0,0
390925,2,1,1986,5,5,5,5,5,5,5,5,5,5
390925,3,1,1986,0,0,0,0,0,0,0,0,0,0
390925,4,1,1986,0,0,0,0,0,0,0,0,0,0
390926,1,1,1986,0,0,0,0,0,0,0,0,0,0
390926,2,1,1986,0,0,0,0,0,0,0,0,0,0
390927,1,1,1986,0,0,0,0,0,0,0,0,0,0
390927,2,1,1986,0,0,0,0,0,0,0,0,0,0
390928,0,1,1986,26,26,26,26,26,26,26,26,26,26
390928,1,1,1986,11,16,15,13,20,8,0,23,18,20
390929,1,1,1986,0,0,0,0,0,0,0,0,0,0
390929,2,1,1986,0,0,0,0,0,0,0,0,0,0
390929,3,1,1986,0,0,0,0,0,0,0,0,0,0
390930,1,1,1986,0,0,0,0,0,0,0,0,0,0
390930,2,1,1986,12,0,0,0,0,0,0,0,0,0
390931,1,1,1986,0,0,24,19,0,0,24,0,21,24
390931,2,1,1986,0,0,0,0,0,0,0,0,0,0
390932,1,1,1986,0,0,0,0,0,0,0,0,0,0
390933,1,1,1986,0,8,0,0,26,24,24,0,0,0
390933,2,1,1986,14,14,14,14,14,14,14,14,14,14
390933,3,1,1986,16,16,16,16,16,16,16,16,16,16
390934,1,1,1986,4,4,4,4,4,4,4,4,4,4
390935,0,1,1986,0,0,0,0,0,0,0,0,0,0
390935,1,1,1986,0,0,0,0,0,0,0,0,0,0
390937,1,1,1986,9,9,9,9,9,9,9,9,9,9
390938,1,1,1986,4,4,4,4,4,4,4,4,4,4
390939,1,1,1986,16,0,0,0,0,0,0,0,0,0
390940,1,1,1986,0,0,0,0,0,0,0,0,0,0
390940,2,1,1986,0,0,0,0,0,0,0,0,0,0
390941,1,1,1986,0,0,0,0,0,0,0,0,0,0
390941,2,1,1986,0,0,0,0,0,0,0,0,0,0
390942,1,1,1986,8,0,12,24,7,7,0,25,10,0
390943,1,1,1986,20,20,20,20,20,20,20,20,20,20
390944,1,1,1986,24,24,24,24,24,24,24,24,24,24
390945,1,1,1986,0,0,0,0,0,0,0,0,0,0
390945,2,1,1986,7,7,7,7,7,7,7,7,7,7
390946,1,1,1986,0,0,0,0,0,0,0,4,0,0
390946,2,1,1986,0,0,0,0,0,0,0,0,0,0
390947,1,1,1986,22,22,22,22,22,22,22,22,22,22
390948,1,1,1986,29,29,29,29,29,29,29,29,29,29
390949,1,1,1986,0,0,0,0,0,0,0,0,0,0
390949,2,1,1986,10,10,10,10,10,10,10,10,10,10
390950,1,1,1986,0,0,0,0,0,0,13,0,0,0
390950,2,1,1986,0,0,0,0,12,0,0,0,0,0
390951,1,1,1986,21,21,21,21,21,21,21,21,21,21
390952,1,1,1986,0,0,0,0,0,5,0,0,0,0
390953,1,1,1986,11,14,0,17,15,0,0,0,0,6
390954,0,1,1986,9,0,0,0,0,0,0,8,0,0
390954,1,1,1986,0,0,0,0,0,0,0,0,0,0
390955,0,1,1986,0,0,0,0,10,0,0,0,0,0
390955,1,1,1986,9,0,0,0,0,0,0,0,0,0
390956,1,1,1986,21,21,21,21,21,21,21,21,21,21
390957,0,1,1986,0,0,0,0,0,0,0,0,0,0
390957,1,1,1986,0,0,17,0,0,0,0,0,0,0
390958,1,1,1986,0,0,0,0,15,0,0,0,0,0
390959,0,1,1986,0,0,0,0,0,0,0,0,0,0
390959,1,1,1986,6,0,0,19,0,0,35,10,0,0
390960,1,1,1986,0,0,0,0,0,0,0,0,0,0
390960,2,1,1986,0,0,0,0,0,0,0,0,11,0
390961,1,1,1986,11,21,21,27,35,14,0,23,10,16
390961,2,1,1986,0,0,0,0,0,3,0,0,0,0
390962,1,1,1986,2,2,2,2,2,2,2,2,2,2
390963,1,1,1986,0,0,0,0,0,0,0,0,0,0
390963,2,1,1986,13,13,13,13,13,13,13,13,13,13
390964,1,1,1986,0,0,6,7,0,0,6,0,0,0
390965,1,1,1986,24,24,24,24,24,24,24,24,24,24
390966,1,1,1986,7,15,6,17,10,12,23,12,23,14
390967,1,1,1986,15,26,3,26,15,9,11,20,26,22
390968,1,1,1986,13,16,23,8,4,18,16,26,16,25
390969,1,1,1986,34,16,29,13,12,16,10,20,16,7
390970,1,1,1986,30,25,23,14,22,29,5,17,26,21
390971,1,1,1986,2,22,10,14,12,0,17,21,15,0
390971,2,1,1986,0,0,0,0,0,0,2,0,0,0
390972,1,1,1986,0,0,0,10,0,0,0,0,0,0
390972,2,1,1986,0,0,0,0,0,0,0,0,0,0
390973,1,1,1986,7,17,16,16,10,11,7,17,4,11
390973,2,1,1986,0,9,0,0,0,0,0,0,0,0
390974,1,1,1986,0,0,0,0,0,0,0,0,0,0
390974,2,1,1986,0,0,0,0,0,0,0,0,0,0
390975,1,1,1986,0,0,7,0,0,0,0,0,0,21
390975,2,1,1986,0,0,0,0,0,0,0,0,0,0
390977,0,1,1986,25,9,12,32,26,15,8,17,14,8
390977,1,1,1986,9,9,9,9,9,9,9,9,9,9
390978,1,1,1986,13,13,13,13,13,13,13,13,13,13
390979,1,1,1986,0,0,0,0,0,0,10,0,0,0
390979,2,1,1986,11,0,0,0,0,0,0,0,0,0
390980,0,1,1986,0,0,0,10,9,2,0,0,0,0
390980,1,1,1986,7,0,0,0,0,0,0,0,0,0
390981,0,1,1986,0,0,0,0,0,0,0,0,0,0
390981,1,1,1986,0,0,0,0,0,0,0,0,0,0
390982,1,1,1986,0,0,0,0,0,0,0,0,0,0
390983,0,1,1986,0,0,0,0,0,0,0,0,0,0
390983,1,1,1986,0,0,0,0,0,0,0,0,0,0
390984,1,1,1986,23,23,23,23,23,23,23,23,23,23
390985,1,1,1986,5,5,5,5,5,5,5,5,5,5
390986,1,1,1986,17,17,17,17,17,17,17,17,17,17
390987,1,1,1986,10,10,10,10,10,10,10,10,10,10
390988,1,1,1986,0,0,0,0,0,0,0,0,0,0
390988,2,1,1986,0,0,0,0,0,0,0,0,0,0
390989,1,1,1986,0,0,0,0,0,0,0,0,0,0
390989,2,1,1986,0,0,0,0,0,0,0,0,0,0
390990,1,1,1986,27,27,27,27,27,27,27,27,27,27
390990,2,1,1986,0,18,12,8,13,8,11,9,25,5
390991,1,1,1986,0,0,0,0,0,0,0,0,0,0
390991,2,1,1986,13,13,13,13,13,13,13,13,13,13
390992,1,1,1986,0,0,0,0,0,0,0,0,0,0
390992,2,1,1986,7,7,7,7,7,7,7,7,7,7
390993,1,1,1986,0,0,0,0,0,0,0,26,0,0
390993,2,1,1986,0,0,0,0,0,0,0,0,0,0
390994,1,1,1986,14,14,14,14,14,14,14,14,14,14
390994,2,1,1986,0,0,0,0,0,6,0,0,0,0
390995,1,1,1986,21,21,21,21,21,21,21,21,21,21
390996,1,1,1986,18,18,18,18,18,18,18,18,18,18
390997,1,1,1986,0,0,0,0,0,0,0,0,0,0
390998,1,1,1986,0,0,0,0,0,0,0,0,0,0
390998,2,1,1986,0,0,0,0,13,0,0,0,0,0
390999,1,1,1986,22,22,22,22,22,22,22,22,22,22
391000,1,1,1986,0,9,0,0,0,9,0,0,0,0
391000,2,1,1986,0,0,0,0,0,0,0,4,5,0
391001,0,1,1986,33,0,0,0,0,22,8,24,0,0
391001,1,1,1986,0,0,0,0,0,0,0,0,0,0
391002,1,1,1986,0,5,18,0,0,10,17,0,0,0
391003,1,1,1986,2,2,2,2,2,2,2,2,2,2
391004,1,1,1986,11,6,21,12,6,14,23,0,8,8
391004,2,1,1986,16,0,16,0,0,0,0,0,0,0
391004,3,1,1986,4,0,0,0,0,0,9,0,0,0
391005,1,1,1986,0,0,0,0,0,0,0,0,0,0
391006,1,1,1986,17,17,17,17,17,17,17,17,17,17
391007,1,1,1986,0,3,19,8,15,8,19,12,18,15
391009,1,1,1986,0,0,22,0,0,0,0,0,0,0
391010,1,1,1986,0,0,0,0,0,0,0,0,0,0
391010,2,1,1986,0,0,0,0,0,0,0,0,0,0
391011,1,1,1986,0,0,0,0,0,0,0,0,0,0
391011,2,1,1986,0,9,0,0,0,0,0,0,0,0
391012,1,1,1986,23,23,23,23,23,23,23,23,23,23
391012,2,1,1986,0,0,0,0,0,0,0,0,0,0
391013,1,1,1986,0,0,0,0,12,0,27,0,0,16
391014,1,1,1986,15,13,13,17,8,24,24,21,7,8
391014,2,1,1986,0,0,0,0,0,0,0,0,0,0
391014,3,1,1986,12,12,12,12,12,12,12,12,12,12
391015,1,1,1986,0,0,0,0,0,0,0,0,0,0
391015,2,1,1986,10,7,28,18,50,16,24,10,15,0
391016,1,1,1986,10,9,16,21,10,10,0,7,16,16
391017,1,1,1986,0,0,0,0,0,0,0,0,0,0
391017,2,1,1986,0,0,0,0,0,0,0,0,0,0
391017,3,1,1986,0,0,10,0,0,3,0,0,31,0
391017,4,1,1986,25,14,13,26,15,2,35,25,12,7
391018,1,1,1986,23,23,23,23,23,23,23,23,23,23
391019,1,1,1986,0,0,15,17,0,0,0,0,0,0
391019,2,1,1986,0,0,10,0,0,0,0,0,0,0
391020,1,1,1986,17,17,17,17,17,17,17,17,17,17
391021,1,1,1986,14,14,14,14,14,14,14,14,14,14
391022,1,1,1986,16,11,12,20,29,29,13,20,23,15
391023,1,1,1986,0,0,0,0,0,0,0,0,0,0
391023,2,1,1986,21,21,21,21,21,21,21,21,21,21
391024,1,1,1986,23,16,16,12,9,31,15,16,20,8
391025,1,1,1986,23,23,23,23,23,23,23,23,23,23
391026,1,1,1986,12,0,0,0,0,20,11,7,0,2
391027,0,1,1986,0,36,0,0,0,0,0,30,0,0
391027,1,1,1986,0,0,0,0,0,0,0,0,0,7
391028,1,1,1986,0,0,0,0,0,0,0,0,0,0
391028,2,1,1986,0,0,0,0,0,11,12,0,0,0
391029,1,1,1986,0,0,0,0,0,0,0,0,0,0
391029,2,1,1986,20,20,20,20,20,20,20,20,20,20
391030,1,1,1986,0,0,0,0,0,0,0,0,0,0
391030,2,1,1986,0,0,0,0,0,0,0,0,0,0
391031,1,1,1986,21,21,21,21,21,21,21,21,21,21
391032,1,1,1986,15,15,15,15,15,15,15,15,15,15
391033,1,1,1986,0,0,15,0,24,0,0,0,0,0
391034,1,1,1986,6,24,19,19,0,23,21,24,10,19
391035,1,1,1986,0,0,0,0,0,0,0,0,0,0
391036,1,1,1986,0,0,0,0,0,0,0,0,0,0
391036,2,1,1986,0,0,0,0,0,0,0,0,0,0
391037,1,1,1986,12,12,12,12,12,12,12,12,12,12
391038,1,1,1986,33,33,33,33,33,33,33,33,33,33
391038,2,1,1986,0,0,0,0,0,0,0,0,0,0
391038,3,1,1986,0,0,0,0,0,0,0,0,0,0
391038,4,1,1986,0,0,0,0,0,0,0,0,0,0
391039,0,1,1986,0,0,0,0,0,0,0,0,0,0
391039,1,1,1986,0,0,0,9,18,19,0,0,0,11
391040,1,1,1986,0,0,0,0,0,0,0,0,0,0
391040,2,1,1986,0,0,0,0,0,0,0,0,0,0
391041,1,1,1986,0,0,0,0,0,0,0,0,7,0
391041,2,1,1986,0,0,0,0,0,0,0,0,0,0
391042,0,1,1986,0,0,0,0,0,0,0,0,0,0
391042,1,1,1986,0,0,0,0,0,14,0,0,0,0
391043,1,1,1986,20,20,20,20,20,20,20,20,20,20
391044,0,1,1986,9,9,9,9,9,9,9,9,9,9
391044,1,1,1986,0,0,0,0,0,0,0,6,0,0
391045,1,1,1986,4,4,4,4,4,4,4,4,4,4
391046,0,1,1986,15,0,0,0,0,0,0,11,0,15
391046,0,2,1986,0,0,17,34,0,0,0,0,0,13
391046,1,1,1986,0,0,0,0,0,0,0,0,0,9
391047,1,1,1986,0,0,0,0,0,0,0,18,0,0
391047,2,1,1986,18,18,18,18,18,18,18,18,18,18
391048,0,1,1986,16,16,16,16,16,16,16,16,16,16
391048,1,1,1986,9,19,15,16,15,40,15,19,25,18
391049,1,1,1986,0,0,0,0,0,0,0,0,0,3
391049,2,1,1986,0,0,0,0,0,0,0,0,0,0
391049,3,1,1986,0,0,0,0,0,0,0,0,0,0
391050,1,1,1986,8,8,8,8,8,8,8,8,8,8
391051,1,1,1986,11,11,11,11,11,11,11,11,11,11
391051,2,1,1986,11,5,7,5,14,0,0,0,18,0
391051,3,1,1986,18,16,0,0,11,35,19,10,22,15
391052,0,1,1986,0,0,0,0,0,0,0,0,0,0
391052,1,1,1986,0,0,0,0,0,0,0,0,0,0
391053,1,1,1986,7,9,8,4,7,20,15,0,21,37
391054,1,1,1986,0,0,0,0,0,0,0,0,0,0
391055,1,1,1986,27,27,27,27,27,27,27,27,27,27
391056,1,1,1986,0,12,0,0,0,0,0,0,0,0
391056,2,1,1986,0,0,0,0,0,0,0,0,0,0
391057,1,1,1986,19,19,19,19,19,19,19,19,19,19
391058,1,1,1986,12,12,12,12,12,12,12,12,12,12
391059,1,1,1986,9,9,9,9,9,9,9,9,9,9
391060,1,1,1986,12,0,3,0,7,0,18,0,7,17
391061,1,1,1986,0,0,0,0,0,0,0,16,0,0