ST_CASE,VEH_NO,PER_NO,YEAR,P1,P2,P3,P4,P5,P6,P7,P8,P9,P10
391061,2,1,1986,10,6,0,5,0,0,0,0,0,0
391062,1,1,1986,0,0,0,0,0,0,0,0,0,0
391062,2,1,1986,0,0,0,0,0,0,0,0,0,0
391063,1,1,1986,0,0,0,0,0,0,0,0,0,0
391063,2,1,1986,0,0,0,0,0,0,0,0,0,0
391064,1,1,1986,0,10,19,0,0,17,22,19,0,16
391065,1,1,1986,2,2,2,2,2,2,2,2,2,2
391066,1,1,1986,13,3,10,22,5,27,7,9,24,13
391066,2,1,1986,16,16,16,16,16,16,16,16,16,16
391067,1,1,1986,15,23,37,19,0,25,15,10,34,19
391068,1,1,1986,0,0,0,0,0,0,0,4,0,0
391068,2,1,1986,0,0,0,0,0,0,0,0,0,0
391069,1,1,1986,0,0,0,0,0,0,0,0,0,0
391069,2,1,1986,0,0,0,0,0,0,8,0,0,0
391070,1,1,1986,16,7,0,9,0,0,0,0,0,0
391071,1,1,1986,0,0,0,0,0,0,0,0,0,0
391071,2,1,1986,0,0,0,0,0,0,0,0,0,0
391072,1,1,1986,0,0,0,0,0,0,0,0,0,0
391072,2,1,1986,0,0,0,11,0,0,0,0,0,0
391073,1,1,1986,10,0,0,0,0,0,11,0,0,0
391073,2,1,1986,0,0,9,0,0,9,0,0,0,0
391074,1,1,1986,0,0,0,0,0,0,0,0,0,0
391075,1,1,1986,0,0,0,0,0,0,0,0,0,0
391075,2,1,1986,0,0,0,0,0,0,0,8,0,0
391076,0,1,1986,0,0,0,9,0,0,0,0,17,0
391076,1,1,1986,0,0,0,0,0,0,0,0,0,0
391077,0,1,1986,0,0,0,0,0,0,0,0,0,0
391077,1,1,1986,0,0,0,0,0,0,0,0,0,0
391078,0,1,1986,0,0,0,0,14,0,0,0,0,0
391078,1,1,1986,0,0,0,0,0,0,0,0,0,0
391079,1,1,1986,15,17,9,16,7,14,21,14,14,3
391079,2,1,1986,0,7,14,0,0,0,0,0,0,0
391080,1,1,1986,8,13,12,18,31,6,22,13,3,17
391081,1,1,1986,4,4,4,4,4,4,4,4,4,4
391082,0,1,1986,0,14,0,0,0,38,12,0,0,32
391082,1,1,1986,0,0,0,0,0,0,0,0,0,0
391083,1,1,1986,8,8,8,8,8,8,8,8,8,8
391084,1,1,1986,0,0,0,7,0,0,0,0,0,5
391085,1,1,1986,0,0,0,0,0,0,0,0,0,0
391085,2,1,1986,15,15,15,15,15,15,15,15,15,15
391086,1,1,1986,18,18,18,18,18,18,18,18,18,18
391086,2,1,1986,9,9,9,9,9,9,9,9,9,9
391087,0,1,1986,0,0,0,0,0,0,0,0,0,0
391087,0,2,1986,0,21,28,15,8,11,20,0,29,0
391087,1,1,1986,17,17,17,17,17,17,17,17,17,17
391088,1,1,1986,23,23,23,23,23,23,23,23,23,23
391089,1,1,1986,22,16,15,8,14,10,13,20,10,6
391090,1,1,1986,21,21,21,21,21,21,21,21,21,21
391090,2,1,1986,0,0,0,0,0,0,0,0,0,0
391091,1,1,1986,0,0,0,0,0,0,0,0,0,0
391091,2,1,1986,13,0,0,0,0,0,0,25,0,0
391092,1,1,1986,20,20,20,20,20,20,20,20,20,20
391092,2,1,1986,0,0,0,0,0,0,0,0,0,8
391093,1,1,1986,0,0,0,0,0,0,0,0,0,0
391093,2,1,1986,0,0,0,0,0,0,0,0,0,0
391094,1,1,1986,0,14,0,8,0,0,0,0,0,0
391095,1,1,1986,0,0,0,0,0,0,0,0,0,9
391095,2,1,1986,0,0,0,0,0,0,0,0,0,0
391096,1,1,1986,0,0,0,0,0,0,0,0,0,0
391096,2,1,1986,17,0,15,30,16,22,22,19,8,12
391098,1,1,1986,0,0,0,0,0,0,0,0,0,0
391098,2,1,1986,11,11,11,11,11,11,11,11,11,11
391099,1,1,1986,0,0,0,0,0,0,0,0,0,0
391099,2,1,1986,0,0,0,6,0,0,0,0,0,0
391100,1,1,1986,0,0,0,9,7,0,0,0,24,0
391101,1,1,1986,24,24,24,24,24,24,24,24,24,24
391102,1,1,1986,13,13,13,13,13,13,13,13,13,13
391102,2,1,1986,0,0,0,0,0,0,0,0,0,0
391103,1,1,1986,29,29,29,29,29,29,29,29,29,29
391104,1,1,1986,0,0,0,5,0,0,0,0,0,0
391105,1,1,1986,14,14,14,14,14,14,14,14,14,14
391106,0,1,1986,0,0,13,0,0,18,0,21,0,0
391106,1,1,1986,0,0,0,0,0,0,22,0,0,0
391107,1,1,1986,0,0,0,0,0,9,0,0,0,0
391107,2,1,1986,7,28,17,15,23,13,6,20,10,21
391108,1,1,1986,17,13,26,22,17,5,10,24,13,12
391109,0,1,1986,0,17,0,12,0,0,0,0,8,50
391109,0,2,1986,0,0,8,0,0,0,0,0,0,0
391109,1,1,1986,0,0,0,0,0,0,0,0,0,0
391110,1,1,1986,15,15,15,15,15,15,15,15,15,15
391111,1,1,1986,19,19,19,19,19,19,19,19,19,19
391112,0,1,1986,0,0,0,0,0,0,0,0,0,0
391112,1,1,1986,0,0,0,0,0,0,0,0,0,0
391113,1,1,1986,15,15,15,15,15,15,15,15,15,15
391114,1,1,1986,10,0,0,9,0,0,4,0,14,43
391115,1,1,1986,27,10,7,8,39,24,0,27,4,5
391116,1,1,1986,24,24,24,24,24,24,24,24,24,24
391117,1,1,1986,27,27,27,27,27,27,27,27,27,27
391118,1,1,1986,0,0,0,0,0,0,0,0,0,0
391118,2,1,1986,0,6,0,0,12,0,0,0,11,0
391118,3,1,1986,0,0,11,0,0,0,0,0,0,0
391119,1,1,1986,0,0,0,0,0,0,0,0,0,0
391120,1,1,1986,16,12,0,12,13,9,7,7,0,8
391121,1,1,1986,0,0,0,0,0,0,14,0,0,0
391121,2,1,1986,0,0,0,0,0,0,0,0,0,0
391122,1,1,1986,0,0,0,0,0,0,0,0,0,0
391123,1,1,1986,8,8,8,8,8,8,8,8,8,8
391124,1,1,1986,0,0,0,0,0,0,0,0,0,0
391124,2,1,1986,0,0,0,0,0,0,0,0,0,0
391125,1,1,1986,6,6,6,6,6,6,6,6,6,6
391125,2,1,1986,10,7,22,9,19,13,15,0,16,6
391126,1,1,1986,22,22,22,22,22,22,22,22,22,22
391127,1,1,1986,7,14,4,17,15,13,17,12,11,8
391128,1,1,1986,21,21,21,21,21,21,21,21,21,21
391129,1,1,1986,29,29,29,29,29,29,29,29,29,29
391129,2,1,1986,27,27,27,27,27,27,27,27,27,27
391130,1,1,1986,0,0,0,0,0,0,0,0,0,0
391130,2,1,1986,0,0,0,8,0,0,0,0,0,0
391131,1,1,1986,0,0,0,0,0,0,0,0,0,0
391131,2,1,1986,6,9,0,0,0,9,0,26,0,0
391132,1,1,1986,24,24,24,24,24,24,24,24,24,24
391133,1,1,1986,0,0,0,0,3,0,0,0,0,0
391134,1,1,1986,0,0,0,0,0,0,0,0,0,0
391134,2,1,1986,0,0,0,0,0,0,0,0,0,0
391134,3,1,1986,0,0,0,0,0,0,0,0,0,0
391135,0,1,1986,0,0,0,0,0,0,0,0,0,0
391135,0,2,1986,0,0,0,0,0,0,0,0,0,0
391135,1,1,1986,0,0,0,0,0,0,0,0,0,0
391136,1,1,1986,9,38,16,9,23,21,16,31,22,27
391137,1,1,1986,13,13,13,13,13,13,13,13,13,13
391138,1,1,1986,18,18,18,18,18,18,18,18,18,18
391138,2,1,1986,0,0,0,0,0,8,0,0,0,0
391138,3,1,1986,0,0,0,0,0,0,0,0,0,0
391139,0,1,1986,21,21,21,21,21,21,21,21,21,21
391139,1,1,1986,18,18,18,18,18,18,18,18,18,18
391140,1,1,1986,0,0,0,8,0,5,0,0,0,0
391140,2,1,1986,19,19,19,19,19,19,19,19,19,19
391141,1,1,1986,0,0,0,0,0,0,0,0,0,0
391141,2,1,1986,0,0,0,0,5,0,0,0,0,0
391141,3,1,1986,27,22,9,0,14,18,4,17,24,10
391142,1,1,1986,0,22,8,0,0,0,0,18,0,7
391143,0,1,1986,18,18,18,18,18,18,18,18,18,18
391143,1,1,1986,0,0,0,0,0,0,0,0,0,0
391144,1,1,1986,25,25,25,25,25,25,25,25,25,25
391145,1,1,1986,10,0,0,13,0,0,0,0,0,0
391146,1,1,1986,9,26,22,18,20,13,15,24,10,6
391147,1,1,1986,0,0,0,0,0,0,0,0,0,0
391147,2,1,1986,0,0,0,0,0,0,0,0,0,0
391148,1,1,1986,24,18,18,25,24,43,27,20,20,19
391149,1,1,1986,11,16,19,28,14,0,18,11,17,4
391149,2,1,1986,14,14,14,14,14,14,14,14,14,14
391150,1,1,1986,0,0,0,0,0,0,0,0,10,0
391151,1,1,1986,6,0,0,0,0,0,0,0,0,0
391151,2,1,1986,0,0,0,0,0,0,0,0,0,0
391152,1,1,1986,0,0,0,0,0,0,0,0,0,0
391152,2,1,1986,0,0,0,0,0,0,0,0,0,0
391153,1,1,1986,13,0,0,0,16,0,0,9,0,16
391153,2,1,1986,20,20,20,20,20,20,20,20,20,20
391154,1,1,1986,20,20,20,20,20,20,20,20,20,20
391154,2,1,1986,10,7,7,18,34,8,16,18,30,15
391154,3,1,1986,0,8,0,0,0,0,0,0,0,0
391155,1,1,1986,0,0,0,0,0,0,0,0,0,0
391155,2,1,1986,24,24,24,24,24,24,24,24,24,24
391156,1,1,1986,0,0,0,0,0,0,0,0,0,0
391156,2,1,1986,0,0,0,0,0,0,0,0,0,0
391157,1,1,1986,17,17,17,17,17,17,17,17,17,17
391158,1,1,1986,0,0,0,0,0,0,0,0,0,0
391160,0,1,1986,0,0,0,0,0,0,0,0,0,0
391160,1,1,1986,0,11,0,0,0,0,0,0,0,0
391162,1,1,1986,0,0,0,0,8,0,0,0,0,0
391162,2,1,1986,11,9,9,0,12,11,0,14,0,3
391163,0,1,1986,0,0,10,0,0,18,0,0,0,9
391163,1,1,1986,0,0,0,0,0,14,0,0,0,0
391164,0,1,1986,21,24,0,0,21,0,19,0,0,18
391164,1,1,1986,0,0,0,15,0,0,0,13,0,5
391165,1,1,1986,0,0,0,0,0,0,0,0,0,0
391166,1,1,1986,9,0,0,7,0,5,0,0,0,0
391166,2,1,1986,0,0,0,0,0,0,0,0,0,0
391167,1,1,1986,60,60,60,60,60,60,60,60,60,60
391168,1,1,1986,0,0,0,0,0,0,0,0,0,0
391169,1,1,1986,0,10,0,0,0,0,0,0,0,10
391169,2,1,1986,0,0,0,0,0,0,0,15,0,0
391170,1,1,1986,0,0,0,0,2,0,0,0,0,0
391170,2,1,1986,0,0,0,0,0,0,0,0,0,0
391171,1,1,1986,26,0,7,0,0,0,0,0,5,0
391172,1,1,1986,0,0,0,0,0,0,0,0,0,0
391172,2,1,1986,0,0,0,0,0,0,0,0,0,0
391173,1,1,1986,42,0,11,8,15,6,6,16,7,5
391174,1,1,1986,19,7,17,21,10,16,20,5,8,5
391175,1,1,1986,17,17,17,17,17,17,17,17,17,17
391176,1,1,1986,24,24,24,24,24,24,24,24,24,24
391177,1,1,1986,0,0,0,0,0,0,0,0,0,0
391177,2,1,1986,0,0,0,0,0,0,0,0,0,0
391178,1,1,1986,18,18,18,18,18,18,18,18,18,18
391178,2,1,1986,0,0,0,0,0,0,0,0,0,0
391178,3,1,1986,0,0,0,0,0,0,0,0,0,0
391179,1,1,1986,0,7,13,10,0,0,0,0,0,0
391179,2,1,1986,0,0,0,0,0,0,0,0,0,0
391180,1,1,1986,21,21,21,21,21,21,21,21,21,21
391181,1,1,1986,11,11,11,11,11,11,11,11,11,11
391182,1,1,1986,12,16,23,16,19,12,12,0,11,23
391183,1,1,1986,17,9,0,14,20,0,3,0,34,12
391183,2,1,1986,3,12,0,15,12,0,0,0,0,0
391184,1,1,1986,6,27,28,11,21,14,8,25,0,13
391185,1,1,1986,11,0,8,4,25,3,19,22,8,19
391186,1,1,1986,25,0,3,0,0,0,0,0,0,0
391186,2,1,1986,0,0,0,0,0,0,0,0,0,0
391187,1,1,1986,0,0,0,13,0,0,10,0,0,0
391187,2,1,1986,7,0,0,0,0,6,0,0,0,7
391188,1,1,1986,13,13,13,13,13,13,13,13,13,13
391189,1,1,1986,18,18,18,18,18,18,18,18,18,18
391190,1,1,1986,0,0,0,15,0,0,11,0,0,0
391191,1,1,1986,6,6,6,6,6,6,6,6,6,6
391191,2,1,1986,0,0,0,0,0,0,0,0,0,0
391192,1,1,1986,0,0,0,0,0,0,0,0,0,0
391192,2,1,1986,0,0,0,0,0,0,0,0,0,0
391193,1,1,1986,0,0,0,0,0,0,0,0,0,0
391193,2,1,1986,0,0,0,11,0,0,0,0,0,0
391193,3,1,1986,0,0,0,0,0,0,0,0,0,0
391194,1,1,1986,28,34,0,16,0,17,0,0,0,0
391195,1,1,1986,0,13,19,0,0,0,0,0,0,17
391196,0,1,1986,0,0,0,0,0,0,0,0,0,0
391196,1,1,1986,0,0,0,6,0,0,0,0,0,0
391197,1,1,1986,27,18,31,0,14,34,14,5,16,8
391198,1,1,1986,20,20,20,20,20,20,20,20,20,20
391198,2,1,1986,0,0,0,0,0,0,0,0,0,0
391199,1,1,1986,4,8,23,22,10,4,18,8,32,19
391200,1,1,1986,0,9,0,0,0,0,0,0,0,0
391201,0,1,1986,0,0,0,0,0,0,0,0,0,0
391201,1,1,1986,0,0,0,0,0,0,0,0,0,0
391202,1,1,1986,0,0,0,7,0,0,0,20,0,0
391203,1,1,1986,0,0,9,0,0,0,0,22,0,0
391204,1,1,1986,0,0,0,0,0,0,0,0,0,0
391204,2,1,1986,0,0,0,0,0,0,0,0,0,0
391204,3,1,1986,0,0,0,0,0,0,0,0,0,0
391205,1,1,1986,22,22,22,22,22,22,22,22,22,22
391205,2,1,1986,19,0,20,11,17,14,14,19,13,15
391206,1,1,1986,27,27,27,27,27,27,27,27,27,27
391207,1,1,1986,0,0,0,0,0,0,0,0,0,0
391207,2,1,1986,0,0,0,0,0,0,0,0,0,0
391208,1,1,1986,16,16,16,16,16,16,16,16,16,16
391209,1,1,1986,0,0,0,0,0,0,0,0,0,0
391209,2,1,1986,0,0,0,0,0,0,0,0,0,0
391210,1,1,1986,0,0,0,0,0,0,0,0,0,4
391210,2,1,1986,0,0,0,0,0,0,0,0,0,0
391211,1,1,1986,0,0,0,0,0,0,0,0,0,0
391211,2,1,1986,0,0,0,0,0,0,0,0,0,0
391212,1,1,1986,22,0,0,0,0,16,0,0,0,0
391212,2,1,1986,0,0,22,7,0,0,0,0,0,0
391213,1,1,1986,21,21,21,21,21,21,21,21,21,21
391214,1,1,1986,23,23,23,23,23,23,23,23,23,23
391215,1,1,1986,14,14,14,14,14,14,14,14,14,14
391215,2,1,1986,0,17,12,11,14,0,32,0,12,4
391216,1,1,1986,0,0,0,0,0,0,0,13,0,0
391216,2,1,1986,0,19,0,0,0,33,11,0,0,0
391217,1,1,1986,0,0,0,0,0,0,0,0,0,0
391217,2,1,1986,0,0,0,0,0,0,0,0,0,0
391218,1,1,1986,31,31,31,31,31,31,31,31,31,31
391218,2,1,1986,0,0,0,0,0,0,0,0,0,0
391218,3,1,1986,0,0,0,0,0,0,0,0,0,0
391220,0,1,1986,0,0,0,0,0,0,0,0,0,0
391220,1,1,1986,0,0,0,0,0,0,0,0,0,0
391221,1,1,1986,30,30,30,30,30,30,30,30,30,30
391222,1,1,1986,19,29,27,13,4,17,13,30,20,24
391223,1,1,1986,0,0,0,0,0,0,0,0,0,0
391224,1,1,1986,0,0,0,0,0,0,0,0,0,0
391224,2,1,1986,0,0,0,0,0,0,0,0,0,9
391225,1,1,1986,0,0,0,0,0,0,0,0,0,0
391227,1,1,1986,0,0,0,0,0,0,0,0,0,0
391227,2,1,1986,0,0,0,0,0,0,0,0,0,0
391228,1,1,1986,0,0,0,0,0,0,0,0,0,0
391228,2,1,1986,0,0,0,0,0,0,0,0,0,0
391229,1,1,1986,29,20,18,0,15,13,15,17,0,18
391229,2,1,1986,0,0,0,0,0,0,0,0,0,0
391230,0,1,1986,0,0,16,0,0,0,0,0,0,0
391230,1,1,1986,0,0,0,0,0,0,0,0,0,13
391231,0,1,1986,0,0,0,0,0,0,23,6,0,6
391231,2,1,1986,0,0,0,0,0,10,0,0,0,0
391232,1,1,1986,0,0,14,14,0,0,0,25,0,0
391233,1,1,1986,0,0,0,0,0,0,0,0,0,0
391233,2,1,1986,0,0,0,0,0,0,0,0,0,0
391234,1,1,1986,0,0,0,0,0,0,0,14,0,0
391234,2,1,1986,0,0,0,0,0,0,0,0,0,0
391236,1,1,1986,4,0,0,0,0,0,0,0,0,0
391236,2,1,1986,0,0,0,0,20,13,0,0,0,0
391237,1,1,1986,17,17,17,17,17,17,17,17,17,17
391238,1,1,1986,22,10,24,17,7,33,4,12,13,22
391238,2,1,1986,0,11,8,0,0,11,0,0,0,0
391239,1,1,1986,0,0,0,0,0,0,0,0,0,0
391239,2,1,1986,0,0,0,0,0,0,0,0,0,0
391240,1,1,1986,0,0,0,0,0,0,0,0,0,0
391240,2,1,1986,0,0,0,0,0,0,0,0,0,0
391241,1,1,1986,0,0,0,0,11,0,0,0,0,0
391241,2,1,1986,6,0,0,0,0,0,0,0,0,19
391242,1,1,1986,17,17,17,17,17,17,17,17,17,17
391243,1,1,1986,0,0,0,0,0,0,0,0,0,0
391243,2,1,1986,0,18,0,0,0,0,0,0,0,0
391244,1,1,1986,0,0,0,0,0,0,0,0,0,0
391245,1,1,1986,19,19,19,19,19,19,19,19,19,19
391246,1,1,1986,0,0,0,0,0,0,0,0,0,0
391246,2,1,1986,28,28,28,28,28,28,28,28,28,28
391246,3,1,1986,0,0,0,0,0,0,0,0,0,0
391247,1,1,1986,23,23,23,23,23,23,23,23,23,23
391248,1,1,1986,16,16,16,16,16,16,16,16,16,16
391249,1,1,1986,0,0,0,0,0,0,0,0,0,0
391249,2,1,1986,0,0,0,0,0,0,0,0,0,0
391250,1,1,1986,13,0,0,0,0,0,2,0,0,0
391250,2,1,1986,0,0,0,0,0,0,17,0,0,0
391251,1,1,1986,0,3,0,0,0,0,0,28,0,0
391252,0,1,1986,0,0,0,0,0,0,0,0,0,0
391252,1,1,1986,0,0,0,0,0,0,0,0,0,0
391253,1,1,1986,0,0,0,0,0,0,0,0,0,0
391253,2,1,1986,0,0,0,0,0,0,0,0,0,0
391254,1,1,1986,0,0,0,0,0,0,0,0,0,0
391254,2,1,1986,0,0,0,0,0,0,0,0,17,0
391255,1,1,1986,17,9,14,20,17,6,42,21,15,7
391255,2,1,1986,0,0,12,0,0,0,16,0,0,0
391255,3,1,1986,0,0,0,0,0,0,0,0,0,0
391255,4,1,1986,0,0,0,0,0,0,0,0,0,5
391256,0,1,1986,0,0,0,0,0,0,0,0,10,0
391256,1,1,1986,0,0,0,0,0,0,0,0,0,0
391257,0,1,1986,21,21,21,21,21,21,21,21,21,21
391257,1,1,1986,0,23,0,0,0,0,0,0,0,0
391258,0,1,1986,0,0,0,0,0,0,0,0,0,0
391258,1,1,1986,13,0,0,0,0,0,0,0,0,0
391259,1,1,1986,20,20,20,20,20,20,20,20,20,20
391260,1,1,1986,11,23,0,8,17,0,18,9,24,11
391261,1,1,1986,18,18,18,18,18,18,18,18,18,18
391262,1,1,1986,0,0,0,21,0,0,0,0,0,0
391262,2,1,1986,0,0,0,0,0,0,0,0,0,0
391263,1,1,1986,0,0,0,0,0,0,0,0,0,0
391264,1,1,1986,12,12,12,12,12,12,12,12,12,12
391265,1,1,1986,24,24,24,24,24,24,24,24,24,24
391266,1,1,1986,0,0,0,0,0,13,0,0,0,0
391266,2,1,1986,11,0,0,0,0,0,0,0,0,0
391267,2,1,1986,15,15,15,15,15,15,15,15,15,15
391268,1,1,1986,25,25,25,25,25,25,25,25,25,25
391269,1,1,1986,9,9,9,9,9,9,9,9,9,9
391270,1,1,1986,31,0,12,0,0,0,12,0,0,0
391272,0,1,1986,16,16,16,16,16,16,16,16,16,16
391272,0,2,1986,11,32,21,0,21,47,12,22,19,15
391272,1,1,1986,16,16,16,16,16,16,16,16,16,16
391273,0,1,1986,0,0,0,0,0,0,0,0,0,0
391273,1,1,1986,4,0,0,0,0,12,0,0,0,0
391274,1,1,1986,8,0,0,0,0,0,0,8,0,0
391275,1,1,1986,6,6,6,6,6,6,6,6,6,6
391276,1,1,1986,0,0,0,0,0,0,0,0,0,0
391276,2,1,1986,0,0,0,0,0,0,0,0,0,0
391277,1,1,1986,0,0,0,5,0,0,0,0,0,3
391277,2,1,1986,0,0,0,0,0,0,0,0,0,0
391278,0,1,1986,22,5,23,16,20,16,13,0,13,4
391278,1,1,1986,9,28,24,6,13,13,22,20,11,13
391279,1,1,1986,9,13,18,21,17,17,23,46,10,17
391280,0,1,1986,22,22,22,22,22,22,22,22,22,22
391280,1,1,1986,11,5,35,18,21,0,0,16,27,30
391281,1,1,1986,17,17,17,17,17,17,17,17,17,17
391282,0,1,1986,0,0,0,0,0,0,0,0,0,0
391282,1,1,1986,0,0,0,0,0,0,6,0,0,0
391283,0,1,1986,0,20,0,0,23,18,0,30,0,18
391283,1,1,1986,0,6,0,0,0,0,0,0,0,0
391284,1,1,1986,15,15,15,15,15,15,15,15,15,15
391284,2,1,1986,0,0,0,12,0,0,0,0,0,0
391284,3,1,1986,11,0,0,8,0,0,0,0,0,0
391285,1,1,1986,0,0,0,0,0,0,0,0,0,0
391285,2,1,1986,17,0,0,0,0,0,0,0,0,0
391286,1,1,1986,2,2,2,2,2,2,2,2,2,2
391286,2,1,1986,0,0,0,0,0,0,0,0,0,0
391287,1,1,1986,0,0,0,0,0,0,0,0,0,0
391287,2,1,1986,0,0,0,0,14,0,0,0,0,0
391288,1,1,1986,20,20,20,20,20,20,20,20,20,20
391289,1,1,1986,3,3,3,3,3,3,3,3,3,3
391289,2,1,1986,9,0,0,18,0,0,21,0,0,0
391290,1,1,1986,0,0,0,0,0,0,0,0,0,0
391290,2,1,1986,17,21,20,24,18,22,22,10,19,33
391291,1,1,1986,18,39,13,36,27,36,23,4,24,15
391292,0,1,1986,0,0,0,0,0,0,0,21,0,27
391292,1,1,1986,10,10,10,10,10,10,10,10,10,10
391293,1,1,1986,0,0,0,0,0,0,0,0,0,0
391293,2,1,1986,0,0,0,0,0,0,0,0,0,0
391294,0,1,1986,0,0,0,0,0,0,0,0,0,0
391294,1,1,1986,0,0,0,0,0,0,0,0,0,0
391295,1,1,1986,0,0,0,0,0,0,0,0,0,0
391295,2,1,1986,9,9,9,9,9,9,9,9,9,9
391296,1,1,1986,0,0,5,0,0,0,0,0,13,0
391297,1,1,1986,18,18,18,18,18,18,18,18,18,18
391298,1,1,1986,14,14,14,14,14,14,14,14,14,14
391299,1,1,1986,16,24,12,0,0,0,7,15,0,5
391299,2,1,1986,0,0,0,0,0,0,0,0,0,0
391300,1,1,1986,0,12,3,23,0,4,18,6,22,0
391300,2,1,1986,32,25,22,20,8,19,8,7,12,22
391301,1,1,1986,23,23,23,23,23,23,23,23,23,23
391302,1,1,1986,0,4,0,0,0,0,0,0,0,0
391302,2,1,1986,0,0,0,0,0,0,0,10,0,0
391303,1,1,1986,0,0,0,0,0,0,0,0,0,0
391304,1,1,1986,24,41,13,0,0,3,15,21,7,32
391305,0,1,1986,0,0,0,20,28,13,0,0,33,37
391305,1,1,1986,0,0,0,0,0,0,0,0,0,0
391305,2,1,1986,0,0,0,0,0,0,0,0,0,5
391306,1,1,1986,17,17,17,17,17,17,17,17,17,17
391307,1,1,1986,0,0,0,0,0,0,0,0,0,0
391307,2,1,1986,0,0,0,0,0,0,0,0,0,0
391308,1,1,1986,15,15,15,15,15,15,15,15,15,15
391309,0,1,1986,0,0,0,0,0,0,0,23,0,0
391309,0,2,1986,23,0,22,19,0,32,17,8,0,6
391309,1,1,1986,0,0,0,2,0,0,0,0,0,0
391310,1,1,1986,7,8,0,0,0,0,15,15,12,5
391310,2,1,1986,0,0,13,0,12,0,0,0,12,17
391311,1,1,1986,0,0,0,17,0,0,0,0,0,9
391312,1,1,1986,20,3,10,0,3,21,4,5,8,15
391314,0,1,1986,22,22,22,22,22,22,22,22,22,22
391314,1,1,1986,0,0,16,14,3,0,0,18,26,0
391315,1,1,1986,23,26,25,16,13,13,15,17,18,24
391316,1,1,1986,10,8,0,14,7,0,0,0,9,0
391318,1,1,1986,27,27,27,27,27,27,27,27,27,27
391318,2,1,1986,8,8,8,8,8,8,8,8,8,8
391319,0,1,1986,29,29,29,29,29,29,29,29,29,29
391319,1,1,1986,0,4,14,0,0,0,0,0,0,0
391320,1,1,1986,15,15,15,15,15,15,15,15,15,15
391321,1,1,1986,0,0,0,0,0,0,0,0,0,0
391321,2,1,1986,0,8,0,0,0,0,0,0,0,0
391322,1,1,1986,0,0,0,0,0,0,0,0,0,11
391322,2,1,1986,0,0,0,0,0,0,0,0,0,0
391323,1,1,1986,8,8,8,8,8,8,8,8,8,8
391324,1,1,1986,0,0,0,0,0,0,0,0,0,0
391324,2,1,1986,0,0,0,0,0,0,0,0,0,0
391325,1,1,1986,0,0,0,0,0,0,0,0,0,0
391325,2,1,1986,0,0,0,0,0,0,0,0,0,0
391326,1,1,1986,18,18,18,18,18,18,18,18,18,18
391327,1,1,1986,25,25,25,25,25,25,25,25,25,25
391327,2,1,1986,8,8,8,8,8,8,8,8,8,8
391328,1,1,1986,0,0,0,0,0,0,0,20,7,0
391328,2,1,1986,0,0,0,0,14,0,0,0,0,0
391329,1,1,1986,19,19,19,19,19,19,19,19,19,19
391330,1,1,1986,0,0,0,0,0,0,0,0,0,0
391330,2,1,1986,0,0,0,0,0,0,0,0,0,0
391331,1,1,1986,0,18,0,12,0,14,21,7,19,10
391332,1,1,1986,24,24,24,24,24,24,24,24,24,24
391333,1,1,1986,0,0,0,0,0,0,0,0,0,0
391333,2,1,1986,17,17,17,17,17,17,17,17,17,17
391334,1,1,1986,0,0,0,0,7,0,0,18,0,0
391335,1,1,1986,15,6,7,20,33,18,19,27,13,18
391336,1,1,1986,0,0,0,0,0,0,0,0,0,0
391336,2,1,1986,0,0,0,0,0,0,0,0,0,0
391337,0,1,1986,0,0,0,0,0,0,0,0,0,0
391337,1,1,1986,0,0,0,0,0,0,0,0,0,0
391338,0,1,1986,18,0,0,0,0,20,0,0,0,0
391338,1,1,1986,6,18,31,5,25,4,15,22,21,10
391338,2,1,1986,0,0,0,0,0,0,0,0,0,0
391339,1,1,1986,0,0,0,0,0,0,0,23,0,0
391340,0,1,1986,0,0,0,0,0,0,0,0,0,0
391340,1,1,1986,19,30,20,9,13,17,8,0,14,27
391341,1,1,1986,0,0,0,13,8,0,0,0,0,17
391341,2,1,1986,0,0,0,0,0,0,0,0,0,0
391342,1,1,1986,0,0,0,0,10,0,0,12,0,0
391343,1,1,1986,26,26,26,26,26,26,26,26,26,26
391344,1,1,1986,19,19,11,12,36,16,26,9,16,23
391345,1,1,1986,0,0,0,6,0,0,17,0,0,0
391346,1,1,1986,0,0,0,0,0,0,0,0,0,13
391347,1,1,1986,12,12,12,12,12,12,12,12,12,12
391348,1,1,1986,0,0,0,0,0,0,0,0,8,0
391348,2,1,1986,4,0,14,0,0,0,13,0,0,0
391349,0,1,1986,18,18,18,18,18,18,18,18,18,18
391349,1,1,1986,18,18,18,18,18,18,18,18,18,18
391351,1,1,1986,0,0,0,0,0,0,0,0,0,0
391351,2,1,1986,0,0,0,0,0,0,0,0,0,0