ST_CASE,VEH_NO,PER_NO,YEAR,P1,P2,P3,P4,P5,P6,P7,P8,P9,P10
391352,1,1,1986,0,0,6,6,0,21,11,0,10,0
391353,1,1,1986,13,0,0,33,17,7,7,19,14,25
391354,1,1,1986,14,14,0,0,12,12,14,0,0,16
391355,1,1,1986,0,0,0,0,0,0,0,0,0,0
391355,2,1,1986,0,0,0,0,0,0,0,0,0,0
391356,1,1,1986,10,15,0,15,8,11,10,9,8,9
391356,2,1,1986,0,0,0,0,14,6,0,0,15,0
391357,1,1,1986,7,7,7,7,7,7,7,7,7,7
391358,1,1,1986,12,15,21,27,18,11,16,20,32,22
391358,2,1,1986,0,0,0,13,0,0,0,0,0,0
391359,0,1,1986,31,27,9,9,20,0,8,9,16,22
391359,1,1,1986,12,28,7,4,13,21,27,6,14,13
391360,1,1,1986,15,15,15,15,15,15,15,15,15,15
391360,2,1,1986,0,0,0,0,0,0,0,0,0,0
391361,1,1,1986,0,0,0,0,0,0,0,0,0,0
391361,2,1,1986,0,0,0,4,0,0,0,0,0,0
391362,1,1,1986,0,0,9,0,0,0,0,0,0,0
391363,1,1,1986,13,7,35,36,18,33,25,20,11,11
391365,1,1,1986,0,20,11,19,26,11,0,16,19,6
391365,2,1,1986,27,27,27,27,27,27,27,27,27,27
391366,1,1,1986,16,16,16,16,16,16,16,16,16,16
391367,1,1,1986,13,0,10,0,17,0,0,0,0,11
391368,1,1,1986,0,0,0,0,0,0,0,0,0,0
391368,2,1,1986,0,0,0,0,0,0,0,0,7,0
391369,1,1,1986,6,13,8,0,12,15,12,8,24,3
391370,1,1,1986,0,0,0,0,0,0,0,0,0,0
391371,1,1,1986,18,18,18,18,18,18,18,18,18,18
391371,2,1,1986,0,11,9,0,10,27,17,31,0,8
391372,1,1,1986,18,18,18,18,18,18,18,18,18,18
391372,2,1,1986,7,5,0,0,22,0,14,0,0,0
391373,1,1,1986,0,0,0,0,0,0,0,0,0,0
391373,2,1,1986,0,0,0,0,0,0,0,0,0,0
391374,1,1,1986,14,32,0,0,0,0,0,0,0,24
391374,2,1,1986,24,24,24,24,24,24,24,24,24,24
391375,0,1,1986,18,18,18,18,18,18,18,18,18,18
391375,1,1,1986,0,0,0,0,0,0,0,0,0,0
391376,1,1,1986,0,0,0,0,0,0,0,0,0,0
391376,2,1,1986,0,0,0,0,0,0,0,0,0,0
391377,1,1,1986,0,0,5,0,7,0,0,0,0,16
391379,1,1,1986,15,15,15,15,15,15,15,15,15,15
391380,1,1,1986,17,17,17,17,17,17,17,17,17,17
391380,2,1,1986,0,0,3,11,7,0,20,0,0,0
391381,1,1,1986,0,9,0,21,0,0,0,0,11,0
391382,1,1,1986,27,27,27,27,27,27,27,27,27,27
391383,1,1,1986,0,0,0,0,0,0,0,0,0,0
391383,2,1,1986,0,0,0,0,0,0,0,0,0,0
391385,1,1,1986,0,0,0,0,0,0,0,0,0,0
391385,2,1,1986,4,4,4,4,4,4,4,4,4,4
391386,1,1,1986,22,22,22,22,22,22,22,22,22,22
391388,0,1,1986,0,0,0,0,6,0,0,0,0,0
391388,1,1,1986,0,0,0,0,0,0,0,0,0,0
391389,1,1,1986,9,0,0,0,0,0,0,0,0,0
391389,2,1,1986,0,0,0,0,0,0,0,0,0,0
391390,1,1,1986,0,0,0,0,0,0,0,0,0,0
391390,2,1,1986,0,0,0,0,0,0,0,0,0,0
391390,3,1,1986,0,0,0,0,0,0,0,0,0,0
391391,1,1,1986,0,0,0,0,0,0,0,0,0,0
391391,2,1,1986,0,0,0,0,0,0,0,0,0,0
391392,0,1,1986,0,0,0,0,0,0,0,11,0,0
391392,1,1,1986,0,20,0,0,0,0,7,0,0,0
391393,1,1,1986,5,23,11,10,26,31,30,12,15,12
391394,1,1,1986,18,18,18,18,18,18,18,18,18,18
391395,1,1,1986,0,0,0,0,0,0,0,0,0,0
391396,1,1,1986,0,0,0,0,0,0,0,0,0,0
391396,2,1,1986,0,0,0,0,0,0,0,0,0,0
391397,1,1,1986,0,0,6,0,0,0,0,0,0,0
391397,2,1,1986,0,0,0,0,0,0,0,0,0,0
391398,1,1,1986,31,31,31,31,31,31,31,31,31,31
391399,1,1,1986,20,6,28,2,10,10,7,13,13,18
391400,0,1,1986,13,13,13,13,13,13,13,13,13,13
391400,1,1,1986,17,19,8,22,0,10,0,0,4,0
391401,0,1,1986,25,25,25,25,25,25,25,25,25,25
391401,1,1,1986,0,0,0,0,0,0,0,0,0,0
391402,1,1,1986,0,0,0,0,0,0,0,14,0,0
391402,2,1,1986,0,0,0,0,0,0,0,0,0,0
391403,1,1,1986,35,27,26,11,11,33,15,22,18,17
391403,2,1,1986,5,0,0,10,0,0,0,0,0,0
391404,1,1,1986,21,21,21,21,21,21,21,21,21,21
391405,1,1,1986,0,0,0,13,10,0,0,6,14,0
391406,1,1,1986,0,0,0,0,0,0,0,0,0,0
391406,2,1,1986,0,0,0,0,0,0,0,0,0,0
391407,1,1,1986,21,21,21,21,21,21,21,21,21,21
391408,1,1,1986,0,0,0,0,0,0,0,0,0,0
391408,2,1,1986,0,0,0,0,0,0,0,0,0,0
391409,1,1,1986,0,0,0,0,0,0,0,0,0,0
391409,2,1,1986,0,0,0,0,0,0,0,0,0,0
391410,0,1,1986,9,15,13,7,34,7,12,18,17,12
391410,1,1,1986,20,20,20,20,20,20,20,20,20,20
391412,0,1,1986,0,0,0,0,0,0,0,0,0,0
391412,1,1,1986,7,0,0,0,0,0,0,0,0,0
391413,1,1,1986,0,0,0,0,0,0,0,0,0,0
391413,2,1,1986,0,0,0,9,0,0,0,0,0,0
391414,1,1,1986,27,27,27,27,27,27,27,27,27,27
391415,1,1,1986,17,17,17,17,17,17,17,17,17,17
391416,1,1,1986,20,20,20,20,20,20,20,20,20,20
391418,1,1,1986,20,20,20,20,20,20,20,20,20,20
391419,1,1,1986,0,0,0,0,0,0,0,0,0,0
391419,2,1,1986,0,0,0,0,0,0,0,0,0,0
391420,0,1,1986,17,17,17,17,17,17,17,17,17,17
391420,1,1,1986,17,17,17,17,17,17,17,17,17,17
391421,1,1,1986,0,0,0,0,0,0,0,0,0,0
391421,2,1,1986,21,0,0,4,0,0,0,0,0,0
391422,1,1,1986,0,0,0,0,0,0,0,0,0,0
391422,2,1,1986,26,13,14,32,20,0,13,16,0,21
391423,1,1,1986,4,4,4,4,4,4,4,4,4,4
391424,1,1,1986,6,0,3,0,0,13,0,0,0,0
391425,1,1,1986,21,16,34,16,29,14,17,15,3,7
391426,1,1,1986,14,14,14,14,14,14,14,14,14,14
391427,1,1,1986,10,10,10,10,10,10,10,10,10,10
391428,1,1,1986,0,0,0,0,0,0,0,0,0,0
391429,1,1,1986,0,0,0,0,0,0,0,9,0,0
391429,2,1,1986,0,0,0,0,0,0,0,0,0,0
391430,1,1,1986,0,0,6,0,0,0,0,0,0,0
391430,2,1,1986,0,0,0,0,0,0,0,4,0,0
391431,1,1,1986,0,0,0,0,0,0,0,0,0,0
391432,1,1,1986,0,0,0,0,0,0,0,0,0,0
391432,2,1,1986,0,0,0,0,0,0,0,0,0,0
391433,1,1,1986,29,29,29,29,29,29,29,29,29,29
391434,1,1,1986,25,25,25,25,25,25,25,25,25,25
391435,0,1,1986,0,0,0,0,0,0,0,0,0,0
391435,1,1,1986,0,0,0,0,0,0,0,0,0,0
391436,1,1,1986,6,5,0,6,0,8,17,11,10,4
391437,1,1,1986,0,0,0,0,0,0,0,0,0,0
391438,1,1,1986,14,14,14,14,14,14,14,14,14,14
391438,2,1,1986,0,0,0,0,0,0,0,0,0,0
391439,1,1,1986,0,0,0,0,12,4,14,29,0,0
391439,2,1,1986,6,6,6,6,6,6,6,6,6,6
391440,1,1,1986,0,0,0,0,0,0,0,0,0,0
391441,0,1,1986,4,0,19,0,0,0,0,10,0,23
391441,1,1,1986,0,16,22,26,25,13,0,0,26,0
391442,0,1,1986,0,0,0,0,0,0,0,0,0,0
391442,1,1,1986,0,0,0,0,0,0,0,0,0,0
391443,1,1,1986,12,12,12,12,12,12,12,12,12,12
391444,1,1,1986,0,0,0,9,0,0,0,17,0,0
391444,2,1,1986,0,0,0,0,0,0,0,0,0,0
391444,3,1,1986,0,0,0,0,5,0,0,0,0,0
391445,0,1,1986,0,0,0,0,0,0,0,0,0,0
391445,1,1,1986,0,0,0,0,0,0,0,0,0,0
391445,2,1,1986,0,0,0,0,0,0,0,0,0,0
391446,1,1,1986,0,0,0,0,0,0,0,0,0,0
391446,2,1,1986,0,0,0,0,0,0,0,0,0,0
391447,1,1,1986,27,20,18,7,16,23,14,15,16,14
391447,2,1,1986,0,0,0,0,3,0,0,0,0,0
391448,1,1,1986,0,0,0,0,0,0,0,0,0,0
391448,2,1,1986,0,0,0,0,12,0,0,0,0,0
391449,1,1,1986,0,0,0,0,0,0,0,0,0,0
391449,2,1,1986,0,0,0,0,0,0,0,0,0,0
391450,1,1,1986,21,21,21,21,21,21,21,21,21,21
391451,1,1,1986,0,0,0,0,0,0,0,0,0,0
391451,2,1,1986,0,0,0,0,0,0,0,0,0,0
391452,1,1,1986,15,15,15,15,15,15,15,15,15,15
391452,2,1,1986,0,0,0,0,0,0,6,0,0,0
391453,1,1,1986,5,5,5,5,5,5,5,5,5,5
391454,0,1,1986,0,0,0,0,0,0,0,0,0,0
391454,1,1,1986,0,0,0,0,0,0,0,0,0,0
391455,0,1,1986,17,17,17,17,17,17,17,17,17,17
391455,1,1,1986,0,0,0,0,0,0,0,0,0,0
391456,1,1,1986,17,17,17,17,17,17,17,17,17,17
391457,0,1,1986,0,0,0,0,29,0,0,0,0,0
391457,1,1,1986,0,0,0,0,0,0,0,0,0,0
391458,1,1,1986,34,34,34,34,34,34,34,34,34,34
391459,1,1,1986,20,20,20,20,20,20,20,20,20,20
391460,1,1,1986,0,0,0,0,0,0,18,0,0,0
391460,2,1,1986,0,0,0,0,0,0,0,0,0,0
391461,1,1,1986,0,0,0,0,0,0,0,0,0,0
391461,2,1,1986,0,0,0,0,0,0,0,0,0,0
391462,1,1,1986,11,11,11,11,11,11,11,11,11,11
391462,2,1,1986,0,13,0,0,0,0,0,22,0,0
391463,0,1,1986,0,0,0,0,0,0,0,0,0,0
391463,1,1,1986,0,0,0,0,0,0,0,0,0,0
391464,1,1,1986,17,17,17,17,17,17,17,17,17,17
391465,1,1,1986,0,0,0,0,0,0,0,0,0,0
391466,1,1,1986,0,0,0,0,0,0,0,0,0,0
391466,2,1,1986,0,0,0,0,0,0,0,0,0,0
391467,1,1,1986,0,0,0,0,0,0,0,0,0,0
391467,2,1,1986,0,20,0,0,0,0,0,0,0,0
391468,1,1,1986,13,13,13,13,13,13,13,13,13,13
391469,1,1,1986,15,15,15,15,15,15,15,15,15,15
391470,1,1,1986,23,23,23,23,23,23,23,23,23,23
391471,1,1,1986,17,17,17,17,17,17,17,17,17,17
391471,2,1,1986,7,25,17,0,6,13,17,12,20,16
391472,0,1,1986,0,0,0,0,0,0,0,0,12,0
391472,1,1,1986,0,0,0,0,0,0,3,0,0,0
391474,1,1,1986,39,39,39,39,39,39,39,39,39,39
391475,1,1,1986,0,0,0,0,0,0,0,0,0,0
391475,2,1,1986,0,0,0,0,0,0,0,0,0,0
391476,0,1,1986,7,7,7,7,7,7,7,7,7,7
391476,1,1,1986,13,8,0,28,18,0,7,16,0,29
391477,1,1,1986,16,19,7,5,14,12,11,0,9,17
391478,1,1,1986,0,0,0,0,0,0,0,0,0,0
391480,1,1,1986,19,19,19,19,19,19,19,19,19,19
391481,1,1,1986,27,21,19,13,36,22,18,19,21,23
391482,0,1,1986,14,9,22,13,0,43,42,14,0,6
391482,1,1,1986,10,11,15,14,12,0,21,0,17,14
391483,1,1,1986,0,0,0,0,0,0,0,0,0,0
391483,2,1,1986,0,0,0,0,0,0,0,0,0,0
391486,1,1,1986,0,0,0,0,0,0,0,0,0,0
391486,2,1,1986,0,0,0,0,0,0,0,0,0,4
391487,1,1,1986,29,29,29,29,29,29,29,29,29,29
391488,1,1,1986,15,15,15,15,15,15,15,15,15,15
391489,1,1,1986,0,0,0,7,0,4,0,0,6,0
391490,1,1,1986,0,0,0,0,0,0,0,0,0,0
391490,2,1,1986,11,0,0,0,0,0,0,0,13,0
391491,1,1,1986,0,15,0,0,0,0,0,0,0,0
391492,1,1,1986,26,26,26,26,26,26,26,26,26,26
391493,1,1,1986,9,9,9,9,9,9,9,9,9,9
391494,0,1,1986,0,0,0,0,0,0,0,0,17,0
391494,1,1,1986,28,0,17,8,12,11,29,18,5,19
391495,1,1,1986,0,0,0,0,0,0,0,15,0,0
391495,2,1,1986,0,0,0,0,0,0,0,0,0,0
391496,1,1,1986,0,10,24,0,21,0,24,0,0,27
391497,0,1,1986,38,38,38,38,38,38,38,38,38,38
391497,1,1,1986,0,0,0,0,0,0,0,0,0,0
391498,1,1,1986,32,32,32,32,32,32,32,32,32,32
391499,1,1,1986,10,40,29,24,19,26,32,25,18,34
391500,1,1,1986,12,31,15,15,22,0,26,12,10,9
391500,2,1,1986,18,18,18,18,18,18,18,18,18,18
391501,1,1,1986,0,0,0,0,0,0,0,0,0,0
391501,2,1,1986,0,0,3,7,11,10,7,12,16,11
391502,1,1,1986,16,0,0,0,20,20,0,6,0,11
391503,1,1,1986,15,15,15,15,15,15,15,15,15,15
391504,0,1,1986,16,16,16,16,16,16,16,16,16,16
391504,1,1,1986,3,3,3,3,3,3,3,3,3,3
391505,1,1,1986,0,0,0,0,0,0,0,0,0,0
391506,1,1,1986,31,31,31,31,31,31,31,31,31,31
391507,0,1,1986,17,18,32,22,28,24,32,13,10,29
391507,1,1,1986,0,0,5,0,0,0,0,0,0,0
391508,0,1,1986,0,0,0,0,0,0,0,0,0,0
391508,1,1,1986,0,0,0,0,0,0,0,0,0,0
391509,1,1,1986,0,0,0,10,0,0,0,0,9,0
391510,1,1,1986,12,24,23,22,15,0,17,20,17,32
391511,0,1,1986,0,0,0,0,0,0,0,0,0,0
391511,1,1,1986,0,9,0,4,0,13,0,0,0,0
391512,1,1,1986,14,0,15,0,21,14,15,22,8,22
391513,1,1,1986,0,0,0,0,0,0,0,0,0,0
391513,2,1,1986,0,0,0,0,0,0,8,0,0,0
391514,1,1,1986,26,26,26,26,26,26,26,26,26,26
391516,1,1,1986,0,0,0,0,0,0,0,0,0,0
391516,2,1,1986,0,0,0,0,0,0,0,0,0,0
391518,1,1,1986,0,0,0,0,0,0,0,0,0,0
391518,2,1,1986,0,0,0,0,0,0,0,0,0,0
391519,1,1,1986,0,0,0,0,0,0,0,0,0,0
391519,2,1,1986,0,0,0,0,0,0,0,0,0,0
391519,3,1,1986,0,13,25,0,0,0,0,0,0,0
391519,4,1,1986,12,15,13,17,10,12,26,14,12,0
391520,1,1,1986,14,27,12,26,9,16,6,27,33,5
391521,1,1,1986,0,0,0,0,0,0,0,0,0,0
391521,2,1,1986,0,0,0,9,0,28,0,0,0,0
391522,1,1,1986,0,0,0,0,0,0,0,0,0,0
391523,1,1,1986,27,46,32,35,22,25,10,17,28,24
391523,2,1,1986,0,0,0,0,0,0,0,0,0,0
391524,1,1,1986,0,0,0,0,0,0,0,0,0,0
391524,2,1,1986,0,0,0,0,0,0,0,0,0,0
391525,0,1,1986,11,42,0,20,27,0,0,0,0,31
391525,1,1,1986,0,0,0,0,0,0,0,0,0,7
391526,1,1,1986,28,28,28,28,28,28,28,28,28,28
391527,1,1,1986,0,0,0,0,0,0,0,0,0,0
391527,2,1,1986,0,0,0,0,0,0,0,0,5,0
391528,1,1,1986,0,13,0,0,0,0,20,0,0,0
391529,1,1,1986,0,12,17,9,0,11,0,0,16,0
391529,2,1,1986,15,0,0,0,0,12,0,0,0,0
391530,0,1,1986,20,17,32,17,19,12,0,0,23,0
391530,1,1,1986,0,0,0,0,0,0,0,0,0,0
391531,1,1,1986,0,0,0,0,0,0,0,0,0,0
391531,2,1,1986,0,0,0,0,0,0,0,0,0,0
391532,1,1,1986,12,12,30,6,19,28,11,5,17,14
391532,2,1,1986,0,0,0,0,0,0,6,0,0,0
391533,1,1,1986,0,2,0,11,0,0,0,0,0,0
391534,0,1,1986,21,21,21,21,21,21,21,21,21,21
391534,1,1,1986,0,0,0,0,0,0,0,0,0,0
391535,1,1,1986,15,17,0,11,20,18,12,26,0,15
391536,1,1,1986,27,27,27,27,27,27,27,27,27,27
391537,1,1,1986,0,0,0,0,0,0,0,0,0,0
391537,2,1,1986,0,0,0,0,0,0,0,13,0,0
391538,1,1,1986,0,0,0,0,0,0,0,0,0,0
391538,2,1,1986,0,0,0,0,0,0,11,0,0,0
391539,0,1,1986,1,1,1,1,1,1,1,1,1,1
391539,1,1,1986,0,0,0,6,0,0,0,0,0,0
391540,1,1,1986,0,0,0,0,0,0,0,0,0,0
391540,2,1,1986,0,0,0,0,0,0,0,0,0,0
391541,0,1,1986,11,6,0,0,27,0,0,0,26,23
391541,1,1,1986,20,10,21,0,0,8,18,10,8,8
391542,1,1,1986,0,0,0,0,0,0,0,0,0,10
391544,0,1,1986,0,0,0,0,0,0,0,0,0,0
391544,1,1,1986,0,0,0,0,0,0,0,0,0,0
391545,1,1,1986,0,0,0,12,0,0,12,0,0,0
391546,1,1,1986,0,0,0,0,0,0,0,0,0,0
391546,2,1,1986,0,0,0,0,0,0,0,0,0,0
391547,1,1,1986,12,23,22,22,33,17,12,21,13,4
391548,1,1,1986,12,10,13,15,16,12,13,10,24,16
391549,0,1,1986,22,27,20,28,23,18,25,21,13,19
391549,1,1,1986,27,11,26,24,25,16,12,0,26,27
391550,1,1,1986,0,0,0,0,0,0,0,0,0,0
391550,2,1,1986,0,0,0,0,0,0,0,0,0,0
391551,1,1,1986,9,9,9,9,9,9,9,9,9,9
391551,2,1,1986,0,0,0,0,0,0,0,0,0,6
391552,1,1,1986,0,0,4,0,0,0,0,0,0,0
391553,1,1,1986,0,0,0,0,0,0,0,0,36,0
391553,2,1,1986,0,0,0,0,0,16,0,0,2,0
391554,1,1,1986,0,0,0,0,0,0,0,0,0,0
391554,2,1,1986,0,0,0,0,8,0,0,0,0,0
391555,1,1,1986,0,0,0,0,0,0,0,0,0,0
391555,2,1,1986,0,0,0,0,0,0,0,0,12,0
391556,0,1,1986,0,0,0,0,0,0,0,0,0,0
391556,1,1,1986,0,0,0,0,0,0,0,0,0,5
391557,1,1,1986,0,0,0,0,0,14,0,0,0,0
391558,1,1,1986,0,0,7,0,0,0,0,0,0,0
391558,2,1,1986,0,0,0,0,0,0,0,0,17,0
391559,1,1,1986,0,0,0,21,0,0,0,0,19,0
391559,2,1,1986,0,0,0,0,0,0,14,0,0,0
391560,1,1,1986,0,0,0,0,0,0,0,0,0,0
391560,2,1,1986,0,0,0,0,0,0,0,0,0,0
391562,1,1,1986,16,9,0,7,0,19,0,17,24,10
391563,0,1,1986,0,38,0,23,18,13,0,34,28,0
391563,1,1,1986,10,0,0,0,0,0,0,0,0,0
391564,1,1,1986,0,0,0,0,0,0,0,0,0,0
391564,2,1,1986,0,0,0,0,0,0,0,0,0,0
391565,1,1,1986,0,0,0,9,0,0,0,0,0,0
391565,2,1,1986,0,0,0,0,12,0,0,0,0,0
391565,3,1,1986,11,9,14,0,32,3,28,0,0,0
391566,1,1,1986,6,33,0,0,0,12,24,20,0,0
391567,1,1,1986,9,31,15,20,26,11,21,24,34,19
391568,0,1,1986,29,17,25,0,0,37,0,0,0,11
391568,1,1,1986,0,0,0,0,0,0,0,0,0,0
391569,1,1,1986,0,0,0,0,0,0,0,0,0,0
391569,2,1,1986,0,0,0,0,0,0,0,0,0,0
391569,3,1,1986,0,0,0,0,0,0,0,0,0,0
391570,1,1,1986,13,15,0,21,12,13,6,0,0,25
391570,2,1,1986,0,0,22,16,0,8,0,0,6,0
391571,1,1,1986,0,0,0,0,0,0,0,0,0,0
391572,1,1,1986,0,0,0,0,0,0,0,0,0,0
391572,2,1,1986,0,11,0,7,0,0,0,14,0,0
391573,1,1,1986,9,24,14,0,9,7,11,19,14,12
391574,1,1,1986,9,16,15,20,17,0,26,0,11,0
391575,1,1,1986,29,29,29,29,29,29,29,29,29,29
391576,1,1,1986,15,0,0,0,0,0,0,0,0,0
391576,2,1,1986,0,0,6,0,0,0,2,0,0,0
391577,0,1,1986,0,30,0,0,0,0,0,30,0,31
391577,1,1,1986,0,0,0,0,0,0,0,0,0,0
391578,1,1,1986,0,0,0,0,0,4,0,0,0,0
391578,2,1,1986,0,13,0,31,24,0,0,0,32,0
391578,3,1,1986,0,0,0,0,0,0,0,0,0,0
391579,1,1,1986,0,0,0,10,0,0,0,0,0,0
391579,2,1,1986,0,0,35,0,0,0,0,0,13,0
391579,3,1,1986,0,0,0,0,0,0,0,0,0,0
391580,1,1,1986,0,0,0,0,0,0,0,0,0,0
391580,2,1,1986,0,0,0,0,0,0,0,0,16,0
391581,1,1,1986,0,0,0,0,0,0,0,0,0,0
391581,2,1,1986,0,0,0,0,0,0,0,0,0,0
391584,1,1,1986,1,1,1,1,1,1,1,1,1,1
391584,2,1,1986,65,65,65,65,65,65,65,65,65,65
400001,1,1,1986,22,35,9,28,15,21,0,0,10,14
400002,0,1,1986,17,0,0,0,28,9,11,0,0,0
400002,1,1,1986,0,0,0,0,0,0,0,0,0,0
400003,1,1,1986,0,0,0,0,0,0,0,0,0,0
400003,2,1,1986,0,0,0,0,0,18,0,0,0,0
400004,1,1,1986,20,20,20,20,20,20,20,20,20,20
400005,1,1,1986,0,0,0,0,0,0,0,0,0,0
400005,2,1,1986,0,0,0,0,0,0,0,0,0,0
400006,1,1,1986,0,0,0,0,0,0,0,0,0,0
400007,1,1,1986,0,0,0,0,0,0,0,0,16,0
400007,2,1,1986,0,0,0,0,0,0,0,0,0,0
400009,1,1,1986,23,23,23,23,23,23,23,23,23,23
400010,1,1,1986,0,0,0,0,0,0,0,0,0,0
400010,2,1,1986,0,0,0,0,0,0,0,0,0,0
400011,1,1,1986,10,10,10,10,10,10,10,10,10,10
400012,1,1,1986,0,0,0,0,0,0,0,0,0,0
400012,2,1,1986,0,0,0,0,0,0,0,0,0,0
400013,1,1,1986,10,8,17,12,0,13,3,0,14,0
400014,1,1,1986,5,25,20,17,14,11,9,21,6,15
400015,1,1,1986,0,0,0,0,0,0,0,0,0,0
400016,1,1,1986,0,0,0,0,0,0,0,0,0,0
400016,2,1,1986,0,0,0,0,0,6,0,0,0,0
400017,1,1,1986,0,0,0,0,0,0,0,0,0,0
400018,1,1,1986,0,0,0,0,0,0,0,0,0,0
400019,1,1,1986,0,0,0,0,0,0,31,21,16,9
400019,2,1,1986,0,0,0,0,0,0,0,0,0,9
400020,1,1,1986,0,0,0,0,0,0,0,0,0,0
400020,2,1,1986,0,0,0,0,0,0,0,0,0,0
400020,3,1,1986,0,0,0,0,0,0,0,0,0,0
400021,0,1,1986,18,18,18,18,18,18,18,18,18,18
400021,1,1,1986,0,0,0,0,10,0,0,0,0,19
400022,1,1,1986,23,23,23,23,23,23,23,23,23,23
400022,2,1,1986,0,0,0,0,0,0,0,0,0,0
400023,1,1,1986,31,31,31,31,31,31,31,31,31,31
400023,2,1,1986,8,8,8,8,8,8,8,8,8,8
400023,3,1,1986,0,26,0,3,0,0,0,0,0,0
400024,1,1,1986,2,2,2,2,2,2,2,2,2,2
400025,1,1,1986,21,21,21,21,21,21,21,21,21,21
400025,2,1,1986,40,20,14,23,37,12,24,26,25,11
400026,1,1,1986,34,34,34,34,34,34,34,34,34,34
400027,1,1,1986,8,8,8,8,8,8,8,8,8,8
400028,1,1,1986,0,0,10,0,0,22,0,0,0,0
400029,0,1,1986,22,22,22,22,22,22,22,22,22,22
400029,1,1,1986,0,0,0,0,0,0,0,0,0,0
400030,1,1,1986,34,24,22,8,10,0,4,0,5,0
400031,1,1,1986,14,0,0,0,0,0,0,0,0,0
400032,1,1,1986,0,0,0,0,0,0,0,0,0,0
400033,1,1,1986,0,0,0,0,0,0,0,0,0,0
400033,2,1,1986,0,0,0,0,0,0,0,0,0,0
400034,1,1,1986,4,0,0,0,0,0,0,0,0,0
400034,2,1,1986,0,0,0,0,0,0,0,25,0,0
400035,1,1,1986,7,7,7,7,7,7,7,7,7,7
400036,1,1,1986,26,0,29,31,0,25,16,18,0,25
400037,1,1,1986,0,0,0,0,0,0,0,0,0,0
400037,2,1,1986,0,0,0,0,0,0,0,0,0,0
400038,1,1,1986,0,0,0,0,0,0,0,0,0,0
400038,2,1,1986,0,0,0,0,0,0,0,3,0,0
400038,3,1,1986,0,0,0,0,0,0,0,0,0,0
400039,0,1,1986,10,50,29,11,9,41,0,15,5,28
400039,1,1,1986,29,7,10,17,10,10,8,0,4,13
400040,1,1,1986,29,29,29,29,29,29,29,29,29,29
400040,2,1,1986,6,6,6,6,6,6,6,6,6,6
400041,1,1,1986,19,28,23,7,11,11,20,20,29,20
400042,1,1,1986,2,2,2,2,2,2,2,2,2,2
400043,1,1,1986,0,0,0,0,0,0,0,0,0,0
400043,2,1,1986,0,0,0,0,0,0,0,0,0,0
400044,1,1,1986,0,0,0,0,0,0,0,0,0,0
400044,2,1,1986,0,0,0,0,0,0,0,0,0,0
400045,1,1,1986,0,0,3,0,0,0,0,0,0,0
400046,1,1,1986,0,0,0,0,0,0,0,0,0,0
400046,2,1,1986,4,0,0,0,0,0,0,0,9,0
400047,1,1,1986,0,0,0,0,0,0,0,0,0,0
400048,1,1,1986,15,22,13,13,22,4,24,15,0,25
400048,2,1,1986,0,0,0,0,0,0,0,0,0,0
400049,0,1,1986,26,26,26,26,26,26,26,26,26,26
400049,1,1,1986,0,0,0,0,0,0,0,0,0,0
400050,1,1,1986,0,0,0,0,0,0,0,0,0,0
400050,2,1,1986,0,0,0,0,0,0,0,0,0,0
400050,3,1,1986,0,0,0,0,0,0,0,0,0,0
400051,1,1,1986,27,0,25,15,27,13,15,0,7,22
400052,1,1,1986,8,8,8,8,8,8,8,8,8,8
400053,1,1,1986,0,0,0,0,0,0,0,0,0,0
400054,0,1,1986,15,15,15,15,15,15,15,15,15,15
400054,1,1,1986,0,0,0,0,0,0,0,0,0,14
400055,1,1,1986,0,0,0,0,0,0,0,0,0,0
400056,1,1,1986,3,3,3,3,3,3,3,3,3,3
400057,1,1,1986,0,0,0,0,0,0,0,0,0,0
400057,2,1,1986,0,0,0,0,0,0,0,0,0,0
400058,1,1,1986,0,0,0,0,0,0,0,0,0,0
400059,1,1,1986,0,0,0,0,0,0,0,0,0,0
400059,2,1,1986,0,0,0,0,0,0,0,0,0,3
400060,1,1,1986,11,11,11,11,11,11,11,11,11,11
400061,1,1,1986,0,0,0,0,0,0,0,0,0,0
400062,1,1,1986,0,0,0,0,0,0,0,0,0,0
400063,0,1,1986,0,0,0,0,0,0,0,0,0,0
400063,1,1,1986,0,0,0,0,0,0,0,0,0,0
400064,1,1,1986,21,21,21,21,21,21,21,21,21,21
400065,1,1,1986,21,21,21,21,21,21,21,21,21,21
400065,2,1,1986,7,19,8,11,0,16,13,17,0,9
400066,1,1,1986,2,2,2,2,2,2,2,2,2,2
400067,0,1,1986,0,0,0,0,0,0,0,0,0,0
400067,1,1,1986,0,0,0,0,0,0,0,0,0,0
400068,1,1,1986,0,0,0,0,0,0,0,0,0,0
400068,2,1,1986,0,0,0,0,0,0,0,0,0,0
400069,1,1,1986,0,0,0,0,0,0,0,0,0,0
400070,1,1,1986,0,0,0,0,0,0,0,0,0,0
400071,1,1,1986,5,5,5,5,5,5,5,5,5,5