ST_CASE,VEH_NO,PER_NO,YEAR,P1,P2,P3,P4,P5,P6,P7,P8,P9,P10
400072,0,1,1986,0,0,0,0,0,0,0,0,0,0
400072,1,1,1986,13,13,13,13,13,13,13,13,13,13
400073,1,1,1986,0,0,12,0,0,0,0,0,0,0
400073,2,1,1986,0,0,0,0,0,0,0,0,0,0
400074,1,1,1986,0,0,0,0,0,0,0,0,0,0
400074,2,1,1986,0,0,0,0,0,0,0,0,0,0
400075,1,1,1986,23,23,23,23,23,23,23,23,23,23
400076,1,1,1986,0,0,0,0,0,0,0,0,0,0
400076,2,1,1986,0,0,0,0,0,0,0,0,0,0
400077,1,1,1986,0,0,0,0,0,0,0,0,0,0
400078,1,1,1986,17,17,17,17,17,17,17,17,17,17
400079,1,1,1986,17,17,17,17,17,17,17,17,17,17
400080,1,1,1986,0,17,12,16,29,25,28,23,24,15
400081,1,1,1986,13,14,2,15,16,15,14,31,34,0
400082,1,1,1986,0,0,0,0,0,0,0,0,0,0
400082,2,1,1986,13,0,0,0,0,0,0,0,0,0
400083,0,1,1986,0,0,0,0,0,0,0,0,0,0
400083,1,1,1986,0,0,0,14,0,0,0,0,0,0
400084,1,1,1986,20,20,20,20,20,20,20,20,20,20
400084,2,1,1986,2,2,2,2,2,2,2,2,2,2
400085,1,1,1986,0,0,0,0,0,0,0,0,0,0
400085,2,1,1986,0,11,17,0,0,0,0,0,0,0
400086,1,1,1986,17,21,14,17,17,12,12,17,22,11
400087,1,1,1986,0,0,0,0,0,0,0,0,0,9
400087,2,1,1986,0,6,0,0,0,0,0,0,0,0
400088,1,1,1986,22,22,22,22,22,22,22,22,22,22
400088,2,1,1986,10,25,3,9,15,6,9,0,16,4
400089,1,1,1986,16,16,16,16,16,16,16,16,16,16
400089,2,1,1986,0,0,0,0,0,0,15,0,0,22
400091,1,1,1986,4,4,4,4,4,4,4,4,4,4
400092,1,1,1986,0,0,0,0,0,0,0,0,0,0
400092,2,1,1986,0,0,0,0,0,0,16,0,0,0
400093,1,1,1986,0,0,0,0,0,0,0,0,0,0
400093,2,1,1986,0,0,0,0,0,0,0,0,0,0
400094,1,1,1986,0,0,0,0,0,0,0,0,0,0
400095,1,1,1986,0,0,0,0,0,0,0,0,0,0
400095,2,1,1986,0,0,0,0,0,0,0,0,0,0
400096,1,1,1986,0,0,0,0,0,0,0,0,0,0
400096,2,1,1986,0,0,0,0,10,0,0,0,0,0
400097,1,1,1986,0,0,0,0,0,11,0,0,0,0
400097,2,1,1986,0,0,0,0,3,0,0,0,6,0
400098,1,1,1986,27,10,0,0,0,0,0,0,17,0
400098,2,1,1986,0,0,0,3,0,0,0,0,0,0
400099,1,1,1986,0,0,0,0,0,0,0,0,0,0
400099,2,1,1986,0,0,0,0,0,0,0,0,0,0
400100,1,1,1986,0,0,0,0,0,0,0,0,0,0
400100,2,1,1986,0,0,0,0,0,0,14,0,0,0
400101,1,1,1986,0,25,0,22,0,0,0,0,0,0
400102,1,1,1986,11,11,11,11,11,11,11,11,11,11
400103,1,1,1986,6,6,6,6,6,6,6,6,6,6
400103,2,1,1986,0,0,0,0,0,0,0,0,0,0
400104,0,1,1986,0,0,0,0,0,0,0,0,0,0
400104,1,1,1986,0,0,0,0,0,0,0,0,0,0
400105,1,1,1986,0,0,0,0,0,0,0,0,0,0
400105,2,1,1986,0,0,0,0,0,0,0,22,0,0
400106,1,1,1986,3,3,3,3,3,3,3,3,3,3
400107,1,1,1986,6,6,6,6,6,6,6,6,6,6
400108,0,1,1986,0,0,0,0,0,0,0,0,0,0
400108,1,1,1986,0,0,22,0,0,0,0,0,0,0
400109,1,1,1986,0,0,0,0,0,0,0,0,0,0
400109,2,1,1986,8,0,0,13,0,0,0,0,0,0
400110,1,1,1986,0,0,0,0,0,0,0,0,0,0
400110,2,1,1986,0,0,0,0,0,0,0,0,0,0
400111,1,1,1986,0,0,0,0,0,0,0,0,0,0
400112,1,1,1986,0,0,0,0,0,0,0,0,0,0
400112,2,1,1986,0,0,0,0,0,0,8,0,0,0
400112,3,1,1986,0,0,0,0,0,0,0,0,0,0
400112,4,1,1986,6,0,0,0,0,0,0,0,0,0
400113,1,1,1986,1,1,1,1,1,1,1,1,1,1
400113,2,1,1986,0,0,0,0,0,0,0,0,0,0
400114,1,1,1986,31,0,0,0,0,7,10,0,0,0
400115,1,1,1986,4,4,4,4,4,4,4,4,4,4
400116,1,1,1986,0,0,0,0,0,0,0,0,0,0
400116,2,1,1986,0,0,0,0,0,0,0,0,0,0
400117,1,1,1986,0,0,0,0,0,0,0,0,0,0
400117,2,1,1986,0,0,0,0,0,0,0,0,0,0
400118,0,1,1986,0,0,0,20,41,21,0,7,16,24
400118,1,1,1986,0,0,0,0,0,29,0,0,0,0
400119,1,1,1986,0,0,0,0,0,0,0,0,0,0
400119,2,1,1986,0,0,0,0,0,0,0,0,0,0
400120,1,1,1986,38,28,8,0,22,18,7,17,17,18
400121,1,1,1986,0,0,0,0,0,0,0,0,0,0
400123,1,1,1986,0,0,0,0,0,0,5,0,0,0
400124,1,1,1986,0,0,0,0,0,0,0,0,0,0
400125,1,1,1986,27,27,27,27,27,27,27,27,27,27
400125,2,1,1986,0,0,0,21,0,0,8,0,0,0
400126,1,1,1986,0,0,0,18,0,0,0,0,0,6
400126,2,1,1986,14,0,0,0,0,0,8,13,0,11
400127,1,1,1986,15,0,25,16,14,24,17,13,9,7
400128,1,1,1986,0,12,0,0,0,0,0,0,0,0
400129,1,1,1986,21,21,21,21,21,21,21,21,21,21
400130,1,1,1986,12,12,12,12,12,12,12,12,12,12
400131,1,1,1986,15,15,15,15,15,15,15,15,15,15
400132,1,1,1986,23,9,7,20,14,3,14,0,10,9
400132,2,1,1986,0,0,0,0,0,0,0,0,0,0
400133,1,1,1986,14,14,14,14,14,14,14,14,14,14
400134,1,1,1986,0,10,0,0,16,0,0,0,0,0
400135,1,1,1986,0,0,0,0,0,0,0,0,0,0
400135,2,1,1986,0,0,0,0,0,0,0,0,0,0
400136,0,1,1986,0,10,0,17,35,18,42,0,0,0
400136,1,1,1986,0,0,0,0,0,0,0,0,0,0
400137,1,1,1986,1,1,1,1,1,1,1,1,1,1
400137,2,1,1986,7,0,13,4,14,14,17,10,18,12
400138,1,1,1986,27,27,27,27,27,27,27,27,27,27
400139,1,1,1986,0,0,0,0,0,0,0,0,0,7
400139,2,1,1986,0,0,0,0,0,0,0,0,0,0
400139,3,1,1986,0,0,0,0,0,0,0,0,0,0
400140,1,1,1986,20,20,20,20,20,20,20,20,20,20
400141,1,1,1986,0,0,0,0,0,0,0,0,0,0
400142,1,1,1986,17,17,17,17,17,17,17,17,17,17
400142,2,1,1986,3,3,3,3,3,3,3,3,3,3
400143,1,1,1986,22,4,0,0,0,15,0,12,0,0
400143,2,1,1986,0,23,0,0,6,0,0,0,0,0
400144,1,1,1986,18,18,18,18,18,18,18,18,18,18
400145,1,1,1986,0,0,3,6,2,9,11,15,11,12
400145,2,1,1986,6,6,6,6,6,6,6,6,6,6
400146,1,1,1986,28,28,28,28,28,28,28,28,28,28
400147,1,1,1986,18,18,18,18,18,18,18,18,18,18
400148,1,1,1986,22,22,22,22,22,22,22,22,22,22
400149,1,1,1986,0,0,0,0,0,0,0,0,0,0
400149,2,1,1986,0,0,0,0,0,0,0,0,0,0
400149,3,1,1986,17,0,0,0,0,0,0,0,0,0
400150,1,1,1986,19,19,19,19,19,19,19,19,19,19
400150,2,1,1986,0,0,0,0,0,0,0,0,9,0
400151,1,1,1986,0,0,0,0,0,0,0,0,0,0
400152,1,1,1986,15,15,15,15,15,15,15,15,15,15
400153,1,1,1986,0,0,0,0,0,0,0,0,0,0
400153,2,1,1986,0,0,0,0,0,0,0,0,0,0
400154,0,1,1986,0,0,0,0,0,0,0,0,0,0
400154,0,2,1986,0,0,0,0,0,0,0,0,0,0
400154,1,1,1986,12,0,0,0,0,0,24,0,11,0
400155,0,1,1986,39,18,41,13,18,27,0,8,36,18
400155,1,1,1986,0,0,0,0,0,0,0,0,0,0
400156,1,1,1986,18,15,0,26,14,19,0,0,20,34
400157,1,1,1986,19,19,19,19,19,19,19,19,19,19
400159,1,1,1986,0,0,0,0,0,0,0,0,0,0
400159,2,1,1986,0,0,14,0,0,0,0,0,15,0
400160,1,1,1986,28,28,28,28,28,28,28,28,28,28
400161,1,1,1986,8,8,8,8,8,8,8,8,8,8
400162,1,1,1986,0,0,0,0,0,8,0,0,0,0
400163,1,1,1986,0,0,0,0,0,0,0,0,0,0
400163,2,1,1986,0,0,0,0,0,0,0,0,0,0
400163,3,1,1986,0,0,0,0,0,0,0,0,0,0
400163,4,1,1986,0,0,0,0,0,0,0,0,0,0
400163,5,1,1986,0,0,0,0,0,0,0,0,0,0
400163,6,1,1986,0,0,0,0,0,0,10,0,0,0
400163,7,1,1986,0,0,0,0,0,0,0,0,0,9
400164,1,1,1986,35,0,17,13,24,12,0,42,10,0
400165,1,1,1986,0,0,0,5,0,0,0,0,0,0
400165,2,1,1986,7,7,7,7,7,7,7,7,7,7
400166,1,1,1986,14,36,18,32,15,0,28,46,34,19
400166,2,1,1986,9,0,0,0,0,0,0,0,0,0
400167,1,1,1986,0,0,9,0,5,0,0,0,0,0
400167,2,1,1986,0,0,0,0,0,0,0,0,0,0
400168,1,1,1986,0,0,0,0,0,0,0,0,18,0
400169,0,1,1986,0,0,0,0,0,0,0,0,0,0
400169,1,1,1986,0,0,0,0,0,0,0,0,0,0
400170,1,1,1986,0,0,0,0,0,0,0,0,0,0
400171,0,1,1986,0,0,0,0,0,0,0,0,0,0
400171,1,1,1986,0,0,0,0,0,0,0,0,0,0
400172,1,1,1986,0,0,0,0,0,0,0,0,0,0
400172,2,1,1986,0,0,0,0,0,0,0,0,0,0
400173,1,1,1986,10,10,10,10,10,10,10,10,10,10
400174,0,1,1986,0,0,0,0,0,0,0,0,0,0
400174,1,1,1986,0,0,0,0,0,0,0,0,0,0
400175,1,1,1986,9,9,9,9,9,9,9,9,9,9
400176,1,1,1986,0,0,0,0,0,0,0,0,0,0
400176,2,1,1986,0,0,0,12,0,0,0,0,0,0
400177,1,1,1986,0,0,0,0,0,0,0,0,0,0
400178,1,1,1986,16,16,16,16,16,16,16,16,16,16
400179,1,1,1986,26,29,16,11,28,23,15,11,25,9
400179,2,1,1986,0,0,7,0,0,0,0,0,0,0
400180,1,1,1986,19,19,19,19,19,19,19,19,19,19
400181,1,1,1986,0,0,0,0,0,0,0,0,0,0
400181,2,1,1986,0,0,0,0,0,0,0,0,0,0
400182,0,1,1986,22,22,22,22,22,22,22,22,22,22
400182,1,1,1986,0,0,8,0,0,0,0,0,0,0
400183,1,1,1986,2,2,2,2,2,2,2,2,2,2
400184,1,1,1986,7,18,20,0,0,0,0,0,13,0
400185,1,1,1986,0,0,0,0,0,0,0,0,0,0
400185,2,1,1986,0,0,0,17,0,0,0,0,0,0
400185,3,1,1986,0,0,0,0,0,0,0,0,0,0
400186,1,1,1986,19,19,19,19,19,19,19,19,19,19
400186,2,1,1986,0,0,0,0,0,0,0,0,0,0
400187,1,1,1986,0,0,0,0,0,0,0,0,0,0
400187,2,1,1986,0,0,0,0,0,0,0,0,0,0
400187,3,1,1986,0,0,0,0,0,0,0,0,0,0
400188,1,1,1986,0,0,9,0,0,0,0,0,0,0
400188,2,1,1986,0,6,0,0,0,0,0,0,0,0
400189,1,1,1986,18,18,18,18,18,18,18,18,18,18
400190,1,1,1986,24,24,24,24,24,24,24,24,24,24
400191,1,1,1986,0,0,0,0,0,0,0,0,0,0
400192,1,1,1986,0,0,0,0,0,0,0,0,0,0
400192,2,1,1986,0,0,0,0,0,0,15,0,0,7
400193,1,1,1986,17,12,19,0,0,13,7,20,16,23
400193,2,1,1986,0,0,0,0,0,0,0,0,0,0
400194,1,1,1986,24,24,24,24,24,24,24,24,24,24
400195,0,1,1986,21,21,21,21,21,21,21,21,21,21
400195,1,1,1986,0,0,0,0,0,0,0,9,7,0
400196,1,1,1986,3,3,3,3,3,3,3,3,3,3
400197,1,1,1986,13,13,13,13,13,13,13,13,13,13
400198,1,1,1986,20,20,20,20,20,20,20,20,20,20
400198,2,1,1986,0,0,0,0,0,0,0,0,0,0
400199,1,1,1986,13,13,13,13,13,13,13,13,13,13
400199,2,1,1986,0,0,0,0,0,0,0,0,0,0
400199,3,1,1986,0,0,0,0,0,0,0,15,0,0
400200,1,1,1986,8,0,0,0,0,0,0,0,0,0
400200,2,1,1986,0,0,0,0,0,0,0,0,0,0
400200,3,1,1986,0,0,0,0,0,0,0,0,0,0
400201,1,1,1986,0,0,0,0,0,0,0,0,0,0
400201,2,1,1986,0,0,0,0,0,0,0,0,18,0
400202,1,1,1986,0,0,0,0,0,0,0,0,0,0
400203,0,1,1986,0,0,0,0,0,0,0,0,0,0
400203,1,1,1986,0,20,0,0,0,0,0,0,0,6
400204,1,1,1986,10,12,11,9,7,27,11,27,25,8
400205,1,1,1986,0,0,0,0,0,0,0,0,0,0
400206,1,1,1986,16,16,16,16,16,16,16,16,16,16
400206,2,1,1986,0,0,0,0,0,0,22,0,0,0
400207,1,1,1986,10,46,25,19,28,27,6,22,15,18
400208,1,1,1986,0,0,0,0,14,0,0,0,0,0
400208,2,1,1986,9,0,0,0,0,0,0,0,0,0
400209,1,1,1986,0,0,0,0,0,0,0,0,0,0
400209,2,1,1986,2,2,2,2,2,2,2,2,2,2
400210,1,1,1986,15,19,12,19,11,17,7,4,11,11
400211,1,1,1986,0,0,0,0,0,0,0,0,0,0
400211,2,1,1986,0,0,0,0,0,0,0,0,0,0
400212,1,1,1986,9,9,9,9,9,9,9,9,9,9
400213,1,1,1986,0,0,0,0,0,0,0,0,0,0
400213,2,1,1986,0,0,0,0,0,0,0,0,0,0
400214,1,1,1986,6,15,8,16,6,0,18,22,8,0
400214,2,1,1986,5,5,5,5,5,5,5,5,5,5
400215,1,1,1986,0,0,0,0,0,0,0,0,0,0
400215,2,1,1986,0,0,0,0,0,0,0,0,0,0
400216,0,1,1986,10,0,0,7,0,22,22,0,0,0
400216,1,1,1986,0,0,8,0,0,0,0,0,0,0
400217,1,1,1986,13,13,18,8,10,8,19,35,15,12
400217,2,1,1986,10,10,10,10,10,10,10,10,10,10
400218,1,1,1986,25,25,25,25,25,25,25,25,25,25
400219,1,1,1986,0,0,0,0,0,0,0,0,0,0
400219,2,1,1986,0,0,0,0,0,0,0,0,0,0
400221,1,1,1986,16,0,7,0,15,5,13,0,15,7
400221,2,1,1986,0,12,0,0,0,0,0,0,0,0
400222,1,1,1986,3,3,3,3,3,3,3,3,3,3
400222,2,1,1986,0,0,0,0,0,0,0,0,0,0
400225,0,1,1986,0,0,0,0,0,0,0,0,0,0
400225,1,1,1986,0,0,0,0,0,0,0,0,0,0
400225,2,1,1986,0,0,0,0,0,0,0,0,0,0
400226,1,1,1986,14,14,14,14,14,14,14,14,14,14
400227,1,1,1986,4,0,0,0,0,0,0,0,0,0
400227,2,1,1986,0,0,0,0,16,0,25,0,0,18
400228,0,1,1986,0,0,0,0,0,0,0,0,0,0
400228,1,1,1986,0,0,0,0,0,0,35,0,0,0
400229,1,1,1986,0,0,0,0,2,0,0,0,0,0
400229,2,1,1986,0,0,0,0,0,0,0,0,0,0
400230,0,1,1986,0,0,0,0,0,0,0,0,0,0
400230,1,1,1986,0,0,0,0,0,0,0,0,0,0
400231,1,1,1986,0,0,0,0,0,0,0,0,0,0
400231,2,1,1986,0,0,0,0,0,0,0,0,0,0
400231,3,1,1986,0,0,0,0,0,0,0,0,0,0
400232,1,1,1986,0,0,0,0,0,0,0,0,0,0
400232,2,1,1986,0,0,0,0,0,0,0,0,0,0
400232,3,1,1986,0,0,0,0,0,0,0,6,0,0
400232,4,1,1986,0,20,12,0,6,0,0,0,0,27
400232,5,1,1986,0,0,0,0,0,0,0,0,0,0
400233,0,1,1986,0,0,0,0,0,0,0,0,0,0
400233,1,1,1986,13,13,13,13,13,13,13,13,13,13
400234,1,1,1986,5,5,5,5,5,5,5,5,5,5
400235,1,1,1986,0,0,9,0,0,8,0,0,0,0
400236,1,1,1986,0,0,0,0,0,0,0,0,0,33
400237,1,1,1986,0,6,0,0,0,0,0,0,0,0
400237,2,1,1986,0,0,0,0,0,0,0,0,0,0
400238,1,1,1986,16,10,0,6,0,0,0,23,23,20
400238,2,1,1986,0,0,0,0,0,0,0,0,0,0
400239,1,1,1986,0,0,0,0,0,0,0,0,0,0
400240,1,1,1986,0,0,0,0,0,0,0,0,0,0
400240,2,1,1986,0,0,0,0,0,0,0,0,0,0
400241,1,1,1986,0,0,23,0,0,0,0,0,19,0
400241,2,1,1986,0,0,13,0,0,0,0,0,0,0
400242,1,1,1986,13,16,0,12,13,0,0,0,9,0
400242,2,1,1986,0,0,0,19,0,6,0,0,0,0
400243,1,1,1986,17,17,17,17,17,17,17,17,17,17
400244,0,1,1986,26,26,26,26,26,26,26,26,26,26
400244,0,2,1986,25,25,25,25,25,25,25,25,25,25
400244,1,1,1986,0,0,0,0,0,0,0,3,0,0
400245,1,1,1986,0,0,0,0,0,0,0,0,0,0
400245,2,1,1986,0,0,0,0,0,0,0,0,0,0
400246,1,1,1986,0,0,0,3,0,0,0,0,0,0
400246,2,1,1986,0,0,0,0,0,0,0,0,0,0
400247,1,1,1986,0,0,0,0,0,0,16,0,13,0
400247,2,1,1986,14,0,0,0,0,0,0,15,0,0
400248,1,1,1986,0,0,12,0,0,0,0,0,29,0
400248,2,1,1986,16,16,16,16,16,16,16,16,16,16
400249,1,1,1986,0,0,0,0,0,0,0,0,0,0
400249,2,1,1986,7,0,0,0,0,0,0,3,0,0
400250,1,1,1986,5,5,5,5,5,5,5,5,5,5
400251,1,1,1986,8,8,8,8,8,8,8,8,8,8
400252,1,1,1986,0,0,0,0,0,0,0,0,0,0
400252,2,1,1986,0,0,0,0,0,0,0,0,0,0
400253,1,1,1986,0,0,0,0,0,0,0,0,0,0
400254,0,1,1986,0,0,0,0,0,0,0,0,0,0
400254,1,1,1986,0,0,0,0,0,0,0,0,0,0
400255,1,1,1986,0,0,0,0,0,0,0,0,0,0
400255,2,1,1986,0,0,0,0,0,0,0,0,0,0
400256,1,1,1986,0,0,0,0,0,0,0,0,0,0
400257,1,1,1986,13,13,13,13,13,13,13,13,13,13
400258,1,1,1986,20,20,20,20,20,20,20,20,20,20
400258,2,1,1986,18,18,18,18,18,18,18,18,18,18
400259,1,1,1986,8,8,8,8,8,8,8,8,8,8
400260,1,1,1986,0,0,0,0,0,0,0,0,0,0
400260,2,1,1986,0,0,0,0,0,0,0,0,0,0
400261,1,1,1986,11,11,11,11,11,11,11,11,11,11
400261,2,1,1986,0,0,0,0,0,0,0,0,0,0
400262,1,1,1986,17,17,29,0,0,0,0,11,16,11
400263,1,1,1986,0,0,0,0,0,0,0,0,0,0
400263,2,1,1986,21,0,0,0,0,5,0,21,0,0
400264,1,1,1986,0,15,0,0,0,15,15,0,0,5
400264,2,1,1986,0,0,0,0,0,0,0,0,0,0
400265,1,1,1986,23,23,23,23,23,23,23,23,23,23
400266,1,1,1986,0,0,0,0,0,0,0,0,0,0
400266,2,1,1986,0,0,0,0,0,0,0,0,0,0
400267,1,1,1986,15,15,15,15,15,15,15,15,15,15
400268,0,1,1986,3,3,3,3,3,3,3,3,3,3
400268,1,1,1986,0,0,0,0,0,0,0,0,0,0
400269,1,1,1986,17,17,17,17,17,17,17,17,17,17
400269,2,1,1986,0,0,0,0,0,0,0,0,0,0
400270,1,1,1986,0,0,0,0,0,0,0,0,0,0
400270,2,1,1986,0,0,0,0,0,0,0,0,0,0
400271,1,1,1986,0,0,0,0,14,11,0,0,0,0
400271,2,1,1986,0,0,0,0,0,0,0,0,0,0
400272,1,1,1986,0,0,0,0,0,0,0,0,0,0
400274,1,1,1986,0,0,0,0,0,15,0,0,0,0
400274,2,1,1986,0,0,0,0,0,0,0,0,0,0
400276,1,1,1986,0,0,0,0,18,26,0,0,0,0
400277,1,1,1986,0,0,0,0,0,0,0,0,0,0
400278,0,1,1986,13,13,13,13,13,13,13,13,13,13
400278,1,1,1986,0,0,4,0,0,0,0,0,2,0
400280,1,1,1986,0,0,0,0,0,0,0,0,0,0
400280,2,1,1986,0,0,15,6,10,0,0,0,0,27
400282,1,1,1986,0,0,0,0,0,0,0,0,0,0
400283,1,1,1986,19,11,12,3,16,18,15,18,12,13
400283,2,1,1986,13,0,0,0,0,0,0,3,0,0
400284,1,1,1986,0,0,0,0,0,0,0,0,0,0
400284,2,1,1986,0,0,0,0,0,0,0,0,0,0
400284,3,1,1986,0,0,0,0,0,0,0,0,0,0
400285,1,1,1986,0,14,6,16,0,19,20,0,20,0
400285,2,1,1986,0,0,0,0,0,0,0,0,0,0
400286,1,1,1986,0,0,11,0,0,18,0,0,0,0
400287,1,1,1986,24,24,24,24,24,24,24,24,24,24
400288,1,1,1986,27,27,27,27,27,27,27,27,27,27
400288,2,1,1986,0,0,0,0,0,0,0,0,0,0
400289,1,1,1986,0,0,0,0,0,0,0,0,0,0
400291,0,1,1986,0,22,15,11,5,11,6,21,9,0
400291,1,1,1986,16,12,0,0,9,7,21,0,16,7
400292,0,1,1986,25,25,25,25,25,25,25,25,25,25
400292,1,1,1986,33,11,0,21,0,0,0,10,0,8
400293,1,1,1986,17,17,17,17,17,17,17,17,17,17
400293,2,1,1986,0,0,0,0,0,0,0,0,0,0
400294,1,1,1986,0,0,0,0,0,0,0,0,0,0
400294,2,1,1986,0,0,0,0,0,0,0,0,0,0
400295,1,1,1986,11,11,11,11,11,11,11,11,11,11
400296,1,1,1986,0,0,0,0,0,0,0,0,0,0
400296,2,1,1986,0,0,0,0,0,0,0,0,0,0
400297,1,1,1986,18,13,16,8,13,7,10,16,12,20
400298,1,1,1986,0,0,0,0,0,0,0,0,0,0
400298,2,1,1986,0,0,0,0,0,0,0,0,0,0
400299,1,1,1986,26,26,26,26,26,26,26,26,26,26
400300,0,1,1986,15,15,15,15,15,15,15,15,15,15
400300,1,1,1986,0,0,0,0,0,0,0,0,0,0
400301,1,1,1986,0,0,0,0,0,0,10,0,0,24
400301,2,1,1986,0,0,0,0,0,0,0,0,0,0
400302,1,1,1986,0,0,0,0,0,0,0,0,0,0
400302,2,1,1986,0,0,0,0,0,0,0,0,0,0
400302,3,1,1986,0,0,0,0,0,0,0,0,0,0
400302,4,1,1986,0,0,0,0,0,0,0,0,0,0
400302,5,1,1986,0,0,0,0,0,0,0,0,0,0
400303,1,1,1986,13,13,13,13,13,13,13,13,13,13
400304,1,1,1986,8,8,8,8,8,8,8,8,8,8
400304,2,1,1986,0,0,0,0,0,0,0,0,0,0
400305,1,1,1986,0,0,0,0,0,0,0,0,0,0
400305,2,1,1986,0,0,0,0,0,0,0,0,0,0
400306,1,1,1986,9,9,9,9,9,9,9,9,9,9
400306,2,1,1986,0,0,0,0,0,0,0,0,0,0
400306,3,1,1986,0,0,0,0,0,0,0,0,0,0
400307,0,1,1986,0,0,0,0,0,0,0,0,0,0
400307,0,2,1986,10,0,36,21,11,0,0,38,0,17
400307,1,1,1986,0,0,0,0,0,0,0,0,0,0
400308,1,1,1986,5,5,5,5,5,5,5,5,5,5
400309,1,1,1986,0,0,0,10,0,0,10,0,0,0
400310,1,1,1986,0,0,0,0,0,0,0,0,0,0
400311,1,1,1986,0,0,0,0,0,0,0,0,11,0
400312,1,1,1986,28,15,33,16,18,11,10,18,0,0
400313,1,1,1986,0,0,0,0,0,0,0,0,0,0
400314,1,1,1986,0,0,0,0,0,0,0,0,0,0
400314,2,1,1986,0,0,0,0,0,0,0,0,0,0
400315,1,1,1986,10,13,9,16,36,11,16,20,0,15
400316,1,1,1986,0,0,0,0,0,0,0,0,0,0
400316,2,1,1986,0,0,0,0,0,0,21,0,0,0
400317,1,1,1986,0,0,0,0,0,0,0,0,0,0
400317,2,1,1986,0,0,0,0,0,0,0,0,0,0
400317,3,1,1986,0,0,0,0,0,0,0,0,0,0
400318,1,1,1986,0,0,0,0,0,0,0,0,0,0
400318,2,1,1986,0,0,0,0,0,0,0,0,0,0
400319,1,1,1986,16,22,0,6,19,26,12,14,20,9
400320,1,1,1986,0,0,0,0,0,0,0,0,0,0
400321,1,1,1986,0,0,0,0,0,0,0,0,0,0
400321,2,1,1986,0,0,0,0,0,0,0,0,0,0
400322,1,1,1986,9,9,9,9,9,9,9,9,9,9
400322,2,1,1986,0,6,0,0,0,0,0,0,0,0
400323,1,1,1986,0,0,0,0,0,0,0,0,0,0
400323,2,1,1986,0,6,0,0,0,0,0,0,0,0
400324,1,1,1986,0,0,0,0,0,0,0,0,0,0
400324,2,1,1986,0,0,0,0,0,0,0,0,0,0
400325,1,1,1986,0,0,0,0,0,0,0,0,0,0
400325,2,1,1986,0,0,0,0,0,0,0,0,0,0
400326,1,1,1986,18,18,18,18,18,18,18,18,18,18
400327,0,1,1986,0,0,0,0,0,0,0,0,0,0
400327,1,1,1986,0,0,0,0,0,0,0,0,0,0
400328,1,1,1986,0,8,0,0,0,8,0,0,0,0
400328,2,1,1986,0,0,0,0,0,0,0,0,0,0
400329,1,1,1986,0,0,0,0,0,0,0,0,0,4
400329,2,1,1986,9,9,9,9,9,9,9,9,9,9
400330,1,1,1986,0,0,0,0,0,0,0,0,0,0
400330,2,1,1986,0,0,0,0,0,0,0,0,0,0
400331,1,1,1986,0,0,0,0,0,0,0,0,0,0
400331,2,1,1986,0,0,0,0,0,0,0,0,0,0
400332,1,1,1986,0,0,0,0,0,0,0,0,0,0
400332,2,1,1986,0,0,0,0,0,0,17,8,0,0
400333,0,1,1986,0,0,0,0,0,0,0,0,0,0
400333,1,1,1986,7,12,25,21,24,20,11,20,0,9
400334,1,1,1986,24,0,0,0,0,0,0,0,0,9
400334,2,1,1986,0,0,5,0,0,0,0,0,0,0
400335,0,1,1986,0,0,17,0,0,20,0,26,0,0
400335,1,1,1986,0,0,0,0,0,0,0,0,0,0
400336,1,1,1986,0,0,0,0,0,0,0,0,0,0
400336,2,1,1986,0,0,0,0,0,0,0,0,0,0
400337,1,1,1986,0,0,0,0,0,0,0,0,0,0
400337,2,1,1986,0,0,0,0,0,0,0,0,0,0
400338,1,1,1986,0,0,0,0,0,0,0,0,0,0
400338,2,1,1986,0,0,0,0,0,0,0,0,0,0
400339,1,1,1986,5,5,5,5,5,5,5,5,5,5
400340,1,1,1986,12,12,12,12,12,12,12,12,12,12
400341,1,1,1986,0,0,0,0,0,0,0,0,0,0
400341,2,1,1986,0,0,0,0,0,0,0,0,0,0
400342,1,1,1986,0,15,12,0,0,0,0,0,0,0
400343,1,1,1986,17,17,17,17,17,17,17,17,17,17
400344,1,1,1986,0,0,0,0,0,0,0,0,0,0
400345,1,1,1986,11,0,21,3,14,0,0,0,11,18
400346,1,1,1986,0,0,0,0,0,0,0,0,0,0
400346,2,1,1986,13,13,13,13,13,13,13,13,13,13
400347,1,1,1986,21,21,21,21,21,21,21,21,21,21
400348,1,1,1986,0,0,0,0,0,0,0,0,0,0
400348,2,1,1986,0,0,0,0,0,0,0,0,0,0
400349,1,1,1986,3,3,3,3,3,3,3,3,3,3
400349,2,1,1986,0,0,0,0,0,0,0,0,0,0
400350,1,1,1986,0,0,0,0,0,0,0,13,0,0
400351,1,1,1986,18,18,18,18,18,18,18,18,18,18
400352,1,1,1986,0,0,0,4,0,0,0,5,0,0
400352,2,1,1986,0,0,0,0,0,0,0,0,0,0
400353,1,1,1986,0,0,0,0,0,0,0,0,0,0
400353,2,1,1986,0,0,0,0,0,0,0,0,0,0
400354,1,1,1986,0,0,0,0,0,0,0,0,0,0
400355,1,1,1986,26,26,26,26,26,26,26,26,26,26
400356,1,1,1986,0,0,0,0,0,0,0,0,0,0
400357,1,1,1986,11,13,20,21,9,19,24,24,11,21
400358,1,1,1986,0,0,0,22,0,0,20,0,0,0
400359,1,1,1986,17,18,9,15,17,31,22,17,32,8