ST_CASE,VEH_NO,PER_NO,YEAR,P1,P2,P3,P4,P5,P6,P7,P8,P9,P10
400360,1,1,1986,8,8,8,8,8,8,8,8,8,8
400361,1,1,1986,0,5,0,0,0,6,0,0,0,0
400361,2,1,1986,0,0,0,0,0,0,0,0,0,0
400362,1,1,1986,0,0,0,0,0,0,0,0,0,0
400363,1,1,1986,6,6,6,6,6,6,6,6,6,6
400363,2,1,1986,0,0,0,0,0,0,0,0,0,0
400364,1,1,1986,10,0,0,0,0,0,0,0,0,0
400364,2,1,1986,0,0,0,0,0,0,0,0,0,0
400365,1,1,1986,0,0,0,0,2,0,0,0,8,0
400366,1,1,1986,23,23,23,23,23,23,23,23,23,23
400366,2,1,1986,0,0,0,0,0,0,0,0,0,0
400367,1,1,1986,0,0,0,0,0,0,0,0,0,0
400368,0,1,1986,0,9,7,8,0,0,0,0,15,17
400368,1,1,1986,0,0,0,0,0,0,0,0,0,0
400369,1,1,1986,0,0,0,0,0,0,0,0,0,0
400369,2,1,1986,0,0,0,0,0,0,0,0,0,0
400370,1,1,1986,0,0,0,0,0,0,0,0,0,0
400371,1,1,1986,0,0,0,0,0,0,13,0,0,0
400371,2,1,1986,10,10,10,10,10,10,10,10,10,10
400372,1,1,1986,0,0,0,0,0,0,0,0,0,0
400372,2,1,1986,0,0,0,0,0,0,0,0,0,0
400373,1,1,1986,0,0,0,0,0,0,0,0,0,0
400373,2,1,1986,17,0,0,0,0,0,21,0,0,0
400374,1,1,1986,33,33,33,33,33,33,33,33,33,33
400375,1,1,1986,7,7,7,7,7,7,7,7,7,7
400376,1,1,1986,19,21,11,28,14,9,8,19,17,12
400376,2,1,1986,20,20,20,20,20,20,20,20,20,20
400376,3,1,1986,0,0,0,0,0,0,0,0,0,0
400377,0,1,1986,31,31,31,31,31,31,31,31,31,31
400377,1,1,1986,8,8,8,8,8,8,8,8,8,8
400378,1,1,1986,0,0,0,0,0,0,0,0,0,0
400379,1,1,1986,29,29,29,29,29,29,29,29,29,29
400380,1,1,1986,23,23,23,23,23,23,23,23,23,23
400380,2,1,1986,0,0,0,0,0,0,0,0,0,0
400381,0,1,1986,0,0,0,0,0,0,0,0,0,0
400381,0,2,1986,0,0,0,0,0,0,0,0,0,0
400381,1,1,1986,12,0,0,0,0,0,0,0,18,0
400382,1,1,1986,0,0,0,0,0,0,0,0,0,0
400382,2,1,1986,0,16,0,0,3,0,0,0,0,0
400383,1,1,1986,0,0,0,0,0,0,0,0,0,0
400383,2,1,1986,0,0,0,0,0,0,0,0,0,0
400384,1,1,1986,9,18,20,18,19,15,31,7,17,20
400385,1,1,1986,6,27,21,34,22,0,14,30,11,0
400386,1,1,1986,0,22,7,12,23,5,27,7,35,30
400387,0,1,1986,0,23,28,24,35,0,11,9,0,31
400387,1,1,1986,0,0,0,0,0,0,0,0,0,0
400388,1,1,1986,0,0,0,0,0,0,0,0,0,0
400389,0,1,1986,27,6,12,17,13,1,23,3,7,10
400389,1,1,1986,21,0,0,24,0,22,16,8,14,0
400390,1,1,1986,0,0,0,0,0,0,0,0,0,0
400391,1,1,1986,16,0,17,18,17,0,8,10,12,28
400391,2,1,1986,0,15,16,0,0,0,0,0,0,0
400392,1,1,1986,0,0,0,0,0,0,8,0,0,0
400392,2,1,1986,0,0,0,0,0,0,0,6,0,0
400392,3,1,1986,0,0,0,0,0,0,0,0,0,0
400393,1,1,1986,10,28,16,18,20,10,21,20,22,33
400394,1,1,1986,22,22,22,22,22,22,22,22,22,22
400395,1,1,1986,0,0,0,0,0,0,0,0,0,0
400395,2,1,1986,0,0,0,0,0,0,23,0,0,0
400396,1,1,1986,0,0,16,0,0,0,0,0,0,0
400396,2,1,1986,0,0,0,0,0,0,0,0,0,0
400397,1,1,1986,0,0,0,0,0,0,0,0,0,0
400397,2,1,1986,0,0,0,0,0,0,0,0,0,0
400398,1,1,1986,18,18,18,18,18,18,18,18,18,18
400398,2,1,1986,0,0,15,0,0,0,0,0,7,0
400398,3,1,1986,0,0,0,0,0,0,0,0,0,0
400399,1,1,1986,19,19,19,19,19,19,19,19,19,19
400400,1,1,1986,0,0,0,0,0,0,0,0,0,0
400400,2,1,1986,0,0,0,0,0,0,0,0,0,0
400401,1,1,1986,18,18,18,18,18,18,18,18,18,18
400402,1,1,1986,10,7,21,27,12,15,8,10,7,13
400403,1,1,1986,5,6,27,18,10,7,15,16,17,41
400404,1,1,1986,0,0,0,0,0,0,0,0,0,0
400405,1,1,1986,0,24,0,0,0,0,0,18,12,0
400406,1,1,1986,13,12,0,26,4,20,0,13,0,0
400407,1,1,1986,24,24,24,24,24,24,24,24,24,24
400408,1,1,1986,0,0,0,0,0,0,0,0,0,0
400408,2,1,1986,0,0,0,0,0,0,0,0,0,0
400409,1,1,1986,15,15,15,15,15,15,15,15,15,15
400409,2,1,1986,0,0,0,0,0,0,0,0,0,0
400410,0,1,1986,0,0,0,0,0,0,0,0,0,0
400410,1,1,1986,0,0,0,0,0,0,0,6,0,0
400411,1,1,1986,50,50,50,50,50,50,50,50,50,50
400411,2,1,1986,0,0,0,0,0,0,0,0,0,0
400412,1,1,1986,16,16,16,16,16,16,16,16,16,16
400412,2,1,1986,0,0,0,0,0,0,0,0,0,0
400413,1,1,1986,23,16,18,0,9,8,15,6,0,8
400413,2,1,1986,0,0,0,0,0,0,0,0,6,0
400414,1,1,1986,0,0,0,0,0,0,0,0,0,0
400415,1,1,1986,0,0,0,0,0,0,0,0,0,0
400415,2,1,1986,0,0,0,0,0,19,0,0,0,0
400415,3,1,1986,0,0,0,0,16,0,0,0,0,0
400415,4,1,1986,0,0,0,0,0,0,0,0,0,0
400416,1,1,1986,14,39,16,24,13,0,27,0,0,25
400416,2,1,1986,0,0,0,0,0,0,0,15,0,0
400417,1,1,1986,0,0,40,0,0,0,0,0,0,13
400418,1,1,1986,20,12,18,34,9,4,11,22,16,12
400419,1,1,1986,23,9,19,24,11,19,15,6,27,26
400420,1,1,1986,0,0,0,0,0,0,0,0,0,0
400420,2,1,1986,0,0,0,0,0,0,0,0,0,0
400421,1,1,1986,0,0,0,0,0,0,0,9,0,0
400421,2,1,1986,0,0,0,9,0,0,0,0,0,0
400421,3,1,1986,0,0,0,0,0,0,0,13,0,0
400422,1,1,1986,15,15,15,15,15,15,15,15,15,15
400422,2,1,1986,16,0,0,0,0,19,0,14,0,0
400423,1,1,1986,0,10,0,7,20,4,10,14,8,11
400424,1,1,1986,0,0,0,0,0,0,0,0,0,0
400424,2,1,1986,16,16,8,24,14,7,0,0,24,18
400425,1,1,1986,0,0,0,0,0,0,0,0,0,0
400426,1,1,1986,0,0,0,0,0,0,0,0,0,0
400427,1,1,1986,0,14,0,0,15,6,7,0,0,0
400428,1,1,1986,0,0,0,0,0,0,0,0,0,0
400429,1,1,1986,0,0,0,0,0,0,0,0,0,0
400430,1,1,1986,28,15,32,24,19,11,35,19,12,24
400431,1,1,1986,0,0,0,0,19,0,0,0,0,0
400432,1,1,1986,5,21,14,20,3,11,6,11,22,5
400433,1,1,1986,0,0,0,0,0,0,0,0,0,0
400433,2,1,1986,0,0,0,0,0,0,0,0,0,0
400434,1,1,1986,31,13,12,16,10,21,21,5,19,20
400435,1,1,1986,0,0,0,0,0,0,0,0,0,0
400435,2,1,1986,0,13,0,0,0,0,0,0,38,0
400436,1,1,1986,0,0,0,0,0,0,0,0,0,0
400436,2,1,1986,0,0,0,0,0,0,0,0,0,0
400436,3,1,1986,0,0,0,0,0,0,0,0,0,0
400437,1,1,1986,0,0,22,0,0,23,0,0,8,0
400438,1,1,1986,0,0,0,12,0,0,0,0,0,0
400438,2,1,1986,0,0,0,0,0,0,0,0,0,0
400439,1,1,1986,0,0,0,0,0,0,0,0,0,0
400440,1,1,1986,0,0,0,0,0,0,0,0,0,0
400440,2,1,1986,0,0,0,0,0,0,0,0,0,0
400441,1,1,1986,0,0,0,0,0,0,0,0,0,0
400441,2,1,1986,0,0,0,4,0,0,10,0,0,0
400441,3,1,1986,0,0,0,0,0,0,0,0,0,0
400442,0,1,1986,0,0,0,0,0,0,0,0,0,0
400442,1,1,1986,0,0,0,0,0,0,0,0,0,0
400443,1,1,1986,0,0,0,0,0,0,0,0,0,0
400444,1,1,1986,0,0,6,11,0,25,0,0,0,0
400445,1,1,1986,0,0,0,0,0,0,0,0,0,0
400446,1,1,1986,0,0,0,0,0,0,0,0,0,0
400446,2,1,1986,11,0,0,0,0,0,0,0,0,0
400447,1,1,1986,0,0,0,0,0,0,0,0,0,0
400447,2,1,1986,0,0,0,0,0,0,0,0,0,0
400448,1,1,1986,0,0,0,0,0,0,0,0,0,0
400449,0,1,1986,21,22,13,21,18,42,22,25,34,32
400449,1,1,1986,19,0,0,0,0,11,0,6,0,0
400450,1,1,1986,6,6,6,6,6,6,6,6,6,6
400450,2,1,1986,0,0,0,0,0,0,0,0,0,0
400450,3,1,1986,0,0,0,0,0,0,0,0,0,0
400451,1,1,1986,0,0,0,0,0,0,0,0,0,0
400451,2,1,1986,0,0,0,0,0,0,0,0,0,0
400451,3,1,1986,0,0,0,0,0,0,0,0,0,0
400452,1,1,1986,0,0,0,0,0,0,0,0,0,0
400452,2,1,1986,6,0,0,0,0,13,0,0,0,18
400453,1,1,1986,0,0,0,0,0,0,0,0,0,0
400454,1,1,1986,0,0,0,0,0,0,0,0,0,0
400454,2,1,1986,0,0,0,0,0,0,0,0,0,0
400455,1,1,1986,0,0,0,0,0,0,0,0,0,0
400455,2,1,1986,10,10,10,10,10,10,10,10,10,10
400456,0,1,1986,0,0,0,0,0,0,0,0,0,0
400456,1,1,1986,0,0,0,0,0,0,0,0,0,0
400457,1,1,1986,0,0,12,6,19,11,0,0,0,0
400458,1,1,1986,0,0,0,0,0,0,0,0,0,0
400459,0,1,1986,18,18,18,18,18,18,18,18,18,18
400459,1,1,1986,0,0,0,0,9,0,0,0,0,0
400460,1,1,1986,0,0,0,0,0,0,0,0,0,0
400460,2,1,1986,0,0,0,0,0,0,0,0,0,0
400461,1,1,1986,0,0,0,0,0,0,0,0,0,0
400461,2,1,1986,0,0,0,0,0,0,0,0,0,0
400462,1,1,1986,0,0,0,0,0,0,0,0,0,0
400462,2,1,1986,0,0,0,0,0,0,0,0,0,0
400463,1,1,1986,0,0,2,14,0,0,0,0,19,0
400463,2,1,1986,0,0,0,0,0,0,0,0,0,0
400463,3,1,1986,11,0,0,0,25,0,0,0,0,0
400464,0,1,1986,0,0,0,0,0,0,0,0,0,0
400464,1,1,1986,0,0,0,0,0,0,0,0,0,0
400465,1,1,1986,24,24,24,24,24,24,24,24,24,24
400466,1,1,1986,8,8,8,8,8,8,8,8,8,8
400466,2,1,1986,0,0,0,0,0,0,0,0,0,0
400467,1,1,1986,0,0,0,0,0,5,0,0,0,0
400468,1,1,1986,22,22,22,22,22,22,22,22,22,22
400469,1,1,1986,0,0,0,0,0,0,0,0,0,0
400469,2,1,1986,0,0,0,0,0,0,0,0,0,0
400470,1,1,1986,8,0,0,0,0,0,0,0,0,0
400470,2,1,1986,0,0,0,8,0,10,0,0,0,0
400471,1,1,1986,25,25,25,25,25,25,25,25,25,25
400472,1,1,1986,9,9,9,9,9,9,9,9,9,9
400473,1,1,1986,30,30,30,30,30,30,30,30,30,30
400473,2,1,1986,10,0,0,0,0,0,0,0,11,0
400474,1,1,1986,7,0,0,0,0,0,0,0,0,0
400474,2,1,1986,0,0,0,0,19,0,0,0,0,0
400475,1,1,1986,0,0,0,0,0,0,0,0,0,0
400475,2,1,1986,0,0,0,0,0,0,0,0,0,0
400476,1,1,1986,0,0,0,0,0,0,0,0,0,0
400477,1,1,1986,0,0,24,0,0,0,0,0,0,0
400478,1,1,1986,10,24,42,24,21,7,11,25,26,24
400479,1,1,1986,19,19,19,19,19,19,19,19,19,19
400479,2,1,1986,0,0,0,0,0,0,0,0,9,0
400480,1,1,1986,11,3,0,7,29,10,16,0,10,0
400480,2,1,1986,0,0,0,0,0,0,0,0,0,0
400481,1,1,1986,0,0,0,0,0,0,0,0,0,0
400481,2,1,1986,0,0,0,0,0,5,0,0,0,0
400482,0,1,1986,0,0,6,0,0,0,0,0,0,0
400482,1,1,1986,0,0,0,0,0,0,0,0,0,0
400483,1,1,1986,24,24,24,24,24,24,24,24,24,24
400483,2,1,1986,16,10,20,27,8,0,26,0,36,21
400486,1,1,1986,0,0,0,0,0,0,0,0,0,0
400487,1,1,1986,0,0,0,0,0,0,0,0,0,0
400488,1,1,1986,22,22,22,22,22,22,22,22,22,22
400488,2,1,1986,0,0,0,0,16,0,4,0,5,11
400489,0,1,1986,0,0,0,0,0,0,0,0,0,0
400489,1,1,1986,0,0,0,0,0,0,0,0,0,0
400490,1,1,1986,23,23,23,23,23,23,23,23,23,23
400491,1,1,1986,20,20,20,26,19,10,32,16,23,0
400491,2,1,1986,2,2,2,2,2,2,2,2,2,2
400492,1,1,1986,0,0,0,0,0,0,0,0,0,0
400492,2,1,1986,0,0,0,0,0,0,0,0,0,0
400492,3,1,1986,0,0,0,14,0,0,0,0,0,0
400493,0,1,1986,39,9,27,16,0,25,23,33,0,0
400493,1,1,1986,0,0,0,0,0,0,0,0,0,0
400494,1,1,1986,10,11,35,7,18,16,28,4,9,15
400495,0,1,1986,0,21,0,0,9,10,0,14,9,22
400495,0,2,1986,0,0,21,0,0,0,0,0,17,5
400495,0,3,1986,0,0,0,0,0,0,0,0,0,0
400495,1,1,1986,10,0,0,0,0,0,0,0,0,15
400496,1,1,1986,11,11,11,11,11,11,11,11,11,11
400497,1,1,1986,0,0,0,0,0,0,0,0,0,0
400497,2,1,1986,0,0,0,0,0,0,0,0,0,0
400498,1,1,1986,0,0,0,0,0,0,0,0,0,0
400498,2,1,1986,0,0,24,0,0,0,0,0,8,3
400499,1,1,1986,0,0,0,0,0,0,0,0,0,0
400499,2,1,1986,0,22,21,17,15,0,0,0,12,0
400500,1,1,1986,23,23,23,23,23,23,23,23,23,23
400501,1,1,1986,0,2,13,8,20,0,27,8,25,14
400502,1,1,1986,0,0,0,0,12,0,0,0,0,0
400502,2,1,1986,0,0,0,0,0,0,0,0,0,0
400503,1,1,1986,0,0,18,0,0,0,5,0,0,0
400503,2,1,1986,0,0,0,0,0,0,0,0,0,0
400504,1,1,1986,0,0,0,0,0,0,0,0,0,0
400504,2,1,1986,0,0,0,0,0,0,0,0,0,0
400505,1,1,1986,27,12,27,23,16,11,0,12,24,22
400506,1,1,1986,0,0,13,0,0,0,0,0,0,0
400506,2,1,1986,0,0,0,0,0,0,0,0,0,0
400506,3,1,1986,0,0,0,0,0,0,0,0,0,0
400507,1,1,1986,19,19,19,19,19,19,19,19,19,19
400508,1,1,1986,0,0,0,0,0,0,0,0,0,0
400508,2,1,1986,4,4,4,4,4,4,4,4,4,4
400508,3,1,1986,0,0,0,0,0,0,0,0,0,0
400509,0,1,1986,0,0,0,0,0,0,0,0,0,0
400510,1,1,1986,22,0,0,0,0,0,0,0,0,0
400510,2,1,1986,0,0,0,0,0,0,0,8,0,0
400511,1,1,1986,0,0,0,0,9,5,0,0,0,22
400511,2,1,1986,0,0,0,0,7,4,0,16,20,0
400512,1,1,1986,13,13,13,13,13,13,13,13,13,13
400512,2,1,1986,0,0,0,0,0,0,0,0,0,0
400513,1,1,1986,26,26,26,26,26,26,26,26,26,26
400514,1,1,1986,22,13,22,19,21,23,18,13,19,25
400515,1,1,1986,18,18,18,18,18,18,18,18,18,18
400516,1,1,1986,0,0,0,0,0,0,0,0,0,0
400516,2,1,1986,0,0,0,0,0,0,0,0,0,0
400517,1,1,1986,17,14,20,7,16,11,21,6,7,10
400517,2,1,1986,17,0,20,0,23,0,15,0,0,14
400518,1,1,1986,20,20,20,20,20,20,20,20,20,20
400518,2,1,1986,8,8,8,8,8,8,8,8,8,8
400518,3,1,1986,22,22,22,22,22,22,22,22,22,22
400519,1,1,1986,0,0,0,0,0,0,0,0,0,0
400519,2,1,1986,0,0,0,0,0,0,0,0,0,0
400520,1,1,1986,0,7,21,15,13,34,19,5,39,25
400521,1,1,1986,25,25,25,25,25,25,25,25,25,25
400521,2,1,1986,0,0,0,0,0,0,0,0,0,0
400522,1,1,1986,6,0,0,0,0,0,0,0,0,0
400522,2,1,1986,0,0,0,0,0,0,0,0,0,0
400523,0,1,1986,0,0,0,0,0,27,38,0,31,0
400523,1,1,1986,0,0,0,0,0,0,0,0,0,0
400524,0,1,1986,0,0,0,0,0,0,0,0,0,0
400524,1,1,1986,0,0,0,0,0,13,0,0,0,0
400525,1,1,1986,0,0,0,0,0,0,0,0,0,0
400525,2,1,1986,0,0,0,11,0,0,0,0,0,0
400526,1,1,1986,24,24,24,24,24,24,24,24,24,24
400527,1,1,1986,0,0,0,0,0,0,0,0,0,0
400527,2,1,1986,0,0,0,0,0,0,0,0,0,0
400528,1,1,1986,30,30,30,30,30,30,30,30,30,30
400528,2,1,1986,0,0,0,0,0,0,0,0,0,0
400528,3,1,1986,6,6,6,6,6,6,6,6,6,6
400528,4,1,1986,0,0,0,0,9,0,0,0,0,0
400529,0,1,1986,0,0,0,0,0,0,0,0,0,0
400529,1,1,1986,0,0,0,0,0,0,0,0,0,0
400529,2,1,1986,0,0,0,0,0,0,0,0,0,3
400529,3,1,1986,12,0,0,0,0,0,0,0,0,0
400530,1,1,1986,0,0,0,0,0,0,0,0,0,0
400530,2,1,1986,0,0,0,0,0,0,0,0,0,0
400530,3,1,1986,0,0,0,0,0,0,0,0,0,0
400531,1,1,1986,0,0,0,0,0,0,0,0,0,0
400532,0,1,1986,4,4,4,4,4,4,4,4,4,4
400532,0,2,1986,0,8,18,7,0,12,27,0,25,14
400532,0,3,1986,18,21,0,15,0,0,0,8,0,0
400532,1,1,1986,3,3,3,3,3,3,3,3,3,3
400533,1,1,1986,0,9,0,0,0,0,0,0,0,0
400533,2,1,1986,0,0,0,0,0,0,0,0,0,0
400534,1,1,1986,0,0,0,0,0,0,0,0,0,0
400534,2,1,1986,0,0,0,0,0,0,0,0,0,0
400535,1,1,1986,6,6,6,6,6,6,6,6,6,6
400536,1,1,1986,0,0,0,0,0,0,0,0,0,0
400537,1,1,1986,0,0,0,0,0,0,0,0,0,0
400537,2,1,1986,6,0,0,0,0,0,0,0,0,0
400538,1,1,1986,0,0,0,0,0,0,0,0,0,0
400539,1,1,1986,16,16,16,16,16,16,16,16,16,16
400539,2,1,1986,2,23,5,22,16,0,16,15,20,26
400541,1,1,1986,0,0,0,0,0,0,0,12,0,21
400542,1,1,1986,11,1,20,0,0,0,0,0,0,0
400543,1,1,1986,27,27,27,27,27,27,27,27,27,27
400543,2,1,1986,0,0,0,0,0,0,0,0,0,0
400544,1,1,1986,11,11,11,11,11,11,11,11,11,11
400545,1,1,1986,0,0,0,0,0,0,0,0,0,9
400545,2,1,1986,0,0,0,0,0,0,0,0,0,0
400546,1,1,1986,0,0,0,12,0,0,0,0,0,0
400546,2,1,1986,5,5,5,5,5,5,5,5,5,5
400547,1,1,1986,0,0,0,0,0,0,0,0,0,0
400547,2,1,1986,0,0,0,0,0,0,0,0,0,0
400548,0,1,1986,0,0,0,0,0,0,0,0,0,0
400548,1,1,1986,16,16,16,16,16,16,16,16,16,16
400549,1,1,1986,7,7,7,7,7,7,7,7,7,7
400549,2,1,1986,0,0,0,0,2,0,0,0,0,0
400550,1,1,1986,0,0,0,0,0,0,0,0,0,0
400551,1,1,1986,0,0,0,0,0,0,0,0,0,0
400552,1,1,1986,0,0,0,0,0,0,0,0,0,0
400552,2,1,1986,0,0,0,0,0,0,0,0,0,0
400552,3,1,1986,0,0,0,0,0,0,8,0,0,0
400554,1,1,1986,0,0,0,0,0,0,0,0,0,0
400555,1,1,1986,0,0,0,8,0,0,0,4,0,0
400556,1,1,1986,27,27,27,27,27,27,27,27,27,27
400557,1,1,1986,17,17,17,17,17,17,17,17,17,17
400558,1,1,1986,0,0,0,0,0,0,0,0,0,0
400558,2,1,1986,11,11,11,11,11,11,11,11,11,11
400558,3,1,1986,0,0,0,0,0,0,0,0,0,0
400559,1,1,1986,0,0,0,0,0,0,0,0,0,0
400560,1,1,1986,0,0,0,0,0,0,0,0,0,0
400560,2,1,1986,0,4,0,0,0,0,7,0,0,0
400560,3,1,1986,0,0,0,0,0,0,0,0,8,0
400561,1,1,1986,0,0,0,17,0,0,0,0,0,0
400561,2,1,1986,0,5,0,47,12,2,0,15,0,0
400561,3,1,1986,0,0,0,0,0,0,0,0,0,0
400562,1,1,1986,11,11,11,11,11,11,11,11,11,11
400563,1,1,1986,29,29,29,29,29,29,29,29,29,29
400564,1,1,1986,7,10,15,15,19,6,6,9,20,4
400564,2,1,1986,0,0,0,0,0,0,0,0,0,0
400565,1,1,1986,10,10,10,10,10,10,10,10,10,10
400566,1,1,1986,0,0,0,0,0,0,0,0,0,0
400566,2,1,1986,9,0,0,0,0,0,0,0,0,0
400567,1,1,1986,0,0,0,0,0,0,0,0,0,0
400568,1,1,1986,7,28,0,0,0,7,14,0,3,10
400568,2,1,1986,0,0,5,0,0,0,0,0,0,0
400569,2,1,1986,0,0,0,0,0,0,0,0,0,0
400570,1,1,1986,0,0,0,0,0,0,0,0,0,0
400570,2,1,1986,0,0,0,0,0,0,0,0,0,0
400571,1,1,1986,30,30,30,30,30,30,30,30,30,30
400572,1,1,1986,9,9,9,9,9,9,9,9,9,9
400573,1,1,1986,0,0,0,0,0,0,0,0,0,0
400573,2,1,1986,0,0,0,0,0,0,0,0,0,0
400574,1,1,1986,0,0,0,0,0,0,0,0,0,0
400574,2,1,1986,12,0,0,0,0,0,0,0,13,0
400575,1,1,1986,0,0,0,0,16,0,0,0,0,0
400575,2,1,1986,0,0,0,0,0,0,0,0,0,0
400576,1,1,1986,6,6,6,6,6,6,6,6,6,6
400577,1,1,1986,21,21,21,21,21,21,21,21,21,21
400578,1,1,1986,0,0,0,0,0,0,0,0,0,0
400578,2,1,1986,0,0,0,0,0,0,0,0,0,0
400579,0,1,1986,0,0,0,0,0,0,0,0,0,0
400579,1,1,1986,0,0,0,0,0,0,0,0,0,0
400580,1,1,1986,21,21,21,21,21,21,21,21,21,21
400581,0,1,1986,0,0,0,0,0,0,0,0,0,0
400581,1,1,1986,8,17,18,29,9,17,8,13,9,19
400582,0,1,1986,21,13,0,0,14,27,20,0,0,0
400582,0,2,1986,26,15,21,0,5,3,21,0,0,22
400582,1,1,1986,0,0,0,0,0,0,0,0,0,0
400583,1,1,1986,0,0,0,13,0,0,0,0,16,0
400584,1,1,1986,19,19,19,19,19,19,19,19,19,19
400584,2,1,1986,0,0,0,0,0,0,0,0,0,0
400585,0,1,1986,0,0,0,0,0,0,0,0,0,0
400585,1,1,1986,0,0,0,0,0,0,0,0,0,0
400585,3,1,1986,0,0,0,0,0,0,0,0,0,0
400586,1,1,1986,0,0,0,0,0,0,0,0,0,0
400586,2,1,1986,0,0,0,0,0,10,0,0,0,0
400587,1,1,1986,16,16,16,16,16,16,16,16,16,16
400588,1,1,1986,0,0,0,0,14,0,0,0,0,0
400588,2,1,1986,0,0,0,0,0,0,0,0,0,0
400589,1,1,1986,0,0,0,0,0,0,0,0,0,0
400589,2,1,1986,0,11,0,0,0,0,0,0,0,0
400590,1,1,1986,0,0,0,0,0,0,0,0,0,0
400590,2,1,1986,0,0,0,0,0,0,4,0,0,0
400591,1,1,1986,0,0,0,0,0,0,0,0,0,0
400591,2,1,1986,0,0,0,0,0,0,17,0,0,0
400592,1,1,1986,26,26,26,26,26,26,26,26,26,26
400592,2,1,1986,0,0,0,0,0,0,0,0,0,0
400592,3,1,1986,0,0,0,0,0,0,0,0,0,0
400593,1,1,1986,0,0,0,0,0,0,0,0,0,0
400594,1,1,1986,0,0,0,0,0,0,0,0,0,0
400596,0,1,1986,0,0,0,0,0,0,0,0,3,0
400596,0,2,1986,0,0,0,0,0,0,0,0,0,0
400596,1,1,1986,28,28,28,28,28,28,28,28,28,28
400597,1,1,1986,9,0,18,19,0,14,28,22,42,27
400598,1,1,1986,0,0,0,0,0,0,0,0,0,0
400598,2,1,1986,0,0,0,0,0,0,0,0,0,0
400599,1,1,1986,0,0,0,0,0,0,0,0,0,0
400599,2,1,1986,0,0,0,0,0,0,0,0,0,0
400600,1,1,1986,36,17,10,33,13,12,13,27,25,12
400601,1,1,1986,11,0,0,30,0,0,0,0,0,0
400602,1,1,1986,18,18,18,18,18,18,18,18,18,18
400603,1,1,1986,0,0,0,0,0,0,0,0,0,0
400604,1,1,1986,0,0,9,0,0,0,0,0,0,0
400605,1,1,1986,6,6,6,6,6,6,6,6,6,6
400606,1,1,1986,23,23,23,23,23,23,23,23,23,23
400607,1,1,1986,8,0,5,3,15,16,12,14,11,9
400608,1,1,1986,17,21,11,0,25,8,5,21,9,0
400608,2,1,1986,10,0,0,0,0,0,0,0,0,0
400609,1,1,1986,0,0,0,0,0,0,0,0,0,0
400609,2,1,1986,0,0,0,7,0,0,0,0,0,0
400610,1,1,1986,23,0,0,4,0,0,5,14,10,0
400611,1,1,1986,19,19,19,19,19,19,19,19,19,19
400612,1,1,1986,0,0,0,0,0,0,0,0,0,0
400613,1,1,1986,0,0,0,0,0,0,0,0,0,0
400614,1,1,1986,0,0,0,0,7,0,0,0,0,6
400614,2,1,1986,0,0,0,0,0,0,0,0,0,0
400615,1,1,1986,0,0,0,0,0,0,0,0,7,0
400615,2,1,1986,0,0,0,0,0,0,0,0,0,0
400616,1,1,1986,11,0,0,0,0,0,0,0,0,0
400616,2,1,1986,0,0,0,0,0,0,0,0,0,0
400617,1,1,1986,0,0,0,0,0,0,0,0,0,0
400617,2,1,1986,0,0,0,0,0,0,0,0,0,0
400619,0,1,1986,0,0,0,8,0,0,15,0,0,22
400619,1,1,1986,0,0,0,0,21,0,0,0,0,0
400620,0,1,1986,0,0,0,0,0,0,0,0,0,0
400620,1,1,1986,0,9,6,0,9,0,19,13,0,33
400621,1,1,1986,8,8,8,8,8,8,8,8,8,8
400621,2,1,1986,0,0,0,0,0,0,0,0,0,0
400621,3,1,1986,0,0,0,0,0,0,0,0,0,0
400621,4,1,1986,0,0,0,0,0,0,0,0,0,0
400622,0,1,1986,0,0,0,0,0,0,0,0,0,0
400622,1,1,1986,0,0,16,0,0,0,0,0,0,0
400623,1,1,1986,0,0,0,0,0,0,0,0,0,0
400623,2,1,1986,0,0,0,0,0,0,0,0,0,0
400624,1,1,1986,0,13,0,12,0,21,8,0,5,15
400624,2,1,1986,2,2,2,2,2,2,2,2,2,2
400625,1,1,1986,0,0,0,0,0,0,0,0,0,0
410001,1,1,1986,19,19,19,19,19,19,19,19,19,19
410002,1,1,1986,0,0,0,0,0,0,0,0,0,0
410003,1,1,1986,0,5,0,10,0,0,0,7,0,0
410003,2,1,1986,0,4,0,0,0,8,0,9,0,14
410004,1,1,1986,0,21,0,26,9,0,0,14,0,12
410006,1,1,1986,0,0,0,0,0,0,0,0,0,0
410006,2,1,1986,0,0,0,0,29,0,0,0,0,0
410007,0,1,1986,12,12,12,12,12,12,12,12,12,12
410007,1,1,1986,0,19,0,0,0,0,0,0,9,0
410008,1,1,1986,0,0,0,0,0,0,0,0,0,0
410008,2,1,1986,0,0,0,0,0,0,0,0,0,0
410009,0,1,1986,0,0,0,0,0,0,0,0,0,0
410009,0,2,1986,0,0,0,0,0,0,0,0,0,0
410009,1,1,1986,0,0,0,0,0,0,0,0,8,0
410010,1,1,1986,0,0,0,0,0,0,0,0,0,0
410010,2,1,1986,0,0,0,0,0,0,0,0,0,0
410010,3,1,1986,0,17,0,0,0,0,0,0,0,0
410011,1,1,1986,0,0,0,0,0,0,0,0,0,0
410011,2,1,1986,0,0,0,0,0,0,0,0,0,0
410012,0,1,1986,0,0,0,0,0,0,0,0,0,0
410012,1,1,1986,0,0,0,0,0,0,0,0,0,0
410013,1,1,1986,20,20,20,20,20,20,20,20,20,20
410013,2,1,1986,0,0,0,0,0,0,0,0,0,0
410014,1,1,1986,22,22,22,22,22,22,22,22,22,22