ST_CASE,VEH_NO,PER_NO,YEAR,P1,P2,P3,P4,P5,P6,P7,P8,P9,P10
410014,2,1,1986,0,0,0,0,0,0,0,0,0,0
410014,3,1,1986,0,0,0,0,0,0,0,0,0,0
410015,0,1,1986,0,22,0,0,0,12,0,8,0,0
410015,1,1,1986,0,0,0,0,0,0,0,0,0,0
410016,1,1,1986,0,0,0,0,0,0,0,0,0,0
410017,0,1,1986,19,19,19,19,19,19,19,19,19,19
410017,1,1,1986,0,0,18,33,0,0,0,0,0,0
410018,1,1,1986,0,0,0,0,0,0,0,0,0,0
410019,1,1,1986,0,0,0,0,0,0,0,0,0,0
410020,1,1,1986,0,0,0,0,0,0,0,0,0,0
410021,1,1,1986,0,0,0,0,0,0,0,0,0,0
410022,1,1,1986,0,0,0,0,0,0,0,0,0,0
410022,2,1,1986,0,0,0,0,0,0,0,0,0,0
410023,1,1,1986,5,18,0,0,0,0,0,14,0,27
410024,1,1,1986,7,0,0,0,0,0,0,0,0,0
410024,2,1,1986,0,0,0,0,0,0,0,0,0,0
410025,1,1,1986,20,20,20,20,20,20,20,20,20,20
410026,1,1,1986,13,13,13,13,13,13,13,13,13,13
410026,2,1,1986,0,0,0,0,0,0,0,0,0,0
410027,0,1,1986,0,0,0,0,0,0,0,0,0,0
410027,1,1,1986,0,0,0,0,12,16,0,0,7,0
410028,0,1,1986,0,0,0,0,0,0,0,0,0,0
410028,1,1,1986,0,0,0,0,0,0,0,0,0,0
410028,2,1,1986,0,0,0,0,0,0,0,0,0,0
410029,0,1,1986,2,2,2,2,2,2,2,2,2,2
410029,1,1,1986,0,0,0,0,0,0,0,0,0,0
410030,0,1,1986,0,0,0,0,0,0,0,0,0,0
410030,1,1,1986,0,0,0,0,0,0,0,0,0,0
410031,1,1,1986,0,0,0,0,0,0,0,0,0,0
410032,0,1,1986,4,4,4,4,4,4,4,4,4,4
410032,1,1,1986,0,0,0,0,0,0,0,0,31,0
410033,1,1,1986,0,0,0,0,0,0,0,0,0,0
410033,2,1,1986,0,0,0,0,0,0,0,0,0,0
410034,1,1,1986,0,0,0,0,0,0,0,0,0,0
410034,2,1,1986,0,0,0,0,0,0,0,0,0,0
410035,1,1,1986,0,0,0,0,0,0,0,0,0,0
410035,2,1,1986,0,12,0,0,0,0,0,0,0,0
410036,0,1,1986,0,0,0,0,0,0,0,0,0,0
410036,1,1,1986,0,0,0,0,0,0,0,0,0,0
410037,1,1,1986,0,0,0,0,0,0,0,0,0,0
410037,2,1,1986,0,0,0,0,0,0,0,0,0,0
410038,1,1,1986,0,0,0,0,0,0,0,0,0,0
410039,1,1,1986,0,0,0,0,0,0,0,0,0,0
410039,2,1,1986,0,0,0,0,0,0,0,0,0,0
410041,1,1,1986,16,16,16,16,16,16,16,16,16,16
410042,1,1,1986,0,0,0,0,0,0,0,0,0,0
410043,1,1,1986,25,25,25,25,25,25,25,25,25,25
410044,0,1,1986,0,0,0,0,0,0,0,0,0,0
410044,1,1,1986,0,0,0,0,0,0,0,11,0,15
410045,1,1,1986,27,27,27,27,27,27,27,27,27,27
410045,2,1,1986,0,0,0,0,0,0,0,0,0,0
410046,1,1,1986,0,0,0,0,0,0,0,0,0,0
410047,1,1,1986,0,0,0,0,0,0,0,0,0,0
410048,1,1,1986,17,17,17,17,17,17,17,17,17,17
410049,1,1,1986,25,25,25,25,25,25,25,25,25,25
410050,1,1,1986,23,23,23,23,23,23,23,23,23,23
410051,1,1,1986,19,28,12,9,0,0,11,14,24,21
410051,2,1,1986,7,7,7,7,7,7,7,7,7,7
410052,1,1,1986,0,0,0,0,0,0,0,0,0,0
410052,2,1,1986,0,0,0,0,0,0,0,0,0,0
410052,3,1,1986,0,16,0,0,0,0,0,0,0,0
410053,0,1,1986,0,0,0,0,0,0,0,0,0,0
410053,1,1,1986,0,0,0,0,0,0,0,0,0,0
410054,1,1,1986,8,8,8,8,8,8,8,8,8,8
410054,2,1,1986,0,0,0,0,0,0,0,0,0,0
410055,1,1,1986,16,16,16,16,16,16,16,16,16,16
410056,1,1,1986,13,13,13,13,13,13,13,13,13,13
410057,1,1,1986,0,0,0,0,0,0,0,0,0,0
410057,2,1,1986,12,0,0,0,7,22,11,0,0,0
410058,1,1,1986,10,10,10,10,10,10,10,10,10,10
410059,1,1,1986,23,23,23,23,23,23,23,23,23,23
410060,1,1,1986,0,0,0,0,0,0,0,0,0,0
410060,2,1,1986,0,0,0,7,0,13,0,0,0,0
410061,0,1,1986,20,20,20,20,20,20,20,20,20,20
410061,1,1,1986,52,0,34,0,15,0,0,0,0,13
410062,1,1,1986,0,0,0,0,0,0,0,0,0,0
410062,2,1,1986,0,0,0,0,17,0,0,19,0,0
410063,1,1,1986,21,0,0,0,0,0,0,0,0,13
410063,2,1,1986,0,0,0,10,11,0,0,0,0,0
410064,1,1,1986,3,3,3,3,3,3,3,3,3,3
410064,2,1,1986,0,0,0,0,0,13,20,0,0,0
410065,1,1,1986,9,15,0,0,24,0,0,0,0,14
410066,1,1,1986,16,16,16,16,16,16,16,16,16,16
410066,2,1,1986,0,0,0,0,0,0,0,0,0,0
410067,1,1,1986,0,0,0,0,0,0,0,0,0,0
410067,2,1,1986,0,0,0,0,0,0,0,0,0,0
410068,1,1,1986,10,10,10,10,10,10,10,10,10,10
410069,1,1,1986,0,0,0,0,0,0,0,0,0,0
410070,1,1,1986,12,12,12,12,12,12,12,12,12,12
410071,1,1,1986,22,22,22,22,22,22,22,22,22,22
410071,2,1,1986,0,0,0,13,0,0,25,0,0,0
410072,1,1,1986,10,10,10,10,10,10,10,10,10,10
410072,2,1,1986,0,0,0,0,0,0,0,0,0,0
410074,1,1,1986,26,26,26,26,26,26,26,26,26,26
410075,1,1,1986,20,20,20,20,20,20,20,20,20,20
410076,1,1,1986,38,38,38,38,38,38,38,38,38,38
410077,1,1,1986,0,0,0,0,0,0,0,0,0,0
410078,1,1,1986,0,0,0,0,0,0,0,0,0,0
410078,2,1,1986,0,0,0,0,0,0,0,0,0,0
410079,1,1,1986,0,0,0,0,0,0,0,0,0,0
410079,2,1,1986,10,10,10,10,10,10,10,10,10,10
410080,0,1,1986,0,0,0,0,0,0,0,0,0,0
410080,1,1,1986,0,0,0,0,0,0,0,0,0,0
410081,1,1,1986,0,0,0,0,0,0,0,0,0,0
410081,2,1,1986,22,0,24,0,0,0,0,0,0,7
410082,1,1,1986,13,0,0,0,0,0,0,0,0,0
410082,2,1,1986,0,0,0,0,0,0,0,0,0,0
410084,1,1,1986,25,25,25,25,25,25,25,25,25,25
410085,0,1,1986,14,14,14,14,14,14,14,14,14,14
410085,1,1,1986,0,0,0,0,0,0,0,0,0,0
410085,2,1,1986,0,0,0,0,0,0,0,0,0,0
410086,1,1,1986,13,13,13,13,13,13,13,13,13,13
410087,1,1,1986,0,0,0,0,0,0,0,0,0,0
410087,2,1,1986,0,0,0,0,0,0,0,0,0,0
410088,0,1,1986,10,10,10,10,10,10,10,10,10,10
410088,1,1,1986,0,0,0,0,9,0,0,0,0,8
410089,1,1,1986,22,22,22,22,22,22,22,22,22,22
410089,2,1,1986,0,0,0,0,0,0,0,0,0,18
410090,1,1,1986,0,0,0,0,0,0,0,0,0,0
410091,1,1,1986,0,0,0,0,0,0,0,0,0,8
410092,1,1,1986,21,21,21,21,21,21,21,21,21,21
410093,0,1,1986,22,22,22,22,22,22,22,22,22,22
410093,1,1,1986,0,0,0,0,0,0,0,0,0,0
410094,1,1,1986,20,20,20,20,20,20,20,20,20,20
410094,2,1,1986,0,0,0,0,0,0,0,0,0,0
410095,1,1,1986,0,0,0,0,0,0,0,0,0,0
410096,1,1,1986,21,21,21,21,21,21,21,21,21,21
410097,1,1,1986,0,0,0,0,0,0,0,0,0,0
410098,1,1,1986,0,0,0,0,0,0,0,0,0,0
410098,2,1,1986,0,0,0,0,0,0,0,0,0,0
410099,1,1,1986,0,0,0,0,0,0,0,0,0,0
410099,2,1,1986,0,0,0,0,0,0,0,0,0,6
410099,3,1,1986,0,18,0,14,14,14,0,0,11,0
410100,1,1,1986,0,0,0,0,0,0,0,0,0,0
410100,2,1,1986,0,0,0,0,0,0,0,0,0,0
410101,0,1,1986,0,0,0,0,0,0,0,0,0,0
410101,1,1,1986,11,14,19,0,22,17,8,0,0,15
410102,0,1,1986,0,0,0,0,0,0,0,0,0,0
410102,1,1,1986,0,0,0,0,0,0,0,0,3,0
410103,1,1,1986,26,26,26,26,26,26,26,26,26,26
410103,2,1,1986,0,0,0,0,0,0,0,0,0,0
410104,1,1,1986,1,1,1,1,1,1,1,1,1,1
410104,2,1,1986,0,0,0,0,0,0,0,0,0,0
410105,1,1,1986,23,23,23,23,23,23,23,23,23,23
410106,1,1,1986,0,0,0,0,0,0,0,0,0,0
410106,2,1,1986,0,0,0,7,0,0,0,0,0,0
410106,3,1,1986,0,0,0,0,0,0,0,0,0,0
410107,1,1,1986,0,16,0,0,12,0,8,0,5,6
410108,1,1,1986,13,25,20,16,9,26,7,23,16,21
410110,1,1,1986,0,8,14,17,14,3,9,14,15,19
410110,2,1,1986,0,0,0,0,0,0,0,0,0,0
410111,1,1,1986,7,7,7,7,7,7,7,7,7,7
410112,1,1,1986,29,29,29,29,29,29,29,29,29,29
410112,2,1,1986,0,0,0,0,0,0,0,0,0,0
410113,0,1,1986,0,0,0,0,0,0,0,0,0,0
410113,0,2,1986,0,0,0,0,0,0,0,0,0,0
410113,0,3,1986,0,0,0,0,0,0,0,0,0,0
410113,1,1,1986,0,8,0,0,0,0,0,0,23,19
410113,2,1,1986,0,0,0,0,0,0,0,0,0,0
410114,1,1,1986,2,11,0,11,9,0,0,0,0,0
410115,1,1,1986,0,0,0,0,0,0,0,0,0,0
410116,1,1,1986,0,0,0,0,0,0,0,0,0,0
410117,1,1,1986,0,0,0,0,0,0,0,0,0,0
410117,2,1,1986,0,0,0,0,0,0,0,0,0,0
410118,1,1,1986,0,15,0,0,0,0,0,13,28,0
410118,2,1,1986,0,0,0,0,0,0,0,0,0,0
410119,1,1,1986,0,0,0,7,0,0,0,0,0,0
410120,0,1,1986,0,0,0,0,0,0,0,0,0,0
410120,1,1,1986,0,10,0,0,0,0,0,0,0,13
410121,1,1,1986,11,11,11,11,11,11,11,11,11,11
410122,1,1,1986,0,0,0,0,0,0,0,0,0,0
410123,1,1,1986,13,13,13,13,13,13,13,13,13,13
410123,2,1,1986,7,0,0,8,0,8,0,0,32,15
410124,1,1,1986,0,0,0,14,0,0,0,0,0,0
410125,1,1,1986,12,12,12,12,12,12,12,12,12,12
410126,0,1,1986,0,0,0,0,0,0,0,0,0,0
410126,1,1,1986,0,0,0,0,0,0,0,0,0,0
410127,1,1,1986,5,5,5,5,5,5,5,5,5,5
410128,1,1,1986,0,0,0,0,0,0,0,0,0,0
410128,2,1,1986,0,12,36,0,0,0,8,0,0,0
410129,1,1,1986,6,6,6,6,6,6,6,6,6,6
410130,1,1,1986,23,23,23,23,23,23,23,23,23,23
410131,1,1,1986,0,0,0,0,0,0,0,0,0,0
410131,2,1,1986,0,0,0,0,0,0,0,0,0,0
410132,1,1,1986,14,14,14,14,14,14,14,14,14,14
410133,1,1,1986,17,17,17,17,17,17,17,17,17,17
410133,2,1,1986,0,0,0,0,0,0,0,0,0,0
410134,1,1,1986,0,0,0,0,0,0,0,0,0,0
410134,2,1,1986,0,0,0,0,0,0,16,9,0,0
410135,0,1,1986,36,36,36,36,36,36,36,36,36,36
410135,1,1,1986,0,6,0,28,13,0,0,0,16,0
410137,1,1,1986,12,12,12,12,12,12,12,12,12,12
410137,2,1,1986,0,0,0,0,0,0,0,0,0,0
410138,1,1,1986,0,0,0,0,0,0,0,0,0,0
410138,2,1,1986,1,1,1,1,1,1,1,1,1,1
410139,1,1,1986,17,17,17,17,17,17,17,17,17,17
410140,1,1,1986,20,20,20,20,20,20,20,20,20,20
410141,1,1,1986,15,15,15,15,15,15,15,15,15,15
410142,1,1,1986,18,18,18,18,18,18,18,18,18,18
410143,0,1,1986,0,0,0,0,0,0,0,0,0,0
410143,1,1,1986,0,0,3,0,0,0,0,0,0,0
410144,1,1,1986,0,0,0,0,0,0,0,0,0,0
410144,2,1,1986,6,0,0,7,6,0,9,5,10,0
410145,1,1,1986,17,17,17,17,17,17,17,17,17,17
410146,2,1,1986,0,0,0,0,0,0,0,0,0,29
410147,1,1,1986,24,24,24,24,24,24,24,24,24,24
410148,0,1,1986,0,0,0,0,0,0,0,0,0,0
410148,1,1,1986,0,0,0,0,0,6,13,0,0,0
410149,0,1,1986,0,0,0,4,0,0,0,0,0,0
410149,1,1,1986,0,0,0,8,0,0,8,0,0,0
410150,1,1,1986,0,0,14,0,0,0,0,0,0,0
410150,2,1,1986,0,0,0,0,0,0,0,0,0,0
410151,1,1,1986,0,0,0,0,0,0,0,0,0,25
410152,1,1,1986,0,0,0,0,0,0,0,0,0,0
410152,2,1,1986,0,0,0,0,0,0,0,0,0,0
410153,1,1,1986,0,0,0,0,0,0,0,0,0,0
410153,2,1,1986,6,6,6,6,6,6,6,6,6,6
410154,1,1,1986,0,0,0,0,0,10,0,0,0,12
410155,1,1,1986,17,17,17,17,17,17,17,17,17,17
410156,1,1,1986,5,5,5,5,5,5,5,5,5,5
410157,1,1,1986,22,22,22,22,22,22,22,22,22,22
410158,1,1,1986,21,21,21,21,21,21,21,21,21,21
410158,2,1,1986,0,0,0,0,0,0,0,0,0,0
410159,1,1,1986,22,22,22,22,22,22,22,22,22,22
410159,2,1,1986,7,7,7,7,7,7,7,7,7,7
410160,1,1,1986,23,23,23,23,23,23,23,23,23,23
410161,1,1,1986,0,14,0,0,0,0,2,0,14,14
410161,2,1,1986,0,0,0,0,0,0,0,0,0,0
410162,1,1,1986,0,0,0,0,0,0,0,0,0,0
410162,2,1,1986,0,0,0,0,0,0,0,7,0,0
410163,1,1,1986,0,0,0,0,0,0,0,0,0,0
410165,1,1,1986,25,25,25,25,25,25,25,25,25,25
410166,1,1,1986,15,15,15,15,15,15,15,15,15,15
410167,1,1,1986,0,0,0,0,0,0,0,0,0,0
410167,2,1,1986,0,0,0,0,0,0,0,0,0,0
410168,1,1,1986,13,13,13,13,13,13,13,13,13,13
410168,2,1,1986,25,0,0,0,0,0,10,23,4,0
410169,1,1,1986,0,0,0,0,0,0,0,0,0,0
410169,2,1,1986,0,0,0,0,0,0,0,0,0,14
410170,1,1,1986,23,23,23,23,23,23,23,23,23,23
410170,2,1,1986,0,0,9,0,10,0,0,0,0,0
410171,1,1,1986,0,0,0,0,0,0,0,0,0,0
410171,2,1,1986,0,0,0,0,0,0,0,0,6,0
410171,3,1,1986,0,0,0,0,0,0,0,0,0,0
410172,1,1,1986,22,22,22,22,22,22,22,22,22,22
410173,1,1,1986,9,9,9,9,9,9,9,9,9,9
410174,1,1,1986,0,0,0,0,0,0,0,0,0,0
410174,2,1,1986,0,0,0,0,0,0,0,0,0,0
410175,0,1,1986,0,0,0,0,0,0,0,0,0,0
410175,1,1,1986,0,0,0,0,0,0,0,0,0,0
410176,1,1,1986,0,0,0,0,0,0,0,0,0,0
410177,1,1,1986,7,7,7,7,7,7,7,7,7,7
410179,1,1,1986,0,0,0,0,0,0,0,0,0,0
410180,1,1,1986,0,0,0,0,0,0,0,0,0,0
410181,1,1,1986,9,9,9,9,9,9,9,9,9,9
410182,1,1,1986,7,7,7,7,7,7,7,7,7,7
410183,1,1,1986,0,0,0,0,0,0,27,0,0,0
410184,1,1,1986,0,0,0,0,0,0,0,0,0,0
410185,1,1,1986,0,0,0,0,0,0,0,0,0,0
410186,1,1,1986,0,0,0,0,0,0,0,0,0,0
410187,0,1,1986,0,0,0,0,0,0,0,0,0,0
410187,1,1,1986,0,0,0,0,0,0,0,0,0,0
410188,1,1,1986,0,0,0,0,0,0,0,0,0,0
410188,2,1,1986,0,0,0,0,0,0,0,0,0,0
410190,1,1,1986,22,22,22,22,22,22,22,22,22,22
410191,1,1,1986,0,0,0,0,0,0,0,0,0,0
410191,2,1,1986,0,0,0,0,0,0,0,0,0,0
410192,1,1,1986,0,0,0,0,0,0,0,0,0,0
410193,1,1,1986,0,0,0,0,0,0,0,0,0,0
410194,0,1,1986,30,30,30,30,30,30,30,30,30,30
410194,1,1,1986,0,0,0,0,9,0,4,9,17,0
410195,1,1,1986,0,0,0,0,11,0,0,12,0,9
410196,1,1,1986,5,5,5,5,5,5,5,5,5,5
410197,1,1,1986,1,1,1,1,1,1,1,1,1,1
410198,1,1,1986,0,0,0,0,0,0,0,0,0,0
410198,2,1,1986,0,0,0,0,0,0,2,0,0,0
410199,1,1,1986,12,12,12,12,12,12,12,12,12,12
410199,2,1,1986,0,0,12,10,0,0,0,0,0,16
410200,1,1,1986,7,7,7,7,7,7,7,7,7,7
410202,1,1,1986,16,16,16,16,16,16,16,16,16,16
410202,2,1,1986,0,0,0,14,0,0,0,0,0,0
410203,1,1,1986,18,18,18,18,18,18,18,18,18,18
410204,1,1,1986,17,17,17,17,17,17,17,17,17,17
410205,1,1,1986,0,0,0,0,0,0,0,0,0,0
410205,2,1,1986,0,0,0,0,0,0,0,0,0,0
410206,0,1,1986,29,29,29,29,29,29,29,29,29,29
410206,1,1,1986,13,9,11,17,18,10,22,16,18,0
410207,0,1,1986,0,0,0,0,0,0,0,11,0,0
410207,1,1,1986,0,0,0,0,0,0,0,0,0,0
410208,1,1,1986,0,0,0,0,0,0,0,0,0,0
410209,1,1,1986,20,20,20,20,20,20,20,20,20,20
410210,1,1,1986,21,21,21,21,21,21,21,21,21,21
410211,1,1,1986,0,0,0,0,0,0,0,0,0,0
410212,1,1,1986,0,0,0,0,0,0,0,0,0,0
410212,2,1,1986,0,0,0,0,0,0,0,0,0,0
410213,1,1,1986,20,20,20,20,20,20,20,20,20,20
410213,2,1,1986,0,0,0,0,0,0,0,0,0,0
410214,1,1,1986,0,0,0,0,0,0,0,0,0,0
410215,1,1,1986,0,0,0,0,0,0,0,0,0,0
410215,2,1,1986,0,0,0,0,0,0,0,0,0,0
410216,1,1,1986,0,0,0,0,0,0,0,0,0,0
410217,1,1,1986,0,0,0,0,0,0,0,0,0,0
410218,1,1,1986,0,0,0,0,0,0,0,0,0,0
410219,1,1,1986,31,31,31,31,31,31,31,31,31,31
410220,1,1,1986,17,17,17,17,17,17,17,17,17,17
410221,0,1,1986,0,0,0,0,0,0,0,0,0,0
410221,1,1,1986,0,0,0,0,0,0,0,0,0,0
410222,0,1,1986,0,0,0,0,0,0,0,0,0,0
410222,0,2,1986,0,0,0,0,0,0,0,0,0,0
410222,0,3,1986,0,0,0,0,0,0,0,0,0,0
410222,1,1,1986,0,0,0,0,0,0,7,0,0,0
410223,1,1,1986,0,0,0,0,0,0,0,0,0,0
410224,1,1,1986,0,11,0,0,13,0,0,0,0,0
410225,1,1,1986,9,9,9,9,9,9,9,9,9,9
410226,1,1,1986,0,0,0,0,0,0,0,0,0,0
410227,1,1,1986,0,0,0,0,0,0,0,0,0,0
410228,0,1,1986,0,0,0,0,0,0,0,0,0,0
410228,1,1,1986,0,0,0,0,0,0,0,0,0,16
410229,1,1,1986,0,0,0,0,0,0,0,0,0,0
410229,2,1,1986,0,0,0,0,0,0,0,0,0,0
410230,1,1,1986,0,0,0,0,0,0,0,0,0,0
410231,1,1,1986,16,16,16,16,16,16,16,16,16,16
410232,1,1,1986,0,0,0,0,0,0,0,0,0,0
410233,1,1,1986,19,13,12,12,17,0,13,0,18,9
410234,1,1,1986,0,0,0,0,0,0,0,0,0,0
410235,1,1,1986,0,0,0,0,0,0,0,0,0,0
410235,2,1,1986,0,0,0,0,0,0,0,0,0,0
410235,3,1,1986,0,0,0,0,0,0,0,0,0,0
410235,4,1,1986,0,0,0,0,0,0,6,0,0,0
410236,1,1,1986,9,0,0,15,0,0,0,0,0,26
410237,1,1,1986,0,0,0,0,0,0,0,0,0,0
410238,1,1,1986,17,17,17,17,17,17,17,17,17,17
410239,1,1,1986,0,0,0,0,0,0,0,0,0,0
410240,1,1,1986,0,15,0,0,0,0,0,0,0,0
410240,2,1,1986,12,12,12,12,12,12,12,12,12,12
410241,1,1,1986,46,46,46,46,46,46,46,46,46,46
410241,2,1,1986,0,0,0,0,0,15,6,0,0,0
410242,1,1,1986,19,19,19,19,19,19,19,19,19,19
410243,1,1,1986,14,14,14,14,14,14,14,14,14,14
410244,0,1,1986,0,37,0,0,23,20,0,30,28,0
410244,1,1,1986,14,0,18,17,0,7,14,26,17,7
410245,1,1,1986,18,18,18,18,18,18,18,18,18,18
410246,1,1,1986,0,0,0,0,0,0,0,0,0,0
410247,1,1,1986,1,1,1,1,1,1,1,1,1,1
410248,1,1,1986,0,0,0,0,0,0,0,0,0,0
410248,2,1,1986,17,17,17,17,17,17,17,17,17,17
410249,1,1,1986,0,0,0,0,0,0,0,0,0,0
410250,0,1,1986,0,6,0,0,2,0,21,0,0,17
410250,1,1,1986,4,4,4,4,4,4,4,4,4,4
410251,0,1,1986,0,0,0,0,0,0,0,0,0,0
410251,1,1,1986,0,0,0,0,0,0,0,0,0,0
410252,1,1,1986,15,15,15,15,15,15,15,15,15,15
410253,1,1,1986,0,0,0,0,0,0,0,0,0,0
410254,1,1,1986,24,24,24,24,24,24,24,24,24,24
410255,1,1,1986,10,10,10,10,10,10,10,10,10,10
410255,2,1,1986,3,3,3,3,3,3,3,3,3,3
410256,1,1,1986,0,0,0,0,0,0,0,0,0,21
410256,2,1,1986,0,0,0,0,0,0,0,0,0,0
410257,1,1,1986,0,0,0,0,0,0,0,0,0,0
410258,1,1,1986,14,14,14,14,14,14,14,14,14,14
410259,1,1,1986,0,0,0,0,0,0,0,0,0,0
410259,2,1,1986,26,26,26,26,26,26,26,26,26,26
410260,1,1,1986,0,0,0,0,0,0,0,0,0,0
410260,2,1,1986,0,0,0,0,0,0,0,0,0,0
410260,3,1,1986,0,0,0,0,0,0,0,0,11,0
410261,1,1,1986,12,12,12,12,12,12,12,12,12,12
410261,2,1,1986,0,0,0,0,0,0,0,0,0,0
410261,3,1,1986,0,0,0,0,0,0,0,0,0,0
410262,1,1,1986,15,15,15,15,15,15,15,15,15,15
410262,2,1,1986,0,0,0,0,0,0,0,0,0,0
410263,0,1,1986,0,0,0,0,0,0,0,0,0,0
410263,1,1,1986,0,0,0,0,0,0,0,0,0,0
410264,1,1,1986,27,27,27,27,27,27,27,27,27,27
410264,2,1,1986,0,0,0,0,0,0,0,0,0,0
410265,1,1,1986,24,24,24,24,24,24,24,24,24,24
410265,2,1,1986,0,0,0,0,0,0,0,0,0,0
410266,1,1,1986,0,0,0,0,0,0,0,0,0,0
410266,2,1,1986,0,0,0,0,0,0,0,0,0,0
410267,1,1,1986,11,11,11,11,11,11,11,11,11,11
410268,1,1,1986,12,0,0,0,0,10,0,0,0,0
410269,1,1,1986,0,0,0,0,0,0,0,0,0,0
410269,2,1,1986,0,0,0,0,0,0,0,0,0,0
410270,1,1,1986,28,28,28,28,28,28,28,28,28,28
410271,1,1,1986,0,0,0,0,0,0,0,0,0,0
410271,2,1,1986,0,0,0,0,0,0,0,0,0,0
410272,1,1,1986,16,16,16,16,16,16,16,16,16,16
410273,1,1,1986,0,0,0,0,0,0,0,0,0,0
410273,2,1,1986,0,0,0,0,0,0,0,0,0,0
410274,1,1,1986,11,11,11,11,11,11,11,11,11,11
410275,1,1,1986,17,17,17,17,17,17,17,17,17,17
410275,2,1,1986,0,0,0,0,0,0,0,0,0,0
410276,1,1,1986,16,16,16,16,16,16,16,16,16,16
410278,1,1,1986,18,18,18,18,18,18,18,18,18,18
410279,1,1,1986,23,23,23,23,23,23,23,23,23,23
410280,1,1,1986,0,0,0,0,0,0,0,0,0,0
410281,1,1,1986,15,15,15,15,15,15,15,15,15,15
410282,1,1,1986,13,13,13,13,13,13,13,13,13,13
410282,2,1,1986,0,0,0,0,0,0,0,0,0,0
410282,3,1,1986,0,0,0,0,0,0,0,0,0,0
410283,1,1,1986,14,14,14,14,14,14,14,14,14,14
410284,1,1,1986,23,23,23,23,23,23,23,23,23,23
410285,1,1,1986,0,0,0,0,0,0,0,0,0,0
410286,1,1,1986,0,0,0,0,0,0,0,0,0,0
410287,1,1,1986,22,22,22,22,22,22,22,22,22,22
410288,0,1,1986,0,0,0,0,0,0,0,0,0,0
410288,1,1,1986,0,0,0,0,0,13,0,0,0,0
410290,0,1,1986,0,0,0,0,0,0,0,0,0,0
410290,1,1,1986,0,0,0,0,0,0,0,0,0,0
410291,1,1,1986,26,26,26,26,26,26,26,26,26,26
410291,2,1,1986,0,9,0,0,0,0,0,3,17,5
410292,1,1,1986,0,0,0,0,0,0,0,0,0,0
410292,2,1,1986,0,0,0,0,0,0,0,11,0,10
410293,1,1,1986,11,11,11,11,11,11,11,11,11,11
410293,2,1,1986,5,5,5,5,5,5,5,5,5,5
410294,1,1,1986,0,0,0,0,0,0,0,0,0,0
410294,2,1,1986,0,0,0,0,0,0,0,0,0,0
410295,1,1,1986,0,0,0,0,0,0,0,0,0,0
410296,1,1,1986,0,0,0,0,0,0,0,0,0,0
410296,2,1,1986,0,0,0,0,0,0,0,0,0,0
410297,1,1,1986,0,0,0,0,0,0,0,0,0,0
410297,2,1,1986,7,0,0,0,0,0,0,0,0,0
410300,1,1,1986,0,0,0,0,0,0,0,0,0,0
410300,2,1,1986,0,0,0,0,0,0,0,0,0,0
410301,0,1,1986,0,0,0,0,0,0,0,0,0,0
410301,1,1,1986,13,13,13,13,13,13,13,13,13,13
410302,1,1,1986,0,0,0,0,0,0,0,0,0,0
410303,1,1,1986,12,12,12,12,12,12,12,12,12,12
410303,2,1,1986,0,0,0,5,0,0,0,0,0,0
410304,1,1,1986,0,0,15,18,22,25,20,23,0,20
410304,2,1,1986,0,0,0,0,0,0,11,0,0,0
410305,1,1,1986,15,15,15,15,15,15,15,15,15,15
410306,1,1,1986,0,0,0,0,0,0,0,0,0,0
410307,1,1,1986,0,0,0,0,0,0,0,0,0,0
410308,1,1,1986,16,16,16,16,16,16,16,16,16,16
410308,2,1,1986,0,0,0,0,0,0,0,6,0,0
410309,1,1,1986,0,0,0,0,0,3,0,0,0,0
410309,2,1,1986,0,0,0,0,0,0,0,0,0,0
410310,1,1,1986,0,0,7,0,0,0,0,0,0,0
410311,1,1,1986,4,4,4,4,4,4,4,4,4,4
410311,2,1,1986,0,0,0,0,0,0,0,0,0,0
410312,1,1,1986,7,7,7,7,7,7,7,7,7,7
410312,2,1,1986,0,0,0,0,0,0,0,0,0,0
410312,3,1,1986,0,17,0,0,0,0,0,0,0,0
410313,1,1,1986,0,0,0,0,0,0,0,0,0,0
410314,1,1,1986,29,29,29,29,29,29,29,29,29,29
410315,1,1,1986,0,0,0,0,0,0,0,0,0,0
410316,1,1,1986,0,0,0,0,0,0,0,0,0,0
410317,2,1,1986,23,23,23,23,23,23,23,23,23,23
410318,1,1,1986,8,8,8,8,8,8,8,8,8,8
410319,1,1,1986,24,24,24,24,24,24,24,24,24,24
410320,1,1,1986,14,14,14,14,14,14,14,14,14,14
410320,2,1,1986,2,0,0,0,0,0,0,0,0,0
410321,1,1,1986,0,0,0,0,0,0,0,0,0,0
410321,2,1,1986,0,0,0,0,0,0,0,0,0,0
410322,1,1,1986,18,18,18,18,18,18,18,18,18,18
410322,2,1,1986,0,0,0,0,0,0,0,0,0,0
410322,3,1,1986,0,0,0,0,0,0,0,0,0,0
410323,1,1,1986,0,0,0,0,0,0,0,0,0,0
410324,1,1,1986,0,0,0,0,0,0,0,0,0,0