ST_CASE,VEH_NO,PER_NO,YEAR,P1,P2,P3,P4,P5,P6,P7,P8,P9,P10
420042,3,1,1986,0,0,0,0,0,0,0,0,0,0
420043,1,1,1986,20,20,20,20,20,20,20,20,20,20
420043,2,1,1986,0,0,0,0,0,0,0,0,0,0
420044,1,1,1986,11,11,11,11,11,11,11,11,11,11
420045,1,1,1986,0,0,0,0,0,0,0,0,0,0
420045,2,1,1986,0,0,0,0,0,0,0,0,0,0
420046,0,1,1986,28,28,28,28,28,28,28,28,28,28
420046,1,1,1986,11,28,24,17,13,24,4,25,13,9
420047,1,1,1986,0,0,0,0,0,0,0,0,0,0
420048,1,1,1986,8,8,8,8,8,8,8,8,8,8
420048,2,1,1986,0,0,0,0,0,0,0,0,0,0
420048,3,1,1986,0,0,0,0,0,0,0,0,0,0
420049,1,1,1986,13,13,13,13,13,13,13,13,13,13
420049,2,1,1986,0,7,10,0,0,12,0,0,0,0
420050,1,1,1986,0,0,0,0,0,0,0,0,0,0
420051,1,1,1986,0,0,0,0,0,0,0,0,0,0
420051,2,1,1986,0,0,0,0,0,0,0,0,0,0
420052,1,1,1986,0,0,0,0,0,0,0,0,0,0
420053,1,1,1986,0,0,0,0,0,0,0,0,0,0
420053,2,1,1986,0,0,0,0,0,0,0,0,0,0
420054,1,1,1986,0,0,0,0,0,0,0,0,0,0
420054,2,1,1986,0,0,0,0,0,0,0,0,0,0
420054,3,1,1986,3,0,0,0,0,0,0,0,0,0
420055,1,1,1986,0,0,0,0,0,0,0,0,0,0
420055,2,1,1986,0,0,0,0,0,0,0,0,0,0
420056,1,1,1986,0,9,15,15,21,29,28,17,10,20
420057,0,1,1986,0,0,0,0,0,0,10,0,0,0
420057,1,1,1986,10,0,0,0,0,0,0,0,0,0
420058,1,1,1986,12,12,12,12,12,12,12,12,12,12
420059,1,1,1986,0,0,0,0,0,0,0,0,0,0
420059,2,1,1986,0,0,0,0,0,0,0,0,0,0
420060,2,1,1986,34,34,34,34,34,34,34,34,34,34
420061,1,1,1986,15,15,15,15,15,15,15,15,15,15
420062,1,1,1986,0,0,0,0,0,0,0,0,0,0
420062,2,1,1986,0,0,0,0,0,0,0,0,0,0
420063,1,1,1986,14,14,14,14,14,14,14,14,14,14
420064,1,1,1986,11,11,11,11,11,11,11,11,11,11
420065,0,1,1986,0,0,0,0,0,0,0,0,0,0
420065,1,1,1986,0,0,0,8,0,0,0,0,0,0
420066,1,1,1986,6,0,0,0,0,24,0,0,18,0
420067,0,1,1986,0,0,0,29,19,0,22,0,0,0
420067,1,1,1986,0,0,0,0,0,0,18,0,0,0
420068,1,1,1986,0,0,0,0,0,0,0,0,0,0
420069,1,1,1986,15,0,18,13,18,0,11,17,0,0
420069,2,1,1986,11,0,0,0,0,0,0,0,0,33
420070,1,1,1986,0,0,0,0,0,0,0,0,0,0
420071,1,1,1986,0,0,0,0,0,0,0,0,0,0
420071,2,1,1986,0,0,0,0,0,0,0,0,0,0
420071,3,1,1986,0,0,0,0,0,0,0,0,0,0
420072,1,1,1986,0,0,0,0,0,0,0,0,0,0
420072,2,1,1986,0,0,0,0,0,0,0,0,0,0
420073,1,1,1986,40,40,40,40,40,40,40,40,40,40
420073,2,1,1986,7,28,17,16,0,8,29,27,18,23
420074,1,1,1986,19,19,19,19,19,19,19,19,19,19
420075,1,1,1986,0,12,0,0,0,0,0,13,29,5
420076,1,1,1986,21,21,21,21,21,21,21,21,21,21
420077,0,1,1986,19,0,0,0,18,0,0,20,0,0
420077,1,1,1986,0,11,0,0,0,0,21,0,0,0
420078,1,1,1986,0,0,0,0,0,0,0,0,0,0
420078,2,1,1986,0,0,0,0,0,0,0,0,0,0
420079,1,1,1986,11,11,11,11,11,11,11,11,11,11
420080,1,1,1986,0,0,0,0,0,0,0,0,0,0
420081,1,1,1986,0,24,21,0,18,0,0,11,23,17
420081,2,1,1986,11,0,0,0,0,0,0,0,0,0
420082,1,1,1986,18,18,18,18,18,18,18,18,18,18
420083,1,1,1986,0,0,0,0,0,0,0,0,0,0
420083,2,1,1986,0,0,0,0,0,0,0,0,0,0
420083,3,1,1986,16,0,9,0,0,0,0,0,0,0
420084,0,1,1986,0,0,0,0,0,0,0,0,0,0
420084,1,1,1986,13,13,13,13,13,13,13,13,13,13
420085,1,1,1986,20,20,20,20,20,20,20,20,20,20
420086,1,1,1986,0,9,25,0,0,8,20,0,0,0
420086,2,1,1986,0,0,0,0,0,0,0,0,0,0
420086,3,1,1986,0,0,0,0,0,0,0,0,0,0
420087,1,1,1986,0,0,0,0,0,0,0,0,0,0
420088,1,1,1986,0,0,0,0,0,0,0,3,0,0
420088,2,1,1986,0,0,0,0,0,0,0,0,0,0
420089,1,1,1986,0,0,0,0,0,0,0,0,0,0
420089,2,1,1986,0,0,0,0,0,0,0,0,0,0
420090,0,1,1986,15,15,15,15,15,15,15,15,15,15
420090,1,1,1986,22,0,0,10,17,0,0,0,0,3
420091,1,1,1986,26,26,26,26,26,26,26,26,26,26
420092,1,1,1986,24,24,24,24,24,24,24,24,24,24
420093,1,1,1986,18,18,18,18,18,18,18,18,18,18
420094,1,1,1986,10,0,0,0,0,21,28,16,0,0
420096,1,1,1986,12,0,21,0,0,19,0,0,0,20
420096,2,1,1986,0,0,0,0,0,0,0,0,0,0
420097,1,1,1986,0,0,0,0,0,0,0,0,0,0
420097,2,1,1986,0,0,0,0,0,0,0,0,0,0
420098,1,1,1986,9,9,9,9,9,9,9,9,9,9
420098,2,1,1986,0,0,0,0,0,0,0,0,0,0
420099,1,1,1986,0,7,19,2,7,9,7,23,12,12
420099,2,1,1986,0,0,0,0,0,0,0,0,0,0
420100,1,1,1986,0,0,0,0,0,0,0,0,0,0
420100,2,1,1986,0,0,0,0,0,0,0,0,0,0
420101,0,1,1986,0,0,8,0,0,0,0,0,15,0
420101,0,2,1986,0,0,0,0,0,0,0,0,0,0
420101,1,1,1986,0,0,0,0,0,0,0,0,0,0
420102,1,1,1986,24,24,24,24,24,24,24,24,24,24
420103,1,1,1986,9,9,9,9,9,9,9,9,9,9
420103,2,1,1986,0,0,0,0,0,0,0,0,0,0
420104,1,1,1986,0,0,0,0,0,0,0,0,0,0
420104,2,1,1986,0,0,0,0,0,0,0,0,0,0
420105,1,1,1986,0,0,0,0,0,0,0,0,0,0
420105,2,1,1986,0,0,0,0,0,0,0,0,0,0
420106,1,1,1986,0,13,0,20,0,19,29,22,0,0
420107,1,1,1986,0,19,0,0,0,0,0,0,0,0
420107,2,1,1986,0,0,0,0,0,0,0,0,0,0
420108,1,1,1986,22,22,22,22,22,22,22,22,22,22
420108,2,1,1986,0,0,0,0,0,0,0,0,0,0
420109,1,1,1986,0,0,0,0,0,0,0,0,0,0
420110,1,1,1986,23,23,23,23,23,23,23,23,23,23
420112,1,1,1986,17,12,16,6,12,34,21,13,25,15
420113,1,1,1986,0,0,17,0,0,0,23,0,17,23
420114,0,1,1986,0,0,0,0,0,0,0,0,0,0
420114,1,1,1986,0,0,0,0,0,0,0,0,0,0
420115,1,1,1986,0,0,0,0,0,0,0,0,0,0
420115,2,1,1986,0,0,0,0,0,0,0,0,0,0
420116,1,1,1986,2,2,2,2,2,2,2,2,2,2
420116,2,1,1986,0,0,0,0,0,0,0,0,0,0
420117,0,1,1986,0,0,0,0,0,0,0,0,0,0
420117,1,1,1986,0,0,0,0,0,0,0,0,0,0
420118,1,1,1986,4,4,4,4,4,4,4,4,4,4
420118,2,1,1986,20,0,0,3,0,0,0,0,0,0
420119,1,1,1986,0,0,0,0,0,0,0,0,0,0
420119,2,1,1986,0,0,0,0,0,0,0,0,22,0
420120,0,1,1986,13,23,31,14,4,0,8,16,0,27
420120,1,1,1986,10,19,24,0,21,32,13,15,15,23
420121,1,1,1986,0,0,0,0,0,0,0,0,0,0
420122,1,1,1986,0,0,0,0,0,0,0,7,0,0
420122,2,1,1986,0,0,0,0,0,0,0,0,0,0
420123,1,1,1986,0,0,0,12,0,0,22,0,0,20
420123,2,1,1986,0,0,0,0,0,0,0,0,0,0
420124,0,1,1986,0,0,0,14,0,0,0,0,0,0
420124,1,1,1986,21,21,21,21,21,21,21,21,21,21
420125,1,1,1986,8,8,8,8,8,8,8,8,8,8
420126,1,1,1986,22,22,22,22,22,22,22,22,22,22
420127,1,1,1986,24,24,24,24,24,24,24,24,24,24
420127,2,1,1986,6,6,6,6,6,6,6,6,6,6
420128,0,1,1986,0,0,0,0,0,0,0,0,0,19
420128,1,1,1986,14,14,14,14,14,14,14,14,14,14
420129,1,1,1986,0,0,0,9,0,0,0,0,0,0
420130,1,1,1986,23,23,23,23,23,23,23,23,23,23
420130,2,1,1986,11,11,11,11,11,11,11,11,11,11
420131,1,1,1986,26,26,26,26,26,26,26,26,26,26
420132,1,1,1986,0,0,0,0,0,0,0,0,0,0
420133,0,1,1986,0,0,0,0,0,0,0,0,21,0
420133,0,2,1986,24,26,16,11,21,0,6,0,21,15
420133,0,3,1986,7,24,28,16,10,0,19,15,0,0
420133,1,1,1986,15,15,15,15,15,15,15,15,15,15
420134,1,1,1986,0,0,0,0,0,0,17,0,6,0
420135,1,1,1986,22,22,22,22,22,22,22,22,22,22
420135,2,1,1986,0,0,0,31,0,0,8,0,0,0
420135,3,1,1986,0,0,0,0,0,0,0,0,0,0
420136,0,1,1986,0,0,0,0,0,0,0,0,0,0
420136,1,1,1986,0,0,0,0,0,0,0,0,0,0
420137,1,1,1986,0,0,0,0,0,0,0,0,0,0
420137,2,1,1986,3,0,9,0,10,15,6,0,21,0
420138,1,1,1986,0,15,11,19,14,0,0,10,23,4
420139,1,1,1986,0,0,0,0,0,0,0,0,0,0
420139,2,1,1986,13,0,0,0,0,8,0,0,0,0
420140,1,1,1986,9,17,25,16,0,0,23,27,0,34
420141,1,1,1986,0,0,0,0,0,0,0,0,8,0
420142,1,1,1986,0,0,0,0,0,0,0,0,0,0
420143,1,1,1986,0,0,0,0,0,0,0,0,0,0
420144,0,1,1986,0,0,0,0,0,0,0,0,0,0
420144,1,1,1986,9,0,0,0,0,0,0,0,0,0
420145,1,1,1986,0,0,3,0,21,0,0,0,0,0
420146,1,1,1986,0,0,0,0,0,0,0,0,0,0
420146,2,1,1986,0,0,0,0,0,0,0,0,0,0
420147,1,1,1986,0,0,0,12,0,0,0,28,0,0
420148,1,1,1986,0,0,0,0,0,0,0,0,0,0
420148,2,1,1986,5,0,0,0,0,0,5,0,0,5
420149,1,1,1986,21,21,21,21,21,21,21,21,21,21
420149,2,1,1986,0,0,0,0,0,0,0,0,0,0
420149,3,1,1986,0,0,0,0,0,0,0,0,0,0
420150,1,1,1986,31,31,31,31,31,31,31,31,31,31
420150,2,1,1986,0,0,0,0,0,0,0,0,0,0
420151,1,1,1986,26,26,26,26,26,26,26,26,26,26
420151,2,1,1986,0,0,0,0,10,0,13,0,0,0
420152,1,1,1986,0,0,0,0,0,0,0,0,0,0
420152,2,1,1986,0,0,0,20,0,0,0,0,0,0
420152,3,1,1986,0,10,0,0,0,0,0,0,0,0
420153,1,1,1986,0,0,0,0,0,12,0,0,6,0
420153,2,1,1986,0,0,0,0,0,0,0,0,0,0
420154,1,1,1986,29,29,29,29,29,29,29,29,29,29
420155,1,1,1986,11,11,11,11,11,11,11,11,11,11
420156,1,1,1986,0,0,0,0,0,0,0,0,0,0
420157,1,1,1986,11,11,11,11,11,11,11,11,11,11
420158,1,1,1986,0,0,0,0,0,0,18,10,0,0
420159,1,1,1986,0,0,0,0,0,0,0,0,0,0
420159,2,1,1986,0,0,0,0,0,0,0,0,0,0
420160,1,1,1986,0,0,0,0,0,0,0,0,0,0
420160,2,1,1986,0,0,0,0,0,0,0,0,0,0
420160,3,1,1986,0,0,0,0,0,0,0,0,0,0
420161,1,1,1986,19,19,19,19,19,19,19,19,19,19
420161,2,1,1986,0,0,0,0,0,0,0,0,0,0
420162,1,1,1986,14,14,14,14,14,14,14,14,14,14
420163,1,1,1986,3,12,19,16,17,29,13,13,14,12
420163,2,1,1986,0,0,0,0,0,0,0,0,0,0
420164,1,1,1986,0,0,0,0,0,0,0,0,0,0
420164,2,1,1986,0,0,0,0,0,0,0,0,0,0
420164,3,1,1986,0,0,0,0,0,0,0,0,0,0
420165,1,1,1986,0,0,0,0,0,0,0,0,0,0
420165,2,1,1986,0,0,0,0,0,0,0,0,0,0
420166,1,1,1986,7,7,7,7,7,7,7,7,7,7
420167,1,1,1986,17,17,17,17,17,17,17,17,17,17
420168,1,1,1986,19,0,0,0,0,0,0,0,7,0
420169,1,1,1986,0,0,0,0,0,0,0,0,0,0
420169,2,1,1986,0,0,0,0,0,0,0,0,0,0
420169,3,1,1986,0,0,0,0,0,0,0,0,0,0
420170,1,1,1986,0,0,0,0,0,0,0,0,0,0
420171,1,1,1986,18,18,18,18,18,18,18,18,18,18
420171,2,1,1986,0,0,0,13,0,0,0,0,0,0
420171,3,1,1986,0,0,0,0,0,0,0,0,0,0
420172,1,1,1986,26,13,12,24,21,15,33,10,32,21
420173,1,1,1986,30,30,30,30,30,30,30,30,30,30
420174,1,1,1986,0,0,0,4,6,0,0,0,0,0
420174,2,1,1986,0,0,0,0,0,0,0,0,0,0
420175,1,1,1986,0,12,15,10,2,7,14,13,14,12
420176,0,1,1986,0,0,0,0,0,0,0,0,0,0
420176,1,1,1986,0,0,0,0,0,0,0,0,0,0
420177,1,1,1986,20,21,29,19,20,24,28,30,27,13
420178,1,1,1986,35,35,35,35,35,35,35,35,35,35
420178,2,1,1986,0,0,0,0,0,0,0,0,0,0
420179,1,1,1986,13,10,11,4,17,12,12,15,12,0
420179,2,1,1986,0,0,0,0,0,0,0,0,0,0
420180,1,1,1986,31,31,31,31,31,31,31,31,31,31
420180,2,1,1986,0,0,0,0,0,0,0,0,0,0
420181,0,1,1986,0,0,0,0,0,0,0,0,0,0
420181,1,1,1986,5,5,5,5,5,5,5,5,5,5
420182,1,1,1986,0,0,0,0,0,0,0,0,0,0
420182,2,1,1986,0,0,0,0,0,0,0,0,0,0
420183,1,1,1986,0,0,0,0,0,0,0,0,0,0
420183,2,1,1986,0,0,0,0,0,0,16,0,0,0
420184,0,1,1986,0,0,0,0,0,0,0,0,0,0
420184,1,1,1986,0,0,0,0,0,0,0,0,0,0
420185,1,1,1986,22,21,24,9,25,8,15,29,24,0
420186,1,1,1986,0,0,0,0,0,0,0,0,0,0
420186,2,1,1986,0,0,0,0,0,0,0,0,0,0
420186,3,1,1986,0,0,4,0,0,17,0,2,0,0
420187,0,1,1986,0,18,0,14,0,0,0,0,0,0
420187,1,1,1986,0,0,0,12,0,0,9,0,0,0
420188,1,1,1986,0,0,0,0,0,0,0,0,0,0
420188,2,1,1986,0,0,0,0,0,0,0,0,0,0
420189,0,1,1986,0,0,0,0,0,0,8,0,20,0
420189,1,1,1986,0,0,0,9,0,0,0,0,0,0
420190,1,1,1986,0,0,0,0,0,0,0,0,0,0
420191,1,1,1986,9,9,9,9,9,9,9,9,9,9
420192,1,1,1986,0,9,0,0,0,16,0,19,0,0
420193,1,1,1986,0,0,0,0,0,0,0,0,0,0
420193,2,1,1986,0,0,0,0,0,0,0,0,0,0
420194,1,1,1986,0,0,0,0,0,0,0,0,0,0
420194,2,1,1986,0,0,0,0,0,0,0,0,0,0
420195,1,1,1986,0,0,0,0,0,0,0,0,0,0
420196,1,1,1986,20,20,20,20,20,20,20,20,20,20
420196,2,1,1986,25,25,25,25,25,25,25,25,25,25
420197,1,1,1986,16,16,16,16,16,16,16,16,16,16
420198,0,1,1986,0,0,0,0,0,0,0,0,0,0
420198,1,1,1986,7,5,0,0,0,0,26,0,9,0
420199,1,1,1986,7,9,12,13,21,17,8,10,6,24
420199,2,1,1986,0,0,0,0,0,0,0,0,0,0
420201,1,1,1986,0,0,0,0,0,0,0,0,0,0
420202,1,1,1986,0,0,0,0,0,0,0,0,0,0
420202,2,1,1986,0,0,0,0,0,0,0,0,0,0
420202,3,1,1986,27,11,25,0,0,0,0,20,21,17
420203,1,1,1986,13,13,13,13,13,13,13,13,13,13
420203,2,1,1986,0,0,16,0,0,0,0,0,0,4
420204,0,1,1986,0,0,0,0,0,0,0,0,0,0
420204,1,1,1986,28,28,28,28,28,28,28,28,28,28
420205,0,1,1986,0,0,0,0,0,0,0,0,0,0
420205,1,1,1986,0,0,0,0,0,0,0,0,21,0
420206,1,1,1986,12,12,12,12,12,12,12,12,12,12
420207,1,1,1986,0,0,0,0,0,0,0,0,0,0
420208,1,1,1986,0,0,0,0,0,0,0,0,0,0
420208,2,1,1986,6,6,6,6,6,6,6,6,6,6
420209,1,1,1986,25,25,25,25,25,25,25,25,25,25
420209,2,1,1986,0,0,0,0,0,0,0,0,0,0
420210,1,1,1986,23,23,23,23,23,23,23,23,23,23
420210,2,1,1986,0,0,0,0,0,0,0,12,0,0
420211,1,1,1986,6,19,0,17,22,26,21,0,0,0
420211,2,1,1986,0,17,0,0,0,0,17,0,0,20
420212,1,1,1986,0,0,0,0,0,0,0,0,0,0
420213,1,1,1986,9,9,9,9,9,9,9,9,9,9
420214,0,1,1986,32,0,0,0,0,0,0,0,0,0
420214,1,1,1986,0,0,0,0,0,0,0,0,21,0
420215,1,1,1986,0,0,0,10,0,0,0,4,0,0
420216,1,1,1986,17,17,17,17,17,17,17,17,17,17
420217,1,1,1986,0,0,0,0,0,0,0,0,0,0
420218,1,1,1986,0,0,0,0,0,0,0,0,0,0
420218,2,1,1986,0,0,0,0,0,0,0,0,0,0
420219,1,1,1986,0,0,0,0,0,0,0,0,0,0
420220,1,1,1986,15,15,15,15,15,15,15,15,15,15
420220,2,1,1986,0,0,0,0,11,0,0,13,0,0
420222,1,1,1986,10,10,10,10,10,10,10,10,10,10
420223,1,1,1986,18,18,18,18,18,18,18,18,18,18
420223,2,1,1986,0,0,0,0,0,0,0,0,0,0
420223,3,1,1986,0,0,0,0,0,0,0,0,0,0
420223,4,1,1986,0,0,0,0,0,0,0,0,0,0
420224,1,1,1986,13,13,13,13,13,13,13,13,13,13
420225,1,1,1986,0,0,0,0,0,0,0,0,0,0
420225,2,1,1986,0,0,0,0,0,0,0,0,0,0
420226,1,1,1986,18,18,18,18,18,18,18,18,18,18
420227,0,1,1986,0,0,0,0,0,0,0,0,0,0
420227,1,1,1986,0,0,0,0,0,0,0,0,0,0
420228,1,1,1986,0,0,0,0,0,0,0,0,0,0
420229,0,1,1986,0,0,0,0,0,0,0,0,0,0
420229,1,1,1986,0,0,0,0,0,0,0,0,0,0
420230,1,1,1986,22,22,22,22,22,22,22,22,22,22
420230,2,1,1986,0,0,0,0,0,0,0,0,0,0
420231,1,1,1986,13,13,13,13,13,13,13,13,13,13
420232,0,1,1986,18,18,18,18,18,18,18,18,18,18
420232,1,1,1986,0,0,0,0,0,0,0,0,0,0
420233,1,1,1986,29,29,29,29,29,29,29,29,29,29
420234,1,1,1986,0,23,19,19,29,0,0,22,3,19
420235,1,1,1986,0,0,0,9,4,0,0,0,0,0
420235,2,1,1986,0,0,0,0,0,0,0,0,0,0
420236,1,1,1986,10,13,14,12,14,9,11,6,14,20
420236,2,1,1986,0,23,0,16,11,22,0,0,19,14
420237,1,1,1986,26,15,15,13,17,19,11,20,0,16
420239,1,1,1986,13,13,13,13,13,13,13,13,13,13
420240,1,1,1986,30,30,30,30,30,30,30,30,30,30
420240,2,1,1986,0,0,0,0,0,0,0,0,0,0
420241,1,1,1986,26,26,26,26,26,26,26,26,26,26
420241,2,1,1986,18,18,18,18,18,18,18,18,18,18
420242,1,1,1986,15,30,11,23,33,0,22,17,15,20
420243,1,1,1986,19,19,19,19,19,19,19,19,19,19
420243,2,1,1986,12,12,12,12,12,12,12,12,12,12
420243,3,1,1986,0,0,0,0,0,0,0,0,0,0
420244,1,1,1986,0,0,0,0,0,0,0,0,0,0
420244,2,1,1986,0,0,0,0,0,0,0,0,0,0
420245,1,1,1986,0,0,0,0,0,0,0,0,0,0
420245,2,1,1986,0,0,0,0,0,0,0,0,0,0
420246,0,1,1986,0,0,0,0,0,33,0,0,0,0
420246,1,1,1986,0,0,0,0,0,0,0,0,0,0
420247,1,1,1986,29,29,29,29,29,29,29,29,29,29
420247,2,1,1986,0,0,0,0,0,4,0,0,0,0
420248,1,1,1986,0,0,0,0,0,0,0,0,0,0
420249,1,1,1986,0,0,0,0,0,0,0,0,0,0
420250,1,1,1986,0,0,0,0,0,0,0,0,0,0
420250,2,1,1986,0,0,0,0,0,0,0,0,7,0
420251,1,1,1986,20,20,20,20,20,20,20,20,20,20
420251,2,1,1986,1,1,1,1,1,1,1,1,1,1
420252,1,1,1986,12,12,12,12,12,12,12,12,12,12
420253,1,1,1986,0,0,0,0,0,4,0,0,0,6
420253,2,1,1986,0,0,0,0,0,0,0,0,37,0
420254,0,1,1986,8,8,8,8,8,8,8,8,8,8
420254,1,1,1986,0,0,0,0,0,31,12,11,0,0
420255,1,1,1986,31,31,31,31,31,31,31,31,31,31
420255,2,1,1986,6,6,6,6,6,6,6,6,6,6
420256,1,1,1986,0,0,0,0,0,0,0,0,0,0
420256,2,1,1986,9,0,0,0,12,0,0,0,0,0
420257,0,1,1986,0,0,0,0,0,0,0,0,0,0
420257,1,1,1986,0,0,0,0,0,0,0,0,0,0
420258,0,1,1986,0,0,0,0,9,0,0,0,14,0
420258,1,1,1986,25,0,0,15,15,14,32,0,0,0
420259,1,1,1986,0,0,0,0,0,0,0,0,0,0
420259,2,1,1986,0,0,0,0,0,0,0,0,0,0
420260,0,1,1986,13,13,13,13,13,13,13,13,13,13
420260,1,1,1986,0,0,0,0,0,0,0,0,0,0
420261,1,1,1986,0,0,0,0,0,0,0,0,0,0
420262,1,1,1986,17,0,14,14,16,0,0,0,6,5
420262,2,1,1986,0,0,0,0,0,0,0,0,9,0
420262,3,1,1986,0,0,0,0,0,0,0,0,0,0
420263,1,1,1986,0,0,0,0,0,0,0,0,0,0
420263,2,1,1986,0,0,0,17,0,0,0,0,0,0
420264,1,1,1986,20,20,20,20,20,20,20,20,20,20
420265,1,1,1986,0,0,0,0,0,0,0,0,0,0
420265,2,1,1986,0,0,0,0,0,0,0,0,0,0
420266,1,1,1986,0,0,0,0,0,0,0,0,0,0
420266,2,1,1986,0,0,0,0,0,0,0,0,0,0
420268,0,1,1986,0,0,0,0,0,0,0,0,0,0
420268,1,1,1986,0,0,0,0,0,0,0,0,0,0
420269,1,1,1986,0,0,0,0,0,0,0,0,0,0
420270,0,1,1986,0,0,0,0,16,0,0,0,0,0
420270,1,1,1986,0,0,0,0,0,0,0,0,0,0
420271,1,1,1986,26,26,26,26,26,26,26,26,26,26
420272,1,1,1986,0,0,0,0,0,0,0,0,0,0
420272,2,1,1986,0,0,0,0,0,0,0,0,0,0
420273,1,1,1986,0,0,0,0,0,0,0,0,0,0
420273,2,1,1986,0,0,7,0,0,0,0,0,0,0
420274,1,1,1986,22,22,22,22,22,22,22,22,22,22
420274,2,1,1986,1,1,1,1,1,1,1,1,1,1
420275,1,1,1986,0,0,0,0,0,0,0,0,0,0
420275,2,1,1986,0,0,0,0,0,0,0,0,0,6
420275,3,1,1986,0,0,0,0,0,0,0,0,0,9
420276,0,1,1986,10,10,10,10,10,10,10,10,10,10
420276,1,1,1986,1,1,1,1,1,1,1,1,1,1
420277,1,1,1986,15,15,15,15,15,15,15,15,15,15
420278,1,1,1986,0,0,0,6,0,0,0,0,0,10
420279,1,1,1986,0,0,0,0,0,0,0,0,0,0
420280,1,1,1986,0,0,0,0,0,0,0,0,0,0
420281,1,1,1986,0,0,0,12,0,0,2,0,0,0
420282,1,1,1986,3,9,6,10,6,0,4,6,11,11
420282,2,1,1986,0,0,0,0,0,0,0,0,0,0
420283,0,1,1986,0,0,0,0,0,0,0,0,0,0
420283,1,1,1986,0,0,0,0,0,0,0,12,0,0
420284,1,1,1986,0,0,0,0,0,0,0,0,0,0
420284,2,1,1986,0,0,15,0,0,0,0,0,0,0
420285,0,1,1986,0,0,6,31,0,15,4,0,18,0
420285,1,1,1986,24,0,0,0,6,21,8,9,0,0
420285,2,1,1986,0,0,0,0,0,0,2,16,0,0
420286,1,1,1986,29,14,20,23,11,4,24,16,7,25
420287,0,1,1986,23,23,23,23,23,23,23,23,23,23
420287,1,1,1986,6,6,6,6,6,6,6,6,6,6
420288,1,1,1986,24,24,24,24,24,24,24,24,24,24
420289,1,1,1986,24,24,24,24,24,24,24,24,24,24
420290,1,1,1986,0,0,0,0,10,0,0,0,0,11
420290,2,1,1986,0,0,0,0,0,0,0,15,0,0
420291,0,1,1986,21,21,21,21,21,21,21,21,21,21
420291,1,1,1986,0,0,0,0,0,0,0,0,0,0
420292,0,1,1986,0,0,0,0,0,0,0,0,0,0
420292,1,1,1986,0,0,0,0,0,0,0,0,0,0
420293,1,1,1986,0,0,0,0,0,0,0,0,0,0
420293,2,1,1986,0,0,0,8,0,20,0,25,0,0
420293,3,1,1986,0,0,5,0,0,0,0,0,0,0
420294,1,1,1986,0,0,0,0,0,0,0,0,0,0
420294,2,1,1986,0,0,0,0,0,0,0,0,0,0
420295,1,1,1986,0,0,0,0,0,0,0,0,0,0
420295,2,1,1986,0,0,0,0,6,0,0,0,0,0
420296,1,1,1986,21,15,35,15,32,47,9,21,17,17
420297,1,1,1986,0,0,0,0,0,0,0,0,0,0
420297,2,1,1986,0,0,0,0,0,0,0,0,0,0
420298,1,1,1986,20,20,20,20,20,20,20,20,20,20
420299,1,1,1986,25,25,25,25,25,25,25,25,25,25
420299,2,1,1986,1,1,1,1,1,1,1,1,1,1
420300,1,1,1986,26,13,6,18,9,22,20,17,25,17
420301,0,1,1986,25,25,25,25,25,25,25,25,25,25
420301,1,1,1986,15,15,15,15,15,15,15,15,15,15
420302,1,1,1986,0,0,0,0,0,0,0,0,0,0
420303,0,1,1986,0,0,0,0,0,0,0,0,0,0
420303,1,1,1986,0,0,0,0,0,0,0,0,0,0
420304,1,1,1986,23,23,23,23,23,23,23,23,23,23
420304,2,1,1986,0,0,0,0,0,0,0,0,0,0
420305,1,1,1986,25,25,25,25,25,25,25,25,25,25
420305,2,1,1986,0,0,0,0,0,0,0,0,0,0
420306,1,1,1986,0,0,0,0,0,0,0,0,0,0
420306,2,1,1986,0,0,0,0,0,0,0,0,0,0
420307,1,1,1986,18,23,0,11,12,0,17,14,24,11
420308,1,1,1986,18,18,18,18,18,18,18,18,18,18
420309,1,1,1986,20,20,20,20,20,20,20,20,20,20
420309,2,1,1986,0,0,0,0,0,0,0,0,0,0
420310,1,1,1986,18,2,27,15,38,10,11,15,28,0
420310,2,1,1986,0,0,0,0,0,0,0,0,0,0
420311,1,1,1986,0,0,0,0,0,0,0,0,0,0
420312,1,1,1986,0,0,0,0,0,0,0,0,0,0
420313,1,1,1986,5,5,5,5,5,5,5,5,5,5
420313,2,1,1986,0,0,0,0,0,0,0,0,0,0
420313,3,1,1986,0,0,0,0,0,0,0,0,19,0
420313,4,1,1986,0,0,0,0,0,0,0,0,0,0
420314,1,1,1986,17,17,17,17,17,17,17,17,17,17
420315,1,1,1986,20,20,20,20,20,20,20,20,20,20
420316,0,1,1986,35,35,35,35,35,35,35,35,35,35
420316,1,1,1986,0,0,0,0,0,0,0,0,0,0
420317,1,1,1986,6,6,6,6,6,6,6,6,6,6
420318,0,1,1986,0,0,0,0,0,0,0,0,0,0
420318,1,1,1986,0,0,0,0,0,0,0,0,0,0
420319,1,1,1986,12,17,0,0,2,0,14,21,14,12
420320,1,1,1986,0,0,10,0,0,0,0,0,0,0