ST_CASE,VEH_NO,PER_NO,YEAR,P1,P2,P3,P4,P5,P6,P7,P8,P9,P10
420609,1,1,1986,21,7,0,19,9,8,35,16,8,12
420609,2,1,1986,0,0,0,0,0,0,0,0,0,0
420612,0,1,1986,0,0,0,0,0,0,0,0,0,0
420612,1,1,1986,0,32,14,0,31,6,22,0,0,13
420613,0,1,1986,0,11,42,0,31,28,0,35,0,14
420613,1,1,1986,0,0,0,0,0,0,0,0,0,0
420614,1,1,1986,0,0,0,10,0,0,0,0,0,0
420615,1,1,1986,0,0,0,0,0,0,0,0,0,0
420615,2,1,1986,0,0,0,0,0,0,0,11,0,0
420615,3,1,1986,0,0,0,0,0,0,13,0,0,0
420616,1,1,1986,0,0,0,0,0,0,0,0,0,0
420616,2,1,1986,0,0,0,0,0,0,0,0,0,0
420617,1,1,1986,0,0,0,0,0,0,0,0,0,0
420618,1,1,1986,0,0,0,0,0,0,0,0,0,0
420619,1,1,1986,0,0,0,0,0,0,0,0,0,0
420619,2,1,1986,0,29,0,15,0,0,0,0,0,0
420620,1,1,1986,16,16,16,16,16,16,16,16,16,16
420621,1,1,1986,14,14,14,14,14,14,14,14,14,14
420622,0,1,1986,0,0,0,0,0,0,0,0,0,0
420622,1,1,1986,0,0,0,19,0,0,0,0,0,4
420624,1,1,1986,0,0,0,0,0,0,0,0,0,0
420625,1,1,1986,0,0,0,13,0,0,13,0,34,22
420626,1,1,1986,0,0,0,0,0,0,0,0,0,0
420627,1,1,1986,20,20,20,20,20,20,20,20,20,20
420627,2,1,1986,0,0,0,0,0,0,0,0,0,0
420628,1,1,1986,19,19,19,19,19,19,19,19,19,19
420628,2,1,1986,0,0,0,0,0,0,0,0,0,0
420629,0,1,1986,0,13,0,0,0,0,0,0,0,0
420629,1,1,1986,0,0,0,18,11,0,0,25,0,0
420630,1,1,1986,19,19,19,19,19,19,19,19,19,19
420631,1,1,1986,0,9,9,11,24,30,0,0,11,0
420631,2,1,1986,0,0,0,2,0,0,0,0,0,0
420632,0,1,1986,15,15,15,15,15,15,15,15,15,15
420632,1,1,1986,16,16,16,16,16,16,16,16,16,16
420633,1,1,1986,23,23,23,23,23,23,23,23,23,23
420634,1,1,1986,12,15,9,17,7,27,29,17,3,13
420635,1,1,1986,14,14,14,14,14,14,14,14,14,14
420636,0,1,1986,0,0,0,0,0,0,0,0,0,0
420636,1,1,1986,0,0,0,0,0,0,0,0,0,0
420637,1,1,1986,0,0,0,0,0,0,0,0,0,0
420637,2,1,1986,0,0,0,0,0,0,0,0,0,0
420638,1,1,1986,0,0,0,0,0,0,0,0,0,0
420639,1,1,1986,0,0,0,0,0,0,0,0,0,0
420639,2,1,1986,0,0,0,0,0,0,0,0,0,0
420640,1,1,1986,0,0,0,0,0,0,0,0,0,0
420641,1,1,1986,12,12,12,12,12,12,12,12,12,12
420642,1,1,1986,34,34,34,34,34,34,34,34,34,34
420642,2,1,1986,0,0,0,0,0,0,0,0,0,0
420643,1,1,1986,0,0,0,0,0,0,0,0,0,0
420643,2,1,1986,0,0,0,0,0,0,0,0,0,0
420644,1,1,1986,0,0,0,0,0,0,0,0,0,0
420644,2,1,1986,0,0,0,0,0,0,0,0,0,0
420645,1,1,1986,0,0,0,0,0,0,0,0,0,0
420646,1,1,1986,0,0,0,0,0,0,0,0,0,0
420646,2,1,1986,0,0,0,0,0,0,0,0,0,0
420647,1,1,1986,0,14,0,0,0,0,0,0,6,0
420648,1,1,1986,21,21,21,21,21,21,21,21,21,21
420649,1,1,1986,0,0,0,0,0,0,0,0,0,0
420649,2,1,1986,0,0,0,0,0,0,0,0,0,0
420650,1,1,1986,13,13,13,13,13,13,13,13,13,13
420651,0,1,1986,0,0,0,0,0,0,0,0,0,0
420651,1,1,1986,0,0,0,20,0,0,0,0,0,0
420652,1,1,1986,17,17,17,17,17,17,17,17,17,17
420652,2,1,1986,0,0,0,0,0,0,0,0,0,0
420653,1,1,1986,0,0,0,0,0,0,0,0,0,0
420654,1,1,1986,0,0,0,0,0,0,0,0,0,0
420655,1,1,1986,0,0,0,0,0,0,0,0,0,0
420656,1,1,1986,10,14,16,16,17,4,16,15,23,14
420657,1,1,1986,20,20,20,20,20,20,20,20,20,20
420657,2,1,1986,0,0,0,0,0,0,0,0,0,0
420658,1,1,1986,0,0,0,0,0,0,0,0,0,0
420658,2,1,1986,0,0,0,0,0,0,0,0,0,0
420659,1,1,1986,15,15,15,15,15,15,15,15,15,15
420660,1,1,1986,6,13,15,12,0,18,14,23,29,10
420661,0,1,1986,1,1,1,1,1,1,1,1,1,1
420661,1,1,1986,0,0,0,0,0,0,0,0,0,0
420662,1,1,1986,0,4,0,33,0,17,0,0,0,16
420663,1,1,1986,0,0,0,0,0,0,0,0,0,0
420663,2,1,1986,0,0,0,0,0,0,0,0,0,0
420664,0,1,1986,0,0,0,0,0,0,0,0,0,0
420664,1,1,1986,0,0,0,0,0,24,0,0,0,2
420665,1,1,1986,0,0,0,13,0,0,0,0,0,0
420665,2,1,1986,0,0,0,0,12,0,0,0,0,0
420666,1,1,1986,0,0,0,0,0,0,0,0,0,0
420666,2,1,1986,0,0,13,0,8,0,0,0,0,0
420667,1,1,1986,0,0,0,0,0,0,0,0,0,0
420668,1,1,1986,0,0,0,0,0,0,0,0,0,0
420669,1,1,1986,0,0,0,0,0,0,0,0,0,0
420670,1,1,1986,36,36,36,36,36,36,36,36,36,36
420670,2,1,1986,0,0,0,0,0,0,0,0,0,0
420671,0,1,1986,0,0,0,0,0,0,0,0,0,0
420671,1,1,1986,0,0,0,0,0,0,0,0,9,0
420672,1,1,1986,20,27,12,9,28,17,18,10,12,5
420673,1,1,1986,18,18,18,18,18,18,18,18,18,18
420674,1,1,1986,13,13,13,13,13,13,13,13,13,13
420675,1,1,1986,19,19,19,19,19,19,19,19,19,19
420676,1,1,1986,1,1,1,1,1,1,1,1,1,1
420676,2,1,1986,0,2,0,0,0,0,0,0,0,0
420677,1,1,1986,21,21,21,21,21,21,21,21,21,21
420678,1,1,1986,0,0,0,0,0,0,0,0,0,0
420678,2,1,1986,0,0,0,0,0,0,0,0,0,0
420679,1,1,1986,1,1,1,1,1,1,1,1,1,1
420680,0,1,1986,7,7,7,7,7,7,7,7,7,7
420680,1,1,1986,0,0,0,0,0,0,0,0,0,0
420681,1,1,1986,11,11,11,11,11,11,11,11,11,11
420681,2,1,1986,0,0,0,0,0,0,0,0,0,0
420682,1,1,1986,21,21,21,21,21,21,21,21,21,21
420683,1,1,1986,0,0,0,0,0,0,0,0,0,0
420683,2,1,1986,0,0,0,0,0,34,0,0,16,0
420684,1,1,1986,14,21,16,0,11,15,5,28,9,7
420684,2,1,1986,15,15,15,15,15,15,15,15,15,15
420685,1,1,1986,0,0,0,0,0,0,0,0,0,0
420686,1,1,1986,0,0,0,0,0,0,0,0,0,0
420687,1,1,1986,8,8,8,8,8,8,8,8,8,8
420688,1,1,1986,30,30,30,30,30,30,30,30,30,30
420688,2,1,1986,7,7,7,7,7,7,7,7,7,7
420689,1,1,1986,0,0,0,0,0,0,0,0,0,0
420689,2,1,1986,0,0,0,0,0,0,0,0,0,0
420690,0,1,1986,24,24,24,24,24,24,24,24,24,24
420690,1,1,1986,0,29,0,12,11,17,5,11,16,0
420691,1,1,1986,25,25,25,25,25,25,25,25,25,25
420692,1,1,1986,9,9,9,9,9,9,9,9,9,9
420693,1,1,1986,8,0,0,0,8,0,0,7,0,0
420694,0,1,1986,0,0,0,0,0,0,0,0,0,0
420694,0,2,1986,0,0,12,0,0,0,0,0,0,10
420694,1,1,1986,0,0,0,0,0,0,0,0,0,0
420695,1,1,1986,8,8,8,8,8,8,8,8,8,8
420696,1,1,1986,13,18,0,0,0,0,14,17,25,0
420696,2,1,1986,0,0,0,0,18,0,0,0,0,0
420697,1,1,1986,12,12,12,12,12,12,12,12,12,12
420697,2,1,1986,0,0,0,0,0,0,0,0,0,0
420697,3,1,1986,0,0,0,0,0,0,0,0,0,0
420698,1,1,1986,0,0,15,3,0,0,0,6,0,0
420698,2,1,1986,0,0,0,0,6,0,0,10,0,0
420698,3,1,1986,0,0,0,0,0,0,0,0,0,0
420698,4,1,1986,0,0,0,0,0,0,0,0,0,0
420699,1,1,1986,19,19,19,19,19,19,19,19,19,19
420699,2,1,1986,0,0,0,0,0,0,0,6,0,0
420700,1,1,1986,20,20,20,20,20,20,20,20,20,20
420701,1,1,1986,15,15,15,15,15,15,15,15,15,15
420702,0,1,1986,0,0,0,0,0,0,0,0,0,0
420702,1,1,1986,0,0,0,0,0,11,0,0,0,0
420703,1,1,1986,15,15,15,15,15,15,15,15,15,15
420703,2,1,1986,0,0,0,0,0,0,0,0,0,0
420704,1,1,1986,14,14,14,14,14,14,14,14,14,14
420705,1,1,1986,0,4,0,0,0,0,0,39,0,0
420706,0,1,1986,0,0,18,0,29,0,0,0,0,0
420706,1,1,1986,1,1,1,1,1,1,1,1,1,1
420707,1,1,1986,0,0,0,0,0,12,0,0,0,0
420708,0,1,1986,0,0,0,0,0,0,0,0,0,0
420708,1,1,1986,0,0,0,0,0,0,0,0,0,0
420710,1,1,1986,0,19,20,16,7,8,10,9,15,18
420710,2,1,1986,31,31,31,31,31,31,31,31,31,31
420712,1,1,1986,2,2,2,2,2,2,2,2,2,2
420712,2,1,1986,0,0,0,0,0,0,0,0,0,0
420713,1,1,1986,0,0,0,8,0,0,0,0,0,0
420714,1,1,1986,6,6,6,6,6,6,6,6,6,6
420714,2,1,1986,2,2,2,2,2,2,2,2,2,2
420715,1,1,1986,19,19,19,19,19,19,19,19,19,19
420716,1,1,1986,0,0,0,3,0,0,0,0,0,0
420716,2,1,1986,0,0,0,0,0,0,18,0,0,0
420717,1,1,1986,26,0,0,21,0,13,0,3,0,14
420718,1,1,1986,0,0,0,0,0,0,0,0,0,0
420719,1,1,1986,0,0,0,0,0,0,0,0,0,0
420719,2,1,1986,42,42,42,42,42,42,42,42,42,42
420721,1,1,1986,0,0,0,0,0,0,0,0,0,0
420721,2,1,1986,0,0,0,0,0,0,0,0,0,0
420722,1,1,1986,4,4,4,4,4,4,4,4,4,4
420722,2,1,1986,0,0,0,0,0,0,0,0,0,0
420723,1,1,1986,19,19,19,19,19,19,19,19,19,19
420724,1,1,1986,16,16,16,16,16,16,16,16,16,16
420724,2,1,1986,22,17,0,12,0,0,7,0,0,0
420725,1,1,1986,0,0,0,0,0,0,0,0,0,0
420725,2,1,1986,0,0,0,0,0,0,0,0,0,0
420727,1,1,1986,0,0,0,0,0,0,0,0,0,0
420727,2,1,1986,0,0,0,0,13,0,0,0,0,0
420728,1,1,1986,19,19,19,19,19,19,19,19,19,19
420729,1,1,1986,13,13,13,13,13,13,13,13,13,13
420730,1,1,1986,17,17,17,17,17,17,17,17,17,17
420731,1,1,1986,35,35,35,35,35,35,35,35,35,35
420731,2,1,1986,0,0,0,0,0,0,0,0,0,0
420732,0,1,1986,0,23,0,0,0,0,0,0,0,0
420732,1,1,1986,0,21,0,0,0,0,0,0,0,0
420734,0,1,1986,29,29,29,29,29,29,29,29,29,29
420734,1,1,1986,0,0,0,0,0,0,0,0,0,0
420735,1,1,1986,5,5,5,5,5,5,5,5,5,5
420735,2,1,1986,0,0,0,0,0,0,0,0,0,0
420735,3,1,1986,0,0,0,0,0,0,0,0,0,0
420736,1,1,1986,0,0,0,0,0,0,0,0,0,0
420736,2,1,1986,0,0,0,0,0,0,0,0,0,0
420737,1,1,1986,11,11,11,11,11,11,11,11,11,11
420738,1,1,1986,0,0,0,0,0,0,16,0,0,0
420739,1,1,1986,24,24,24,24,24,24,24,24,24,24
420740,1,1,1986,0,0,0,0,0,0,0,0,0,0
420740,2,1,1986,0,0,0,0,0,0,0,0,0,0
420741,1,1,1986,8,8,8,8,8,8,8,8,8,8
420741,2,1,1986,0,0,0,13,0,0,0,0,0,0
420742,0,1,1986,0,0,0,0,0,0,0,0,0,0
420742,1,1,1986,0,0,0,0,0,0,0,0,0,0
420743,1,1,1986,16,16,16,16,16,16,16,16,16,16
420744,1,1,1986,0,0,0,0,0,0,0,0,0,0
420744,2,1,1986,0,0,0,0,0,0,0,0,0,0
420745,1,1,1986,0,0,0,0,0,0,0,25,24,0
420746,1,1,1986,0,0,0,0,0,0,0,0,0,0
420747,0,1,1986,30,26,13,23,14,40,0,38,0,0
420747,1,1,1986,0,0,0,0,0,0,0,0,0,0
420748,1,1,1986,0,0,0,0,0,0,0,0,0,0
420749,1,1,1986,17,17,17,17,17,17,17,17,17,17
420750,1,1,1986,18,18,18,18,18,18,18,18,18,18
420751,1,1,1986,12,12,12,12,12,12,12,12,12,12
420752,1,1,1986,0,0,0,0,0,0,0,17,0,0
420753,1,1,1986,14,14,14,14,14,14,14,14,14,14
420754,1,1,1986,0,0,0,0,0,0,0,0,0,0
420755,1,1,1986,0,0,0,0,0,0,0,0,0,0
420755,2,1,1986,4,4,4,4,4,4,4,4,4,4
420756,1,1,1986,30,30,30,30,30,30,30,30,30,30
420756,2,1,1986,14,25,23,25,24,5,0,23,9,12
420757,0,1,1986,0,0,0,0,0,0,0,0,0,0
420757,1,1,1986,0,0,0,0,0,0,0,0,0,0
420758,1,1,1986,0,0,0,0,0,0,0,0,0,0
420758,2,1,1986,0,0,0,0,0,0,0,0,0,0
420759,1,1,1986,15,15,15,15,15,15,15,15,15,15
420760,1,1,1986,0,0,0,0,27,0,0,0,5,0
420760,2,1,1986,0,4,0,0,2,0,0,0,0,0
420761,1,1,1986,13,13,13,13,13,13,13,13,13,13
420761,2,1,1986,0,0,0,0,0,0,0,0,0,0
420762,1,1,1986,27,27,27,27,27,27,27,27,27,27
420763,1,1,1986,0,0,0,0,0,0,0,0,0,0
420764,1,1,1986,0,0,0,0,4,0,0,0,0,0
420765,1,1,1986,4,4,4,4,4,4,4,4,4,4
420765,2,1,1986,9,9,9,9,9,9,9,9,9,9
420766,1,1,1986,0,0,0,0,0,0,0,0,0,0
420767,1,1,1986,1,1,1,1,1,1,1,1,1,1
420767,2,1,1986,12,12,12,12,12,12,12,12,12,12
420768,1,1,1986,0,0,0,0,0,0,0,2,5,13
420768,2,1,1986,0,0,0,0,0,0,0,0,0,0
420768,3,1,1986,0,0,0,0,0,0,0,0,0,0
420769,1,1,1986,0,0,0,0,13,0,0,0,0,0
420769,2,1,1986,0,3,0,0,0,0,0,0,0,0
420770,0,1,1986,0,0,0,0,0,0,0,0,0,0
420770,1,1,1986,0,15,0,0,0,0,0,0,0,0
420771,1,1,1986,0,0,0,0,0,0,0,0,0,0
420772,1,1,1986,15,15,15,15,15,15,15,15,15,15
420772,2,1,1986,0,0,0,0,0,0,0,0,0,0
420774,0,1,1986,0,0,0,0,0,0,0,0,0,0
420774,1,1,1986,0,0,0,0,0,0,0,0,0,0
420775,1,1,1986,0,0,0,0,0,0,0,0,0,0
420775,2,1,1986,0,0,0,0,16,0,0,0,0,0
420776,0,1,1986,0,0,0,0,0,0,0,0,0,0
420776,1,1,1986,3,0,0,0,12,0,0,0,0,0
420777,1,1,1986,15,15,15,15,15,15,15,15,15,15
420778,1,1,1986,10,10,10,10,10,10,10,10,10,10
420778,2,1,1986,0,0,0,0,0,12,0,0,0,0
420778,3,1,1986,0,0,0,9,11,0,0,0,0,0
420779,1,1,1986,0,0,27,0,0,0,0,0,0,0
420779,2,1,1986,0,0,0,0,0,0,0,7,12,0
420780,0,1,1986,0,0,0,0,0,0,0,0,0,0
420780,1,1,1986,0,0,0,0,0,0,0,0,0,0
420781,1,1,1986,0,0,0,0,0,0,0,0,0,0
420781,2,1,1986,0,0,0,0,0,0,0,0,0,0
420781,3,1,1986,0,23,0,0,0,0,0,16,0,0
420782,1,1,1986,0,0,0,0,0,0,0,0,0,0
420783,1,1,1986,20,20,20,20,20,20,20,20,20,20
420784,1,1,1986,0,0,0,0,0,0,0,0,0,0
420784,2,1,1986,0,0,0,0,0,0,0,0,0,0
420785,1,1,1986,9,9,15,19,0,0,10,12,12,0
420786,1,1,1986,0,0,0,0,0,0,0,0,0,0
420786,2,1,1986,9,9,9,9,9,9,9,9,9,9
420787,1,1,1986,19,19,19,19,19,19,19,19,19,19
420788,1,1,1986,28,28,28,28,28,28,28,28,28,28
420789,0,1,1986,0,0,0,0,0,0,0,0,0,0
420789,1,1,1986,12,12,12,12,12,12,12,12,12,12
420790,1,1,1986,0,0,0,11,0,0,0,0,13,0
420790,2,1,1986,0,0,0,0,0,0,0,11,0,15
420790,3,1,1986,19,0,16,0,14,0,0,0,0,0
420790,4,1,1986,0,0,0,0,9,0,0,0,17,9
420791,1,1,1986,0,0,0,0,0,0,0,7,0,0
420791,2,1,1986,0,3,0,0,0,0,0,0,0,0
420792,1,1,1986,0,0,0,0,0,0,0,0,0,0
420792,2,1,1986,0,0,0,0,0,0,0,0,7,0
420792,3,1,1986,0,0,0,0,0,0,0,0,0,0
420793,1,1,1986,15,15,15,15,15,15,15,15,15,15
420793,2,1,1986,0,0,0,0,0,0,0,0,0,0
420794,0,1,1986,0,0,3,0,17,0,0,0,0,0
420794,1,1,1986,0,0,0,0,0,0,0,0,0,0
420796,1,1,1986,0,0,0,0,0,0,0,0,0,0
420796,2,1,1986,0,0,0,0,0,0,0,0,0,0
420797,1,1,1986,15,0,0,0,0,0,0,0,0,0
420797,2,1,1986,16,12,25,0,12,29,15,6,22,15
420798,1,1,1986,0,0,0,0,0,0,0,0,0,0
420798,2,1,1986,0,0,0,0,0,0,0,0,0,0
420799,1,1,1986,0,18,7,0,0,13,13,11,20,21
420800,1,1,1986,23,8,19,11,0,8,16,0,0,22
420800,2,1,1986,0,0,0,0,0,0,0,0,0,0
420802,0,1,1986,0,0,0,0,0,0,0,0,0,0
420802,0,2,1986,13,0,0,0,0,11,0,0,9,0
420802,1,1,1986,15,15,15,15,15,15,15,15,15,15
420803,1,1,1986,13,13,13,13,13,13,13,13,13,13
420803,2,1,1986,0,0,0,2,15,0,0,11,0,0
420804,1,1,1986,0,0,0,0,0,0,0,0,0,0
420804,2,1,1986,0,0,0,0,0,0,0,0,0,0
420804,3,1,1986,0,0,0,0,0,0,0,0,4,0
420805,1,1,1986,28,28,28,28,28,28,28,28,28,28
420806,0,1,1986,28,28,28,28,28,28,28,28,28,28
420806,1,1,1986,0,0,16,0,0,0,3,0,0,0
420807,1,1,1986,0,0,0,0,0,0,0,0,0,0
420807,2,1,1986,0,0,0,0,0,0,0,0,0,0
420808,1,1,1986,20,20,20,20,20,20,20,20,20,20
420809,1,1,1986,0,0,0,0,0,0,0,0,13,0
420809,2,1,1986,0,0,0,0,0,0,0,0,0,0
420810,0,1,1986,0,0,0,0,0,0,0,34,8,0
420810,1,1,1986,0,0,0,0,0,0,0,0,0,0
420811,1,1,1986,0,0,0,0,0,0,0,0,0,0
420811,2,1,1986,0,0,0,0,0,0,0,0,0,0
420812,1,1,1986,0,0,0,0,8,0,0,0,0,0
420813,1,1,1986,0,0,0,0,0,0,0,23,0,0
420813,2,1,1986,4,4,4,4,4,4,4,4,4,4
420814,1,1,1986,15,15,32,18,0,0,0,25,0,0
420815,1,1,1986,22,11,16,19,14,12,28,9,14,11
420816,1,1,1986,16,16,16,16,16,16,16,16,16,16
420818,1,1,1986,0,0,0,0,26,0,0,0,9,0
420818,2,1,1986,0,0,0,0,0,0,0,0,0,0
420819,1,1,1986,9,9,9,9,9,9,9,9,9,9
420820,1,1,1986,7,7,7,7,7,7,7,7,7,7
420820,2,1,1986,0,0,0,0,0,0,0,0,0,0
420821,0,1,1986,10,10,10,10,10,10,10,10,10,10
420821,1,1,1986,29,7,10,20,14,0,20,22,29,24
420822,1,1,1986,18,18,18,18,18,18,18,18,18,18
420823,0,1,1986,5,5,5,5,5,5,5,5,5,5
420823,1,1,1986,0,0,0,0,0,0,0,0,0,0
420824,1,1,1986,0,0,0,0,0,0,0,0,0,0
420825,1,1,1986,16,0,19,18,22,3,20,0,7,6
420825,2,1,1986,8,8,8,8,8,8,8,8,8,8
420826,1,1,1986,21,21,21,21,21,21,21,21,21,21
420826,2,1,1986,0,0,0,0,0,0,0,0,0,0
420827,1,1,1986,27,27,27,27,27,27,27,27,27,27
420827,2,1,1986,11,11,11,11,11,11,11,11,11,11
420828,1,1,1986,0,0,0,0,0,0,0,0,0,0
420828,2,1,1986,0,0,0,0,0,0,0,0,0,0
420829,1,1,1986,20,20,20,20,20,20,20,20,20,20
420830,1,1,1986,13,13,13,13,13,13,13,13,13,13
420831,1,1,1986,0,0,0,0,0,0,0,0,0,0
420831,2,1,1986,0,0,0,0,0,0,0,0,0,0
420832,1,1,1986,21,21,21,21,21,21,21,21,21,21
420833,0,1,1986,34,34,34,34,34,34,34,34,34,34
420833,1,1,1986,0,0,0,0,18,0,0,13,0,0
420834,1,1,1986,0,0,0,0,0,0,0,0,0,0
420834,2,1,1986,0,3,0,0,0,0,8,0,0,0
420836,1,1,1986,15,15,15,15,15,15,15,15,15,15
420837,1,1,1986,34,15,23,6,17,20,14,0,27,17
420838,0,1,1986,0,0,0,0,16,26,0,0,0,0
420838,1,1,1986,0,0,0,0,0,0,0,0,0,0
420839,1,1,1986,0,0,0,0,0,0,0,0,0,0
420840,1,1,1986,0,0,0,0,0,0,0,0,0,0
420841,1,1,1986,12,12,12,12,12,12,12,12,12,12
420842,1,1,1986,24,24,24,24,24,24,24,24,24,24
420843,1,1,1986,14,14,14,14,14,14,14,14,14,14
420843,2,1,1986,16,16,16,16,16,16,16,16,16,16
420843,3,1,1986,0,6,0,0,0,14,0,0,0,21
420844,1,1,1986,0,0,0,0,0,0,0,0,0,0
420844,2,1,1986,0,0,0,0,0,0,0,0,0,0
420845,1,1,1986,22,22,22,22,22,22,22,22,22,22
420846,1,1,1986,0,0,0,0,0,0,0,0,0,0
420846,2,1,1986,0,0,0,0,0,0,0,5,0,0
420847,1,1,1986,0,0,6,0,8,12,10,21,0,0
420848,1,1,1986,0,0,0,0,20,0,0,0,5,19
420849,0,1,1986,0,0,0,0,0,0,0,0,0,0
420849,1,1,1986,0,0,0,0,0,0,0,0,0,0
420850,1,1,1986,0,0,0,0,0,0,0,0,0,0
420850,2,1,1986,0,0,0,0,0,5,0,0,0,0
420851,1,1,1986,17,17,17,17,17,17,17,17,17,17
420851,2,1,1986,10,0,0,0,0,0,0,0,0,0
420852,1,1,1986,0,0,0,0,0,0,0,0,0,0
420852,2,1,1986,0,0,0,0,0,0,11,0,0,0
420853,1,1,1986,30,30,30,30,30,30,30,30,30,30
420853,2,1,1986,0,0,0,0,0,0,0,7,0,0
420854,1,1,1986,0,0,0,0,0,0,0,0,0,0
420854,2,1,1986,0,0,0,0,0,0,0,0,0,0
420855,1,1,1986,0,0,0,0,0,0,0,0,0,0
420855,2,1,1986,0,0,8,0,0,0,0,0,0,0
420855,3,1,1986,0,0,0,0,0,0,0,0,0,0
420855,4,1,1986,0,0,0,0,0,0,0,0,0,0
420856,1,1,1986,21,21,21,21,21,21,21,21,21,21
420857,1,1,1986,0,0,0,0,0,0,0,0,0,0
420857,2,1,1986,0,0,0,0,0,0,0,0,0,0
420858,1,1,1986,23,23,23,23,23,23,23,23,23,23
420859,0,1,1986,10,10,10,10,10,10,10,10,10,10
420859,2,1,1986,0,0,0,0,0,14,0,0,0,0
420860,1,1,1986,0,0,0,0,0,3,0,0,0,0
420860,2,1,1986,0,0,0,0,0,0,0,0,0,0
420861,1,1,1986,10,10,10,10,10,10,10,10,10,10
420862,1,1,1986,21,21,21,21,21,21,21,21,21,21
420863,1,1,1986,22,22,22,22,22,22,22,22,22,22
420864,1,1,1986,0,0,0,0,0,0,0,0,0,0
420864,2,1,1986,0,0,0,0,0,0,0,0,0,0
420865,1,1,1986,0,0,0,0,0,0,0,0,0,0
420865,2,1,1986,0,0,0,0,0,0,0,0,0,0
420865,3,1,1986,0,0,0,0,0,0,0,0,0,0
420866,0,1,1986,0,0,0,0,0,0,0,0,0,0
420866,1,1,1986,0,0,0,0,0,0,0,0,0,0
420867,1,1,1986,32,9,23,9,11,8,21,14,11,27
420868,0,1,1986,0,0,0,0,0,0,0,0,0,0
420868,1,1,1986,0,0,0,0,0,0,0,0,0,0
420869,1,1,1986,0,0,0,0,0,0,0,0,0,0
420869,2,1,1986,0,0,0,0,0,0,0,0,0,0
420869,3,1,1986,0,0,0,0,0,0,0,0,0,0
420870,1,1,1986,14,14,14,14,14,14,14,14,14,14
420871,1,1,1986,30,30,30,30,30,30,30,30,30,30
420872,1,1,1986,15,15,15,15,15,15,15,15,15,15
420873,1,1,1986,0,0,0,0,0,0,0,0,0,0
420873,2,1,1986,0,0,0,0,0,0,0,0,0,0
420874,1,1,1986,0,0,0,0,0,0,0,0,0,0
420874,2,1,1986,10,15,20,8,7,0,9,31,6,5
420875,1,1,1986,30,30,30,30,30,30,30,30,30,30
420876,1,1,1986,7,7,7,7,7,7,7,7,7,7
420877,1,1,1986,0,0,0,0,0,0,0,0,0,0
420878,1,1,1986,0,20,23,16,11,4,22,16,9,27
420879,1,1,1986,0,0,0,0,0,0,0,0,0,0
420879,2,1,1986,0,0,0,0,0,0,0,0,0,0
420880,0,1,1986,0,0,0,0,0,0,0,0,0,0
420880,1,1,1986,0,0,0,0,0,0,0,0,0,0
420881,0,1,1986,0,0,0,0,0,0,0,0,0,0
420881,1,1,1986,0,0,0,0,0,0,0,0,0,0
420882,1,1,1986,0,0,0,0,7,0,0,0,0,26
420883,1,1,1986,0,0,0,0,0,0,0,0,0,0
420883,2,1,1986,0,0,0,0,0,0,0,0,0,0
420884,1,1,1986,23,23,23,23,23,23,23,23,23,23
420884,2,1,1986,0,0,0,0,0,0,0,0,7,0
420885,1,1,1986,24,24,24,24,24,24,24,24,24,24
420886,1,1,1986,0,0,0,0,0,0,0,0,0,0
420886,2,1,1986,0,0,0,0,0,0,0,0,0,0
420887,1,1,1986,0,0,0,0,0,0,0,0,0,0
420887,2,1,1986,0,0,0,0,0,0,0,0,0,0
420888,0,1,1986,23,23,23,23,23,23,23,23,23,23
420888,1,1,1986,19,19,19,19,19,19,19,19,19,19
420889,1,1,1986,14,21,0,20,0,0,10,26,0,0
420890,1,1,1986,19,19,19,19,19,19,19,19,19,19
420891,1,1,1986,0,0,0,0,0,0,0,0,0,0
420892,1,1,1986,0,0,17,20,0,14,19,11,12,0
420893,1,1,1986,13,13,13,13,13,13,13,13,13,13
420894,0,1,1986,0,0,0,0,0,0,0,0,0,0
420894,1,1,1986,0,0,0,0,0,5,0,0,0,0
420895,1,1,1986,0,0,0,0,0,0,0,8,0,0
420895,2,1,1986,0,0,0,0,0,0,0,0,0,0
420896,1,1,1986,18,18,18,18,18,18,18,18,18,18
420897,1,1,1986,18,18,18,18,18,18,18,18,18,18
420898,1,1,1986,0,0,0,0,0,0,0,0,0,0
420899,0,1,1986,0,0,0,0,0,0,0,0,0,0
420899,1,1,1986,0,0,0,0,0,0,0,0,0,0
420900,1,1,1986,12,0,7,0,0,0,13,8,14,0
420901,0,1,1986,0,0,0,0,0,0,0,0,0,0
420901,1,1,1986,11,12,13,0,23,23,17,4,0,15
420902,1,1,1986,23,23,23,23,23,23,23,23,23,23
420902,2,1,1986,0,0,0,0,0,0,0,0,0,0
420903,1,1,1986,9,9,9,9,9,9,9,9,9,9
420903,2,1,1986,17,17,17,17,17,17,17,17,17,17
420904,1,1,1986,18,18,18,18,18,18,18,18,18,18