ST_CASE,VEH_NO,PER_NO,YEAR,P1,P2,P3,P4,P5,P6,P7,P8,P9,P10
420905,1,1,1986,15,15,15,15,15,15,15,15,15,15
420905,2,1,1986,0,0,0,0,0,0,0,0,0,0
420906,1,1,1986,0,0,0,0,0,0,0,0,0,0
420906,2,1,1986,0,0,0,0,0,0,0,8,10,0
420907,1,1,1986,0,0,0,0,0,0,0,0,0,0
420907,2,1,1986,0,0,0,0,0,0,0,0,0,0
420908,1,1,1986,0,0,0,0,0,0,0,0,0,0
420908,2,1,1986,0,0,0,0,0,0,0,0,0,0
420909,1,1,1986,0,0,0,0,0,0,0,0,0,0
420919,0,1,1986,0,0,0,0,0,0,0,0,0,0
420919,1,1,1986,0,0,0,0,0,0,0,5,0,0
420920,1,1,1986,21,21,21,21,21,21,21,21,21,21
420921,1,1,1986,21,21,21,21,21,21,21,21,21,21
420921,2,1,1986,0,0,0,0,0,0,0,4,0,0
420922,1,1,1986,13,13,13,13,13,13,13,13,13,13
420923,1,1,1986,3,3,3,3,3,3,3,3,3,3
420924,1,1,1986,16,16,16,16,16,16,16,16,16,16
420924,2,1,1986,5,5,5,5,5,5,5,5,5,5
420925,1,1,1986,21,21,21,21,21,21,21,21,21,21
420926,0,1,1986,0,0,0,0,0,0,0,0,0,0
420926,1,1,1986,0,0,0,0,0,0,0,0,0,0
420927,1,1,1986,19,6,19,21,0,14,17,16,17,19
420928,1,1,1986,12,12,12,12,12,12,12,12,12,12
420929,1,1,1986,21,21,21,21,21,21,21,21,21,21
420930,0,1,1986,0,0,0,0,0,0,0,0,0,0
420930,1,1,1986,0,0,0,0,0,0,0,0,0,0
420931,1,1,1986,0,0,0,0,0,0,0,0,0,0
420931,2,1,1986,0,0,0,0,0,0,0,0,0,0
420932,1,1,1986,0,0,0,0,0,0,0,0,0,0
420933,0,1,1986,0,0,0,0,0,0,0,0,0,0
420933,1,1,1986,0,0,0,0,0,0,0,0,0,0
420934,1,1,1986,18,28,9,0,18,8,4,2,11,0
420935,1,1,1986,0,0,0,0,0,0,0,0,0,0
420935,2,1,1986,23,6,0,5,0,15,0,18,17,0
420936,1,1,1986,0,0,0,0,0,0,0,0,0,0
420936,2,1,1986,0,0,0,0,0,0,0,0,0,0
420937,1,1,1986,13,0,0,0,0,0,0,0,0,0
420937,2,1,1986,0,16,11,0,0,0,10,10,0,6
420938,1,1,1986,17,17,17,17,17,17,17,17,17,17
420939,1,1,1986,16,0,46,19,33,0,22,15,7,23
420939,2,1,1986,0,0,0,0,0,0,0,0,0,0
420940,1,1,1986,9,9,9,9,9,9,9,9,9,9
420941,1,1,1986,24,24,24,24,24,24,24,24,24,24
420942,0,1,1986,0,0,5,0,0,0,0,0,0,0
420942,0,2,1986,0,0,0,0,0,0,0,0,0,0
420942,0,3,1986,0,0,0,0,0,0,0,0,0,0
420942,1,1,1986,0,0,0,0,0,0,0,0,0,0
420943,0,1,1986,0,0,0,0,0,0,0,0,0,0
420943,1,1,1986,0,0,0,0,0,0,0,0,0,0
420944,1,1,1986,30,30,30,30,30,30,30,30,30,30
420945,1,1,1986,18,18,18,18,18,18,18,18,18,18
420946,1,1,1986,0,0,0,0,0,0,0,0,0,0
420946,2,1,1986,0,0,0,0,0,0,0,0,0,0
420947,1,1,1986,13,13,13,13,13,13,13,13,13,13
420948,1,1,1986,0,0,0,0,0,0,0,0,0,0
420948,2,1,1986,4,0,0,0,0,0,0,0,0,0
420949,0,1,1986,10,10,10,10,10,10,10,10,10,10
420949,1,1,1986,20,20,20,20,20,20,20,20,20,20
420950,1,1,1986,17,17,17,17,17,17,17,17,17,17
420951,1,1,1986,0,0,0,0,0,0,0,0,0,0
420951,2,1,1986,0,0,0,0,0,0,0,0,0,0
420951,3,1,1986,0,0,0,0,0,0,0,0,19,0
420952,1,1,1986,5,5,5,5,5,5,5,5,5,5
420953,1,1,1986,0,0,0,0,0,10,0,0,0,0
420953,2,1,1986,0,0,0,12,0,0,8,10,22,15
420954,0,1,1986,0,0,0,0,0,0,0,0,0,0
420954,0,2,1986,0,23,26,36,26,27,0,0,5,30
420954,1,1,1986,9,0,45,0,10,0,0,15,0,0
420955,1,1,1986,16,16,16,16,16,16,16,16,16,16
420956,0,1,1986,0,0,0,9,0,0,13,6,0,0
420956,1,1,1986,0,0,0,0,0,0,0,0,0,0
420957,1,1,1986,22,7,0,3,12,25,2,27,29,48
420958,1,1,1986,0,0,0,0,0,7,0,0,0,0
420958,2,1,1986,0,0,13,0,8,0,0,0,0,0
420959,1,1,1986,0,0,0,0,0,0,0,0,0,0
420960,1,1,1986,0,0,9,0,0,24,12,15,10,0
420961,1,1,1986,0,0,0,0,0,0,0,0,0,0
420962,1,1,1986,0,0,0,0,0,0,0,0,0,0
420962,2,1,1986,0,0,0,0,0,0,0,0,0,0
420963,1,1,1986,9,9,9,9,9,9,9,9,9,9
420964,0,1,1986,18,18,18,18,18,18,18,18,18,18
420964,1,1,1986,0,0,0,0,0,0,0,0,0,0
420965,1,1,1986,22,22,22,22,22,22,22,22,22,22
420966,1,1,1986,0,0,0,0,0,0,0,0,0,0
420967,1,1,1986,15,15,15,15,15,15,15,15,15,15
420968,1,1,1986,5,5,5,5,5,5,5,5,5,5
420969,1,1,1986,18,18,18,18,18,18,18,18,18,18
420969,2,1,1986,0,0,0,0,0,0,0,0,0,0
420970,1,1,1986,13,13,13,13,13,13,13,13,13,13
420971,1,1,1986,0,0,0,0,0,0,0,0,0,0
420971,2,1,1986,0,0,0,0,0,0,0,0,0,0
420972,1,1,1986,0,0,0,0,0,0,0,0,0,0
420973,1,1,1986,0,0,0,0,0,0,0,0,0,0
420974,1,1,1986,0,0,0,0,0,0,0,0,0,0
420974,2,1,1986,9,9,9,9,9,9,9,9,9,9
420975,1,1,1986,0,0,0,0,0,0,0,0,0,0
420976,1,1,1986,0,0,0,0,0,0,0,0,0,0
420976,2,1,1986,0,0,0,0,0,0,0,0,0,0
420977,1,1,1986,0,0,0,0,0,0,0,0,0,0
420977,2,1,1986,11,0,0,0,0,0,0,17,8,0
420978,1,1,1986,24,24,24,24,24,24,24,24,24,24
420979,1,1,1986,0,15,0,0,0,17,0,20,12,23
420979,2,1,1986,0,0,0,0,2,0,0,0,0,0
420980,1,1,1986,0,0,0,0,0,0,0,0,0,0
420981,1,1,1986,17,17,17,17,17,17,17,17,17,17
420982,1,1,1986,31,31,31,31,31,31,31,31,31,31
420982,2,1,1986,0,0,0,0,0,0,0,0,0,0
420983,1,1,1986,0,0,0,0,0,0,0,0,0,0
420984,1,1,1986,20,20,20,20,20,20,20,20,20,20
420985,1,1,1986,16,16,16,16,16,16,16,16,16,16
420985,2,1,1986,0,0,0,0,0,0,0,0,0,0
420986,1,1,1986,0,0,0,0,0,0,0,0,0,0
420987,1,1,1986,0,0,0,0,0,0,0,0,0,0
420988,1,1,1986,22,22,22,22,22,22,22,22,22,22
420989,1,1,1986,4,4,4,4,4,4,4,4,4,4
420989,2,1,1986,0,0,0,0,0,0,0,0,0,0
420989,3,1,1986,0,0,0,0,0,0,0,0,0,0
420990,1,1,1986,0,0,0,0,0,0,0,0,0,0
420991,1,1,1986,15,15,15,15,15,15,15,15,15,15
420992,1,1,1986,19,0,0,0,16,11,7,0,0,6
420993,1,1,1986,11,17,0,0,0,11,0,0,0,0
420994,1,1,1986,11,11,11,11,11,11,11,11,11,11
420995,1,1,1986,12,23,27,13,26,21,0,0,10,4
420996,1,1,1986,0,0,0,0,0,0,0,0,0,0
420996,2,1,1986,0,20,0,0,0,0,0,0,0,0
420996,3,1,1986,0,0,0,0,0,0,0,0,0,0
420997,1,1,1986,0,0,0,0,0,0,0,0,0,0
420998,0,1,1986,0,0,0,0,0,0,0,0,0,0
420998,1,1,1986,3,0,0,0,0,0,0,0,0,0
420999,1,1,1986,27,27,27,27,27,27,27,27,27,27
421000,1,1,1986,0,0,0,0,0,0,0,0,0,0
421000,2,1,1986,0,0,0,0,0,0,0,0,0,0
421001,1,1,1986,24,24,24,24,24,24,24,24,24,24
421002,1,1,1986,0,0,0,0,0,0,0,0,0,0
421003,1,1,1986,0,0,10,0,0,0,0,0,0,0
421003,2,1,1986,0,0,0,0,0,0,0,0,0,0
421004,1,1,1986,25,25,25,25,25,25,25,25,25,25
421004,2,1,1986,0,0,14,0,13,15,0,0,9,13
421005,1,1,1986,35,9,17,5,14,13,16,13,14,3
421006,1,1,1986,0,0,0,0,0,0,0,0,0,0
421006,2,1,1986,0,0,0,0,0,0,0,0,0,0
421007,1,1,1986,9,17,13,16,27,17,0,22,16,20
421007,2,1,1986,0,0,0,0,0,0,0,0,0,0
421008,1,1,1986,10,10,10,10,10,10,10,10,10,10
421008,2,1,1986,11,4,6,9,26,7,8,13,6,11
421009,1,1,1986,0,0,0,0,0,0,0,0,0,0
421009,2,1,1986,0,0,0,0,0,0,0,0,0,0
421009,3,1,1986,0,0,0,0,0,0,0,0,0,0
421010,1,1,1986,0,0,15,0,0,0,0,0,0,0
421010,2,1,1986,0,0,0,0,0,0,0,0,0,0
421011,1,1,1986,7,18,0,0,10,11,11,23,15,0
421011,2,1,1986,0,0,0,0,0,0,0,0,0,0
421012,1,1,1986,7,7,7,7,7,7,7,7,7,7
421013,1,1,1986,0,0,0,0,0,0,0,0,0,0
421014,0,1,1986,19,8,11,8,9,33,0,0,19,0
421014,1,1,1986,5,5,5,5,5,5,5,5,5,5
421015,1,1,1986,0,0,23,0,0,0,0,0,0,0
421015,2,1,1986,0,0,0,0,4,0,0,0,0,0
421016,1,1,1986,24,24,24,24,24,24,24,24,24,24
421016,2,1,1986,0,16,0,0,0,20,0,0,0,9
421017,1,1,1986,0,0,0,0,0,0,0,0,0,0
421018,1,1,1986,17,17,17,17,17,17,17,17,17,17
421019,1,1,1986,2,2,2,2,2,2,2,2,2,2
421020,1,1,1986,0,0,0,0,0,0,0,0,0,0
421020,2,1,1986,0,0,0,0,0,0,0,0,0,0
421020,3,1,1986,0,20,0,0,0,8,0,0,0,0
421020,4,1,1986,0,0,0,0,0,0,0,0,0,0
421021,1,1,1986,16,14,11,16,12,11,27,28,13,14
421022,0,1,1986,0,0,0,0,0,0,0,0,0,0
421022,1,1,1986,0,0,0,0,0,0,0,0,0,0
421023,1,1,1986,6,0,0,0,0,14,6,0,0,0
421023,2,1,1986,0,0,0,0,0,0,0,0,0,0
421023,3,1,1986,0,0,0,0,0,0,0,0,0,0
421024,1,1,1986,43,43,43,43,43,43,43,43,43,43
421025,1,1,1986,15,15,15,15,15,15,15,15,15,15
421026,1,1,1986,0,0,0,0,0,0,6,0,0,0
421026,2,1,1986,37,37,37,37,37,37,37,37,37,37
421027,1,1,1986,0,0,0,0,0,0,0,0,0,0
421027,2,1,1986,0,0,0,0,0,0,0,0,0,0
421027,3,1,1986,0,0,0,0,0,0,0,0,0,0
421028,1,1,1986,7,7,7,7,7,7,7,7,7,7
421029,1,1,1986,25,25,25,25,25,25,25,25,25,25
421030,1,1,1986,0,0,0,0,0,0,0,13,0,0
421030,2,1,1986,0,0,0,0,0,0,0,0,0,0
421031,1,1,1986,6,17,19,14,29,5,25,40,10,8
421031,2,1,1986,0,0,0,22,7,0,0,0,0,0
421031,3,1,1986,0,0,0,0,0,0,0,0,0,0
421032,1,1,1986,0,9,15,0,0,0,0,7,22,24
421032,2,1,1986,0,0,0,0,0,0,0,0,0,0
421033,1,1,1986,0,0,15,0,8,21,20,30,12,14
421034,1,1,1986,5,5,5,5,5,5,5,5,5,5
421034,2,1,1986,26,0,9,10,8,13,23,10,23,24
421035,1,1,1986,20,20,20,20,20,20,20,20,20,20
421036,1,1,1986,5,5,5,5,5,5,5,5,5,5
421036,2,1,1986,0,0,0,0,0,0,0,0,0,0
421036,3,1,1986,0,0,0,0,0,0,0,0,0,0
421037,1,1,1986,0,0,0,0,4,0,0,14,0,0
421038,1,1,1986,21,5,16,15,27,20,18,25,32,22
421039,1,1,1986,16,16,16,16,16,16,16,16,16,16
421039,2,1,1986,0,0,13,0,0,0,0,0,0,0
421040,1,1,1986,0,0,0,0,0,0,0,0,0,0
421041,1,1,1986,9,9,9,9,9,9,9,9,9,9
421041,2,1,1986,0,13,12,14,0,12,8,9,0,0
421042,1,1,1986,40,40,40,40,40,40,40,40,40,40
421043,1,1,1986,0,0,0,0,0,0,0,0,0,0
421043,2,1,1986,0,0,0,0,0,0,0,0,0,0
421044,1,1,1986,9,0,0,0,0,0,0,0,0,0
421044,2,1,1986,0,0,0,0,0,0,0,0,0,0
421045,1,1,1986,15,15,15,15,15,15,15,15,15,15
421046,1,1,1986,0,0,0,0,31,0,0,0,25,0
421047,1,1,1986,0,0,0,0,0,0,0,0,0,0
421047,2,1,1986,0,7,0,11,0,0,16,0,0,0
421048,1,1,1986,20,20,20,20,20,20,20,20,20,20
421049,1,1,1986,21,21,21,21,21,21,21,21,21,21
421050,1,1,1986,0,0,0,0,0,0,0,0,0,0
421050,2,1,1986,0,0,0,0,0,0,0,0,0,0
421050,3,1,1986,0,0,0,0,0,0,0,0,0,0
421051,1,1,1986,0,0,0,0,0,0,0,0,0,0
421051,2,1,1986,0,0,0,0,0,0,0,0,0,0
421052,1,1,1986,13,13,13,13,13,13,13,13,13,13
421053,1,1,1986,18,18,18,18,18,18,18,18,18,18
421053,2,1,1986,0,0,0,0,0,0,0,0,0,0
421054,1,1,1986,0,0,0,0,0,0,7,0,0,0
421054,2,1,1986,0,0,0,0,0,0,0,0,0,0
421054,3,1,1986,12,0,0,0,0,7,0,0,0,0
421055,1,1,1986,30,30,30,30,30,30,30,30,30,30
421056,1,1,1986,0,0,0,0,0,0,0,0,0,0
421056,2,1,1986,0,0,0,5,0,0,0,0,0,0
421057,0,1,1986,0,0,0,0,0,0,0,0,0,0
421057,1,1,1986,10,10,0,13,14,20,0,0,0,0
421058,1,1,1986,27,27,27,27,27,27,27,27,27,27
421059,0,1,1986,0,0,0,0,0,0,0,0,0,0
421059,1,1,1986,0,0,0,0,0,0,0,0,0,0
421060,1,1,1986,19,19,19,19,19,19,19,19,19,19
421060,2,1,1986,0,0,0,0,0,0,0,0,0,0
421061,1,1,1986,0,0,0,0,0,0,0,0,0,0
421062,1,1,1986,0,0,0,0,0,0,0,0,0,0
421062,2,1,1986,0,0,0,0,0,0,0,0,0,0
421063,1,1,1986,24,24,24,24,24,24,24,24,24,24
421064,1,1,1986,20,20,20,20,20,20,20,20,20,20
421064,2,1,1986,0,0,0,0,0,0,5,0,0,0
421065,1,1,1986,0,0,0,0,0,0,0,0,0,0
421066,1,1,1986,8,0,0,0,4,0,0,0,0,0
421066,2,1,1986,0,0,0,0,0,0,0,0,0,0
421067,0,1,1986,0,0,0,0,0,0,0,0,0,0
421067,1,1,1986,0,0,0,0,0,0,0,6,0,0
421068,1,1,1986,18,26,0,16,20,22,28,24,14,15
421069,1,1,1986,8,0,0,20,11,6,0,0,15,20
421070,1,1,1986,19,19,19,19,19,19,19,19,19,19
421071,0,1,1986,0,0,0,0,0,0,0,0,0,0
421071,1,1,1986,0,0,0,0,0,0,0,0,0,0
421072,1,1,1986,17,17,17,17,17,17,17,17,17,17
421073,0,1,1986,18,22,14,31,18,9,5,41,14,32
421073,1,1,1986,0,0,0,0,0,0,0,0,0,0
421074,1,1,1986,0,0,0,0,0,0,0,0,0,0
421074,2,1,1986,0,0,0,0,0,0,0,0,0,0
421074,3,1,1986,0,0,0,0,0,0,0,0,0,0
421075,1,1,1986,15,15,15,15,15,15,15,15,15,15
421076,1,1,1986,25,25,25,25,25,25,25,25,25,25
421076,2,1,1986,19,19,19,19,19,19,19,19,19,19
421077,1,1,1986,18,18,18,18,18,18,18,18,18,18
421078,1,1,1986,24,24,24,24,24,24,24,24,24,24
421079,1,1,1986,10,10,10,10,10,10,10,10,10,10
421079,2,1,1986,0,0,0,0,0,0,0,0,0,0
421080,1,1,1986,0,0,0,0,0,0,0,0,0,0
421080,2,1,1986,0,0,0,0,0,0,0,0,0,0
421081,1,1,1986,0,0,0,0,0,0,0,0,0,0
421082,1,1,1986,20,20,20,20,20,20,20,20,20,20
421082,2,1,1986,18,0,18,14,8,0,11,17,14,0
421082,3,1,1986,0,0,0,0,0,0,0,0,0,0
421083,0,1,1986,0,0,0,0,0,0,0,0,0,0
421083,1,1,1986,0,0,0,0,0,0,0,0,0,0
421084,1,1,1986,0,0,0,0,0,0,0,0,0,0
421084,2,1,1986,0,0,0,0,0,0,0,0,14,0
421085,1,1,1986,0,0,0,0,0,0,0,0,0,0
421086,1,1,1986,0,0,0,0,0,0,0,0,0,0
421087,1,1,1986,20,20,20,20,20,20,20,20,20,20
421087,2,1,1986,0,0,0,0,0,0,0,0,0,0
421088,1,1,1986,14,14,14,14,14,14,14,14,14,14
421089,1,1,1986,13,0,11,16,27,7,13,0,18,47
421090,1,1,1986,0,0,0,0,0,0,0,0,0,0
421091,1,1,1986,0,0,0,0,0,0,0,0,0,0
421091,2,1,1986,0,16,0,0,0,0,0,0,9,0
421092,1,1,1986,18,18,18,18,18,18,18,18,18,18
421093,1,1,1986,0,0,0,0,0,0,0,0,0,0
421093,2,1,1986,0,0,0,0,0,0,0,0,0,0
421094,1,1,1986,10,10,10,10,10,10,10,10,10,10
421095,1,1,1986,0,0,0,0,0,0,0,0,0,0
421096,1,1,1986,21,21,21,21,21,21,21,21,21,21
421097,1,1,1986,1,1,1,1,1,1,1,1,1,1
421098,0,1,1986,0,22,0,0,3,0,0,0,0,0
421098,0,2,1986,0,0,0,21,0,0,0,0,14,0
421098,1,1,1986,23,11,19,20,20,28,21,19,5,37
421099,1,1,1986,0,5,0,0,8,4,13,21,19,14
421099,2,1,1986,0,0,0,0,0,0,0,0,0,0
421100,1,1,1986,5,5,5,5,5,5,5,5,5,5
421100,2,1,1986,0,0,0,0,0,0,0,0,0,0
421101,0,1,1986,0,0,0,0,0,0,0,0,0,0
421101,1,1,1986,0,0,0,0,0,0,0,0,0,0
421103,1,1,1986,0,0,0,0,0,0,8,0,0,0
421103,2,1,1986,0,0,0,0,0,0,0,0,0,0
421104,0,1,1986,0,0,0,0,0,0,0,0,0,0
421104,1,1,1986,0,0,0,0,0,0,0,0,0,0
421104,2,1,1986,0,0,0,0,0,0,0,0,0,0
421105,0,1,1986,0,0,0,0,0,0,0,0,0,0
421105,1,1,1986,0,0,0,0,0,0,0,0,0,0
421106,1,1,1986,0,0,0,0,0,0,0,0,0,0
421106,2,1,1986,0,0,0,0,0,0,0,0,0,0
421107,0,1,1986,28,28,28,28,28,28,28,28,28,28
421107,1,1,1986,27,0,0,0,0,0,0,0,0,0
421108,0,1,1986,5,5,5,5,5,5,5,5,5,5
421108,1,1,1986,0,5,0,0,0,0,19,0,0,0
421109,1,1,1986,9,9,9,9,9,9,9,9,9,9
421110,0,1,1986,30,30,30,30,30,30,30,30,30,30
421110,1,1,1986,0,0,15,0,8,0,0,0,0,0
421111,0,1,1986,0,0,0,0,0,0,0,0,0,0
421111,1,1,1986,12,41,14,0,19,0,12,23,0,0
421112,1,1,1986,0,0,6,0,0,0,0,0,5,0
421113,1,1,1986,22,22,22,22,22,22,22,22,22,22
421113,2,1,1986,5,11,10,8,0,7,10,0,0,16
421115,1,1,1986,0,0,0,0,0,0,0,0,8,0
421115,2,1,1986,0,0,0,0,0,0,0,0,0,0
421116,1,1,1986,24,27,24,25,26,24,24,17,0,16
421117,1,1,1986,0,0,0,0,25,20,0,0,0,0
421117,2,1,1986,0,0,0,0,0,0,0,0,0,0
421118,1,1,1986,14,14,14,14,14,14,14,14,14,14
421119,1,1,1986,10,10,10,10,10,10,10,10,10,10
421120,1,1,1986,6,0,0,14,28,0,18,0,0,0
421120,2,1,1986,0,0,0,0,10,0,0,0,0,0
421121,1,1,1986,26,16,0,0,12,14,19,14,18,0
421122,1,1,1986,17,17,17,17,17,17,17,17,17,17
421122,2,1,1986,0,0,0,0,19,0,0,0,0,0
421123,1,1,1986,0,0,0,0,0,0,0,0,0,0
421123,2,1,1986,0,0,0,0,0,0,0,0,0,0
421123,3,1,1986,0,0,0,0,0,0,0,0,0,0
421124,1,1,1986,10,10,10,10,10,10,10,10,10,10
421124,2,1,1986,20,20,20,20,20,20,20,20,20,20
421125,1,1,1986,0,0,0,0,0,0,0,0,0,0
421125,2,1,1986,0,0,0,6,0,0,0,0,0,0
421126,1,1,1986,0,0,0,0,0,0,0,0,0,0
421126,2,1,1986,15,21,11,26,19,19,17,8,6,18
421126,3,1,1986,0,0,0,0,0,0,0,0,0,0
421127,1,1,1986,17,17,17,17,17,17,17,17,17,17
421128,0,1,1986,0,0,0,0,0,0,10,0,0,0
421128,1,1,1986,0,0,0,0,0,11,0,0,0,0
421129,0,1,1986,0,0,0,0,0,0,0,0,0,0
421129,1,1,1986,0,0,0,0,0,0,0,0,0,0
421130,1,1,1986,8,8,8,8,8,8,8,8,8,8
421131,1,1,1986,26,21,15,32,22,23,15,9,10,16
421132,1,1,1986,22,22,22,22,22,22,22,22,22,22
421133,1,1,1986,0,0,0,0,0,0,0,0,0,0
421134,1,1,1986,0,0,0,0,0,0,0,0,0,0
421134,2,1,1986,0,0,0,0,0,0,0,0,0,0
421135,0,1,1986,0,15,0,20,0,0,0,0,6,13
421135,0,2,1986,0,0,0,0,0,0,0,0,0,0
421135,1,1,1986,15,0,0,0,0,0,0,0,0,0
421136,1,1,1986,37,6,19,0,0,19,0,14,0,22
421137,1,1,1986,0,0,0,0,0,0,0,0,0,0
421138,1,1,1986,0,0,0,0,0,0,0,0,0,0
421138,2,1,1986,0,0,0,0,0,0,0,0,0,0
421139,1,1,1986,20,16,19,25,9,19,0,13,14,12
421139,2,1,1986,11,10,19,19,11,18,0,0,15,17
421140,1,1,1986,27,27,27,27,27,27,27,27,27,27
421141,0,1,1986,0,0,0,0,0,0,0,0,0,0
421141,1,1,1986,21,0,0,0,0,0,16,15,0,0
421142,1,1,1986,17,17,17,17,17,17,17,17,17,17
421142,2,1,1986,0,0,0,0,0,0,0,0,0,0
421143,1,1,1986,19,19,19,19,19,19,19,19,19,19
421144,1,1,1986,12,12,12,12,12,12,12,12,12,12
421144,2,1,1986,0,0,0,0,0,0,0,0,0,0
421144,3,1,1986,0,0,11,12,0,0,0,0,0,0
421145,1,1,1986,0,0,0,0,0,0,0,0,0,0
421145,2,1,1986,0,0,0,0,0,0,0,0,0,0
421146,1,1,1986,0,0,0,0,0,0,0,0,0,0
421147,1,1,1986,0,0,0,14,0,9,0,0,0,0
421148,1,1,1986,0,0,0,0,0,0,0,11,0,0
421149,0,1,1986,30,0,0,0,0,9,0,22,0,22
421149,1,1,1986,0,7,0,0,25,0,0,0,0,0
421150,1,1,1986,20,20,20,20,20,20,20,20,20,20
421151,0,1,1986,0,0,0,0,0,0,0,0,0,0
421151,1,1,1986,0,0,0,0,0,0,0,0,0,0
421152,1,1,1986,0,0,8,0,0,0,0,0,0,0
421152,2,1,1986,0,0,0,0,0,0,0,0,0,0
421153,1,1,1986,19,19,19,19,19,19,19,19,19,19
421153,2,1,1986,0,0,0,0,0,0,0,0,0,0
421153,3,1,1986,0,0,0,0,0,0,0,0,0,0
421155,1,1,1986,0,0,0,0,0,0,14,0,0,0
421155,2,1,1986,0,0,0,0,0,0,0,0,0,0
421156,1,1,1986,20,20,20,20,20,20,20,20,20,20
421156,2,1,1986,0,0,0,0,0,0,0,0,0,0
421157,0,1,1986,0,0,0,0,0,0,0,0,0,0
421157,1,1,1986,0,0,11,0,19,9,0,24,0,0
421158,1,1,1986,0,0,0,0,11,0,0,0,0,0
421158,2,1,1986,0,0,0,0,0,0,0,0,0,0
421159,1,1,1986,21,33,30,19,14,21,15,21,24,17
421160,1,1,1986,0,0,0,0,0,0,0,0,0,0
421160,2,1,1986,0,0,0,0,0,0,0,0,0,0
421161,1,1,1986,19,19,19,19,19,19,19,19,19,19
421161,2,1,1986,0,0,0,0,0,0,0,0,0,0
421162,0,1,1986,0,30,20,25,22,23,12,30,13,21
421162,1,1,1986,0,0,0,0,0,0,0,0,0,0
421163,1,1,1986,5,5,5,5,5,5,5,5,5,5
421164,1,1,1986,2,2,2,2,2,2,2,2,2,2
421165,1,1,1986,27,27,27,27,27,27,27,27,27,27
421166,1,1,1986,19,24,0,9,14,0,13,21,24,0
421167,1,1,1986,20,20,20,20,20,20,20,20,20,20
421167,2,1,1986,0,0,0,0,0,0,0,0,0,0
421168,1,1,1986,2,2,2,2,2,2,2,2,2,2
421169,1,1,1986,0,0,0,0,0,0,0,0,0,0
421169,2,1,1986,6,0,0,0,7,0,0,0,9,7
421170,1,1,1986,0,0,0,0,0,0,0,0,0,0
421170,2,1,1986,3,0,0,0,0,0,0,0,0,0
421171,1,1,1986,0,0,0,0,0,0,0,0,0,0
421171,2,1,1986,0,0,0,0,0,0,0,0,0,0
421172,1,1,1986,0,0,0,0,0,0,0,0,0,0
421172,2,1,1986,0,0,12,0,0,0,0,0,0,0
421172,3,1,1986,0,0,0,0,0,0,0,0,0,0
421172,4,1,1986,0,0,16,0,0,0,0,0,0,0
421172,5,1,1986,0,0,0,0,0,0,0,0,0,0
421173,1,1,1986,0,15,0,15,0,0,0,0,0,0
421173,2,1,1986,0,0,0,0,0,0,0,0,0,0
421174,1,1,1986,14,14,14,14,14,14,14,14,14,14
421174,2,1,1986,19,0,0,0,0,0,0,13,0,0
421174,3,1,1986,0,0,0,0,0,0,0,0,0,0
421175,1,1,1986,0,0,0,0,0,0,0,0,0,0
421175,2,1,1986,0,0,0,0,0,0,0,0,0,0
421176,0,1,1986,8,8,8,8,8,8,8,8,8,8
421176,1,1,1986,0,0,0,0,0,0,0,0,18,0
421177,0,1,1986,0,0,0,0,0,0,0,0,0,0
421177,1,1,1986,0,0,0,0,0,0,0,0,0,0
421178,0,1,1986,0,0,0,0,0,0,0,0,0,0
421178,1,1,1986,2,0,0,0,0,13,0,0,9,0
421179,1,1,1986,0,0,0,0,0,0,0,0,0,0
421179,2,1,1986,0,8,11,0,0,0,16,0,0,0
421180,1,1,1986,0,0,0,0,0,0,0,0,0,0
421181,1,1,1986,26,26,26,26,26,26,26,26,26,26
421182,1,1,1986,0,0,0,0,0,0,0,0,0,0
421183,1,1,1986,0,0,0,8,0,15,0,0,0,23
421183,2,1,1986,0,0,0,0,0,0,17,0,0,0
421183,3,1,1986,0,0,0,0,0,0,0,0,0,0
421184,0,1,1986,0,0,32,0,0,0,0,31,0,0
421184,1,1,1986,0,0,0,0,0,0,0,0,0,0
421185,1,1,1986,12,18,18,24,16,20,32,19,4,21
421185,2,1,1986,5,5,5,5,5,5,5,5,5,5
421186,1,1,1986,0,0,0,0,0,0,0,0,0,0
421187,1,1,1986,16,16,16,16,16,16,16,16,16,16
421188,0,1,1986,13,13,13,13,13,13,13,13,13,13
421188,1,1,1986,0,0,0,0,0,0,0,0,0,0
421189,1,1,1986,16,16,16,16,16,16,16,16,16,16
421189,2,1,1986,0,0,22,14,0,0,0,0,0,30
421190,1,1,1986,0,0,0,0,0,0,0,0,0,0
421190,2,1,1986,6,6,6,6,6,6,6,6,6,6
421191,1,1,1986,9,9,9,9,9,9,9,9,9,9
421192,1,1,1986,12,12,12,12,12,12,12,12,12,12
421193,1,1,1986,0,17,4,0,0,10,0,0,0,33
421195,1,1,1986,10,10,10,10,10,10,10,10,10,10
421196,1,1,1986,0,4,7,9,0,8,19,7,28,0
421197,1,1,1986,0,0,0,0,0,0,0,0,0,0
421197,2,1,1986,0,0,0,0,0,0,0,0,0,0