ST_CASE,VEH_NO,PER_NO,YEAR,P1,P2,P3,P4,P5,P6,P7,P8,P9,P10
421198,1,1,1986,31,31,31,31,31,31,31,31,31,31
421199,1,1,1986,25,25,25,25,25,25,25,25,25,25
421200,1,1,1986,17,0,22,28,21,15,0,0,18,0
421200,2,1,1986,0,0,0,0,0,0,0,0,0,0
421201,1,1,1986,0,0,0,0,0,0,0,0,0,0
421201,2,1,1986,0,0,23,0,0,0,0,0,7,0
421202,1,1,1986,0,0,0,0,0,0,0,0,0,0
421203,1,1,1986,0,0,16,32,0,0,17,6,0,9
421204,1,1,1986,5,0,0,0,12,0,15,15,0,0
421205,0,1,1986,0,0,0,0,0,0,0,0,0,0
421205,1,1,1986,0,0,0,0,0,0,0,0,0,0
421206,1,1,1986,0,0,0,0,0,0,0,0,0,0
421207,1,1,1986,19,30,10,15,23,22,17,0,21,25
421208,1,1,1986,9,9,9,9,9,9,9,9,9,9
421208,2,1,1986,0,8,0,0,0,0,0,0,0,0
421209,1,1,1986,14,14,14,14,14,14,14,14,14,14
421210,1,1,1986,23,23,23,23,23,23,23,23,23,23
421211,0,1,1986,0,0,0,0,0,0,0,0,0,0
421211,1,1,1986,0,0,0,0,0,0,0,0,0,0
421212,0,1,1986,0,0,0,0,0,0,0,0,0,0
421212,1,1,1986,0,0,0,0,0,0,0,0,0,0
421213,1,1,1986,11,11,11,11,11,11,11,11,11,11
421214,1,1,1986,0,0,0,0,0,0,0,0,0,0
421215,1,1,1986,0,0,0,0,0,0,0,0,0,0
421215,2,1,1986,0,0,0,25,0,0,0,0,0,0
421216,0,1,1986,0,0,0,0,0,0,0,0,0,0
421216,1,1,1986,0,0,0,0,0,0,0,0,0,0
421217,1,1,1986,21,21,21,21,21,21,21,21,21,21
421218,1,1,1986,20,20,20,20,20,20,20,20,20,20
421219,1,1,1986,17,17,17,17,17,17,17,17,17,17
421220,1,1,1986,0,0,0,0,0,0,0,0,0,0
421220,2,1,1986,0,0,0,0,0,0,0,0,0,0
421221,1,1,1986,27,27,27,27,27,27,27,27,27,27
421222,1,1,1986,16,16,16,16,16,16,16,16,16,16
421223,0,1,1986,0,0,0,0,0,0,0,0,0,0
421223,1,1,1986,0,0,0,0,0,0,0,0,0,0
421224,1,1,1986,0,0,0,0,0,0,0,0,0,0
421224,2,1,1986,0,0,0,0,0,0,0,0,0,0
421225,1,1,1986,11,11,11,11,11,11,11,11,11,11
421226,1,1,1986,0,0,0,0,0,0,0,0,0,0
421227,1,1,1986,27,27,27,27,27,27,27,27,27,27
421228,1,1,1986,13,11,17,0,16,6,0,14,5,0
421229,1,1,1986,11,11,11,11,11,11,11,11,11,11
421230,0,1,1986,0,0,0,0,0,0,0,0,0,0
421230,1,1,1986,0,0,0,0,0,0,0,0,0,0
421231,1,1,1986,10,20,12,12,20,22,10,19,17,14
421232,1,1,1986,6,6,6,6,6,6,6,6,6,6
421232,2,1,1986,2,2,2,2,2,2,2,2,2,2
421233,1,1,1986,0,0,0,0,0,0,0,0,0,0
421234,1,1,1986,0,0,0,0,0,0,0,0,0,0
421234,2,1,1986,0,0,0,0,0,0,7,0,0,0
421235,1,1,1986,35,35,35,35,35,35,35,35,35,35
421236,1,1,1986,19,19,19,19,19,19,19,19,19,19
421237,1,1,1986,0,0,0,0,0,0,0,0,0,0
421237,2,1,1986,0,0,0,0,0,0,0,0,0,0
421238,1,1,1986,27,27,27,27,27,27,27,27,27,27
421238,2,1,1986,0,0,0,0,0,0,0,0,0,0
421239,0,1,1986,0,0,0,0,0,0,0,0,0,0
421239,1,1,1986,15,15,15,15,15,15,15,15,15,15
421240,1,1,1986,0,13,0,0,0,0,0,0,0,0
421241,1,1,1986,0,0,0,0,0,0,0,0,9,0
421241,2,1,1986,0,0,0,0,0,0,0,0,0,0
421242,0,1,1986,24,24,24,24,24,24,24,24,24,24
421242,1,1,1986,23,23,23,23,23,23,23,23,23,23
421243,1,1,1986,7,9,11,29,18,19,22,9,13,17
421243,2,1,1986,0,4,0,0,0,10,0,0,0,0
421244,1,1,1986,0,0,0,0,0,0,0,0,0,0
421244,2,1,1986,0,0,0,0,0,0,0,0,0,0
421245,1,1,1986,13,13,13,13,13,13,13,13,13,13
421246,1,1,1986,2,2,2,2,2,2,2,2,2,2
421247,1,1,1986,24,24,24,24,24,24,24,24,24,24
421248,1,1,1986,0,0,0,0,0,0,0,0,0,0
421249,1,1,1986,9,7,11,0,0,37,8,0,26,17
421250,1,1,1986,11,11,11,11,11,11,11,11,11,11
421251,1,1,1986,0,0,0,0,12,0,0,0,0,0
421252,1,1,1986,9,9,9,9,9,9,9,9,9,9
421253,1,1,1986,2,0,20,18,0,9,0,23,6,27
421253,2,1,1986,0,0,0,0,0,0,0,0,0,0
421255,1,1,1986,30,30,30,30,30,30,30,30,30,30
421255,2,1,1986,0,0,0,0,0,0,0,0,0,0
421256,1,1,1986,0,0,0,0,0,0,0,0,0,0
421257,1,1,1986,0,0,0,0,0,0,0,0,0,0
421257,2,1,1986,0,0,0,0,0,10,0,0,0,8
421258,1,1,1986,21,21,21,21,21,21,21,21,21,21
421259,0,1,1986,0,0,0,10,0,6,0,0,0,0
421259,1,1,1986,0,0,0,0,0,0,0,0,0,0
421260,1,1,1986,0,0,0,0,0,0,0,0,0,0
421260,2,1,1986,0,0,0,0,0,0,0,0,0,0
421260,3,1,1986,0,0,0,0,0,0,0,0,0,0
421261,1,1,1986,19,19,19,19,19,19,19,19,19,19
421262,1,1,1986,0,0,20,0,13,16,0,0,6,24
421262,2,1,1986,7,7,7,7,7,7,7,7,7,7
421263,0,1,1986,0,25,0,16,17,0,10,0,0,0
421263,1,1,1986,0,20,0,0,10,0,0,0,0,0
421264,1,1,1986,0,0,0,0,0,0,0,0,0,0
421264,2,1,1986,0,0,0,0,0,0,0,0,0,0
421265,0,1,1986,0,0,0,0,0,0,0,0,0,0
421265,1,1,1986,0,0,0,0,0,0,0,0,17,0
421266,0,1,1986,0,0,0,0,0,0,0,0,33,0
421266,1,1,1986,0,0,0,0,0,16,0,0,18,0
421267,1,1,1986,0,0,0,0,0,0,0,0,0,0
421267,2,1,1986,0,0,0,0,0,0,0,0,0,0
421267,3,1,1986,0,0,0,0,0,0,0,0,0,0
421268,1,1,1986,9,9,9,9,9,9,9,9,9,9
421268,2,1,1986,0,0,0,0,0,0,0,0,0,0
421269,0,1,1986,19,0,0,26,27,3,5,0,0,0
421269,1,1,1986,0,0,0,0,0,0,0,0,0,0
421270,1,1,1986,0,0,0,0,0,0,0,0,0,0
421270,2,1,1986,0,0,0,0,0,0,0,0,0,0
421270,3,1,1986,0,0,0,0,0,0,0,0,0,0
421271,1,1,1986,9,9,9,9,9,9,9,9,9,9
421272,1,1,1986,0,0,0,0,0,0,0,0,0,0
421273,1,1,1986,15,15,15,15,15,15,15,15,15,15
421274,1,1,1986,21,21,21,21,21,21,21,21,21,21
421274,2,1,1986,13,20,12,19,12,13,24,16,10,23
421275,0,1,1986,6,6,6,6,6,6,6,6,6,6
421275,0,2,1986,9,17,6,16,12,17,7,29,0,0
421275,1,1,1986,0,0,0,0,0,26,0,0,0,0
421276,1,1,1986,0,0,0,0,0,0,0,0,0,0
421276,2,1,1986,0,0,0,0,0,0,0,0,0,0
421276,3,1,1986,0,0,0,12,0,0,0,0,0,0
421277,1,1,1986,15,17,0,0,0,0,6,0,12,0
421277,2,1,1986,10,9,4,12,22,0,0,0,0,0
421277,3,1,1986,20,8,18,18,16,0,13,6,12,20
421277,4,1,1986,2,0,0,0,0,8,0,0,0,0
421278,1,1,1986,9,0,0,0,0,0,0,0,0,0
421279,1,1,1986,0,0,0,0,0,0,0,0,0,0
421280,1,1,1986,23,23,23,23,23,23,23,23,23,23
421281,1,1,1986,11,8,7,27,6,22,15,20,25,7
421282,1,1,1986,22,22,22,22,22,22,22,22,22,22
421282,2,1,1986,0,0,0,0,0,0,0,0,6,0
421283,1,1,1986,13,13,13,13,13,13,13,13,13,13
421283,2,1,1986,0,0,0,0,0,0,0,0,24,0
421284,1,1,1986,0,0,0,0,0,0,0,0,0,0
421285,1,1,1986,20,0,22,23,0,0,0,0,0,0
421286,1,1,1986,0,0,0,0,0,0,0,0,0,0
421286,2,1,1986,0,0,0,0,0,0,0,0,0,0
421286,3,1,1986,0,0,0,0,0,0,0,0,0,0
421287,1,1,1986,0,0,0,0,0,0,0,0,0,0
421287,2,1,1986,16,16,16,16,16,16,16,16,16,16
421288,1,1,1986,20,20,20,20,20,20,20,20,20,20
421289,0,1,1986,0,0,0,0,0,0,0,0,0,0
421289,1,1,1986,0,0,0,0,0,0,0,0,0,0
421290,1,1,1986,0,4,18,9,12,0,17,22,15,19
421291,1,1,1986,22,22,22,22,22,22,22,22,22,22
421292,1,1,1986,28,28,28,28,28,28,28,28,28,28
421293,1,1,1986,0,3,0,0,0,0,0,0,0,0
421294,1,1,1986,11,11,11,11,11,11,11,11,11,11
421295,1,1,1986,7,7,7,7,7,7,7,7,7,7
421296,1,1,1986,0,0,0,0,0,0,0,0,0,0
421296,2,1,1986,0,8,0,0,17,0,15,0,0,0
421297,1,1,1986,0,0,0,0,0,0,0,0,0,0
421297,2,1,1986,0,0,0,0,0,0,0,0,0,0
421298,1,1,1986,19,19,19,19,19,19,19,19,19,19
421299,1,1,1986,0,0,0,0,0,0,0,0,0,0
421300,1,1,1986,27,29,27,11,19,13,17,16,10,15
421301,1,1,1986,0,0,0,0,11,0,0,0,0,0
421301,2,1,1986,0,0,0,0,0,0,0,0,0,0
421302,1,1,1986,7,7,7,7,7,7,7,7,7,7
421303,0,1,1986,0,29,12,32,22,0,0,15,0,0
421303,1,1,1986,6,15,23,22,18,18,14,18,19,11
421304,1,1,1986,0,28,0,0,0,9,0,0,22,0
421305,1,1,1986,0,0,0,0,0,0,0,0,0,0
421305,2,1,1986,25,25,25,25,25,25,25,25,25,25
421306,1,1,1986,0,0,0,0,0,0,0,0,0,0
421306,2,1,1986,0,0,15,0,0,0,0,0,0,0
421307,0,1,1986,0,0,0,0,0,0,0,0,0,0
421307,1,1,1986,0,0,12,0,0,12,14,0,0,0
421308,1,1,1986,7,7,7,7,7,7,7,7,7,7
421309,1,1,1986,18,18,18,18,18,18,18,18,18,18
421309,2,1,1986,19,0,29,10,24,15,30,10,13,20
421310,1,1,1986,16,16,16,16,16,16,16,16,16,16
421311,0,1,1986,0,0,0,0,0,0,0,0,0,0
421311,1,1,1986,4,4,4,4,4,4,4,4,4,4
421312,1,1,1986,0,0,0,0,0,0,0,0,0,0
421312,2,1,1986,0,0,0,0,0,0,0,0,0,0
421313,1,1,1986,0,0,0,0,0,0,0,0,0,0
421313,2,1,1986,0,0,0,0,0,0,0,0,0,0
421313,3,1,1986,0,0,0,0,0,0,0,0,0,0
421314,1,1,1986,0,0,0,0,0,0,0,0,0,0
421315,0,1,1986,19,18,23,11,12,19,0,0,13,22
421315,1,1,1986,0,0,0,0,0,0,14,0,0,0
421316,1,1,1986,2,9,25,17,20,20,25,0,9,12
421316,2,1,1986,0,0,0,0,0,0,0,0,0,0
421317,1,1,1986,0,0,0,0,0,0,0,0,0,0
421318,1,1,1986,0,0,0,0,0,0,0,0,0,0
421319,1,1,1986,16,16,16,16,16,16,16,16,16,16
421320,1,1,1986,15,15,15,15,15,15,15,15,15,15
421320,2,1,1986,0,0,0,0,0,0,0,0,0,0
421321,1,1,1986,34,34,34,34,34,34,34,34,34,34
421322,1,1,1986,27,27,27,27,27,27,27,27,27,27
421322,2,1,1986,0,0,0,0,0,0,0,0,0,0
421323,1,1,1986,22,22,22,22,22,22,22,22,22,22
421324,1,1,1986,0,0,0,0,0,0,0,0,0,0
421325,1,1,1986,0,0,0,0,0,0,0,0,0,0
421325,2,1,1986,0,0,0,8,0,32,0,0,0,0
421325,3,1,1986,0,0,0,0,0,0,0,0,0,0
421326,1,1,1986,16,16,16,16,16,16,16,16,16,16
421327,0,1,1986,0,0,0,0,7,0,0,12,0,0
421327,1,1,1986,0,0,0,0,0,0,0,0,0,0
421328,0,1,1986,25,8,24,0,18,33,13,0,7,0
421328,1,1,1986,0,0,0,0,0,0,0,0,0,0
421329,0,1,1986,0,0,0,0,0,0,0,0,0,0
421329,0,2,1986,7,18,0,20,9,0,9,10,29,9
421329,1,1,1986,11,0,0,8,0,0,0,0,12,0
421330,1,1,1986,0,0,0,0,0,0,0,0,0,0
421330,2,1,1986,9,0,0,0,0,0,0,0,7,0
421331,0,1,1986,0,0,0,0,0,0,0,0,0,0
421331,1,1,1986,0,0,0,0,0,0,0,0,0,0
421332,0,1,1986,0,0,0,0,0,0,0,0,0,0
421332,1,1,1986,0,11,0,0,26,17,0,0,0,0
421333,1,1,1986,30,30,30,30,30,30,30,30,30,30
421334,0,1,1986,15,15,15,15,15,15,15,15,15,15
421334,1,1,1986,9,14,0,11,0,17,18,10,0,0
421335,1,1,1986,0,0,0,0,0,14,0,0,0,0
421336,1,1,1986,0,0,0,0,0,0,0,0,0,0
421337,1,1,1986,0,0,0,0,0,0,0,0,0,0
421337,2,1,1986,0,0,0,0,0,0,0,0,0,0
421337,3,1,1986,0,0,0,0,0,0,0,0,0,0
421338,1,1,1986,0,0,0,0,0,0,0,0,0,0
421338,2,1,1986,0,0,0,0,0,0,0,0,0,0
421339,1,1,1986,0,0,0,0,0,0,0,0,0,0
421339,2,1,1986,0,0,0,0,0,0,0,0,0,0
421340,1,1,1986,22,22,22,22,22,22,22,22,22,22
421341,1,1,1986,20,20,20,20,20,20,20,20,20,20
421341,2,1,1986,17,17,17,17,17,17,17,17,17,17
421342,1,1,1986,0,0,0,0,0,0,0,0,0,0
421343,1,1,1986,0,0,0,0,0,0,25,5,0,0
421344,1,1,1986,22,22,22,22,22,22,22,22,22,22
421345,1,1,1986,0,0,0,0,0,0,0,0,0,0
421346,1,1,1986,0,0,0,0,0,0,0,0,0,0
421346,2,1,1986,0,0,0,15,0,13,0,0,0,0
421347,1,1,1986,0,0,0,0,0,0,0,0,0,0
421347,2,1,1986,0,0,0,0,0,0,0,0,0,0
421348,1,1,1986,10,10,10,10,10,10,10,10,10,10
421348,2,1,1986,0,0,0,0,0,0,0,0,0,0
421349,1,1,1986,0,0,0,0,0,0,0,0,0,0
421349,2,1,1986,0,0,0,0,0,0,0,0,0,0
421350,1,1,1986,19,19,19,19,19,19,19,19,19,19
421351,0,1,1986,0,0,0,0,0,0,0,0,0,0
421351,1,1,1986,0,0,0,0,0,0,0,0,0,8
421352,1,1,1986,0,0,0,0,0,0,0,0,0,0
421352,2,1,1986,0,0,0,0,0,0,0,0,0,0
421353,0,1,1986,0,0,0,0,0,0,0,0,0,24
421353,1,1,1986,0,0,0,0,0,0,0,0,0,0
421354,0,1,1986,0,0,0,0,0,0,0,0,0,0
421354,1,1,1986,8,0,0,0,0,0,0,0,0,0
421355,1,1,1986,16,16,16,16,16,16,16,16,16,16
421355,2,1,1986,0,0,0,0,0,0,0,32,0,0
421356,1,1,1986,18,18,18,18,18,18,18,18,18,18
421357,1,1,1986,0,0,0,0,0,0,0,0,0,0
421358,0,1,1986,25,25,25,25,25,25,25,25,25,25
421358,1,1,1986,0,0,0,0,0,0,0,0,0,0
421359,1,1,1986,12,12,12,12,12,12,12,12,12,12
421359,2,1,1986,0,0,0,0,0,0,0,0,0,0
421360,1,1,1986,27,27,27,27,27,27,27,27,27,27
421360,2,1,1986,0,0,0,0,0,0,0,0,0,0
421361,1,1,1986,29,29,29,29,29,29,29,29,29,29
421361,2,1,1986,0,0,0,0,0,0,0,0,0,0
421361,3,1,1986,0,0,0,0,0,7,0,0,0,0
421362,0,1,1986,0,0,0,0,0,0,0,0,0,0
421362,1,1,1986,16,0,0,0,0,0,26,0,0,0
421363,1,1,1986,12,10,0,12,0,22,16,8,0,0
421363,2,1,1986,0,0,3,0,0,6,0,0,5,0
421364,1,1,1986,0,0,0,0,0,0,0,0,0,0
421365,1,1,1986,21,21,21,21,21,21,21,21,21,21
421366,0,1,1986,11,11,11,11,11,11,11,11,11,11
421366,0,2,1986,27,23,20,26,0,27,0,10,25,0
421366,0,3,1986,0,20,14,0,8,10,0,0,9,7
421366,1,1,1986,18,18,18,18,18,18,18,18,18,18
421366,3,1,1986,8,5,17,17,20,14,21,15,17,4
421367,0,1,1986,30,14,20,21,21,31,27,35,29,17
421367,1,1,1986,7,7,0,13,0,0,16,0,18,38
421368,0,1,1986,29,29,29,29,29,29,29,29,29,29
421368,1,1,1986,0,0,0,0,0,0,0,0,0,0
421369,1,1,1986,0,0,0,0,0,0,0,0,0,0
421369,2,1,1986,0,0,0,0,0,0,0,7,10,0
421370,1,1,1986,4,4,4,4,4,4,4,4,4,4
421371,1,1,1986,0,0,0,0,0,0,0,0,0,0
421372,1,1,1986,0,0,14,0,0,0,0,0,0,11
421372,2,1,1986,0,0,0,0,0,0,0,0,0,0
421373,1,1,1986,17,17,17,17,17,17,17,17,17,17
421374,1,1,1986,12,12,12,12,12,12,12,12,12,12
421375,1,1,1986,0,0,0,0,0,0,0,0,0,0
421375,2,1,1986,0,0,0,0,0,0,0,0,0,0
421375,3,1,1986,0,0,0,4,0,0,0,0,0,0
421375,4,1,1986,0,0,0,0,0,0,0,0,0,0
421375,5,1,1986,0,0,0,0,0,0,0,0,0,0
421376,1,1,1986,25,25,25,25,25,25,25,25,25,25
421377,0,1,1986,15,15,15,15,15,15,15,15,15,15
421377,1,1,1986,0,0,0,0,0,0,0,0,0,0
421377,2,1,1986,5,0,19,0,0,0,0,0,0,0
421378,1,1,1986,5,5,5,5,5,5,5,5,5,5
421379,0,1,1986,8,0,0,0,0,0,0,0,0,5
421379,1,1,1986,0,0,0,0,0,0,17,20,0,10
421380,1,1,1986,0,0,0,0,0,0,0,0,0,0
421380,2,1,1986,0,0,0,0,0,0,0,0,0,0
421380,3,1,1986,0,0,0,0,0,0,0,0,0,0
421381,0,1,1986,0,0,0,0,0,0,0,0,0,0
421381,1,1,1986,0,0,0,0,0,0,6,12,0,0
421382,0,1,1986,11,25,8,14,25,17,21,21,12,14
421382,1,1,1986,0,11,25,10,32,0,0,0,0,0
421383,1,1,1986,8,8,8,8,8,8,8,8,8,8
421384,0,1,1986,16,16,16,16,16,16,16,16,16,16
421384,1,1,1986,7,7,7,7,7,7,7,7,7,7
421385,1,1,1986,0,0,0,0,0,0,0,0,0,0
421385,2,1,1986,0,0,0,0,0,0,0,0,0,0
421386,1,1,1986,6,6,6,6,6,6,6,6,6,6
421387,1,1,1986,0,0,0,0,0,0,0,0,0,0
421387,2,1,1986,0,0,0,0,0,0,0,0,0,0
421388,1,1,1986,0,0,0,0,0,0,0,0,0,0
421389,0,1,1986,14,15,8,0,29,0,26,19,27,14
421389,1,1,1986,0,0,0,18,0,0,0,0,0,0
421390,1,1,1986,0,0,0,0,0,0,0,0,0,0
421390,2,1,1986,0,0,0,0,0,0,0,0,0,0
421391,1,1,1986,0,0,0,0,0,0,0,0,0,0
421391,2,1,1986,0,0,0,0,0,0,0,0,0,0
421392,1,1,1986,0,0,0,0,0,0,0,0,0,0
421392,2,1,1986,0,0,0,0,0,0,0,0,0,0
421393,1,1,1986,0,0,15,0,0,0,0,0,0,0
421393,2,3,1986,0,0,0,0,0,0,0,0,0,0
421393,3,1,1986,0,0,16,0,0,0,0,0,0,0
421394,1,1,1986,23,23,23,23,23,23,23,23,23,23
421395,1,1,1986,0,0,0,0,0,0,0,0,0,0
421395,2,1,1986,0,0,0,0,0,0,0,0,0,0
421396,1,1,1986,9,0,0,0,0,0,0,0,0,0
421396,2,1,1986,0,0,0,0,0,0,0,0,0,0
421397,1,1,1986,0,0,6,0,0,0,30,0,0,18
421398,1,1,1986,20,20,20,20,20,20,20,20,20,20
421399,1,1,1986,21,21,21,21,21,21,21,21,21,21
421400,1,1,1986,15,15,15,15,15,15,15,15,15,15
421400,2,1,1986,11,9,0,9,0,8,3,24,19,0
421401,1,1,1986,14,16,5,28,6,17,16,12,12,8
421402,1,1,1986,0,0,0,0,0,0,0,0,0,0
421403,1,1,1986,14,14,14,14,14,14,14,14,14,14
421403,2,1,1986,0,0,0,0,0,0,0,0,0,0
421404,0,1,1986,0,7,32,0,0,0,0,0,0,0
421404,1,1,1986,11,0,0,18,0,21,20,7,0,20
421405,1,1,1986,10,10,10,10,10,10,10,10,10,10
421405,2,1,1986,0,0,0,0,0,0,0,0,0,0
421406,1,1,1986,24,24,24,24,24,24,24,24,24,24
421407,1,1,1986,0,12,19,10,0,5,25,19,31,24
421408,1,1,1986,0,0,0,0,0,0,0,0,0,0
421408,2,1,1986,15,0,0,0,0,0,0,0,0,0
421409,0,1,1986,0,0,0,0,0,0,0,0,0,0
421409,1,1,1986,0,0,0,0,0,0,15,0,0,0
421410,1,1,1986,0,18,6,0,25,0,9,6,0,0
421411,1,1,1986,32,32,32,32,32,32,32,32,32,32
421411,2,1,1986,0,5,0,0,0,0,16,0,12,0
421412,1,1,1986,22,22,22,22,22,22,22,22,22,22
421413,1,1,1986,0,0,0,0,0,0,0,0,13,0
421414,1,1,1986,16,11,18,27,28,34,11,5,36,16
421415,1,1,1986,21,21,21,21,21,21,21,21,21,21
421416,1,1,1986,22,22,22,22,22,22,22,22,22,22
421417,1,1,1986,20,20,20,20,20,20,20,20,20,20
421418,1,1,1986,15,15,15,15,15,15,15,15,15,15
421419,1,1,1986,26,26,26,26,26,26,26,26,26,26
421420,1,1,1986,0,0,0,0,0,0,0,0,0,0
421420,2,1,1986,0,0,0,0,0,0,0,0,0,0
421421,1,1,1986,0,0,0,0,0,0,0,0,0,0
421422,1,1,1986,0,0,0,0,0,0,0,0,0,0
421422,2,1,1986,0,9,0,0,0,0,0,0,0,0
421423,1,1,1986,0,0,0,0,0,0,0,0,0,0
421423,2,1,1986,0,0,0,0,0,0,0,0,0,0
421424,1,1,1986,25,25,25,25,25,25,25,25,25,25
421424,2,1,1986,0,0,0,0,0,0,0,0,0,0
421425,1,1,1986,16,16,16,16,16,16,16,16,16,16
421426,0,1,1986,0,0,0,0,0,0,0,0,0,0
421426,1,1,1986,0,0,0,0,0,0,0,0,0,0
421427,1,1,1986,0,9,0,0,0,0,0,0,0,0
421427,2,1,1986,0,0,0,0,0,0,0,0,0,0
421428,1,1,1986,16,16,16,16,16,16,16,16,16,16
421429,1,1,1986,0,10,0,0,0,0,0,0,0,16
421429,2,1,1986,0,0,0,0,0,0,0,0,0,0
421430,0,1,1986,0,0,0,0,0,0,0,0,0,0
421430,1,1,1986,0,0,0,0,0,0,0,0,0,0
421431,1,1,1986,0,0,0,0,0,0,0,0,0,0
421432,1,1,1986,0,0,0,0,0,0,0,0,0,0
421432,2,1,1986,0,0,0,0,4,0,0,0,0,0
421433,1,1,1986,0,0,0,0,0,0,0,0,0,0
421433,2,1,1986,0,9,0,0,0,0,0,0,0,0
421433,3,1,1986,0,0,0,0,0,0,0,0,0,0
421434,1,1,1986,0,0,0,0,0,0,0,0,0,0
421434,2,1,1986,0,0,0,0,0,0,0,0,0,0
421434,3,1,1986,0,0,0,0,0,0,0,0,0,0
421434,4,1,1986,0,0,0,0,0,0,0,0,0,0
421435,1,1,1986,25,25,25,25,25,25,25,25,25,25
421435,2,1,1986,0,10,5,0,0,0,0,0,0,0
421436,1,1,1986,0,0,0,0,0,0,0,0,36,0
421437,1,1,1986,10,10,10,10,10,10,10,10,10,10
421438,1,1,1986,0,0,0,0,0,0,0,0,0,0
421438,2,1,1986,0,0,0,0,0,0,0,0,0,0
421438,3,1,1986,0,0,0,0,0,0,0,0,0,0
421439,1,1,1986,25,25,25,25,25,25,25,25,25,25
421440,1,1,1986,0,0,0,0,0,0,0,0,0,0
421440,2,1,1986,0,0,0,0,0,0,0,0,0,0
421440,3,1,1986,0,0,0,0,0,0,0,0,0,0
421440,4,1,1986,0,0,0,0,0,0,0,0,0,0
421441,1,1,1986,30,30,30,30,30,30,30,30,30,30
421442,1,1,1986,0,0,0,0,0,0,0,0,0,0
421442,2,1,1986,0,0,0,11,0,0,0,0,0,0
421443,1,1,1986,36,20,16,20,24,0,6,20,21,14
421443,2,1,1986,0,0,0,0,0,0,0,0,0,0
421444,0,1,1986,11,0,18,13,16,23,10,29,12,4
421444,0,2,1986,18,20,18,18,12,17,18,24,38,0
421444,1,1,1986,20,20,20,20,20,20,20,20,20,20
421444,2,1,1986,0,0,0,0,0,0,0,0,0,0
421445,1,1,1986,0,0,0,0,0,0,0,0,0,0
421446,1,1,1986,23,21,25,27,19,18,45,13,12,11
421447,1,1,1986,0,0,0,0,0,0,0,0,0,0
421447,2,1,1986,0,0,0,0,0,0,0,0,0,0
421448,1,1,1986,0,0,0,0,0,0,0,0,0,0
421448,2,1,1986,18,18,18,18,18,18,18,18,18,18
421449,1,1,1986,16,16,16,16,16,16,16,16,16,16
421450,1,1,1986,0,0,12,0,22,0,0,0,13,0
421451,1,1,1986,0,0,0,0,0,0,0,0,8,0
421451,2,1,1986,0,0,0,0,0,0,0,0,0,0
421452,1,1,1986,24,24,24,24,24,24,24,24,24,24
421453,1,1,1986,0,0,11,27,20,16,31,12,8,10
421454,1,1,1986,0,0,0,0,0,0,0,0,0,0
421454,2,1,1986,0,0,0,0,0,0,0,0,0,0
421454,3,1,1986,0,0,16,0,0,0,0,0,0,0
421454,4,1,1986,0,0,0,0,0,0,0,0,0,0
421455,1,1,1986,28,28,28,28,28,28,28,28,28,28
421456,1,1,1986,0,13,13,8,15,18,0,18,6,0
421457,1,1,1986,8,0,14,0,0,0,0,0,0,0
421458,1,1,1986,21,21,21,21,21,21,21,21,21,21
421459,1,1,1986,2,0,0,0,0,0,0,0,2,8
421460,1,1,1986,22,22,22,22,22,22,22,22,22,22
421460,2,1,1986,0,0,0,0,0,0,0,0,0,0
421461,1,1,1986,5,5,5,5,5,5,5,5,5,5
421461,2,1,1986,0,0,0,0,0,12,0,0,0,0
421462,1,1,1986,20,20,20,20,20,20,20,20,20,20
421463,1,1,1986,0,0,0,0,0,0,0,0,0,0
421463,2,1,1986,0,0,0,0,0,0,0,0,0,0
421464,1,1,1986,15,15,15,15,15,15,15,15,15,15
421464,2,1,1986,0,0,0,0,0,0,0,0,0,0
421465,1,1,1986,0,0,0,0,0,0,0,0,0,0
421465,2,1,1986,0,0,0,0,0,0,0,0,0,0
421466,1,1,1986,0,0,0,0,19,0,0,0,0,0
421466,2,1,1986,0,0,0,0,0,0,0,0,0,0
421467,1,1,1986,10,10,10,10,10,10,10,10,10,10
421467,2,1,1986,0,0,0,0,0,0,0,0,0,0
421468,1,1,1986,12,12,12,12,12,12,12,12,12,12
421469,1,1,1986,0,0,0,0,0,0,0,0,0,0
421469,2,1,1986,0,0,0,0,9,0,0,0,15,0
421470,1,1,1986,0,0,17,0,0,0,0,0,0,0
421471,1,1,1986,30,30,30,30,30,30,30,30,30,30
421472,1,1,1986,0,0,0,0,6,0,9,0,0,2
421472,2,1,1986,0,0,0,0,0,0,9,6,7,0
421473,1,1,1986,0,0,0,0,0,0,0,0,0,0
421473,2,1,1986,0,0,0,0,0,0,0,0,0,0
421474,1,1,1986,0,6,0,0,0,0,0,0,0,0
421474,2,1,1986,0,0,0,0,0,0,0,0,0,0
421475,1,1,1986,14,14,14,14,14,14,14,14,14,14
421476,1,1,1986,0,0,22,0,0,15,0,0,0,0