ST_CASE,VEH_NO,PER_NO,YEAR,P1,P2,P3,P4,P5,P6,P7,P8,P9,P10
421476,2,1,1986,0,0,0,0,0,0,0,0,0,0
421477,1,1,1986,0,29,0,0,0,6,0,0,12,0
421477,2,1,1986,0,0,0,0,0,0,0,0,0,0
421478,1,1,1986,22,22,22,22,22,22,22,22,22,22
421479,1,1,1986,0,0,0,0,0,0,0,0,0,0
421480,0,1,1986,0,0,0,0,0,0,0,0,0,0
421480,1,1,1986,0,0,0,0,0,0,0,0,0,0
421481,1,1,1986,8,24,34,18,26,15,8,14,23,18
421481,2,1,1986,0,0,0,0,0,0,0,0,0,0
421482,1,1,1986,0,0,0,0,0,0,0,0,0,0
421482,2,1,1986,0,0,2,0,0,0,0,0,0,0
421482,3,1,1986,0,0,0,0,0,0,0,0,0,0
421483,1,1,1986,0,0,0,0,0,0,0,0,0,0
421483,2,1,1986,0,0,0,0,0,0,0,0,0,0
421483,3,1,1986,0,0,0,0,0,0,10,0,0,0
421484,1,1,1986,0,0,0,0,0,0,0,17,0,0
421484,2,1,1986,0,0,0,0,0,0,0,0,0,0
421485,1,1,1986,18,18,18,18,18,18,18,18,18,18
421486,1,1,1986,0,0,0,0,0,0,0,0,0,0
421487,0,1,1986,0,0,0,0,0,0,0,0,0,0
421487,1,1,1986,0,0,0,0,0,0,0,0,0,0
421488,1,1,1986,0,0,0,0,0,0,0,0,0,0
421489,1,1,1986,0,0,0,0,0,0,0,0,0,0
421489,2,1,1986,6,6,6,6,6,6,6,6,6,6
421490,1,1,1986,22,22,22,22,22,22,22,22,22,22
421490,2,1,1986,0,0,0,0,9,0,0,0,0,0
421491,0,1,1986,0,0,0,0,0,0,0,0,0,0
421491,1,1,1986,0,0,0,0,0,0,0,0,0,0
421492,1,1,1986,0,0,0,0,0,0,0,0,0,0
421492,2,1,1986,0,0,0,0,0,0,0,0,0,0
421493,1,1,1986,27,27,27,27,27,27,27,27,27,27
421494,0,1,1986,0,19,0,0,20,0,3,11,0,15
421494,1,1,1986,22,16,7,18,26,48,11,8,23,18
421495,1,1,1986,0,0,0,0,0,0,0,0,0,0
421495,2,1,1986,0,0,0,0,0,0,0,0,0,0
421496,1,1,1986,14,14,14,14,14,14,14,14,14,14
421496,2,1,1986,0,0,0,0,0,0,0,0,0,0
421496,3,1,1986,0,0,0,0,0,0,0,0,0,0
421496,4,1,1986,0,0,0,0,0,0,0,0,0,0
421497,1,1,1986,25,9,11,17,6,15,13,4,29,9
421497,2,1,1986,15,15,15,15,15,15,15,15,15,15
421498,1,1,1986,23,23,23,23,23,23,23,23,23,23
421499,1,1,1986,0,0,10,0,0,0,0,0,0,0
421499,2,1,1986,12,23,0,19,0,14,0,0,16,0
421499,3,1,1986,0,0,10,0,0,0,0,0,0,0
421500,1,1,1986,0,0,0,0,0,0,0,0,0,0
421500,2,1,1986,0,0,10,0,0,0,0,0,0,0
421501,0,1,1986,31,31,31,31,31,31,31,31,31,31
421501,1,1,1986,0,0,0,0,0,10,0,0,0,17
421502,1,1,1986,0,0,0,25,0,13,0,0,0,0
421502,2,1,1986,22,22,22,22,22,22,22,22,22,22
421503,1,1,1986,8,0,0,0,0,16,0,0,0,0
421504,1,1,1986,0,0,0,0,8,13,0,0,0,5
421505,1,1,1986,0,0,0,0,0,0,0,0,0,0
421505,2,1,1986,0,0,0,0,0,0,0,0,0,0
421506,1,1,1986,0,0,0,0,0,0,0,0,0,0
421506,2,1,1986,0,0,0,0,0,0,0,0,0,0
421506,3,1,1986,0,0,0,0,0,0,0,0,0,0
421507,1,1,1986,20,20,20,20,20,20,20,20,20,20
421507,2,1,1986,0,0,0,0,0,0,0,0,0,0
421508,0,1,1986,11,11,11,11,11,11,11,11,11,11
421508,1,1,1986,0,0,0,0,0,0,0,0,0,0
421509,1,1,1986,0,0,0,0,0,0,0,0,0,0
421509,2,1,1986,0,0,0,0,0,0,0,0,0,0
421509,3,1,1986,0,0,0,0,0,0,0,0,0,0
421510,1,1,1986,20,7,20,6,13,17,20,12,29,24
421510,2,1,1986,0,0,0,0,0,14,22,0,14,0
421511,1,1,1986,12,12,12,12,12,12,12,12,12,12
421511,2,1,1986,0,0,0,0,0,0,0,0,0,0
421512,1,1,1986,25,25,25,25,25,25,25,25,25,25
421513,1,1,1986,8,8,8,8,8,8,8,8,8,8
421513,2,1,1986,5,5,5,5,5,5,5,5,5,5
421514,1,1,1986,0,0,0,0,7,0,0,0,35,0
421514,2,1,1986,0,0,13,0,0,0,0,0,0,12
421514,3,1,1986,0,0,0,0,0,0,0,0,0,0
421515,1,1,1986,0,0,0,0,0,0,0,0,0,0
421515,2,1,1986,0,0,0,0,0,0,0,0,0,0
421516,1,1,1986,0,0,19,0,8,40,0,14,0,25
421516,2,1,1986,0,0,0,0,0,0,0,0,0,0
421517,1,1,1986,0,5,0,4,0,0,0,0,0,0
421517,2,1,1986,14,11,20,14,18,11,14,23,6,26
421518,0,1,1986,0,0,0,0,0,0,0,0,0,0
421518,1,1,1986,9,9,9,9,9,9,9,9,9,9
421519,1,1,1986,27,27,27,27,27,27,27,27,27,27
421519,2,1,1986,0,0,0,0,0,0,0,0,0,0
421520,1,1,1986,13,5,10,15,15,10,10,7,9,9
421520,2,1,1986,5,21,3,9,16,25,11,12,4,18
421521,0,1,1986,0,48,0,0,16,0,0,15,0,0
421521,1,1,1986,0,0,0,0,0,0,0,0,0,0
421522,1,1,1986,33,5,17,22,25,15,17,10,11,7
421523,0,1,1986,12,17,29,8,17,14,7,6,20,9
421523,1,1,1986,25,22,18,10,0,12,0,0,11,0
421524,0,1,1986,27,17,0,9,12,18,26,0,15,26
421524,1,1,1986,0,0,0,0,0,12,0,0,14,10
421525,0,1,1986,0,0,0,0,0,0,0,0,0,0
421525,1,1,1986,0,0,0,0,0,0,0,0,0,0
421526,1,1,1986,36,17,16,20,10,30,21,13,8,16
421526,2,1,1986,0,0,0,0,0,0,0,0,0,0
421526,3,1,1986,0,0,25,0,0,0,22,15,10,22
421527,1,1,1986,9,9,9,9,9,9,9,9,9,9
421528,1,1,1986,27,27,27,27,27,27,27,27,27,27
421528,2,1,1986,0,13,0,8,0,0,0,0,0,0
421529,1,1,1986,10,10,10,10,10,10,10,10,10,10
421530,1,1,1986,17,17,17,17,17,17,17,17,17,17
421530,2,1,1986,0,15,0,16,0,0,0,0,0,0
421531,1,1,1986,0,0,0,0,0,0,0,0,0,0
421531,2,1,1986,0,0,0,0,0,0,0,0,0,0
421531,3,1,1986,0,0,0,0,0,0,0,0,0,0
421532,0,1,1986,0,0,0,0,0,0,0,0,0,0
421532,1,1,1986,0,0,0,0,0,0,0,0,0,0
421533,0,1,1986,19,19,19,19,19,19,19,19,19,19
421533,1,1,1986,0,11,0,0,0,0,0,0,0,0
421534,1,1,1986,0,0,0,0,0,0,0,0,0,10
421534,2,1,1986,0,0,0,0,0,0,0,0,0,0
421535,1,1,1986,0,0,0,0,0,0,0,0,0,0
421536,1,1,1986,0,0,0,0,0,0,0,0,0,0
421536,2,1,1986,0,0,0,0,0,0,0,0,0,0
421537,1,1,1986,11,11,11,11,11,11,11,11,11,11
421537,2,1,1986,11,11,11,11,11,11,11,11,11,11
421538,1,1,1986,0,0,16,0,0,0,0,0,0,0
421538,2,1,1986,0,0,0,0,0,0,0,0,0,0
421539,0,1,1986,0,0,0,0,0,0,0,0,0,0
421539,1,1,1986,0,0,0,0,0,0,0,0,0,0
421540,1,1,1986,17,17,17,17,17,17,17,17,17,17
421540,2,1,1986,0,0,0,0,0,0,0,0,0,0
421540,3,1,1986,0,0,0,0,22,0,10,0,0,0
421541,0,1,1986,0,0,0,0,0,0,0,0,0,0
421541,1,1,1986,0,0,0,0,0,0,0,0,0,0
421542,1,1,1986,0,0,0,0,0,0,0,0,0,0
421542,2,1,1986,0,0,0,0,0,0,0,0,0,0
421543,1,1,1986,0,0,0,0,0,0,0,0,0,0
421544,1,1,1986,20,20,20,20,20,20,20,20,20,20
421544,2,1,1986,13,13,13,13,13,13,13,13,13,13
421545,1,1,1986,24,24,24,24,24,24,24,24,24,24
421547,0,1,1986,0,13,0,0,0,0,15,38,0,31
421547,1,1,1986,0,0,0,0,12,18,0,0,0,0
421548,1,1,1986,0,0,28,0,0,0,0,0,0,0
421549,0,1,1986,34,34,34,34,34,34,34,34,34,34
421549,1,1,1986,0,0,7,19,0,10,0,0,0,28
421549,2,1,1986,0,0,23,10,21,0,14,0,27,0
421549,3,1,1986,15,0,17,0,9,0,0,0,11,19
421549,4,1,1986,12,7,18,0,27,12,0,28,15,18
421550,1,1,1986,19,19,19,19,19,19,19,19,19,19
421550,2,1,1986,0,0,0,0,0,0,0,0,0,0
421550,3,1,1986,0,0,0,9,0,0,0,20,0,0
421551,1,1,1986,0,0,0,0,0,5,2,23,0,0
421552,1,1,1986,5,5,5,5,5,5,5,5,5,5
421552,2,1,1986,0,0,0,0,0,0,0,0,0,0
421553,1,1,1986,15,15,15,15,15,15,15,15,15,15
421554,1,1,1986,0,0,18,22,18,21,24,34,14,29
421555,0,1,1986,0,0,0,0,0,0,0,19,0,0
421555,1,1,1986,11,8,14,0,0,5,26,20,12,15
421556,1,1,1986,19,19,19,19,19,19,19,19,19,19
421557,1,1,1986,0,0,0,0,0,0,0,0,0,0
421557,2,1,1986,0,0,0,0,0,0,0,0,0,0
421558,1,1,1986,0,0,0,0,0,0,0,0,0,0
421558,2,1,1986,0,0,0,0,0,0,0,0,0,0
421558,3,1,1986,0,12,0,0,0,0,0,0,0,0
421559,1,1,1986,24,24,24,24,24,24,24,24,24,24
421560,1,1,1986,14,14,14,14,14,14,14,14,14,14
421560,2,1,1986,0,0,0,0,0,0,0,0,7,0
421560,3,1,1986,0,0,0,0,0,0,0,0,0,0
421560,4,1,1986,14,0,0,0,0,0,0,9,0,14
421561,1,1,1986,0,0,0,0,0,0,18,0,0,0
421561,2,1,1986,0,0,0,0,0,0,0,14,0,0
421562,1,1,1986,15,15,15,15,15,15,15,15,15,15
421563,1,1,1986,0,10,0,0,0,0,0,0,0,0
421564,1,1,1986,15,0,13,22,0,14,0,0,0,7
421565,0,1,1986,24,24,24,24,24,24,24,24,24,24
421565,1,1,1986,0,0,0,8,0,0,0,0,10,0
421566,0,1,1986,6,6,6,6,6,6,6,6,6,6
421566,1,1,1986,13,13,13,13,13,13,13,13,13,13
421567,0,1,1986,0,0,0,0,0,0,0,0,0,0
421567,1,1,1986,16,0,0,18,26,36,0,0,0,0
421568,1,1,1986,0,7,0,0,0,0,0,0,0,0
421568,2,1,1986,0,0,0,0,0,0,0,0,0,0
421569,1,1,1986,15,15,15,15,15,15,15,15,15,15
421570,1,1,1986,7,7,7,7,7,7,7,7,7,7
421570,2,1,1986,0,0,0,0,0,11,0,0,0,8
421571,1,1,1986,35,25,25,11,20,23,26,24,25,14
421572,1,1,1986,6,23,0,16,0,0,0,0,0,0
421572,2,1,1986,0,0,0,0,0,0,6,0,0,0
421573,1,1,1986,0,0,0,0,0,0,0,0,0,0
421573,2,1,1986,0,0,0,0,0,0,0,0,0,0
421574,1,1,1986,23,23,23,23,23,23,23,23,23,23
421575,0,1,1986,13,19,27,0,22,24,14,0,19,0
421575,0,2,1986,0,0,0,0,0,0,0,0,0,0
421575,0,3,1986,0,0,0,0,0,0,0,0,0,0
421575,1,1,1986,0,0,0,0,0,7,0,8,0,0
421576,1,1,1986,0,0,4,0,0,0,0,0,0,0
421576,2,1,1986,0,0,0,0,0,0,0,21,0,0
421576,3,1,1986,0,0,0,26,0,0,0,0,0,0
421577,1,1,1986,12,16,22,19,9,20,17,12,0,1
421577,2,1,1986,13,13,13,13,13,13,13,13,13,13
421578,1,1,1986,0,0,0,0,0,0,0,0,0,0
421578,2,1,1986,0,0,0,0,0,0,0,0,0,0
421579,0,1,1986,29,29,29,29,29,29,29,29,29,29
421579,1,1,1986,0,0,0,0,0,0,0,0,0,0
421579,2,1,1986,0,23,0,0,0,0,0,0,0,0
421581,1,1,1986,22,21,10,0,15,0,22,0,0,0
421582,1,1,1986,36,36,36,36,36,36,36,36,36,36
421582,2,1,1986,0,0,0,0,0,0,0,0,0,0
421584,1,1,1986,0,16,0,0,0,0,0,0,0,26
421585,1,1,1986,26,26,26,26,26,26,26,26,26,26
421585,2,1,1986,0,0,0,0,0,0,0,0,0,0
421586,1,1,1986,13,13,13,13,13,13,13,13,13,13
421587,1,1,1986,0,0,0,0,0,0,0,0,0,0
421587,2,1,1986,0,0,0,0,0,0,0,0,0,0
421588,1,1,1986,16,16,16,16,16,16,16,16,16,16
421589,0,1,1986,14,41,0,13,0,0,0,0,0,26
421589,1,1,1986,0,0,0,0,0,0,0,0,0,0
421590,0,1,1986,30,9,0,0,5,0,11,27,0,16
421590,1,1,1986,0,0,0,10,10,0,0,0,0,0
421591,0,1,1986,0,0,0,0,0,0,0,0,0,0
421591,1,1,1986,4,8,0,0,0,0,0,0,0,0
421592,1,1,1986,0,0,0,0,0,0,0,0,0,0
421592,2,1,1986,0,0,0,0,0,0,0,0,0,0
421593,1,1,1986,17,11,28,18,19,23,26,21,15,15
421594,1,1,1986,16,22,4,24,25,16,8,0,0,0
421595,1,1,1986,0,0,0,0,0,10,0,0,0,0
421595,2,1,1986,0,0,0,0,0,0,0,0,0,0
421596,1,1,1986,0,0,0,0,0,13,0,0,22,0
421596,2,1,1986,0,0,0,0,0,0,0,0,0,0
421597,1,1,1986,22,22,22,22,22,22,22,22,22,22
421598,1,1,1986,0,0,0,0,0,0,0,0,0,0
421598,2,1,1986,0,0,0,0,0,0,0,0,0,0
421599,0,1,1986,0,0,0,0,0,0,0,0,0,0
421599,1,1,1986,0,0,0,0,0,0,0,0,0,0
421600,1,1,1986,0,0,0,0,0,0,0,0,0,0
421600,2,1,1986,0,0,0,0,0,0,0,0,0,0
421601,1,1,1986,18,18,18,18,18,18,18,18,18,18
421602,1,1,1986,0,0,0,0,0,0,0,0,0,0
421602,2,1,1986,0,0,0,0,0,0,0,0,0,0
421603,1,1,1986,0,0,0,0,0,0,0,0,0,0
421604,1,1,1986,0,0,0,0,0,0,0,0,0,0
421605,1,1,1986,0,0,0,0,0,0,0,0,0,0
421605,2,1,1986,0,0,0,0,0,0,0,0,0,0
421606,1,1,1986,0,0,0,0,0,0,0,0,0,0
421607,1,1,1986,18,18,18,18,18,18,18,18,18,18
421607,2,1,1986,0,0,0,0,0,0,0,0,0,0
421607,3,1,1986,0,0,0,0,0,0,0,0,0,0
421607,4,1,1986,0,0,0,0,0,0,0,0,0,0
421608,1,1,1986,7,7,7,7,7,7,7,7,7,7
421609,1,1,1986,19,19,19,19,19,19,19,19,19,19
421610,1,1,1986,28,28,28,28,28,28,28,28,28,28
421610,2,1,1986,0,0,0,0,0,0,0,0,0,0
421611,1,1,1986,18,15,9,0,5,33,10,11,0,7
421611,2,1,1986,0,0,0,0,0,0,0,0,0,0
421612,0,1,1986,0,0,0,0,0,0,0,0,0,0
421612,1,1,1986,0,0,19,0,0,0,0,0,0,0
421613,1,1,1986,17,17,17,17,17,17,17,17,17,17
421614,0,1,1986,0,0,0,0,0,0,0,0,0,0
421614,1,1,1986,0,0,0,0,0,0,0,0,0,0
421614,2,1,1986,4,0,0,20,0,0,0,9,0,0
421615,0,1,1986,0,0,0,0,0,0,0,0,0,0
421615,1,1,1986,10,0,0,15,0,0,0,0,12,0
421616,1,1,1986,0,0,0,0,0,0,0,0,0,0
421617,0,1,1986,0,0,0,0,0,0,0,0,0,0
421617,1,1,1986,0,0,13,0,0,0,0,0,0,0
421618,1,1,1986,0,0,0,0,0,0,0,0,0,0
421618,2,1,1986,0,0,0,0,0,0,0,0,0,0
421618,3,1,1986,0,3,0,0,0,2,0,0,0,0
421619,1,1,1986,0,0,0,0,19,0,0,0,0,0
421619,2,1,1986,0,0,0,0,0,0,0,0,0,0
421619,3,1,1986,0,0,0,0,0,0,0,0,0,0
421620,1,1,1986,12,12,12,12,12,12,12,12,12,12
421621,0,1,1986,0,0,0,0,0,0,0,0,0,0
421621,1,1,1986,0,0,0,0,0,0,0,0,0,25
421622,1,1,1986,16,19,0,5,32,13,21,17,31,26
421623,1,1,1986,15,15,15,15,15,15,15,15,15,15
421624,1,1,1986,0,0,0,0,0,0,0,0,0,0
421624,2,1,1986,0,0,0,0,0,0,0,0,0,0
421625,1,1,1986,16,16,16,16,16,16,16,16,16,16
421626,1,1,1986,41,41,41,41,41,41,41,41,41,41
421627,1,1,1986,0,0,0,0,0,0,0,0,0,0
421627,2,1,1986,0,0,0,0,0,0,0,0,0,0
421627,3,1,1986,0,0,0,0,0,0,0,0,0,0
421628,1,1,1986,21,21,21,21,21,21,21,21,21,21
421629,1,1,1986,10,10,10,10,10,10,10,10,10,10
421630,1,1,1986,0,0,0,0,0,0,0,0,0,0
421630,2,1,1986,0,0,0,0,0,0,0,0,0,0
421630,3,1,1986,0,0,0,0,0,0,0,0,0,0
421631,1,1,1986,0,0,0,0,0,0,0,0,0,0
421631,2,1,1986,10,16,0,0,0,0,0,0,0,0
421632,0,1,1986,11,11,11,11,11,11,11,11,11,11
421632,1,1,1986,4,4,4,4,4,4,4,4,4,4
421632,2,1,1986,0,0,0,0,0,0,0,0,0,0
421632,3,1,1986,8,8,8,8,8,8,8,8,8,8
421633,1,1,1986,0,0,0,0,0,0,0,0,0,0
421633,2,1,1986,5,5,5,5,5,5,5,5,5,5
421634,1,1,1986,26,26,26,26,26,26,26,26,26,26
421634,2,1,1986,0,0,0,0,7,0,0,0,11,0
421634,3,1,1986,0,0,0,0,0,0,0,0,0,0
421635,1,1,1986,6,6,6,6,6,6,6,6,6,6
421635,2,1,1986,13,13,13,13,13,13,13,13,13,13
421636,1,1,1986,8,8,8,8,8,8,8,8,8,8
421636,2,1,1986,2,0,21,18,0,0,0,0,0,0
421637,1,1,1986,1,1,1,1,1,1,1,1,1,1
421637,2,1,1986,0,0,0,0,0,0,0,0,0,0
421638,1,1,1986,0,0,0,0,0,0,0,0,0,0
421638,2,1,1986,0,0,0,0,3,10,0,0,0,0
421639,1,1,1986,20,20,20,20,20,20,20,20,20,20
421639,2,1,1986,20,0,0,0,0,0,16,0,0,0
421640,1,1,1986,0,0,0,0,0,0,0,0,0,0
421640,2,1,1986,0,0,0,0,0,0,0,0,0,0
421641,1,1,1986,15,17,20,6,11,27,14,19,22,20
421641,2,1,1986,0,0,0,0,14,11,0,0,10,0
421642,1,1,1986,22,22,22,22,22,22,22,22,22,22
421643,1,1,1986,0,0,0,0,0,0,0,0,0,0
421643,2,1,1986,0,0,0,0,0,0,0,0,0,0
421644,1,1,1986,0,0,0,0,0,0,0,0,0,0
421644,2,1,1986,0,9,0,0,0,0,0,0,0,0
421645,0,1,1986,0,0,0,0,0,0,0,0,0,0
421645,1,1,1986,4,4,4,4,4,4,4,4,4,4
421646,1,1,1986,9,9,9,9,9,9,9,9,9,9
421646,2,1,1986,0,0,0,0,0,0,0,0,0,0
421647,1,1,1986,0,0,0,0,0,0,0,0,0,0
421647,2,1,1986,0,0,0,0,0,0,0,0,0,0
421648,1,1,1986,24,24,24,24,24,24,24,24,24,24
421649,1,1,1986,17,17,17,17,17,17,17,17,17,17
421650,1,1,1986,19,19,19,19,19,19,19,19,19,19
421651,0,1,1986,0,0,0,0,0,0,0,0,0,0
421651,1,1,1986,0,0,0,0,0,0,0,0,0,0
421652,1,1,1986,0,0,0,0,0,0,0,0,0,0
421652,2,1,1986,0,0,0,0,0,0,0,0,0,0
421653,1,1,1986,23,23,23,23,23,23,23,23,23,23
421653,2,1,1986,0,0,0,0,0,0,0,0,0,7
421653,3,1,1986,0,13,0,0,7,0,0,0,0,0
421654,1,1,1986,0,0,0,0,0,0,0,0,0,0
421654,2,1,1986,0,0,0,0,0,0,0,0,0,0
421655,1,1,1986,0,0,0,0,0,0,0,0,0,0
421655,2,1,1986,0,0,0,0,0,0,0,17,0,0
421656,1,1,1986,35,35,35,35,35,35,35,35,35,35
421656,2,1,1986,5,5,5,5,5,5,5,5,5,5
421657,1,1,1986,26,26,26,26,26,26,26,26,26,26
421657,2,1,1986,0,10,0,0,0,0,0,0,0,0
421657,3,1,1986,0,0,0,0,0,0,0,0,0,0
421658,1,1,1986,0,0,0,0,0,0,0,0,0,0
421658,2,1,1986,0,0,0,0,0,0,0,0,0,0
421658,3,1,1986,3,0,0,0,22,11,0,0,0,0
421659,1,1,1986,11,0,13,0,22,0,0,0,0,0
421659,2,1,1986,0,0,0,6,0,0,0,0,0,0
421660,0,1,1986,0,0,0,7,24,0,26,0,0,0
421660,1,1,1986,0,35,0,0,0,0,0,0,0,16
421661,0,1,1986,0,0,0,0,0,0,0,0,0,0
421661,1,1,1986,10,12,19,27,0,22,15,10,9,7
421662,1,1,1986,0,0,0,0,0,0,0,0,0,0
421662,2,1,1986,0,0,5,0,0,0,0,8,6,0
421663,1,1,1986,17,17,17,17,17,17,17,17,17,17
421664,1,1,1986,0,0,0,0,0,0,0,0,0,0
421664,2,1,1986,5,5,5,5,5,5,5,5,5,5
421665,1,1,1986,33,33,33,33,33,33,33,33,33,33
421666,1,1,1986,0,0,0,0,0,0,0,0,0,0
421666,2,1,1986,0,0,0,0,0,0,0,0,0,0
421667,1,1,1986,19,19,19,19,19,19,19,19,19,19
421668,1,1,1986,12,18,13,0,20,13,10,15,11,9
421669,1,1,1986,9,9,9,9,9,9,9,9,9,9
421670,0,1,1986,0,0,0,17,0,5,0,0,21,0
421670,1,1,1986,0,0,0,0,0,0,0,0,0,0
421671,1,1,1986,14,9,16,0,2,5,12,12,0,0
421672,1,1,1986,19,19,19,19,19,19,19,19,19,19
421673,1,1,1986,0,0,0,0,0,0,0,0,0,0
421673,2,1,1986,6,6,6,6,6,6,6,6,6,6
421674,0,1,1986,0,10,0,21,0,15,0,13,12,32
421674,0,2,1986,0,0,0,0,0,0,0,0,0,0
421674,1,1,1986,0,5,0,0,0,0,0,0,0,0
421675,1,1,1986,20,20,20,20,20,20,20,20,20,20
421676,1,1,1986,0,0,0,0,0,0,0,0,0,0
421676,2,1,1986,0,0,0,0,0,0,0,0,0,0
421677,0,1,1986,15,15,15,15,15,15,15,15,15,15
421677,1,1,1986,8,8,8,8,8,8,8,8,8,8
421678,1,1,1986,24,24,24,24,24,24,24,24,24,24
421678,2,1,1986,0,0,0,0,0,0,32,0,0,0
421679,1,1,1986,10,15,17,22,42,24,15,24,20,28
421680,1,1,1986,13,13,13,13,13,13,13,13,13,13
421681,1,1,1986,14,14,14,14,14,14,14,14,14,14
421681,2,1,1986,0,0,0,0,0,0,0,12,0,0
421683,1,1,1986,0,0,0,0,0,0,0,0,0,0
421683,2,1,1986,0,0,0,0,0,0,0,0,0,0
421683,3,1,1986,0,0,5,0,0,0,0,0,0,0
421684,0,1,1986,0,0,0,0,0,0,0,0,0,0
421684,1,1,1986,0,0,9,0,0,0,0,0,0,0
421685,1,1,1986,0,0,0,0,0,0,0,0,0,0
421685,2,1,1986,10,0,0,7,0,0,0,0,0,0
421686,1,1,1986,0,15,0,0,0,0,0,0,0,0
421686,2,1,1986,26,14,15,17,19,15,16,30,18,13
421686,3,1,1986,0,0,0,0,0,0,0,0,0,0
421687,1,1,1986,0,0,5,0,7,0,0,0,28,0
421687,2,1,1986,0,8,0,0,0,0,0,0,0,0
421688,1,1,1986,0,0,0,0,0,0,0,0,0,0
421689,1,1,1986,0,0,0,0,0,0,0,0,0,0
421689,2,1,1986,0,0,0,0,0,0,12,0,0,0
421690,1,1,1986,11,11,11,11,11,11,11,11,11,11
421691,1,1,1986,19,19,19,19,19,19,19,19,19,19
421692,1,1,1986,15,15,15,15,15,15,15,15,15,15
421692,2,1,1986,21,21,21,21,21,21,21,21,21,21
421693,0,1,1986,22,22,22,22,22,22,22,22,22,22
421693,1,1,1986,0,0,0,0,0,0,0,0,0,0
421694,1,1,1986,0,0,0,0,0,0,0,0,0,0
421695,1,1,1986,0,0,0,0,0,0,0,0,0,0
421697,1,1,1986,0,5,0,0,0,0,0,0,0,0
421698,1,1,1986,14,14,14,14,14,14,14,14,14,14
421699,1,1,1986,5,5,5,5,5,5,5,5,5,5
421700,1,1,1986,13,13,13,13,13,13,13,13,13,13
421701,1,1,1986,28,28,28,28,28,28,28,28,28,28
421702,0,1,1986,0,0,0,0,0,0,0,0,0,0
421702,1,1,1986,0,0,0,0,0,0,0,0,0,0
421703,1,1,1986,23,23,23,23,23,23,23,23,23,23
421703,2,1,1986,0,0,0,0,0,0,0,0,0,0
421704,1,1,1986,24,24,24,24,24,24,24,24,24,24
421705,1,1,1986,24,24,24,24,24,24,24,24,24,24
421705,2,1,1986,0,0,0,0,0,0,0,0,0,0
421706,1,1,1986,34,34,34,34,34,34,34,34,34,34
421706,2,1,1986,0,25,0,0,0,0,0,0,0,0
421707,1,1,1986,24,14,24,30,13,0,17,9,15,0
421708,1,1,1986,19,19,19,19,19,19,19,19,19,19
421709,1,1,1986,0,0,0,0,0,0,0,0,0,0
421709,2,1,1986,0,0,0,0,0,0,0,0,0,0
421710,1,1,1986,3,25,30,12,19,16,16,27,22,25
421712,0,1,1986,24,24,24,24,24,24,24,24,24,24
421712,1,1,1986,0,0,0,0,0,0,0,0,0,0
421713,1,1,1986,17,0,0,0,0,0,0,0,0,0
421713,2,1,1986,0,0,0,0,0,0,0,0,0,0
421714,1,1,1986,0,0,0,0,11,0,0,8,0,0
421714,2,1,1986,0,0,0,0,0,0,0,0,0,0
421715,1,1,1986,0,0,0,0,0,0,0,0,0,0
421716,1,1,1986,18,18,18,18,18,18,18,18,18,18
421717,1,1,1986,24,24,24,24,24,24,24,24,24,24
421717,2,1,1986,0,0,0,0,0,0,0,0,0,0
421718,0,1,1986,0,0,0,0,0,0,6,0,0,0
421718,1,1,1986,0,0,0,0,0,0,0,0,0,0
421719,0,1,1986,0,0,0,0,0,0,0,0,0,0
421719,1,1,1986,0,0,0,0,0,0,0,0,0,0
421720,0,1,1986,22,22,22,22,22,22,22,22,22,22
421720,1,1,1986,15,0,9,7,18,0,10,22,0,25
421721,1,1,1986,0,0,0,0,0,0,0,0,0,0
421722,0,1,1986,0,0,0,13,0,0,0,0,0,0
421722,1,1,1986,0,0,0,0,0,0,0,0,0,0
421723,1,1,1986,5,14,0,0,0,0,0,22,10,8
421723,2,1,1986,0,0,0,0,0,0,0,0,0,0
421724,0,1,1986,0,0,0,0,0,0,0,0,0,0
421724,1,1,1986,0,0,0,0,0,0,0,0,0,0
421725,1,1,1986,0,0,0,0,0,0,0,0,0,0
421725,2,1,1986,0,0,11,0,0,0,0,0,0,0
421726,1,1,1986,0,0,0,0,0,0,0,0,0,0
421726,2,1,1986,0,0,0,0,0,0,0,4,0,0
421727,0,1,1986,0,0,0,0,0,0,0,0,0,0
421727,1,1,1986,0,0,0,0,0,0,0,0,0,0
421728,1,1,1986,18,11,23,20,21,37,0,0,7,0
421729,1,1,1986,0,0,0,0,0,0,0,0,0,0
421729,2,1,1986,0,0,0,0,0,0,0,0,0,0
421730,1,1,1986,33,33,33,33,33,33,33,33,33,33
421731,1,1,1986,0,0,0,0,0,0,0,0,0,11
421731,2,1,1986,0,0,0,10,0,0,0,0,0,0
421731,3,1,1986,0,0,0,0,0,0,0,0,0,0
421731,4,1,1986,0,0,0,0,0,0,0,0,0,0
421732,0,1,1986,0,0,0,0,0,0,0,2,0,9
421732,1,1,1986,0,0,0,0,0,0,0,0,0,7
421733,1,1,1986,0,0,0,0,0,0,0,0,0,0