ST_CASE,VEH_NO,PER_NO,YEAR,P1,P2,P3,P4,P5,P6,P7,P8,P9,P10
421733,2,1,1986,2,2,2,2,2,2,2,2,2,2
421734,1,1,1986,0,0,0,0,0,0,0,0,0,0
421735,1,1,1986,0,0,0,0,0,0,0,0,0,0
421736,1,1,1986,11,11,11,11,11,11,11,11,11,11
421736,2,1,1986,0,0,0,0,0,0,0,0,0,0
421737,1,1,1986,19,19,19,19,19,19,19,19,19,19
421738,0,1,1986,0,0,0,0,0,0,0,0,0,0
421738,1,1,1986,0,0,0,0,0,0,0,0,0,0
421739,0,1,1986,22,28,12,0,31,15,18,21,7,24
421739,1,1,1986,0,0,0,12,0,0,0,0,0,0
421740,1,1,1986,0,0,0,13,0,0,0,0,0,0
421740,2,1,1986,0,0,0,0,0,0,0,0,0,0
421741,1,1,1986,0,0,0,0,0,0,0,0,0,0
421741,2,1,1986,0,0,0,0,15,0,0,0,0,0
421742,0,1,1986,0,0,0,0,0,0,0,0,0,0
421742,1,1,1986,0,0,0,0,0,0,0,0,0,0
421743,1,1,1986,15,15,15,15,15,15,15,15,15,15
421743,2,1,1986,0,0,0,0,0,0,0,0,0,5
421744,0,1,1986,0,0,0,0,0,0,0,0,0,0
421744,1,1,1986,0,0,0,0,0,27,0,0,0,0
421745,1,1,1986,32,32,32,32,32,32,32,32,32,32
421746,1,1,1986,0,0,0,0,22,0,0,0,0,15
421747,0,1,1986,0,0,0,0,0,0,0,0,0,0
421747,1,1,1986,0,0,0,0,0,0,0,0,0,0
421748,1,1,1986,16,0,0,0,0,0,0,24,0,0
421748,2,1,1986,0,0,0,0,0,0,0,0,0,0
421749,1,1,1986,0,0,0,0,0,0,0,0,6,0
421749,2,1,1986,0,0,0,0,0,0,0,0,0,0
421750,1,1,1986,18,18,18,18,18,18,18,18,18,18
421751,1,1,1986,0,0,0,0,0,0,0,0,0,0
421751,2,1,1986,0,0,0,0,0,0,0,0,0,0
421752,1,1,1986,0,0,0,0,17,18,7,0,0,0
421752,2,1,1986,0,0,0,0,0,0,0,0,0,0
421752,3,1,1986,0,0,0,0,0,0,0,0,0,0
421752,4,1,1986,30,0,23,12,0,9,0,15,6,10
421753,1,1,1986,0,0,0,0,0,0,0,0,0,0
421754,1,1,1986,0,0,0,0,0,0,0,0,0,0
421754,2,1,1986,0,0,9,4,0,0,0,0,0,0
421755,1,1,1986,31,21,16,0,17,5,0,20,22,13
421755,2,1,1986,0,0,0,0,0,0,0,0,0,0
421756,1,1,1986,41,41,41,41,41,41,41,41,41,41
440001,1,1,1986,0,0,0,0,0,0,0,0,0,0
440002,1,1,1986,7,8,31,6,11,4,13,10,11,11
440003,0,1,1986,0,0,0,0,16,0,0,0,0,0
440003,0,2,1986,0,0,0,0,0,0,0,0,0,0
440003,1,1,1986,17,0,8,0,0,0,0,0,0,0
440004,1,1,1986,14,14,14,14,14,14,14,14,14,14
440005,1,1,1986,15,15,15,15,15,15,15,15,15,15
440006,1,1,1986,0,0,0,0,0,0,0,12,0,0
440006,2,1,1986,0,0,0,0,0,0,0,0,0,0
440007,0,1,1986,0,0,0,0,0,0,0,0,0,0
440007,1,1,1986,0,0,0,0,0,0,0,0,0,0
440013,1,1,1986,12,12,12,12,12,12,12,12,12,12
440014,1,1,1986,2,2,2,2,2,2,2,2,2,2
440015,0,1,1986,8,8,8,8,8,8,8,8,8,8
440015,1,1,1986,0,0,0,0,0,0,0,0,0,8
440017,0,1,1986,0,0,0,0,0,0,0,0,0,0
440017,1,1,1986,0,0,0,0,0,0,0,0,0,0
440018,1,1,1986,16,16,16,16,16,16,16,16,16,16
440019,0,1,1986,0,0,0,0,0,0,0,0,0,0
440019,0,2,1986,0,5,0,4,10,17,0,0,12,18
440019,1,1,1986,0,18,18,19,12,20,0,0,0,8
440020,1,1,1986,0,0,0,0,0,0,0,0,0,0
440020,2,1,1986,0,0,0,0,0,0,0,0,0,0
440021,1,1,1986,0,3,17,0,0,0,0,0,0,0
440021,2,2,1986,0,0,0,0,0,0,0,0,0,0
440022,1,1,1986,12,0,0,2,0,0,0,0,0,11
440022,2,1,1986,23,23,23,23,23,23,23,23,23,23
440023,1,1,1986,10,10,10,10,10,10,10,10,10,10
440024,1,1,1986,6,6,6,6,6,6,6,6,6,6
440024,2,1,1986,0,0,0,0,0,0,0,0,0,0
440025,1,1,1986,16,16,16,16,16,16,16,16,16,16
440025,2,1,1986,0,0,0,0,0,0,0,0,0,0
440026,1,1,1986,21,21,21,21,21,21,21,21,21,21
440027,1,1,1986,0,0,0,0,0,5,0,0,12,0
440028,1,1,1986,12,12,12,12,12,12,12,12,12,12
440029,0,1,1986,0,0,0,0,0,0,16,0,0,0
440029,1,1,1986,19,21,21,11,15,22,0,19,8,21
440030,1,1,1986,0,0,0,0,0,0,0,0,0,0
440030,2,1,1986,0,0,0,0,0,0,0,0,20,0
440031,1,1,1986,12,22,15,0,29,20,17,26,9,0
440032,1,1,1986,6,10,27,21,21,18,15,3,27,10
440033,0,1,1986,11,0,8,11,0,0,3,0,0,7
440033,1,1,1986,5,15,15,19,14,9,7,9,8,12
440034,0,1,1986,27,13,0,0,19,52,0,0,0,10
440034,1,1,1986,0,0,12,0,10,0,0,0,0,0
440035,1,1,1986,21,21,21,21,21,21,21,21,21,21
440036,1,1,1986,18,18,18,18,18,18,18,18,18,18
440036,2,1,1986,0,0,0,0,0,0,0,0,0,11
440037,1,1,1986,16,15,16,0,26,19,0,32,0,27
440039,1,1,1986,19,19,19,19,19,19,19,19,19,19
440040,1,1,1986,0,0,0,0,0,0,0,0,0,0
440040,2,1,1986,9,0,0,0,0,0,0,0,0,21
440041,0,1,1986,0,0,0,0,0,0,0,0,0,0
440041,0,2,1986,0,0,3,0,0,0,0,0,0,0
440041,1,1,1986,0,0,0,9,0,0,0,0,0,0
440041,2,1,1986,0,0,15,0,0,0,0,0,17,0
440042,1,1,1986,0,0,0,0,0,0,0,0,0,0
440043,0,1,1986,5,5,5,5,5,5,5,5,5,5
440043,1,1,1986,0,0,0,0,0,0,0,0,0,0
440044,0,1,1986,0,0,0,0,0,0,0,0,0,0
440044,1,1,1986,0,0,0,0,0,0,0,0,0,0
440045,1,1,1986,5,5,5,5,5,5,5,5,5,5
440046,1,2,1986,10,0,6,15,27,15,8,26,17,27
440046,2,1,1986,0,0,0,4,0,0,0,0,0,0
440047,1,1,1986,11,0,0,13,13,14,0,10,14,0
440048,1,1,1986,0,0,0,0,0,0,0,0,0,0
440048,2,1,1986,0,0,17,0,0,0,0,0,7,26
440049,1,1,1986,0,17,0,21,0,0,0,0,19,8
440049,2,1,1986,0,0,0,0,0,0,0,0,0,0
440050,1,1,1986,0,0,11,0,0,0,0,0,0,0
440051,1,2,1986,13,12,18,3,6,14,16,7,16,21
440052,1,1,1986,14,11,22,0,0,24,7,12,0,0
440053,1,2,1986,12,0,0,15,15,0,12,0,0,5
440054,1,1,1986,0,0,0,0,10,0,0,17,0,11
440055,0,1,1986,0,0,0,0,0,0,0,0,0,0
440055,1,1,1986,0,20,0,0,0,0,0,0,3,0
440056,1,1,1986,0,0,0,18,0,0,0,0,0,0
440056,2,1,1986,7,12,5,6,9,11,0,0,0,0
440057,0,1,1986,0,0,0,0,0,0,0,0,0,0
440057,0,2,1986,3,0,16,0,26,0,12,0,19,0
440057,0,3,1986,37,0,14,0,11,10,11,0,0,0
440057,1,1,1986,11,17,8,6,17,22,7,2,14,11
440058,0,1,1986,0,0,0,0,0,0,0,0,0,0
440058,0,2,1986,0,20,0,0,0,0,5,0,0,0
440058,0,3,1986,0,14,0,0,0,0,19,0,0,0
440058,1,1,1986,0,0,11,0,13,11,0,0,8,0
440059,1,2,1986,22,23,18,19,11,18,13,16,24,12
440060,0,1,1986,0,0,0,0,0,0,0,0,0,0
440060,1,1,1986,0,0,0,0,0,0,0,0,0,0
440061,1,1,1986,0,0,0,0,11,0,0,0,20,0
440062,1,1,1986,26,0,30,17,18,31,19,17,26,13
440064,0,1,1986,18,18,18,18,18,18,18,18,18,18
440064,1,1,1986,15,16,7,17,0,16,16,21,16,15
440065,0,1,1986,26,19,14,0,23,19,0,0,15,26
440065,1,1,1986,0,21,12,11,13,0,0,17,0,0
440066,1,1,1986,25,20,0,18,8,9,19,16,15,20
440066,2,1,1986,0,0,0,0,0,0,0,0,0,0
440067,0,1,1986,46,0,0,0,0,0,16,0,27,0
440067,1,1,1986,0,6,0,0,0,0,0,0,0,0
440068,1,1,1986,15,15,15,15,15,15,15,15,15,15
440069,1,1,1986,0,0,0,0,0,0,0,0,0,0
440069,2,1,1986,0,0,0,0,0,0,0,0,0,0
440070,1,1,1986,6,9,0,15,7,10,7,11,0,17
440070,2,1,1986,0,0,0,0,0,0,0,0,0,0
440072,0,1,1986,0,0,0,0,0,0,0,0,0,0
440072,1,1,1986,0,0,4,7,0,0,0,0,0,0
440073,1,1,1986,0,0,0,8,0,0,0,0,0,0
440074,0,1,1986,0,0,0,0,0,0,0,0,0,0
440074,1,1,1986,0,0,0,0,0,0,0,0,0,0
440075,0,1,1986,0,0,0,9,0,11,0,7,13,0
440075,1,1,1986,28,9,14,9,6,13,9,4,7,18
440076,1,1,1986,19,21,26,29,10,26,9,22,22,15
440077,1,1,1986,13,13,13,13,13,13,13,13,13,13
440078,1,1,1986,0,0,0,0,0,0,0,0,0,2
440078,2,1,1986,17,21,16,23,18,17,17,20,10,25
440079,0,1,1986,35,22,17,31,30,19,21,22,20,16
440079,1,1,1986,0,16,0,0,0,0,6,0,0,0
440080,1,1,1986,0,0,0,0,0,0,0,0,0,0
440080,2,1,1986,0,0,0,0,0,0,0,0,0,0
440081,1,1,1986,7,7,7,7,7,7,7,7,7,7
440083,1,1,1986,0,0,0,0,0,0,0,0,0,0
440083,2,1,1986,0,0,0,0,0,0,0,0,14,0
440083,3,1,1986,0,0,5,0,0,0,0,0,0,25
440085,1,1,1986,13,13,16,8,24,19,25,14,17,28
440086,1,1,1986,0,0,17,0,0,2,0,0,0,0
440087,1,1,1986,0,0,0,0,0,0,0,0,0,0
440087,2,1,1986,7,0,0,0,0,0,0,0,13,0
440088,1,2,1986,0,0,7,17,0,10,8,10,5,6
440088,2,1,1986,0,0,12,0,0,0,0,0,0,0
440088,3,1,1986,0,0,0,0,0,0,0,9,0,0
440089,0,1,1986,0,19,8,10,28,29,11,22,22,9
440089,1,1,1986,18,36,18,10,18,7,17,16,34,29
440090,0,1,1986,21,15,0,23,25,24,23,0,13,0
440090,0,2,1986,0,27,13,0,23,0,29,24,10,7
440090,0,3,1986,0,0,12,0,7,0,19,0,34,17
440090,0,4,1986,35,14,15,12,6,21,0,13,10,0
440090,1,1,1986,15,12,21,8,13,5,22,17,11,0
440091,1,1,1986,0,0,0,0,0,0,0,0,0,0
440091,2,1,1986,0,0,0,0,0,0,0,0,0,0
440092,1,1,1986,3,12,24,12,8,17,17,13,32,7
440093,1,2,1986,12,12,12,12,12,12,12,12,12,12
440094,1,1,1986,37,37,37,37,37,37,37,37,37,37
440094,2,1,1986,0,0,0,0,0,0,0,0,0,0
440095,1,1,1986,0,0,19,0,0,22,10,28,0,13
440096,1,1,1986,0,0,0,0,0,0,0,0,0,0
440097,1,1,1986,24,19,28,10,16,23,0,21,28,16
440097,2,1,1986,6,0,0,0,5,8,0,9,0,0
440098,1,1,1986,0,0,0,0,0,0,0,0,0,0
440098,2,1,1986,0,0,0,0,0,0,0,0,0,0
440099,0,1,1986,0,0,0,0,0,0,0,0,0,0
440099,1,1,1986,29,22,16,20,11,9,8,13,27,23
440100,1,1,1986,24,24,24,24,24,24,24,24,24,24
440101,1,1,1986,21,0,11,12,15,24,11,35,21,0
440102,0,1,1986,19,0,19,0,0,0,0,0,0,0
440102,0,2,1986,0,0,0,0,0,0,0,0,0,0
440102,1,1,1986,0,0,0,0,0,0,0,0,0,0
440102,2,1,1986,8,0,0,0,0,0,0,0,0,0
440103,1,1,1986,0,14,12,20,16,13,10,26,14,14
440104,1,1,1986,0,0,0,0,0,0,0,0,0,0
440105,1,1,1986,5,5,5,5,5,5,5,5,5,5
440106,1,1,1986,0,23,30,16,13,18,20,23,18,21
440106,2,1,1986,0,0,0,0,0,0,0,0,0,0
440107,1,1,1986,0,0,0,0,0,0,0,0,0,0
440107,2,1,1986,11,11,11,11,11,11,11,11,11,11
440108,0,1,1986,0,0,20,0,15,0,27,26,0,0
440108,0,2,1986,0,0,5,0,0,0,0,0,9,0
440108,1,1,1986,15,14,20,28,29,7,0,17,20,17
440109,1,1,1986,3,20,12,6,17,0,8,8,8,0
440110,1,1,1986,5,5,5,5,5,5,5,5,5,5
440110,2,1,1986,0,11,0,13,0,0,10,0,0,0
440111,1,1,1986,19,25,0,33,0,11,18,19,11,35
440112,1,1,1986,0,0,0,0,0,0,0,0,22,4
440113,1,1,1986,25,19,13,11,31,20,23,23,7,5
440114,1,1,1986,5,17,15,19,13,18,8,4,11,6
440115,0,1,1986,0,7,0,0,0,0,0,0,19,0
440115,1,1,1986,0,0,0,0,0,0,0,0,0,0
440116,0,1,1986,0,0,0,0,0,0,14,0,0,10
440116,1,1,1986,38,12,10,4,0,0,25,0,9,17
440117,1,1,1986,18,7,13,24,0,12,21,13,6,21
440117,2,1,1986,0,21,0,0,4,0,6,0,26,0
440117,3,1,1986,0,0,0,0,0,0,0,0,0,0
440118,1,1,1986,0,0,0,0,10,0,0,0,0,13
440118,2,1,1986,0,6,0,0,0,0,0,0,0,3
440119,1,1,1986,23,0,14,26,23,20,5,0,5,0
440121,0,1,1986,1,1,1,1,1,1,1,1,1,1
440121,1,1,1986,13,13,20,25,0,23,19,5,34,21
440122,1,1,1986,17,6,0,17,15,10,9,47,10,16
440123,1,1,1986,0,0,0,0,0,0,0,0,0,0
440123,2,1,1986,0,0,0,0,0,0,0,0,0,0
440124,1,1,1986,0,0,0,0,0,0,0,0,0,0
440124,2,1,1986,0,0,0,0,0,0,0,0,0,0
440124,3,1,1986,0,0,0,0,0,0,0,0,0,0
440125,1,1,1986,0,16,0,0,12,0,0,0,0,0
440125,2,1,1986,17,17,17,17,17,17,17,17,17,17
440126,0,1,1986,0,0,0,0,0,0,0,0,0,0
440126,1,1,1986,0,39,23,11,6,0,0,3,39,19
440127,1,1,1986,24,24,24,24,24,24,24,24,24,24
440127,2,1,1986,5,11,49,6,3,13,0,22,12,11
450001,1,1,1986,2,2,2,2,2,2,2,2,2,2
450001,2,1,1986,5,7,12,12,13,22,9,17,20,12
450001,3,1,1986,4,0,21,16,0,0,0,0,0,0
450002,1,1,1986,3,3,3,3,3,3,3,3,3,3
450003,1,1,1986,3,11,16,43,0,5,20,25,21,7
450003,2,1,1986,16,16,16,16,16,16,16,16,16,16
450004,0,1,1986,0,0,21,0,0,0,0,0,0,0
450004,1,1,1986,0,0,0,0,0,0,19,0,0,0
450005,1,1,1986,0,0,0,0,0,0,0,0,0,0
450005,2,1,1986,0,0,0,12,0,0,0,0,0,0
450007,0,1,1986,2,2,2,2,2,2,2,2,2,2
450007,1,1,1986,0,0,0,0,0,0,0,0,0,5
450008,1,1,1986,2,2,2,2,2,2,2,2,2,2
450009,1,1,1986,0,0,0,0,0,0,0,0,0,0
450009,2,1,1986,0,0,0,0,0,0,0,0,0,0
450010,1,1,1986,15,0,22,0,0,0,0,0,0,5
450010,2,1,1986,0,0,0,0,0,0,0,0,0,0
450010,3,1,1986,0,0,0,0,0,0,0,0,0,10
450010,4,1,1986,0,0,0,0,0,0,0,0,0,0
450011,0,1,1986,17,17,17,17,17,17,17,17,17,17
450011,1,1,1986,0,0,0,0,0,0,0,0,0,0
450012,1,1,1986,0,8,0,0,0,0,0,16,0,0
450013,0,1,1986,15,15,15,15,15,15,15,15,15,15
450013,1,1,1986,0,0,0,0,5,0,13,0,0,0
450014,1,1,1986,0,0,0,0,0,0,0,0,0,0
450014,2,1,1986,0,0,0,0,0,0,0,0,0,0
450015,1,1,1986,6,6,6,6,6,6,6,6,6,6
450016,1,1,1986,0,0,0,0,0,0,0,0,0,0
450016,2,1,1986,0,0,0,0,0,0,0,0,0,0
450017,1,1,1986,17,0,29,19,24,27,14,19,0,0
450018,1,1,1986,0,0,0,0,0,0,0,0,0,0
450018,2,1,1986,0,0,0,0,0,0,0,0,0,0
450019,1,1,1986,18,10,17,21,15,0,11,11,21,25
450020,0,1,1986,0,0,0,0,0,0,0,0,0,0
450020,1,1,1986,0,0,0,0,0,0,0,0,0,0
450021,1,1,1986,0,0,0,0,0,0,0,0,0,0
450022,1,1,1986,8,28,16,34,28,17,16,20,39,9
450023,0,1,1986,0,0,0,0,0,0,0,0,0,0
450023,1,1,1986,0,0,0,0,0,23,0,0,0,0
450024,1,1,1986,0,0,0,0,0,0,21,0,0,0
450024,2,1,1986,18,28,16,13,28,0,10,8,9,13
450025,1,1,1986,7,7,7,7,7,7,7,7,7,7
450025,2,1,1986,6,6,6,6,6,6,6,6,6,6
450026,1,1,1986,0,0,0,0,0,0,0,0,0,0
450026,2,1,1986,0,0,0,0,0,0,0,0,0,0
450027,1,1,1986,12,12,12,12,12,12,12,12,12,12
450028,1,1,1986,0,0,0,12,4,0,0,0,0,0
450028,2,1,1986,24,28,0,23,19,15,0,0,10,0
450030,1,1,1986,0,7,11,0,0,7,0,0,0,0
450031,0,1,1986,2,2,2,2,2,2,2,2,2,2
450031,1,1,1986,12,0,0,0,0,0,0,0,0,0
450032,1,1,1986,14,9,8,12,17,0,20,10,15,13
450032,2,1,1986,33,33,33,33,33,33,33,33,33,33
450033,1,1,1986,0,0,0,0,0,26,0,16,0,0
450034,1,1,1986,2,2,2,2,2,2,2,2,2,2
450035,1,1,1986,18,0,0,0,0,15,0,0,0,10
450035,2,1,1986,0,0,0,0,0,0,0,0,0,0
450036,0,1,1986,30,39,19,10,20,25,0,0,0,0
450036,1,1,1986,0,0,38,12,0,7,0,0,0,0
450037,1,1,1986,0,0,0,0,0,0,0,7,0,0
450038,1,1,1986,0,0,0,0,0,0,0,0,0,0
450039,1,1,1986,24,29,16,15,29,25,24,24,13,29
450040,1,1,1986,0,20,0,11,6,0,0,0,0,0
450040,2,1,1986,17,17,17,17,17,17,17,17,17,17
450041,1,1,1986,0,0,0,0,0,0,0,0,0,0
450042,1,1,1986,0,0,0,0,0,0,0,0,0,0
450042,2,1,1986,20,0,0,0,0,0,11,0,0,0
450043,1,1,1986,0,15,20,0,0,0,0,15,0,0
450043,2,1,1986,12,12,12,12,12,12,12,12,12,12
450044,1,1,1986,17,17,17,17,17,17,17,17,17,17
450045,1,1,1986,0,15,0,7,0,9,9,14,17,9
450046,1,1,1986,0,24,9,0,0,16,15,18,0,0
450046,2,1,1986,0,12,0,0,0,0,0,0,0,0
450047,1,1,1986,0,0,7,0,0,0,0,0,0,0
450047,2,1,1986,3,3,3,3,3,3,3,3,3,3
450048,1,1,1986,0,0,0,0,0,0,0,0,0,0
450048,2,1,1986,17,0,0,0,0,0,0,0,0,0
450049,1,1,1986,19,15,32,6,12,0,18,15,19,7
450049,2,1,1986,0,0,0,0,24,9,0,0,0,0
450050,1,1,1986,15,0,4,8,6,0,0,0,16,0
450050,2,1,1986,0,0,10,0,0,0,0,0,0,0
450051,1,1,1986,3,18,20,22,8,11,13,13,18,21
450052,1,1,1986,15,9,0,0,20,0,0,19,24,21
450053,1,1,1986,14,14,14,14,14,14,14,14,14,14
450054,1,1,1986,22,22,22,22,22,22,22,22,22,22
450054,2,1,1986,0,0,0,0,0,0,0,0,0,0
450055,1,1,1986,6,0,0,0,0,0,9,0,0,0
450055,2,1,1986,0,0,0,0,0,0,0,0,0,0
450056,1,1,1986,0,0,0,0,0,0,0,0,0,0
450056,2,1,1986,0,0,0,0,0,0,0,0,0,0
450057,1,1,1986,0,17,7,0,0,0,19,0,0,7
450058,1,1,1986,13,17,18,21,32,11,26,23,14,13
450060,0,1,1986,19,15,27,20,18,13,13,9,6,15
450060,1,1,1986,21,25,0,0,19,0,0,0,15,0
450060,2,1,1986,0,0,0,0,0,0,0,0,7,0
450061,1,1,1986,4,4,4,4,4,4,4,4,4,4
450062,1,1,1986,0,0,0,0,0,0,0,0,0,0
450063,1,1,1986,12,12,12,12,12,12,12,12,12,12
450064,1,1,1986,28,28,28,28,28,28,28,28,28,28
450065,1,1,1986,0,0,0,0,0,0,0,0,0,0
450066,1,1,1986,0,10,0,9,5,0,0,8,0,0
450066,2,1,1986,20,20,20,20,20,20,20,20,20,20
450067,1,1,1986,0,0,0,0,0,0,0,0,0,0
450067,2,1,1986,0,14,0,0,0,0,0,0,0,0
450068,1,1,1986,19,19,19,19,19,19,19,19,19,19
450069,0,1,1986,0,0,0,0,0,0,0,8,0,0
450069,1,1,1986,0,0,0,0,0,0,0,0,0,0
450070,1,1,1986,26,0,0,0,0,0,0,0,14,0
450070,2,1,1986,0,20,0,0,0,0,0,0,0,0
450071,1,1,1986,26,26,26,26,26,26,26,26,26,26
450072,1,1,1986,5,5,5,5,5,5,5,5,5,5
450073,1,1,1986,0,0,0,0,0,0,0,0,0,15
450073,2,1,1986,27,18,12,16,23,10,8,16,5,8
450074,0,1,1986,0,0,0,0,0,0,0,0,0,0
450074,1,1,1986,0,0,0,0,11,0,0,0,0,0
450075,1,1,1986,18,18,18,18,18,18,18,18,18,18
450076,1,1,1986,0,11,0,26,15,0,0,21,11,0
450076,2,1,1986,12,8,15,12,17,7,10,15,24,22
450077,1,1,1986,17,11,11,7,20,16,8,10,12,28
450077,2,1,1986,0,9,0,0,0,0,0,0,0,0
450078,1,1,1986,19,5,16,13,8,11,5,26,18,15
450079,0,1,1986,0,0,0,0,0,0,0,0,15,0
450079,1,1,1986,0,0,0,0,0,0,0,0,0,12
450080,1,1,1986,7,16,16,37,9,37,29,9,16,13
450080,2,1,1986,0,0,0,0,0,0,0,0,0,0
450081,0,1,1986,27,27,27,27,27,27,27,27,27,27
450081,1,1,1986,0,0,0,0,0,0,0,0,8,11
450082,1,1,1986,14,13,9,0,0,0,0,0,0,5
450083,1,1,1986,0,0,0,0,0,0,0,0,15,0
450084,1,1,1986,6,38,18,0,10,15,0,11,16,32
450085,1,1,1986,7,0,0,0,10,23,0,7,0,0
450085,2,1,1986,0,0,0,0,0,0,0,0,0,0
450086,0,1,1986,0,0,0,0,0,0,0,0,0,0
450086,1,1,1986,0,0,0,0,0,0,0,0,0,0
450087,1,1,1986,0,0,0,0,0,0,0,0,0,0
450088,1,1,1986,26,26,26,26,26,26,26,26,26,26
450089,1,1,1986,0,23,26,8,25,0,28,28,24,15
450089,2,1,1986,23,23,23,23,23,23,23,23,23,23
450090,1,1,1986,12,12,12,12,12,12,12,12,12,12
450090,2,1,1986,12,13,13,20,27,20,26,21,13,23
450091,1,1,1986,16,16,16,16,16,16,16,16,16,16
450092,0,1,1986,0,0,0,0,0,0,0,0,0,0
450092,1,1,1986,0,0,10,0,19,0,0,0,0,0
450093,1,1,1986,2,2,2,2,2,2,2,2,2,2
450093,2,1,1986,0,0,0,0,0,0,0,0,17,0
450094,1,1,1986,0,0,0,0,0,0,0,0,0,0
450094,2,1,1986,0,0,0,0,0,0,0,0,0,0
450095,1,1,1986,0,0,0,0,0,0,0,0,0,0
450096,1,1,1986,0,0,0,19,0,24,0,0,0,0
450096,2,1,1986,0,0,0,0,0,0,0,0,0,0
450097,1,1,1986,18,18,18,18,18,18,18,18,18,18
450098,1,1,1986,0,0,0,0,0,14,0,0,0,0
450098,2,1,1986,8,0,0,0,0,0,0,0,0,0
450099,1,1,1986,0,0,0,14,0,0,0,0,0,0
450100,1,1,1986,12,12,12,12,12,12,12,12,12,12
450101,1,1,1986,0,0,0,0,0,0,0,0,0,0
450101,2,1,1986,32,0,0,21,24,0,25,0,17,6
450101,3,1,1986,0,0,0,0,0,0,5,0,13,0
450102,0,1,1986,0,21,0,16,10,0,0,0,0,25
450102,1,1,1986,0,0,0,0,0,0,0,0,0,0
450103,1,1,1986,0,0,0,0,0,0,0,0,0,0
450103,2,1,1986,0,0,0,0,0,0,0,0,0,0
450104,1,1,1986,21,21,21,21,21,21,21,21,21,21
450104,2,1,1986,14,0,18,27,6,0,4,8,15,22
450106,0,1,1986,24,0,10,0,0,0,0,0,0,0
450106,1,1,1986,15,13,0,0,0,0,0,0,0,0
450107,0,1,1986,0,0,0,0,0,0,0,0,0,27
450107,1,1,1986,18,18,18,18,18,18,18,18,18,18
450108,1,1,1986,0,12,0,7,0,0,0,0,33,12
450108,2,1,1986,0,0,0,0,0,0,0,0,0,0
450109,1,1,1986,0,0,0,0,0,0,0,0,0,0
450109,2,1,1986,0,0,0,0,0,0,0,0,0,0
450110,1,1,1986,0,0,0,0,0,0,0,0,0,0
450111,0,1,1986,20,20,20,20,20,20,20,20,20,20
450111,1,1,1986,0,0,0,0,0,10,14,11,0,0
450112,1,1,1986,17,16,23,14,10,18,25,11,15,23
450113,0,1,1986,16,19,24,0,11,26,26,13,36,9
450113,1,1,1986,7,7,7,7,7,7,7,7,7,7
450114,1,1,1986,0,0,0,0,0,0,0,0,0,0
450115,1,1,1986,17,26,16,0,0,14,5,0,15,22
450115,2,1,1986,0,0,0,0,0,0,3,0,0,0
450116,0,1,1986,0,0,13,0,0,0,0,0,0,0
450116,1,1,1986,31,31,31,31,31,31,31,31,31,31
450117,1,1,1986,22,22,22,22,22,22,22,22,22,22
450118,1,1,1986,0,23,29,19,20,22,0,24,18,22
450119,1,1,1986,0,0,0,0,0,0,0,0,0,0
450119,2,1,1986,0,0,0,0,0,0,0,0,0,0
450119,3,1,1986,0,12,7,0,0,0,0,0,0,0
450120,1,1,1986,18,18,18,18,18,18,18,18,18,18
450121,0,1,1986,14,34,13,0,17,25,0,0,0,17
450121,1,1,1986,0,0,0,0,0,0,0,0,0,22
450122,1,1,1986,7,9,2,9,8,8,18,9,9,10
450123,1,1,1986,8,8,8,8,8,8,8,8,8,8
450124,1,1,1986,6,6,6,6,6,6,6,6,6,6
450125,1,1,1986,0,0,0,0,0,0,0,0,0,0
450125,2,1,1986,0,0,0,0,0,0,0,0,0,0
450126,1,1,1986,6,6,6,6,6,6,6,6,6,6
450127,1,1,1986,13,0,0,2,0,15,0,20,23,14
450127,2,1,1986,23,23,23,23,23,23,23,23,23,23
450128,1,1,1986,0,0,0,0,0,0,0,0,0,0
450129,1,1,1986,0,0,0,0,0,0,0,0,0,0
450129,2,1,1986,0,0,0,0,0,0,0,0,0,0
450130,1,1,1986,12,12,12,12,12,12,12,12,12,12
450131,1,1,1986,16,16,16,16,16,16,16,16,16,16
450133,1,1,1986,0,0,0,0,0,0,0,0,0,0
450133,2,1,1986,14,19,16,4,28,16,34,10,9,25
450134,1,1,1986,0,0,0,6,30,0,0,14,9,10
450135,1,1,1986,21,0,0,18,0,0,0,0,0,16
450136,1,1,1986,0,0,0,0,7,0,0,0,0,0
450137,1,1,1986,1,1,1,1,1,1,1,1,1,1
450138,1,1,1986,16,9,0,0,0,0,3,0,16,0
450139,1,1,1986,8,0,18,0,6,0,0,0,6,0
450140,1,1,1986,28,28,28,28,28,28,28,28,28,28
450141,0,1,1986,0,0,0,0,0,0,0,0,0,0
450141,1,1,1986,0,0,0,0,0,34,25,0,0,0
450142,1,1,1986,0,0,0,0,0,0,0,0,0,11
450142,2,1,1986,0,0,0,0,0,0,0,0,0,0