ST_CASE,VEH_NO,PER_NO,YEAR,P1,P2,P3,P4,P5,P6,P7,P8,P9,P10
450143,1,1,1986,0,0,0,0,0,0,0,0,0,0
450143,2,1,1986,0,0,10,0,9,13,16,13,0,0
450144,1,1,1986,0,0,0,0,0,0,0,0,0,0
450144,2,1,1986,0,0,0,0,0,0,0,0,14,0
450145,1,1,1986,0,0,0,26,12,16,0,0,0,0
450145,2,1,1986,20,13,16,8,14,4,21,7,21,6
450146,1,1,1986,6,0,0,10,19,0,0,0,0,0
450147,1,1,1986,0,4,0,0,0,0,0,0,0,0
450148,1,1,1986,0,0,0,0,0,0,0,0,0,0
450148,2,1,1986,0,0,0,0,0,0,0,0,0,0
450148,3,1,1986,0,0,0,0,0,0,0,0,0,0
450149,1,1,1986,24,24,24,24,24,24,24,24,24,24
450152,1,1,1986,0,0,0,0,0,4,0,0,0,0
450152,2,1,1986,0,0,0,0,0,0,0,0,0,0
450153,1,1,1986,0,0,0,0,0,0,0,0,0,0
450153,2,1,1986,0,0,0,0,0,0,0,0,0,0
450154,1,1,1986,0,0,0,0,0,0,0,0,0,0
450154,2,1,1986,0,10,9,0,0,0,0,3,0,0
450155,1,1,1986,12,12,12,12,12,12,12,12,12,12
450156,1,1,1986,9,9,9,9,9,9,9,9,9,9
450157,0,1,1986,0,0,0,0,0,0,0,0,0,0
450158,1,1,1986,13,0,0,0,0,12,9,0,0,0
450159,1,1,1986,21,21,21,21,21,21,21,21,21,21
450160,1,1,1986,0,18,10,0,6,0,0,0,2,0
450160,2,1,1986,0,7,4,7,5,14,0,19,0,0
450161,1,1,1986,25,7,16,3,6,11,6,22,5,18
450162,1,1,1986,9,21,9,26,16,9,12,21,20,21
450163,1,1,1986,0,0,0,0,0,0,0,0,0,0
450164,1,1,1986,31,9,19,14,23,24,22,19,29,19
450165,0,1,1986,0,0,0,0,0,0,0,0,0,0
450165,1,1,1986,6,6,6,6,6,6,6,6,6,6
450166,1,1,1986,17,17,17,17,17,17,17,17,17,17
450167,1,1,1986,18,18,18,18,18,18,18,18,18,18
450168,1,1,1986,0,0,0,0,0,0,24,0,0,0
450168,2,1,1986,11,11,27,0,25,28,19,5,35,14
450169,1,1,1986,0,0,0,18,0,0,0,0,0,0
450169,2,1,1986,0,0,0,0,0,0,0,0,0,0
450170,1,1,1986,12,12,12,12,12,12,12,12,12,12
450171,1,1,1986,15,15,15,15,15,15,15,15,15,15
450172,1,1,1986,22,22,22,22,22,22,22,22,22,22
450172,2,1,1986,0,0,0,0,0,0,10,27,0,0
450173,1,1,1986,20,20,20,20,20,20,20,20,20,20
450174,1,1,1986,0,17,12,0,10,0,17,21,22,0
450175,1,1,1986,0,0,0,0,0,0,0,0,0,0
450175,2,1,1986,0,0,0,0,0,0,0,0,0,0
450177,1,1,1986,0,0,0,0,0,0,0,0,0,0
450177,2,1,1986,0,0,9,0,0,0,0,0,0,0
450178,1,1,1986,0,0,0,0,14,0,0,0,0,0
450178,2,1,1986,0,0,0,0,0,0,10,0,0,17
450179,1,1,1986,12,12,12,12,12,12,12,12,12,12
450180,1,1,1986,12,12,12,12,12,12,12,12,12,12
450182,1,1,1986,0,0,0,0,0,0,0,0,0,0
450183,1,1,1986,0,0,0,0,0,0,0,0,0,0
450183,2,1,1986,15,20,0,19,12,12,20,24,14,11
450184,1,1,1986,0,0,0,0,4,0,0,0,0,0
450185,0,1,1986,0,0,15,0,0,18,26,17,0,0
450185,1,1,1986,0,0,0,0,0,0,0,0,0,13
450186,1,1,1986,0,18,0,0,0,0,0,11,0,0
450186,2,1,1986,17,17,17,17,17,17,17,17,17,17
450187,1,1,1986,0,0,0,0,0,0,0,19,0,0
450187,2,1,1986,0,0,0,0,0,0,0,0,0,0
450188,1,1,1986,4,4,4,4,4,4,4,4,4,4
450189,1,1,1986,18,18,18,18,18,18,18,18,18,18
450190,1,1,1986,18,18,18,18,18,18,18,18,18,18
450191,0,1,1986,15,0,37,0,22,0,0,0,35,0
450191,1,1,1986,0,0,3,0,0,0,0,0,0,0
450192,0,1,1986,12,12,12,12,12,12,12,12,12,12
450192,1,1,1986,44,9,33,11,8,12,0,10,6,14
450193,1,1,1986,0,17,0,14,13,7,0,0,0,0
450194,1,1,1986,0,0,0,0,0,0,0,0,0,0
450194,2,1,1986,0,0,0,0,0,18,0,0,0,2
450195,1,1,1986,0,0,0,0,0,0,0,0,0,0
450196,0,1,1986,0,0,0,17,0,0,0,0,0,0
450196,1,1,1986,0,0,0,0,0,0,0,0,0,0
450197,1,1,1986,12,12,12,12,12,12,12,12,12,12
450198,1,1,1986,18,18,18,18,18,18,18,18,18,18
450199,0,1,1986,3,13,30,11,16,9,7,0,0,9
450199,1,1,1986,12,12,12,12,12,12,12,12,12,12
450200,1,1,1986,0,0,0,0,0,0,12,0,0,0
450200,2,1,1986,14,22,0,0,0,0,0,0,0,5
450200,3,1,1986,17,0,0,0,17,0,12,12,0,0
450201,1,1,1986,21,21,21,21,21,21,21,21,21,21
450202,1,1,1986,30,30,30,30,30,30,30,30,30,30
450203,1,1,1986,4,4,4,4,4,4,4,4,4,4
450204,1,1,1986,0,9,0,0,0,0,0,0,0,0
450204,2,1,1986,9,0,0,0,0,0,0,0,0,0
450205,0,1,1986,21,0,0,0,0,0,0,0,0,0
450205,1,1,1986,0,0,0,0,0,12,0,0,0,0
450206,0,1,1986,20,20,20,20,20,20,20,20,20,20
450206,1,1,1986,0,0,0,0,15,0,0,7,0,0
450207,1,1,1986,18,18,18,18,18,18,18,18,18,18
450208,1,1,1986,5,5,5,5,5,5,5,5,5,5
450209,1,1,1986,18,18,18,18,18,18,18,18,18,18
450210,1,1,1986,0,0,0,0,0,0,0,0,0,0
450210,2,1,1986,0,8,0,0,0,0,0,0,0,0
450212,1,1,1986,0,26,0,8,0,0,19,0,0,0
450213,1,1,1986,10,10,10,10,10,10,10,10,10,10
450214,1,1,1986,0,0,5,0,0,6,0,0,0,12
450215,1,1,1986,0,0,17,0,0,0,0,0,0,0
450216,1,1,1986,36,10,41,20,20,10,12,29,20,13
450217,1,1,1986,0,0,0,0,0,0,0,0,0,0
450217,2,1,1986,0,0,0,0,13,0,0,0,0,0
450218,1,1,1986,0,0,0,0,0,0,0,0,0,0
450218,2,1,1986,0,0,0,0,0,0,0,0,0,0
450219,1,1,1986,0,0,0,0,0,0,0,0,0,0
450220,1,1,1986,11,11,11,11,11,11,11,11,11,11
450221,1,1,1986,18,18,18,18,18,18,18,18,18,18
450221,2,1,1986,0,0,0,0,0,0,0,0,0,0
450222,0,1,1986,0,0,0,0,8,10,0,19,0,0
450222,1,1,1986,0,0,0,0,0,0,0,0,0,0
450223,1,1,1986,0,0,0,0,0,0,0,0,0,0
450224,1,1,1986,0,0,0,24,0,0,15,0,0,0
450224,2,1,1986,0,0,0,0,0,0,0,0,0,0
450225,1,1,1986,18,20,13,33,13,16,14,11,27,37
450226,0,1,1986,0,0,7,0,0,0,0,0,0,0
450226,0,2,1986,0,0,0,0,0,0,0,0,0,0
450226,1,1,1986,8,4,0,0,0,0,0,0,0,0
450227,1,1,1986,18,18,18,18,18,18,18,18,18,18
450228,1,1,1986,0,0,0,0,0,0,0,0,0,0
450228,2,1,1986,10,0,0,0,0,0,0,0,0,0
450229,1,1,1986,0,0,14,0,0,0,5,0,13,0
450229,2,1,1986,13,14,0,15,0,22,18,8,12,18
450230,1,1,1986,20,10,9,8,24,25,6,18,16,8
450231,1,1,1986,12,12,12,12,12,12,12,12,12,12
450232,0,1,1986,24,16,0,0,0,15,13,0,20,26
450232,1,1,1986,0,0,2,6,18,0,0,2,0,0
450233,1,1,1986,12,0,0,5,0,0,0,0,0,0
450234,1,1,1986,0,25,38,9,0,15,17,13,13,30
450235,1,1,1986,0,0,0,0,0,0,0,0,0,0
450237,1,1,1986,0,0,0,9,0,16,25,11,0,0
450237,2,1,1986,18,18,18,18,18,18,18,18,18,18
450238,1,1,1986,12,12,12,12,12,12,12,12,12,12
450238,2,1,1986,0,0,0,0,0,19,0,19,0,15
450239,1,1,1986,0,0,0,0,0,0,0,0,0,0
450239,2,1,1986,16,16,16,16,16,16,16,16,16,16
450240,1,1,1986,19,19,19,19,19,19,19,19,19,19
450241,1,1,1986,29,29,29,29,29,29,29,29,29,29
450242,1,1,1986,0,0,0,0,0,0,0,0,0,0
450242,2,1,1986,18,18,18,18,18,18,18,18,18,18
450243,1,1,1986,29,29,29,29,29,29,29,29,29,29
450244,1,1,1986,6,6,6,6,6,6,6,6,6,6
450244,2,1,1986,58,0,12,0,7,6,6,29,4,9
450245,1,1,1986,32,32,32,32,32,32,32,32,32,32
450246,1,1,1986,0,0,0,0,0,0,0,0,0,0
450247,1,1,1986,0,0,0,0,0,0,0,0,0,0
450247,2,1,1986,5,0,12,0,0,0,0,0,13,0
450248,1,1,1986,19,5,19,27,27,23,5,24,15,11
450249,1,1,1986,20,20,20,20,20,20,20,20,20,20
450250,1,1,1986,0,0,0,0,0,0,0,0,0,13
450250,2,1,1986,0,0,0,0,0,0,0,0,0,0
450250,3,1,1986,0,0,0,0,0,8,0,0,0,0
450251,0,1,1986,0,12,14,0,18,13,5,0,0,18
450251,1,1,1986,0,11,0,0,11,0,0,12,0,0
450252,1,1,1986,0,0,0,0,0,0,0,0,0,0
450252,2,1,1986,0,0,0,0,0,0,0,0,0,0
450253,1,1,1986,28,28,28,28,28,28,28,28,28,28
450254,0,1,1986,0,0,0,0,0,0,0,0,0,0
450254,1,1,1986,9,9,9,9,9,9,9,9,9,9
450255,1,1,1986,0,14,0,0,0,0,0,0,0,0
450255,2,1,1986,0,0,0,0,0,0,0,0,0,0
450256,0,1,1986,0,0,0,0,0,0,0,0,0,0
450256,1,1,1986,0,0,0,0,23,13,14,0,0,4
450257,1,1,1986,19,19,19,19,19,19,19,19,19,19
450258,1,1,1986,0,0,0,0,0,0,11,0,0,0
450258,2,1,1986,0,6,25,25,0,0,5,0,11,36
450259,1,1,1986,0,0,0,10,17,0,0,0,0,4
450260,1,1,1986,14,0,17,5,21,8,14,30,6,16
450260,2,1,1986,0,0,0,0,0,0,0,0,0,0
450261,1,1,1986,19,7,19,0,0,0,6,0,0,0
450261,2,1,1986,0,0,4,0,25,10,0,21,0,0
450261,3,1,1986,8,8,8,8,8,8,8,8,8,8
450262,1,1,1986,0,18,0,0,0,0,0,0,0,0
450262,2,1,1986,0,0,0,9,0,0,0,0,0,15
450263,1,1,1986,0,13,0,0,0,0,0,0,0,0
450264,1,1,1986,29,29,29,29,29,29,29,29,29,29
450265,1,1,1986,0,0,0,0,0,0,0,11,0,0
450265,2,1,1986,0,0,0,0,0,0,0,0,0,0
450265,3,1,1986,0,0,0,20,0,0,0,0,0,0
450267,1,1,1986,0,10,0,25,0,6,5,0,6,0
450268,1,1,1986,20,16,0,27,20,30,26,25,0,0
450269,1,1,1986,23,23,23,23,23,23,23,23,23,23
450269,2,1,1986,0,0,0,0,0,0,0,0,0,0
450270,1,1,1986,0,0,0,0,0,0,0,0,0,0
450270,2,1,1986,0,0,0,0,0,0,0,0,0,0
450271,1,1,1986,0,0,0,0,0,0,0,0,0,0
450271,2,1,1986,0,0,0,0,0,0,0,0,0,0
450271,3,1,1986,0,0,0,0,0,0,0,0,0,0
450271,4,1,1986,0,0,17,0,0,30,0,0,0,0
450272,1,1,1986,0,0,0,0,0,0,0,0,0,9
450272,2,1,1986,20,20,20,20,20,20,20,20,20,20
450273,1,1,1986,18,20,0,23,30,16,0,0,13,17
450275,1,1,1986,0,0,0,0,6,0,0,0,0,5
450275,2,1,1986,0,0,0,0,0,0,0,0,0,0
450276,0,1,1986,40,40,40,40,40,40,40,40,40,40
450276,1,1,1986,9,0,0,0,0,0,0,0,0,0
450277,1,1,1986,18,0,0,15,0,0,29,19,0,0
450278,1,1,1986,0,0,0,0,0,0,0,0,0,0
450279,1,1,1986,0,0,0,0,0,0,0,0,0,0
450279,2,1,1986,0,0,0,0,0,0,0,0,0,0
450280,1,1,1986,11,4,11,20,28,4,19,25,10,7
450281,1,1,1986,0,0,0,0,0,0,0,0,0,0
450281,2,1,1986,8,8,8,8,8,8,8,8,8,8
450282,1,1,1986,21,19,20,14,26,6,16,7,18,16
450283,1,1,1986,0,0,0,0,0,0,0,14,0,0
450283,2,1,1986,16,16,16,16,16,16,16,16,16,16
450284,1,1,1986,7,0,6,0,17,25,6,16,6,5
450285,0,1,1986,0,0,27,0,23,0,36,0,15,42
450285,1,1,1986,0,5,7,27,4,11,14,9,36,9
450286,1,1,1986,0,7,34,18,21,0,31,23,12,13
450286,2,1,1986,11,18,0,20,24,15,11,4,15,25
450287,0,1,1986,0,0,0,0,0,0,0,0,0,0
450287,1,1,1986,0,0,0,0,0,0,0,0,0,0
450288,1,1,1986,16,16,16,16,16,16,16,16,16,16
450289,1,1,1986,9,6,12,11,30,17,10,27,10,28
450290,1,1,1986,0,0,11,0,0,0,0,0,0,0
450290,2,1,1986,0,0,0,0,0,0,0,0,0,0
450291,1,1,1986,20,20,20,20,20,20,20,20,20,20
450291,2,1,1986,0,0,0,0,0,0,0,0,0,0
450292,1,1,1986,0,0,0,0,0,0,0,0,0,0
450292,2,1,1986,39,39,39,39,39,39,39,39,39,39
450293,1,1,1986,17,17,17,17,17,17,17,17,17,17
450293,2,1,1986,0,0,0,0,0,0,0,17,0,0
450293,3,1,1986,0,0,0,0,13,0,0,17,0,0
450294,1,1,1986,0,0,0,0,0,6,0,0,0,0
450294,2,1,1986,0,0,0,0,0,0,30,0,0,16
450294,3,1,1986,0,43,0,0,0,19,0,0,0,0
450295,1,1,1986,25,25,25,25,25,25,25,25,25,25
450296,1,1,1986,15,15,15,15,15,15,15,15,15,15
450297,1,1,1986,16,17,15,19,8,7,14,11,38,0
450298,0,1,1986,0,0,0,0,0,0,0,0,0,0
450298,1,1,1986,0,0,0,0,0,0,0,0,0,0
450299,1,1,1986,12,12,12,12,12,12,12,12,12,12
450300,1,1,1986,0,7,0,14,11,0,12,0,15,0
450301,1,1,1986,22,16,13,6,30,17,24,17,12,24
450302,1,1,1986,20,20,20,20,20,20,20,20,20,20
450303,0,1,1986,0,0,0,0,0,0,0,0,0,0
450303,1,1,1986,10,15,33,18,0,19,12,13,12,3
450304,0,1,1986,0,0,0,0,0,0,0,0,0,0
450304,1,1,1986,0,0,6,0,0,0,0,0,0,0
450305,1,1,1986,0,0,0,0,0,0,0,0,0,0
450305,2,1,1986,0,0,0,0,0,0,0,0,0,0
450306,1,1,1986,0,0,0,0,26,15,0,0,28,0
450307,0,1,1986,0,29,0,22,0,0,0,0,0,30
450307,1,1,1986,0,0,0,0,0,0,0,0,0,0
450308,1,1,1986,0,0,0,0,0,0,0,0,0,0
450308,2,1,1986,0,0,0,0,0,0,0,0,0,10
450309,1,1,1986,0,0,0,0,0,0,0,0,0,0
450309,2,1,1986,0,0,0,0,0,0,0,0,0,0
450310,1,1,1986,20,0,0,0,0,0,23,0,0,3
450310,2,1,1986,20,14,8,20,14,23,7,24,24,19
450311,0,1,1986,40,15,0,30,28,20,23,20,28,21
450311,1,1,1986,0,0,0,0,0,0,0,0,0,0
450312,1,1,1986,0,0,0,0,0,0,0,0,0,0
450313,1,1,1986,19,19,19,19,19,19,19,19,19,19
450314,1,1,1986,0,0,13,0,4,0,0,0,0,0
450315,1,1,1986,0,23,0,0,3,0,25,22,17,29
450315,2,1,1986,0,28,4,0,0,6,29,0,0,0
450316,1,1,1986,0,0,0,0,0,0,0,0,0,0
450316,2,1,1986,29,0,8,21,5,9,0,19,17,0
450317,0,1,1986,0,0,0,0,0,0,0,0,0,0
450317,1,1,1986,0,0,0,0,0,0,0,0,0,0
450317,2,1,1986,0,0,0,0,0,0,0,0,0,0
450318,1,1,1986,21,37,0,28,33,29,10,21,28,0
450319,1,1,1986,0,0,0,0,0,0,0,0,0,0
450319,2,1,1986,0,0,0,0,0,0,0,0,0,0
450320,1,1,1986,4,0,0,0,0,11,0,0,0,0
450320,2,1,1986,11,9,17,16,7,4,10,13,17,5
450321,1,1,1986,0,0,0,0,0,0,0,0,0,0
450322,1,1,1986,24,6,24,12,24,44,10,19,30,20
450323,1,1,1986,24,24,24,24,24,24,24,24,24,24
450324,1,1,1986,10,0,0,24,8,0,22,6,10,21
450325,1,1,1986,0,14,0,0,0,0,20,11,0,0
450325,2,1,1986,0,0,0,0,0,0,0,0,0,0
450326,0,1,1986,0,0,0,0,0,0,0,0,0,0
450326,1,1,1986,9,6,10,20,12,24,13,26,21,39
450328,1,1,1986,4,4,4,4,4,4,4,4,4,4
450328,2,1,1986,0,5,13,8,0,0,12,0,16,0
450329,0,1,1986,0,0,0,35,8,18,31,0,23,31
450329,1,1,1986,0,0,0,0,0,0,0,0,0,0
450330,1,1,1986,8,25,44,22,31,10,16,17,9,9
450330,2,1,1986,0,0,0,0,0,0,0,0,0,0
450330,3,1,1986,10,0,12,26,17,0,0,0,31,0
450331,1,1,1986,11,0,16,21,0,0,0,3,0,0
450332,0,1,1986,8,12,24,0,29,12,41,14,33,36
450332,1,1,1986,12,15,32,13,14,7,0,0,8,3
450333,1,1,1986,0,0,0,0,0,0,14,0,15,0
450334,0,1,1986,17,17,17,17,17,17,17,17,17,17
450334,1,1,1986,0,0,0,0,0,0,0,0,0,0
450335,0,1,1986,25,25,25,25,25,25,25,25,25,25
450335,1,1,1986,20,20,16,13,16,22,0,19,9,15
450336,0,1,1986,17,26,0,21,14,17,7,23,22,31
450336,1,1,1986,32,2,12,12,14,18,17,20,9,12
450337,0,1,1986,26,26,26,26,26,26,26,26,26,26
450337,1,1,1986,0,0,0,0,0,0,0,12,0,0
450338,1,1,1986,0,14,12,0,3,0,25,15,0,16
450338,2,1,1986,14,9,8,17,15,0,0,8,21,25
450339,1,1,1986,0,0,5,0,0,0,0,0,0,0
450339,2,1,1986,9,9,9,9,9,9,9,9,9,9
450339,3,1,1986,0,0,0,0,0,0,0,16,0,0
450340,1,1,1986,6,10,21,0,17,14,18,0,11,19
450341,1,1,1986,0,0,0,0,0,0,0,0,0,0
450341,2,1,1986,0,0,0,0,0,0,0,0,0,0
450342,1,1,1986,0,0,0,0,0,10,0,14,0,0
450343,1,1,1986,0,0,9,0,0,12,0,0,11,7
450343,2,1,1986,11,0,0,21,0,0,0,4,0,0
450344,1,1,1986,3,3,3,3,3,3,3,3,3,3
450344,2,1,1986,0,0,0,0,22,0,0,0,0,0
450344,3,1,1986,33,0,0,0,0,0,0,0,0,9
450345,1,1,1986,0,0,0,0,0,0,0,0,0,0
450345,2,1,1986,9,0,17,15,6,12,19,13,12,0
450345,3,1,1986,3,3,3,3,3,3,3,3,3,3
450347,1,1,1986,23,23,23,23,23,23,23,23,23,23
450348,1,1,1986,17,17,17,17,17,17,17,17,17,17
450349,1,1,1986,0,0,0,0,8,0,0,0,0,0
450350,1,1,1986,0,0,0,0,0,0,0,0,2,0
450350,2,1,1986,0,0,0,0,0,0,0,0,0,0
450351,0,1,1986,21,21,21,21,21,21,21,21,21,21
450351,1,1,1986,0,10,12,0,0,0,7,0,0,8
450352,1,1,1986,13,13,13,13,13,13,13,13,13,13
450353,1,1,1986,10,7,24,0,13,25,16,9,25,18
450354,1,1,1986,0,0,0,0,0,0,0,0,0,0
450354,2,1,1986,0,0,0,0,0,0,0,0,0,0
450355,0,1,1986,0,0,0,0,0,0,0,0,0,0
450355,1,1,1986,0,0,0,0,0,0,0,0,0,0
450356,1,1,1986,0,0,0,20,0,0,0,0,0,0
450356,2,1,1986,0,0,0,0,0,0,0,0,0,0
450357,1,1,1986,0,0,0,0,0,0,0,0,0,0
450357,2,1,1986,0,0,0,0,17,0,0,0,0,0
450357,3,1,1986,0,0,0,0,0,0,0,0,0,0
450357,4,1,1986,0,0,0,0,0,0,0,0,0,0
450358,1,1,1986,24,13,18,13,14,14,16,28,23,14
450360,1,1,1986,18,0,2,10,21,8,14,0,26,12
450361,1,1,1986,4,8,18,11,0,10,7,10,20,18
450362,1,1,1986,18,18,18,18,18,18,18,18,18,18
450363,1,1,1986,11,11,11,11,11,11,11,11,11,11
450364,0,1,1986,40,40,40,40,40,40,40,40,40,40
450364,1,1,1986,0,0,0,0,0,0,0,8,0,0
450365,1,1,1986,0,0,0,0,0,0,0,0,0,0
450365,2,1,1986,0,0,0,0,0,0,0,0,0,0
450366,1,1,1986,1,1,1,1,1,1,1,1,1,1
450366,2,1,1986,0,0,0,0,0,13,0,5,13,0
450367,1,1,1986,10,10,10,10,10,10,10,10,10,10
450368,1,1,1986,0,0,35,0,6,0,0,0,0,0
450368,2,1,1986,22,0,10,0,20,19,10,14,0,10
450369,1,1,1986,0,0,0,0,0,0,0,0,0,0
450370,1,1,1986,0,0,0,0,0,0,0,0,0,0
450370,2,1,1986,0,0,0,0,0,0,0,0,0,0
450371,1,1,1986,9,9,9,9,9,9,9,9,9,9
450372,1,1,1986,27,27,27,27,27,27,27,27,27,27
450373,0,1,1986,0,0,0,0,0,0,0,0,0,0
450373,1,1,1986,0,0,0,0,0,0,0,0,0,0
450374,1,1,1986,2,29,29,8,0,15,22,16,4,17
450375,1,1,1986,0,13,0,16,3,10,29,0,10,19
450376,1,1,1986,20,20,20,20,20,20,20,20,20,20
450377,1,1,1986,16,16,16,16,16,16,16,16,16,16
450378,1,1,1986,18,18,18,18,18,18,18,18,18,18
450378,2,1,1986,0,0,0,0,0,0,0,6,0,0
450379,1,1,1986,0,0,0,0,0,0,0,0,0,0
450379,2,1,1986,0,0,0,0,0,0,0,0,0,0
450380,1,1,1986,20,33,17,8,13,19,20,12,23,16
450381,1,1,1986,0,0,6,23,0,0,0,0,18,0
450382,1,1,1986,7,0,0,0,15,0,0,0,0,0
450383,1,1,1986,0,0,0,0,0,0,0,0,0,0
450383,2,1,1986,0,0,0,0,0,0,0,0,20,0
450384,1,1,1986,0,0,9,0,0,0,11,0,0,0
450385,1,1,1986,0,0,0,0,0,0,0,0,0,0
450386,1,1,1986,12,17,9,18,21,15,10,16,17,6
450387,1,1,1986,11,0,0,0,0,0,0,0,0,0
450387,2,1,1986,0,0,0,0,0,0,0,0,0,0
450388,1,1,1986,24,0,22,21,0,12,0,4,0,15
450388,2,1,1986,0,0,0,0,0,0,0,0,0,0
450388,3,1,1986,37,10,10,12,0,21,0,0,7,12
450389,1,1,1986,0,0,24,0,7,0,0,0,0,0
450389,2,1,1986,3,3,3,3,3,3,3,3,3,3
450390,1,1,1986,3,0,0,0,0,0,0,0,0,0
450390,2,1,1986,0,0,0,0,0,0,0,0,0,0
450391,1,1,1986,0,0,0,0,0,0,0,0,0,0
450391,2,1,1986,0,0,0,0,0,0,0,0,0,0
450392,1,1,1986,0,0,0,0,0,0,0,0,0,0
450392,2,1,1986,12,12,12,12,12,12,12,12,12,12
450393,1,1,1986,0,0,0,0,19,0,0,0,0,0
450393,2,1,1986,0,0,0,0,0,0,0,9,0,0
450394,1,1,1986,0,14,0,18,0,22,5,0,19,7
450395,1,1,1986,2,2,8,0,19,0,16,0,9,11
450396,1,1,1986,0,0,0,0,0,0,0,0,0,0
450397,1,1,1986,18,18,18,18,18,18,18,18,18,18
450398,1,1,1986,0,0,0,0,0,0,0,0,0,0
450399,1,1,1986,0,25,10,18,18,22,0,34,29,30
450399,2,1,1986,20,0,0,11,0,24,11,0,0,21
450400,1,1,1986,0,0,0,0,0,0,0,0,10,0
450401,1,1,1986,11,11,11,11,11,11,11,11,11,11
450402,1,1,1986,21,0,0,0,0,0,8,0,0,0
450402,2,1,1986,0,0,0,0,0,0,0,0,0,0
450402,3,1,1986,0,0,0,0,0,0,0,0,0,0
450403,0,1,1986,0,0,0,0,0,0,0,0,0,13
450403,1,1,1986,0,0,0,0,0,0,0,5,0,0
450404,1,1,1986,5,5,5,5,5,5,5,5,5,5
450405,0,1,1986,27,33,0,0,0,0,0,12,24,13
450405,1,1,1986,0,0,23,0,0,0,0,0,0,0
450406,1,1,1986,22,22,22,22,22,22,22,22,22,22
450407,1,1,1986,12,18,13,10,19,14,25,17,21,13
450407,2,1,1986,0,0,0,0,0,13,29,12,0,15
450408,1,1,1986,0,0,0,0,0,0,0,0,0,0
450408,2,1,1986,0,0,0,0,0,0,0,5,0,6
450409,1,1,1986,12,0,0,0,0,0,0,0,0,0
450410,1,1,1986,0,0,0,0,0,0,0,0,0,0
450410,2,1,1986,0,19,0,0,11,0,0,17,0,0
450411,1,1,1986,24,24,24,24,24,24,24,24,24,24
450412,1,1,1986,0,0,0,0,0,0,0,0,0,0
450413,1,1,1986,0,0,8,0,0,0,0,0,6,8
450413,2,1,1986,18,18,18,18,18,18,18,18,18,18
450414,1,1,1986,8,23,0,0,0,0,0,0,0,0
450414,2,1,1986,0,0,0,0,0,0,0,0,0,0
450415,0,1,1986,13,0,0,0,5,13,12,7,17,0
450415,1,1,1986,16,11,18,5,0,10,9,14,27,22
450416,1,1,1986,24,17,26,29,13,9,10,0,25,15
450416,2,1,1986,8,21,22,11,8,8,0,23,12,12
450417,1,1,1986,12,12,12,12,12,12,12,12,12,12
450418,1,1,1986,0,0,0,0,0,0,0,0,0,0
450418,2,1,1986,18,18,18,18,18,18,18,18,18,18
450419,1,1,1986,0,28,0,0,0,0,0,0,0,0
450420,1,1,1986,12,12,12,12,12,12,12,12,12,12
450421,1,1,1986,2,4,15,26,35,15,14,9,0,0
450422,0,1,1986,27,27,27,27,27,27,27,27,27,27
450422,1,1,1986,3,0,0,0,0,18,0,0,0,0
450423,1,1,1986,0,0,0,20,11,10,0,0,0,0
450423,2,1,1986,0,0,0,0,0,0,0,0,0,0
450424,1,1,1986,34,14,28,24,21,14,18,13,16,33
450425,1,1,1986,0,0,0,0,0,0,0,40,0,0
450425,2,1,1986,0,0,0,0,0,0,0,0,0,0
450426,1,1,1986,0,0,0,0,0,0,0,0,0,0
450426,2,1,1986,0,9,0,12,0,0,0,0,0,0
450427,1,1,1986,40,0,0,0,0,25,0,0,0,17
450428,1,1,1986,15,21,10,6,8,13,16,18,7,24
450430,1,1,1986,26,26,26,26,26,26,26,26,26,26
450430,2,1,1986,12,20,7,30,11,12,8,7,19,0
450431,1,1,1986,0,0,0,0,0,0,0,13,0,0
450431,2,1,1986,0,0,0,0,0,0,0,0,14,0
450432,1,1,1986,0,0,7,0,0,0,0,0,0,0
450433,1,1,1986,0,0,0,0,0,0,0,0,15,0
450433,2,1,1986,0,10,0,0,0,0,0,0,0,0
450433,3,1,1986,0,0,0,0,0,0,0,10,0,0
450434,1,1,1986,0,0,0,0,0,0,0,0,0,0
450434,2,1,1986,0,0,0,0,3,0,0,22,0,0
450435,1,1,1986,0,7,3,0,15,0,7,34,11,8
450436,0,1,1986,30,17,10,10,0,0,13,13,23,0
450436,1,1,1986,4,4,4,4,4,4,4,4,4,4
450437,1,1,1986,6,10,5,15,14,20,13,16,15,0
450437,2,1,1986,15,15,15,15,15,15,15,15,15,15
450438,0,1,1986,43,23,0,21,12,22,0,0,13,31
450438,1,1,1986,3,6,8,0,20,15,6,0,27,16
450439,0,1,1986,0,0,0,0,0,0,0,0,0,0