ST_CASE,VEH_NO,PER_NO,YEAR,P1,P2,P3,P4,P5,P6,P7,P8,P9,P10
450439,1,1,1986,13,7,22,32,12,26,16,27,10,11
450440,0,1,1986,0,0,0,0,0,0,0,0,0,0
450440,1,1,1986,0,0,0,0,0,0,0,0,0,0
450441,1,1,1986,0,0,0,0,0,0,9,0,0,5
450441,2,1,1986,20,0,14,0,0,0,0,0,0,0
450442,1,1,1986,0,0,0,0,0,0,0,0,0,0
450442,2,1,1986,0,0,0,0,0,0,0,0,0,0
450443,1,1,1986,0,0,0,0,0,0,0,0,0,0
450444,1,1,1986,25,8,0,6,0,0,0,0,26,22
450445,0,1,1986,27,27,27,27,27,27,27,27,27,27
450445,1,1,1986,0,0,0,0,0,0,0,0,0,0
450446,1,1,1986,0,0,0,0,0,0,0,0,0,0
450446,2,1,1986,0,0,0,0,0,0,0,0,0,0
450448,1,1,1986,0,0,2,0,0,1,0,0,0,0
450449,1,1,1986,0,0,0,0,0,0,0,0,0,0
450449,2,1,1986,0,0,5,0,0,0,0,0,0,0
450450,1,1,1986,18,6,22,13,21,14,18,8,16,23
450451,1,1,1986,17,20,24,19,0,16,27,17,39,16
450452,1,1,1986,0,22,22,16,14,0,33,15,0,27
450453,1,1,1986,7,16,13,0,19,0,0,0,0,7
450454,1,1,1986,8,28,10,0,0,6,15,20,4,27
450455,1,1,1986,8,8,8,8,8,8,8,8,8,8
450456,1,1,1986,27,0,0,0,0,8,0,0,0,0
450457,1,1,1986,3,11,29,8,8,17,13,7,10,17
450457,2,1,1986,0,5,18,20,25,12,0,16,16,20
450458,1,1,1986,17,17,17,17,17,17,17,17,17,17
450459,0,1,1986,8,0,13,11,0,0,42,14,21,17
450459,1,1,1986,0,7,26,13,19,13,0,10,24,33
450460,1,1,1986,9,39,8,21,15,6,15,3,9,11
450460,2,1,1986,0,0,25,0,0,20,0,0,0,0
450461,1,1,1986,0,0,0,6,9,28,18,10,29,27
450462,1,1,1986,4,4,4,4,4,4,4,4,4,4
450463,1,1,1986,16,16,16,16,16,16,16,16,16,16
450464,1,1,1986,23,0,0,0,0,0,14,0,0,0
450464,2,1,1986,2,13,0,20,17,10,10,10,0,0
450465,1,1,1986,14,23,0,26,0,18,0,0,0,12
450465,2,1,1986,11,11,11,11,11,11,11,11,11,11
450466,1,1,1986,15,1,14,25,37,21,14,0,10,28
450467,1,1,1986,0,0,0,0,0,8,0,0,0,0
450467,2,1,1986,0,0,0,0,0,0,0,0,0,0
450467,3,1,1986,0,0,0,0,0,0,0,0,0,12
450468,1,1,1986,6,10,16,27,19,18,20,11,17,34
450469,1,1,1986,18,18,18,18,18,18,18,18,18,18
450470,1,1,1986,0,0,0,0,0,0,0,0,0,0
450470,2,1,1986,0,0,0,0,0,19,0,0,0,19
450471,1,1,1986,12,12,12,12,12,12,12,12,12,12
450472,1,1,1986,12,10,21,12,0,22,8,0,12,25
450473,0,1,1986,0,0,0,0,0,0,0,0,0,0
450473,1,1,1986,0,0,17,0,0,0,0,0,0,0
450474,1,1,1986,0,0,0,0,0,0,0,0,0,0
450475,0,1,1986,15,19,19,26,38,15,23,38,20,9
450475,1,1,1986,6,0,0,0,0,0,10,0,0,0
450476,1,1,1986,0,0,0,0,0,0,4,0,0,0
450476,2,1,1986,0,0,0,0,0,6,0,0,0,25
450477,1,1,1986,16,16,16,16,16,16,16,16,16,16
450478,0,1,1986,40,16,20,28,7,0,42,0,0,38
450478,1,1,1986,10,10,13,10,10,11,18,13,10,0
450479,1,1,1986,12,16,20,10,23,7,13,23,21,14
450479,2,1,1986,0,10,0,0,0,0,0,9,0,0
450480,0,1,1986,7,38,23,7,41,32,11,20,7,17
450480,1,1,1986,9,0,0,0,10,0,0,12,0,0
450481,1,1,1986,0,0,0,0,0,0,0,0,0,0
450481,2,1,1986,0,0,0,0,0,0,0,0,0,0
450482,1,1,1986,11,0,0,0,0,0,9,27,0,10
450484,0,1,1986,32,25,17,8,23,21,9,8,16,20
450484,1,1,1986,0,0,8,0,0,0,0,0,0,8
450485,1,1,1986,9,9,0,0,9,0,0,5,0,6
450485,2,1,1986,5,6,0,25,12,17,0,8,0,0
450486,1,1,1986,23,23,23,23,23,23,23,23,23,23
450487,1,1,1986,12,15,16,28,44,0,13,12,6,31
450488,1,1,1986,0,0,0,10,0,9,0,0,10,0
450489,0,1,1986,0,0,0,0,0,0,0,0,0,0
450489,1,1,1986,10,0,4,0,0,0,0,7,0,0
450490,0,1,1986,36,36,36,36,36,36,36,36,36,36
450490,1,1,1986,22,0,0,16,0,0,0,0,0,12
450491,1,1,1986,13,13,13,13,13,13,13,13,13,13
450492,1,1,1986,0,0,0,0,0,0,0,0,0,0
450492,2,1,1986,25,25,25,25,25,25,25,25,25,25
450493,1,1,1986,18,18,18,18,18,18,18,18,18,18
450493,2,1,1986,16,16,16,16,16,16,16,16,16,16
450494,1,1,1986,0,0,0,0,0,0,0,0,0,0
450495,1,1,1986,0,0,0,0,0,0,11,0,13,32
450495,2,1,1986,17,27,18,12,3,10,20,13,11,7
450496,1,1,1986,18,37,18,13,20,7,36,27,9,25
450497,1,1,1986,0,0,0,0,0,0,0,0,0,0
450497,2,1,1986,0,0,0,0,0,0,0,0,0,0
450498,1,1,1986,0,14,7,15,16,0,0,0,20,0
450499,1,1,1986,0,0,0,0,0,0,0,0,0,0
450500,1,1,1986,22,22,22,22,22,22,22,22,22,22
450500,2,1,1986,0,0,0,0,0,0,0,0,0,0
450501,0,1,1986,18,18,18,18,18,18,18,18,18,18
450501,1,1,1986,8,31,8,4,0,21,20,11,7,12
450502,0,1,1986,18,18,18,18,18,18,18,18,18,18
450502,1,1,1986,0,0,0,0,0,0,0,5,0,0
450503,1,1,1986,0,0,0,0,0,0,0,0,0,0
450503,2,1,1986,0,0,0,0,0,0,0,0,0,0
450504,1,1,1986,0,0,0,13,0,0,0,0,0,0
450504,2,1,1986,9,0,28,15,10,34,17,7,22,10
450505,1,1,1986,0,0,0,0,0,0,0,0,0,10
450506,1,1,1986,0,0,0,0,0,0,0,0,0,0
450507,1,1,1986,0,0,0,0,0,0,0,0,0,0
450507,2,1,1986,0,0,16,0,0,0,0,0,0,0
450508,1,1,1986,0,0,13,5,0,10,13,0,10,23
450509,1,1,1986,15,13,20,0,35,11,12,20,16,9
450510,1,1,1986,0,0,0,0,0,0,0,0,0,0
450510,2,1,1986,26,0,0,0,0,22,0,0,0,9
450510,3,1,1986,0,0,0,0,0,0,0,0,0,0
450511,1,1,1986,12,12,12,12,12,12,12,12,12,12
450512,1,1,1986,0,19,10,9,23,17,0,23,0,0
450513,1,1,1986,16,0,0,0,22,0,0,11,0,0
450514,1,1,1986,0,0,0,0,0,0,0,9,0,0
450515,1,1,1986,6,0,0,0,0,0,0,0,0,0
450516,1,1,1986,11,11,11,11,11,11,11,11,11,11
450517,1,1,1986,0,11,18,0,18,0,0,18,0,12
450518,1,1,1986,0,0,0,0,0,0,0,0,0,0
450518,2,1,1986,18,18,18,18,18,18,18,18,18,18
450519,1,1,1986,0,35,0,17,27,8,34,24,0,0
450519,2,1,1986,0,0,0,0,0,0,0,0,0,0
450520,1,1,1986,18,18,18,18,18,18,18,18,18,18
450521,1,1,1986,0,0,0,0,0,0,0,0,0,0
450521,2,1,1986,0,0,0,0,14,0,0,0,0,0
450522,1,1,1986,0,0,0,0,0,0,0,0,0,0
450523,1,1,1986,0,0,0,0,0,0,0,0,0,0
450523,2,1,1986,0,0,9,0,0,0,0,0,0,0
450523,3,1,1986,0,0,9,0,0,0,11,0,0,0
450524,1,1,1986,0,0,0,0,0,0,0,0,0,0
450525,1,1,1986,0,0,0,0,0,0,0,0,0,0
450525,2,1,1986,0,31,31,0,9,0,22,28,13,16
450526,1,1,1986,21,21,21,21,21,21,21,21,21,21
450527,1,1,1986,12,12,12,12,12,12,12,12,12,12
450527,2,1,1986,0,21,0,0,0,14,0,0,0,0
450528,1,1,1986,0,0,0,0,0,0,0,0,0,0
450529,1,1,1986,0,0,0,0,0,0,0,0,0,0
450530,1,1,1986,16,0,0,0,28,17,0,0,0,0
450531,0,1,1986,0,0,0,0,0,0,0,0,0,0
450531,1,1,1986,0,0,0,0,0,0,0,0,0,0
450532,1,1,1986,0,0,0,0,0,0,0,0,0,0
450533,1,1,1986,15,15,15,15,15,15,15,15,15,15
450534,1,1,1986,0,0,0,0,0,0,0,0,0,0
450534,2,1,1986,12,12,12,12,12,12,12,12,12,12
450535,1,1,1986,0,0,0,0,7,0,0,0,13,0
450535,2,1,1986,0,0,0,0,0,0,0,0,0,0
450536,1,1,1986,0,0,0,13,22,20,0,0,31,0
450536,2,1,1986,12,12,12,12,12,12,12,12,12,12
450537,1,1,1986,20,20,20,20,20,20,20,20,20,20
450538,0,1,1986,12,0,2,0,7,0,0,0,0,8
450538,0,2,1986,0,0,0,0,0,0,0,0,0,0
450538,1,1,1986,0,0,0,0,0,0,0,0,0,0
450539,0,1,1986,15,0,15,0,5,0,23,0,33,23
450539,1,1,1986,0,0,0,8,0,0,0,18,0,16
450540,1,1,1986,18,18,18,18,18,18,18,18,18,18
450541,1,1,1986,21,21,21,21,21,21,21,21,21,21
450542,1,1,1986,18,9,0,9,24,17,23,9,0,0
450543,1,1,1986,0,0,0,0,0,0,0,0,0,0
450543,2,1,1986,0,5,0,0,0,0,0,0,0,0
450544,1,1,1986,0,0,0,0,0,0,0,0,0,0
450545,1,1,1986,0,12,11,0,0,0,0,0,0,0
450545,2,1,1986,0,0,0,0,0,0,0,0,0,0
450546,1,1,1986,11,19,12,9,3,12,12,12,6,0
450547,1,1,1986,0,0,0,0,13,3,0,11,13,24
450547,2,1,1986,0,0,0,0,0,0,0,0,0,0
450548,1,1,1986,0,0,0,0,0,0,0,0,0,0
450548,2,1,1986,0,0,0,0,0,0,0,0,0,0
450549,0,1,1986,14,14,14,14,14,14,14,14,14,14
450549,1,1,1986,15,0,0,0,0,0,0,0,0,0
450550,1,1,1986,12,0,0,0,0,25,21,19,0,0
450551,1,1,1986,0,16,6,0,0,0,0,0,0,0
450552,1,1,1986,16,16,3,11,13,21,25,5,10,22
450554,1,1,1986,35,17,0,0,4,13,0,22,12,34
450555,1,1,1986,0,0,0,0,0,18,0,0,0,0
450555,2,1,1986,0,0,0,0,0,0,0,0,0,0
450556,0,1,1986,26,0,19,32,0,0,13,0,0,25
450556,1,1,1986,16,17,10,7,26,25,13,20,28,11
450558,1,1,1986,0,0,0,0,0,20,0,0,0,0
450558,2,1,1986,0,0,0,0,0,0,0,0,0,0
450559,1,1,1986,0,0,0,0,0,0,0,0,0,0
450559,2,1,1986,0,0,0,0,0,0,0,18,0,0
450560,0,1,1986,0,0,0,0,53,0,0,0,22,0
450560,1,1,1986,0,0,0,0,46,0,0,0,0,40
450561,1,1,1986,0,0,0,0,0,0,0,0,0,0
450561,2,1,1986,0,0,0,0,0,0,0,0,0,0
450562,1,1,1986,0,0,0,0,0,0,0,0,0,0
450562,2,1,1986,0,0,0,0,0,0,0,0,0,0
450563,1,1,1986,0,0,0,0,0,0,0,0,0,0
450563,2,1,1986,0,0,0,0,0,0,0,0,0,0
450564,1,1,1986,3,13,24,0,29,14,18,9,0,23
450564,2,1,1986,13,0,4,17,16,15,15,9,23,0
450565,0,1,1986,0,0,0,0,0,0,0,0,0,0
450565,1,1,1986,0,0,0,0,0,0,0,0,0,0
450566,0,1,1986,28,28,28,28,28,28,28,28,28,28
450566,1,1,1986,14,0,0,0,0,0,0,0,0,0
450566,2,1,1986,0,0,0,0,0,0,0,0,0,0
450567,1,1,1986,22,22,22,22,22,22,22,22,22,22
450568,1,1,1986,8,8,8,8,8,8,8,8,8,8
450569,1,1,1986,0,0,0,0,0,0,0,0,0,12
450570,1,1,1986,0,0,0,0,0,0,0,0,0,0
450571,1,1,1986,0,0,0,14,0,0,0,6,0,0
450572,1,1,1986,18,21,14,0,12,13,12,17,40,17
450573,1,1,1986,11,11,11,11,11,11,11,11,11,11
450575,1,1,1986,0,0,2,9,15,7,0,14,0,6
450576,0,1,1986,8,0,38,0,0,20,12,19,22,16
450576,1,1,1986,0,0,0,0,0,0,0,0,0,0
450577,1,1,1986,8,0,0,0,0,0,0,0,0,0
450577,2,1,1986,20,20,20,20,20,20,20,20,20,20
450578,0,1,1986,20,20,20,20,20,20,20,20,20,20
450578,1,1,1986,25,10,11,8,15,10,21,0,16,13
450579,1,1,1986,20,20,20,20,20,20,20,20,20,20
450579,2,1,1986,24,0,0,0,0,0,0,0,0,0
450580,0,1,1986,0,0,0,0,0,14,0,0,9,0
450580,1,1,1986,0,0,0,0,0,0,15,0,0,0
450581,1,1,1986,29,13,23,18,8,0,27,20,17,18
450582,1,1,1986,12,12,12,12,12,12,12,12,12,12
450583,1,1,1986,29,27,15,27,0,0,30,0,29,9
450584,1,1,1986,0,24,0,0,0,0,16,0,0,0
450585,1,1,1986,18,0,33,12,11,0,0,0,0,0
450586,1,1,1986,18,18,18,18,18,18,18,18,18,18
450587,1,1,1986,0,0,0,0,0,0,0,0,10,0
450587,2,1,1986,0,5,20,0,0,0,0,0,16,0
450588,1,1,1986,0,0,0,11,0,0,0,0,0,0
450588,2,1,1986,0,0,0,0,0,0,0,0,0,0
450589,0,1,1986,0,0,0,0,0,0,0,0,0,0
450589,1,1,1986,0,0,0,0,0,0,0,0,0,0
450590,1,1,1986,23,13,11,0,19,22,19,0,9,23
450591,1,1,1986,0,0,0,0,0,0,0,0,0,0
450591,2,1,1986,0,0,0,0,0,0,0,0,0,0
450592,1,1,1986,28,9,0,0,11,8,28,26,31,17
450593,1,1,1986,0,0,0,0,0,0,0,0,0,0
450594,1,1,1986,24,5,20,0,17,9,30,14,10,17
450594,2,1,1986,18,18,18,18,18,18,18,18,18,18
450595,1,1,1986,9,0,0,17,0,20,0,7,16,0
450596,1,1,1986,0,0,0,0,0,0,0,0,11,20
450596,2,1,1986,19,0,4,12,11,15,10,4,8,31
450597,0,1,1986,0,0,0,0,0,0,0,0,0,0
450597,1,1,1986,0,0,0,0,0,0,0,0,0,0
450598,0,1,1986,15,36,0,0,0,14,0,0,0,0
450598,1,1,1986,0,0,16,0,0,0,0,0,0,0
450599,1,1,1986,0,0,0,0,0,0,0,0,0,0
450599,2,1,1986,0,9,0,0,0,0,0,0,0,0
450600,1,1,1986,9,0,30,8,9,0,0,0,0,0
450600,2,1,1986,17,0,0,0,0,0,0,0,0,5
450600,3,1,1986,0,34,0,0,0,0,0,0,0,0
450601,1,1,1986,17,17,17,17,17,17,17,17,17,17
450602,1,1,1986,12,12,12,12,12,12,12,12,12,12
450603,1,1,1986,19,19,19,19,19,19,19,19,19,19
450604,1,1,1986,0,0,0,0,0,0,0,0,0,0
450604,2,1,1986,3,0,0,0,25,0,0,0,0,0
450605,1,1,1986,10,17,18,0,11,13,8,13,16,11
450606,1,1,1986,12,0,9,14,0,12,16,0,0,0
450607,1,1,1986,0,5,0,5,0,0,0,2,8,0
450607,2,1,1986,11,0,0,15,0,0,0,27,0,0
450608,0,1,1986,18,18,18,18,18,18,18,18,18,18
450608,1,1,1986,2,0,2,0,0,8,26,0,0,0
450609,1,1,1986,9,0,0,0,0,0,3,19,0,0
450609,2,1,1986,18,18,18,18,18,18,18,18,18,18
450610,1,1,1986,0,0,0,0,0,0,0,0,0,0
450610,2,1,1986,0,0,0,0,0,0,0,0,0,0
450611,0,1,1986,0,0,0,0,0,0,11,0,0,18
450611,1,1,1986,0,0,0,0,16,0,0,0,0,0
450612,1,1,1986,11,0,9,0,7,8,15,11,16,22
450612,2,1,1986,0,0,20,0,0,5,0,0,0,0
450614,1,1,1986,0,0,28,4,12,0,10,12,12,11
450614,2,1,1986,0,14,0,0,0,0,0,0,8,0
450615,1,1,1986,0,0,0,0,0,0,0,0,0,0
450615,2,1,1986,0,0,0,0,0,0,0,0,0,0
450615,3,1,1986,0,0,0,0,0,0,0,0,0,0
450616,1,1,1986,13,12,9,23,23,7,17,15,30,7
450617,1,1,1986,16,18,11,0,0,0,3,0,0,22
450618,1,1,1986,22,22,22,22,22,22,22,22,22,22
450620,1,1,1986,0,0,0,5,14,0,0,0,0,0
450620,2,1,1986,14,0,0,0,0,0,0,0,0,0
450621,1,1,1986,0,0,0,0,0,0,0,0,0,0
450621,2,1,1986,0,0,0,0,0,0,0,0,0,0
450621,3,1,1986,0,0,6,0,0,0,0,0,0,0
450622,1,1,1986,22,22,22,22,22,22,22,22,22,22
450622,2,1,1986,9,0,23,0,17,20,0,14,0,0
450623,1,1,1986,21,20,0,0,21,9,17,8,0,23
450624,1,1,1986,23,23,23,23,23,23,23,23,23,23
450624,2,1,1986,0,25,0,7,15,0,0,0,11,17
450625,1,1,1986,13,13,13,13,13,13,13,13,13,13
450625,2,1,1986,11,0,3,0,9,39,0,23,8,16
450626,1,1,1986,0,16,0,28,17,22,16,25,11,3
450627,1,1,1986,0,0,0,0,0,0,0,0,0,0
450627,2,1,1986,0,0,0,0,0,0,0,0,0,0
450628,1,1,1986,4,2,0,0,0,0,32,0,0,0
450628,2,1,1986,0,25,0,0,26,19,0,30,0,0
450629,1,1,1986,4,4,4,4,4,4,4,4,4,4
450630,1,1,1986,0,6,0,18,0,0,0,0,0,0
450630,2,1,1986,0,0,0,0,0,0,0,0,0,0
450631,1,1,1986,0,0,0,20,0,0,0,0,0,0
450631,2,1,1986,0,0,14,0,0,0,0,0,0,0
450631,3,1,1986,0,8,0,0,0,0,0,0,0,0
450632,1,1,1986,0,0,0,0,0,0,0,0,0,0
450633,1,1,1986,13,7,0,23,0,0,18,19,15,23
450633,2,1,1986,0,0,0,0,0,0,0,0,0,0
450634,1,1,1986,0,0,0,0,0,0,0,0,0,0
450634,2,1,1986,8,8,8,8,8,8,8,8,8,8
450636,1,1,1986,18,18,18,18,18,18,18,18,18,18
450637,1,1,1986,0,0,0,0,0,0,0,0,0,0
450637,2,1,1986,0,0,0,0,9,0,0,0,0,0
450639,1,1,1986,18,18,18,18,18,18,18,18,18,18
450640,0,1,1986,0,0,0,0,0,0,0,0,0,0
450640,1,1,1986,0,0,0,0,0,0,0,0,0,0
450641,1,1,1986,17,20,13,15,19,9,12,10,17,16
450642,1,1,1986,0,0,0,14,0,0,0,0,0,0
450643,1,1,1986,24,30,22,12,17,13,18,17,14,16
450644,0,1,1986,18,18,18,18,18,18,18,18,18,18
450644,1,1,1986,0,17,0,0,0,0,0,0,0,0
450645,1,1,1986,8,8,8,8,8,8,8,8,8,8
450646,1,1,1986,0,0,7,0,0,0,0,0,0,0
450646,2,1,1986,0,21,0,2,0,10,0,6,8,13
450647,1,1,1986,10,13,16,15,11,10,7,14,12,22
450647,2,1,1986,0,8,10,13,16,8,43,8,24,13
450648,1,1,1986,21,21,21,21,21,21,21,21,21,21
450649,1,1,1986,10,22,0,15,14,19,10,24,23,12
450650,0,1,1986,0,0,9,0,0,0,0,0,0,0
450650,1,1,1986,0,0,0,0,0,0,0,0,0,0
450651,1,1,1986,22,12,13,19,27,0,24,14,29,16
450652,0,1,1986,0,0,0,0,0,0,0,0,0,0
450652,1,1,1986,22,9,29,23,0,16,22,19,17,42
450653,1,1,1986,0,0,0,0,0,0,0,0,0,0
450653,2,1,1986,0,0,0,0,0,19,0,0,0,0
450653,3,1,1986,15,0,32,0,13,0,19,0,8,0
450654,0,1,1986,18,18,18,18,18,18,18,18,18,18
450654,1,1,1986,0,0,7,0,12,0,0,14,0,0
450655,0,1,1986,29,0,30,45,0,0,48,21,8,16
450655,1,1,1986,0,21,23,0,17,7,18,16,27,18
450656,1,1,1986,28,0,5,26,12,0,13,0,20,13
450657,1,1,1986,12,12,12,12,12,12,12,12,12,12
450658,1,1,1986,0,0,0,0,0,0,0,0,0,10
450658,2,1,1986,11,15,4,16,23,15,13,10,0,12
450659,1,1,1986,0,0,0,0,0,0,0,0,0,0
450659,2,1,1986,0,0,0,0,4,0,0,0,0,0
450660,0,1,1986,0,0,0,0,0,0,0,0,0,0
450660,1,1,1986,0,0,0,0,0,0,0,0,0,0
450661,1,1,1986,9,12,8,23,14,23,21,10,9,24
450661,2,1,1986,7,0,0,0,6,18,31,20,0,29
450662,1,1,1986,0,0,0,0,0,0,0,0,0,0
450663,1,1,1986,0,0,0,0,0,0,0,0,0,0
450664,1,1,1986,0,0,0,0,0,0,0,0,0,0
450664,2,1,1986,0,0,0,0,0,0,0,0,0,0
450665,1,1,1986,22,20,25,16,17,0,13,14,0,25
450667,1,1,1986,18,18,18,18,18,18,18,18,18,18
450668,0,1,1986,23,0,0,0,0,0,0,3,16,25
450668,1,1,1986,0,0,0,0,0,0,0,0,0,0
450669,1,1,1986,27,27,27,27,27,27,27,27,27,27
450669,2,1,1986,11,27,16,0,29,14,0,32,24,0
450670,1,1,1986,0,10,0,0,0,0,0,0,6,0
450670,2,1,1986,3,0,0,19,0,0,0,0,0,0
450671,1,1,1986,20,38,15,17,11,21,17,11,25,16
450672,1,1,1986,0,0,0,0,0,17,23,0,27,17
450672,2,1,1986,0,12,0,0,0,0,0,0,0,0
450673,1,1,1986,0,10,0,0,16,0,0,0,0,17
450674,1,1,1986,14,20,27,20,9,15,0,16,11,0
450674,2,1,1986,0,0,5,0,20,13,13,14,23,13
450675,1,1,1986,18,18,18,18,18,18,18,18,18,18
450676,1,1,1986,0,0,0,0,0,0,0,0,0,0
450676,2,1,1986,0,0,0,0,0,0,0,0,0,0
450677,1,1,1986,22,12,22,13,25,23,13,0,25,5
450678,1,1,1986,0,0,0,0,0,0,0,0,0,0
450678,2,1,1986,0,0,0,0,0,0,0,0,0,0
450679,1,1,1986,10,5,0,12,0,0,0,0,0,0
450679,2,1,1986,0,0,0,0,0,0,0,0,0,0
450680,1,1,1986,15,15,15,15,15,15,15,15,15,15
450681,0,1,1986,0,28,21,9,12,16,11,0,31,24
450681,1,1,1986,0,0,0,0,0,9,0,0,0,0
450681,2,1,1986,6,6,6,6,6,6,6,6,6,6
450681,3,1,1986,0,0,0,0,0,0,0,0,0,0
450682,1,1,1986,0,0,0,0,0,0,0,0,0,0
450682,2,1,1986,0,0,0,0,0,0,0,0,0,0
450683,1,1,1986,0,0,0,0,0,0,0,0,0,0
450683,2,1,1986,0,0,13,13,0,0,0,0,16,26
450684,0,1,1986,0,0,15,18,0,0,27,18,25,0
450684,0,2,1986,7,13,9,17,11,0,0,0,1,14
450684,1,1,1986,0,14,0,14,0,0,16,0,0,4
450685,0,1,1986,2,2,2,2,2,2,2,2,2,2
450685,1,1,1986,0,0,0,0,0,0,0,0,0,15
450686,1,1,1986,13,7,13,15,25,19,8,16,12,17
450687,1,1,1986,16,0,19,0,20,9,0,0,0,0
450687,2,1,1986,0,10,6,24,5,0,0,0,9,15
450688,1,1,1986,0,0,0,10,0,0,14,0,14,0
450688,2,1,1986,0,0,0,0,0,0,0,0,0,0
450689,0,1,1986,0,9,0,39,15,12,19,22,0,7
450689,1,1,1986,0,0,15,0,0,0,0,0,5,0
450689,2,1,1986,0,0,0,0,0,0,3,0,0,0
450690,1,1,1986,18,27,15,15,0,22,16,11,15,18
450691,1,1,1986,0,0,0,6,0,0,0,0,0,0
450692,1,1,1986,40,13,0,14,10,18,0,5,38,15
450693,1,1,1986,7,13,20,12,0,18,22,18,22,27
450694,1,1,1986,19,15,28,0,14,19,21,17,14,16
450695,1,1,1986,0,0,0,0,0,0,0,0,0,0
450695,2,1,1986,0,0,0,0,0,0,0,0,0,0
450696,1,1,1986,21,0,9,15,33,16,13,21,29,16
450697,1,1,1986,0,0,0,0,0,0,0,0,0,0
450698,0,1,1986,29,0,0,0,0,0,0,0,0,15
450698,1,1,1986,24,0,0,0,0,0,0,18,0,0
450699,1,1,1986,11,11,11,11,11,11,11,11,11,11
450700,0,1,1986,0,0,0,0,0,0,0,0,0,0
450700,1,1,1986,0,0,0,0,0,0,0,0,0,0
450701,1,1,1986,0,13,0,19,0,0,0,8,0,21
450701,2,1,1986,0,0,0,0,0,0,0,0,0,0
450702,0,1,1986,39,18,0,33,15,21,16,11,14,0
450702,0,2,1986,21,0,12,0,24,0,20,25,27,27
450702,1,1,1986,14,0,11,0,0,20,41,0,8,8
450703,1,1,1986,0,18,11,9,20,10,15,21,13,13
450704,1,1,1986,0,0,0,0,24,0,0,0,0,0
450705,1,1,1986,22,0,0,0,0,0,0,0,0,20
450705,2,1,1986,1,1,1,1,1,1,1,1,1,1
450706,1,1,1986,0,0,0,0,0,0,0,0,0,0
450706,2,1,1986,0,0,0,0,0,0,0,0,0,0
450707,1,1,1986,0,0,0,0,0,0,0,0,0,0
450707,2,1,1986,0,0,0,3,0,0,0,0,0,0
450708,1,1,1986,10,10,10,10,10,10,10,10,10,10
450709,0,1,1986,13,13,13,13,13,13,13,13,13,13
450709,1,1,1986,13,0,0,0,2,0,0,0,0,0
450711,1,1,1986,0,0,14,0,0,0,15,0,0,0
450711,2,1,1986,0,0,0,0,0,0,0,0,0,0
450712,1,1,1986,27,18,20,22,19,19,18,7,5,11
450713,1,1,1986,0,0,0,0,17,13,0,21,16,13
450714,1,1,1986,0,0,0,0,0,0,2,0,0,0
450714,2,1,1986,0,0,11,0,0,0,0,0,0,0
450715,1,1,1986,0,0,0,0,0,0,0,0,0,0
450715,2,1,1986,6,6,6,6,6,6,6,6,6,6
450716,1,1,1986,0,0,0,0,33,0,0,0,6,0
450717,1,1,1986,18,18,18,18,18,18,18,18,18,18
450717,2,1,1986,0,0,0,0,0,0,0,0,0,0
450717,3,1,1986,0,0,0,0,0,0,0,0,0,0
450718,1,1,1986,16,16,18,15,19,21,6,26,13,15
450719,1,1,1986,0,0,0,0,0,0,0,0,7,0
450721,1,1,1986,19,12,20,22,15,21,8,18,12,11
450722,1,1,1986,12,12,12,12,12,12,12,12,12,12
450723,1,1,1986,0,0,0,7,0,0,5,0,14,0
450723,2,1,1986,15,18,16,9,0,10,12,28,15,8
450724,1,1,1986,11,11,11,11,11,11,11,11,11,11
450725,1,1,1986,18,0,0,0,6,0,0,0,0,0
450725,2,1,1986,0,16,8,8,16,0,15,19,0,20
450726,1,1,1986,7,16,23,13,14,29,33,32,16,24
450728,1,1,1986,8,16,0,7,18,2,7,0,0,4
450728,2,1,1986,12,25,37,6,16,11,5,23,0,10
450728,3,1,1986,6,0,16,19,7,0,0,0,0,30
450728,4,1,1986,0,0,0,0,0,0,12,0,0,0
450729,1,1,1986,0,0,0,0,0,29,0,0,31,0
450729,2,1,1986,0,0,10,0,0,0,0,0,0,0
450730,1,1,1986,0,0,0,0,0,0,0,0,0,0
450730,2,1,1986,0,0,0,0,0,0,0,0,30,0
450732,1,1,1986,17,10,13,15,18,15,4,34,20,22
450733,0,1,1986,8,0,20,29,19,0,0,0,15,0
450733,1,1,1986,18,18,18,18,18,18,18,18,18,18
450734,1,1,1986,17,17,17,17,17,17,17,17,17,17
450735,1,1,1986,0,0,0,0,0,0,0,0,0,0
450736,1,1,1986,9,9,9,9,9,9,9,9,9,9
450737,1,1,1986,0,0,0,0,0,0,0,6,0,0