ST_CASE,VEH_NO,PER_NO,YEAR,P1,P2,P3,P4,P5,P6,P7,P8,P9,P10
450737,2,1,1986,0,0,0,0,0,0,0,0,0,0
450738,1,1,1986,0,0,0,0,0,0,0,0,0,0
450738,2,1,1986,0,0,0,0,0,0,0,0,0,11
450739,1,1,1986,18,22,44,16,16,21,15,23,30,20
450740,1,1,1986,0,22,0,0,3,13,14,0,0,0
450741,1,1,1986,0,0,0,0,0,0,0,0,0,0
450741,2,1,1986,0,0,14,0,0,7,0,0,0,0
450742,1,1,1986,0,0,0,0,0,0,0,0,0,0
450742,2,1,1986,0,0,0,0,0,0,0,0,0,0
450743,1,1,1986,18,16,21,15,15,23,20,13,8,13
450744,1,1,1986,25,22,0,0,0,36,16,19,26,18
450745,1,1,1986,0,0,0,0,0,0,0,0,0,0
450745,2,1,1986,0,0,24,0,0,0,0,0,0,0
450746,1,1,1986,16,14,0,7,6,14,13,6,0,0
450747,1,1,1986,21,0,9,0,0,14,0,0,0,0
450748,1,1,1986,0,12,10,21,16,14,19,2,19,30
450749,1,1,1986,24,24,24,24,24,24,24,24,24,24
450750,0,1,1986,0,23,0,0,15,13,17,0,0,26
450750,1,1,1986,20,0,10,0,24,0,0,0,0,14
450751,1,1,1986,5,28,0,24,9,10,17,18,20,20
450752,1,1,1986,26,26,26,26,26,26,26,26,26,26
450753,1,1,1986,0,0,0,0,12,0,0,0,0,0
450754,1,1,1986,23,23,23,23,23,23,23,23,23,23
450755,1,1,1986,4,0,0,0,9,3,9,0,0,9
450756,0,1,1986,12,12,12,12,12,12,12,12,12,12
450756,1,1,1986,18,18,18,18,18,18,18,18,18,18
450757,0,1,1986,44,0,0,0,36,0,0,18,0,9
450757,1,1,1986,0,0,13,0,13,0,0,0,24,13
450758,0,1,1986,0,0,0,0,0,0,0,0,0,0
450758,1,1,1986,0,0,0,0,0,0,0,0,0,0
450759,0,1,1986,20,0,28,5,6,0,18,0,0,9
450759,1,1,1986,0,10,0,8,0,0,0,0,0,0
450760,1,1,1986,13,0,0,0,0,0,0,0,0,0
450760,2,1,1986,0,0,0,0,0,0,0,0,0,0
450761,1,1,1986,0,0,0,0,0,0,0,0,0,0
450761,2,1,1986,0,0,0,0,0,0,0,0,0,0
450761,3,1,1986,0,7,0,0,0,0,0,13,0,0
450762,1,1,1986,0,0,0,0,0,0,0,0,0,0
450762,2,1,1986,0,0,0,0,0,0,0,0,0,0
450763,1,1,1986,0,0,0,0,0,0,0,0,0,0
450763,2,1,1986,0,0,0,0,4,0,0,0,0,0
450764,1,1,1986,18,18,18,18,18,18,18,18,18,18
450765,1,1,1986,0,0,0,0,0,0,0,0,0,0
450766,1,1,1986,0,0,0,0,0,5,4,0,0,0
450766,2,1,1986,0,0,0,0,0,0,0,0,0,6
450766,3,1,1986,0,0,0,0,0,0,0,0,0,0
450767,1,1,1986,0,0,0,16,17,20,0,0,0,14
450769,1,1,1986,0,0,0,0,0,0,0,0,0,0
450769,2,1,1986,21,21,21,21,21,21,21,21,21,21
450770,1,1,1986,8,4,0,0,0,0,4,10,14,9
450771,1,1,1986,58,58,58,58,58,58,58,58,58,58
450772,1,1,1986,18,18,18,18,18,18,18,18,18,18
450773,1,1,1986,3,0,0,0,0,18,0,0,4,0
450774,1,1,1986,20,9,0,0,0,0,0,0,0,0
450775,1,1,1986,9,0,0,0,0,0,0,0,0,0
450775,2,1,1986,0,0,0,0,0,0,0,0,0,0
450776,0,1,1986,16,26,19,0,28,13,19,19,0,13
450776,1,1,1986,0,28,0,0,0,0,0,0,0,0
450777,0,1,1986,21,21,21,21,21,21,21,21,21,21
450777,1,1,1986,0,0,0,0,0,0,0,0,0,0
450778,1,1,1986,20,11,20,13,7,7,24,19,5,16
450780,1,1,1986,0,25,0,0,0,0,0,10,0,0
450781,1,1,1986,8,8,8,8,8,8,8,8,8,8
450782,1,1,1986,27,7,0,0,12,13,20,23,20,25
450783,1,1,1986,4,4,4,4,4,4,4,4,4,4
450784,1,1,1986,6,6,6,6,6,6,6,6,6,6
450785,0,1,1986,0,0,0,34,22,0,0,41,0,34
450785,1,1,1986,10,20,11,13,13,12,0,21,7,12
450786,1,1,1986,18,16,10,24,39,6,4,32,16,7
450787,0,1,1986,0,22,0,17,0,0,0,0,19,0
450787,1,1,1986,0,0,0,0,0,0,0,9,0,10
450788,1,1,1986,0,0,0,0,16,0,0,0,0,0
450788,2,1,1986,16,15,25,20,10,17,6,14,14,18
450789,0,1,1986,0,16,29,0,0,0,0,0,0,38
450789,1,1,1986,25,13,21,18,19,16,5,0,19,0
450790,1,1,1986,0,0,0,0,0,0,0,0,0,0
450791,0,1,1986,30,30,30,30,30,30,30,30,30,30
450791,1,1,1986,21,21,21,21,21,21,21,21,21,21
450792,1,1,1986,0,0,0,6,0,0,0,0,0,0
450793,0,1,1986,0,12,0,0,13,0,15,0,0,18
450793,1,1,1986,0,0,0,0,0,0,0,0,0,0
450794,1,1,1986,0,0,0,17,0,10,0,0,13,19
450795,1,1,1986,0,0,0,0,0,0,0,0,0,0
450795,2,1,1986,18,0,0,0,0,0,12,0,0,18
450796,1,1,1986,0,0,14,0,0,8,0,0,0,0
450796,2,1,1986,0,0,0,0,0,0,0,0,0,0
450797,1,1,1986,0,0,0,0,0,0,0,0,0,0
450797,2,1,1986,0,0,0,0,0,0,0,0,0,0
450797,3,1,1986,12,12,12,12,12,12,12,12,12,12
450798,0,1,1986,9,27,0,0,0,12,29,0,0,16
450798,1,1,1986,0,0,0,0,17,0,0,0,0,0
450799,1,1,1986,0,0,0,0,0,0,0,0,0,0
450799,2,1,1986,0,0,0,0,0,0,0,0,3,5
450800,1,1,1986,22,22,22,22,22,22,22,22,22,22
450801,1,1,1986,0,0,0,0,0,0,0,0,0,0
450801,2,1,1986,0,0,0,0,16,0,0,0,0,0
450802,1,1,1986,0,15,0,0,14,0,0,9,0,0
450802,2,1,1986,0,0,0,0,7,0,0,0,0,0
450803,1,1,1986,0,0,0,0,0,0,0,0,0,0
450804,1,1,1986,17,0,16,22,12,24,25,0,18,0
450805,1,1,1986,0,0,0,0,0,0,0,0,0,0
450805,2,1,1986,0,0,0,0,0,0,0,10,0,0
450806,0,1,1986,6,14,0,19,27,17,23,14,19,11
450806,1,1,1986,6,0,0,0,0,0,0,0,0,0
450806,2,1,1986,0,0,0,0,0,0,0,0,0,0
450806,3,1,1986,0,15,0,6,36,0,0,0,23,7
450806,4,1,1986,0,13,0,0,0,23,0,0,0,0
450806,5,1,1986,0,0,0,0,0,0,0,0,0,0
450807,1,1,1986,0,0,0,0,0,0,0,0,0,0
450807,2,1,1986,0,0,0,0,0,0,0,0,6,0
450808,1,1,1986,0,0,0,0,0,0,0,0,29,0
450808,2,1,1986,29,10,20,20,20,21,23,21,11,0
450809,1,1,1986,20,20,20,20,20,20,20,20,20,20
450810,1,1,1986,0,0,0,0,0,0,0,0,0,0
450810,2,1,1986,0,0,0,0,0,0,0,0,0,0
450811,1,1,1986,0,0,0,0,0,0,6,3,0,0
450811,2,1,1986,0,0,0,0,0,0,0,0,19,6
450812,1,1,1986,21,34,24,42,19,29,15,0,18,20
450812,2,1,1986,24,29,0,19,0,28,26,21,18,5
450813,0,1,1986,26,26,26,26,26,26,26,26,26,26
450813,1,1,1986,12,12,12,12,12,12,12,12,12,12
450814,1,1,1986,0,15,17,25,19,28,0,10,27,14
450814,2,1,1986,0,0,0,0,0,0,0,9,8,0
450815,1,1,1986,34,34,34,34,34,34,34,34,34,34
450816,1,1,1986,29,29,29,29,29,29,29,29,29,29
450817,1,1,1986,28,28,28,28,28,28,28,28,28,28
450818,1,1,1986,11,25,20,34,0,28,0,14,17,24
450819,1,1,1986,0,0,0,6,0,0,0,0,0,0
450819,2,1,1986,20,20,20,20,20,20,20,20,20,20
450820,1,1,1986,5,15,6,25,7,16,0,3,6,8
450821,1,1,1986,17,17,17,17,17,17,17,17,17,17
450822,1,1,1986,18,18,18,18,18,18,18,18,18,18
450823,1,1,1986,21,0,3,0,17,0,31,0,12,10
450824,1,1,1986,6,6,6,6,6,6,6,6,6,6
450824,2,1,1986,0,10,0,0,0,0,0,0,0,0
450825,1,1,1986,19,19,19,19,19,19,19,19,19,19
450826,1,1,1986,0,0,0,0,0,0,0,0,0,0
450826,2,1,1986,0,0,2,17,0,0,0,0,0,0
450826,3,1,1986,0,0,0,0,0,0,0,0,3,0
450827,1,1,1986,5,8,0,14,9,0,17,10,0,23
450827,2,1,1986,7,7,7,7,7,7,7,7,7,7
450828,0,1,1986,0,0,0,0,0,0,0,0,0,0
450828,1,1,1986,0,0,7,0,0,0,0,0,0,0
450829,1,1,1986,18,18,18,18,18,18,18,18,18,18
450830,1,1,1986,27,0,18,0,25,0,7,0,2,0
450831,1,1,1986,0,0,0,0,0,0,0,0,0,0
450831,2,1,1986,0,14,19,16,4,12,0,16,5,15
450832,1,1,1986,0,0,0,0,0,0,0,0,0,0
450832,2,1,1986,0,0,0,0,0,0,6,0,27,0
450833,1,1,1986,0,0,0,0,0,0,0,0,0,0
450833,2,1,1986,0,0,0,0,0,14,0,16,0,0
450834,1,1,1986,0,0,0,16,0,0,27,0,17,10
450834,2,1,1986,0,3,0,0,0,9,0,0,0,8
450835,0,1,1986,0,44,13,0,0,27,0,0,18,0
450835,1,1,1986,0,0,0,0,0,0,12,8,0,0
450836,1,1,1986,20,32,13,28,8,19,25,10,29,23
450836,2,1,1986,0,0,0,0,0,0,0,0,0,0
450837,1,1,1986,4,14,15,19,7,9,13,0,0,21
450838,0,1,1986,9,11,0,0,5,17,16,0,0,0
450838,1,1,1986,0,0,0,0,0,0,0,0,0,0
450839,0,1,1986,0,0,0,0,0,0,0,0,0,0
450839,1,1,1986,0,0,0,0,0,0,0,0,28,0
450840,1,1,1986,0,0,0,0,0,0,0,0,0,0
450840,2,1,1986,0,0,0,0,0,0,0,0,0,0
450841,1,1,1986,18,18,18,18,18,18,18,18,18,18
450841,2,1,1986,14,0,20,10,9,13,7,6,8,11
450842,1,1,1986,17,0,0,7,0,0,0,12,0,0
450842,2,1,1986,19,18,12,10,13,0,2,6,18,14
450843,1,1,1986,24,24,24,24,24,24,24,24,24,24
450844,1,1,1986,0,0,0,0,0,0,0,0,0,0
450844,2,1,1986,22,22,22,22,22,22,22,22,22,22
450845,1,1,1986,18,18,18,18,18,18,18,18,18,18
450846,1,1,1986,25,25,25,25,25,25,25,25,25,25
450847,1,1,1986,0,0,12,0,13,22,5,0,0,0
450848,1,1,1986,2,15,25,31,17,0,28,17,24,18
450848,2,1,1986,22,24,24,0,29,4,10,19,12,11
450848,3,1,1986,0,0,0,0,0,0,0,0,0,0
450849,1,1,1986,0,25,0,13,0,28,9,0,17,13
450850,0,1,1986,0,0,0,0,0,0,0,0,0,0
450850,1,1,1986,0,0,0,0,0,17,0,0,0,0
450851,1,1,1986,23,15,31,20,25,22,17,31,14,22
450852,1,1,1986,0,0,0,0,0,0,0,0,0,0
450852,2,1,1986,24,24,24,24,24,24,24,24,24,24
450853,1,1,1986,23,23,23,23,23,23,23,23,23,23
450853,2,1,1986,0,0,0,0,0,0,0,0,0,0
450854,1,1,1986,20,20,20,20,20,20,20,20,20,20
450855,1,1,1986,0,0,0,0,0,0,0,0,0,0
450855,2,1,1986,0,0,0,0,0,0,0,0,0,9
450856,1,1,1986,0,0,0,0,0,0,0,0,0,0
450856,2,1,1986,13,13,13,13,13,13,13,13,13,13
450857,0,1,1986,7,7,7,7,7,7,7,7,7,7
450857,1,1,1986,8,14,0,22,9,0,0,0,0,32
450858,1,1,1986,0,0,0,0,0,0,0,0,0,0
450858,2,1,1986,0,0,0,0,0,0,0,4,0,0
450859,1,1,1986,4,4,4,4,4,4,4,4,4,4
450860,1,1,1986,18,19,13,0,15,16,32,11,4,8
450860,2,1,1986,9,21,20,6,18,10,22,28,21,8
450861,1,1,1986,22,0,0,12,6,8,20,16,16,4
450862,0,1,1986,0,0,0,0,35,0,28,0,0,0
450862,1,1,1986,0,0,0,0,0,0,0,0,0,0
450863,1,1,1986,19,19,19,19,19,19,19,19,19,19
450863,2,1,1986,19,0,0,0,17,0,0,15,0,0
450866,1,1,1986,0,0,0,0,0,3,0,0,0,0
450866,2,1,1986,0,0,0,0,0,0,0,21,0,0
450867,1,1,1986,1,0,31,10,0,18,25,0,11,0
450868,1,1,1986,0,0,0,0,0,0,0,0,0,0
450868,2,1,1986,0,0,0,0,0,0,0,0,0,0
450869,1,1,1986,26,17,20,18,29,26,10,17,17,34
450870,1,1,1986,0,0,0,0,0,0,0,0,0,0
450870,2,1,1986,0,0,0,0,0,0,0,0,0,0
450871,1,1,1986,22,8,0,20,22,15,0,25,23,22
450872,1,1,1986,11,19,0,10,14,0,0,0,8,0
450873,1,1,1986,18,18,18,18,18,18,18,18,18,18
450874,1,1,1986,22,21,12,24,13,23,21,7,8,26
450875,1,1,1986,18,17,0,17,12,0,4,8,15,5
450875,2,1,1986,0,0,0,0,0,0,0,0,0,0
450876,0,1,1986,0,0,0,0,0,0,0,0,0,0
450876,1,1,1986,3,0,0,0,0,0,0,0,0,0
450877,0,1,1986,20,13,27,22,39,36,12,31,0,0
450877,1,1,1986,0,14,0,0,0,10,0,0,0,0
450878,1,1,1986,11,11,11,11,11,11,11,11,11,11
450879,1,1,1986,0,0,0,3,0,15,11,9,0,0
450879,2,1,1986,0,0,0,0,0,0,0,0,0,0
450880,1,1,1986,0,0,0,0,0,0,0,7,0,0
450880,2,1,1986,0,0,0,0,3,0,0,0,0,0
450881,1,1,1986,0,8,0,0,0,0,0,0,0,0
450882,1,1,1986,17,17,17,17,17,17,17,17,17,17
450883,0,1,1986,8,0,4,0,0,13,8,0,22,14
450883,1,1,1986,20,20,6,27,13,15,0,6,20,19
450884,1,1,1986,0,0,0,0,0,0,0,0,0,16
450884,2,1,1986,0,0,0,10,0,0,0,0,0,0
450885,1,1,1986,0,0,0,0,0,0,0,0,0,0
450885,2,1,1986,0,0,0,0,0,9,0,0,0,0
450886,1,1,1986,24,0,0,0,0,0,0,10,0,0
450886,2,1,1986,0,0,8,0,15,15,7,0,0,0
450887,1,1,1986,18,18,18,18,18,18,18,18,18,18
450888,1,1,1986,18,18,18,18,18,18,18,18,18,18
450889,0,1,1986,23,23,23,23,23,23,23,23,23,23
450889,1,1,1986,0,0,0,0,0,0,0,0,0,13
450889,2,1,1986,36,0,10,0,0,0,0,0,0,0
450890,1,1,1986,0,9,0,0,0,30,13,0,9,8
450890,2,1,1986,0,15,0,0,0,0,0,0,0,0
450890,3,1,1986,0,0,0,0,0,0,0,0,0,0
450891,0,1,1986,0,0,0,0,0,0,0,0,0,0
450891,1,1,1986,18,0,0,0,0,0,0,0,0,0
450892,0,1,1986,0,0,0,0,0,0,0,0,0,0
450892,1,1,1986,8,0,0,0,0,0,0,0,0,0
450893,1,1,1986,0,0,10,0,0,0,0,0,0,0
450893,2,1,1986,0,0,0,0,0,0,0,0,0,0
450895,1,1,1986,7,7,7,7,7,7,7,7,7,7
450896,1,1,1986,18,18,18,18,18,18,18,18,18,18
450897,1,1,1986,0,0,0,0,0,0,0,0,0,0
450897,2,1,1986,0,0,8,0,8,0,13,15,6,14
450898,1,1,1986,7,14,4,0,0,8,27,24,15,0
450899,1,1,1986,0,0,0,0,0,0,0,0,0,7
450899,2,1,1986,0,0,0,0,0,0,0,0,0,0
450900,1,1,1986,0,0,0,0,0,0,0,0,0,0
450900,2,1,1986,0,0,0,0,0,0,0,0,0,0
450901,1,1,1986,0,0,0,0,0,0,0,0,0,0
450901,2,1,1986,19,0,0,0,0,0,0,0,0,0
450902,1,1,1986,0,0,0,0,0,2,0,0,0,0
450903,1,1,1986,0,13,0,0,19,0,19,15,20,0
450903,2,1,1986,0,0,0,0,0,0,0,0,0,0
450903,3,1,1986,11,0,0,0,0,0,0,0,0,0
450904,0,1,1986,0,0,0,0,0,0,0,0,0,0
450904,0,2,1986,0,0,5,0,0,0,0,0,0,0
450904,1,1,1986,0,0,0,0,0,0,0,0,0,0
450905,1,1,1986,0,0,0,0,0,0,0,0,0,0
450905,2,1,1986,0,0,0,0,0,0,0,0,0,0
450906,1,1,1986,15,0,0,0,0,0,0,0,0,0
450906,2,1,1986,0,0,0,0,0,0,0,0,0,0
450907,1,1,1986,0,0,0,0,0,0,0,0,0,0
450907,2,1,1986,0,0,8,0,0,0,0,0,0,0
450908,1,1,1986,0,13,0,0,0,0,0,0,0,0
450909,1,1,1986,29,17,10,15,27,8,7,18,10,16
450909,2,1,1986,28,15,20,6,16,14,18,10,19,23
450910,1,1,1986,12,22,0,0,0,0,0,0,0,0
450910,2,1,1986,0,0,0,0,0,0,0,0,16,0
450911,1,1,1986,12,12,12,12,12,12,12,12,12,12
450912,1,1,1986,0,9,11,26,0,0,18,5,5,9
450913,0,1,1986,0,16,23,14,27,11,28,31,13,9
450913,1,1,1986,0,0,0,0,0,0,0,0,0,0
450914,1,1,1986,3,3,3,3,3,3,3,3,3,3
450915,1,1,1986,8,8,8,8,8,8,8,8,8,8
450916,1,1,1986,6,0,14,0,27,26,0,0,0,0
450917,1,1,1986,0,0,0,0,0,0,0,0,0,0
450917,2,1,1986,18,0,0,0,0,0,0,0,0,0
450918,1,1,1986,0,0,0,0,0,0,0,0,0,0
450918,2,1,1986,0,0,0,0,0,0,0,0,0,0
450919,1,1,1986,30,23,8,33,19,19,7,4,8,14
450920,1,1,1986,0,0,0,0,0,0,0,0,0,0
450921,1,1,1986,0,24,0,40,0,11,0,0,8,11
450921,2,1,1986,0,0,0,0,0,0,0,0,0,8
450922,1,1,1986,0,24,0,0,0,0,20,0,31,0
450923,1,1,1986,0,0,0,0,0,0,2,0,11,0
450923,2,1,1986,0,0,0,0,0,0,0,0,0,0
450924,1,1,1986,16,16,16,16,16,16,16,16,16,16
450925,1,1,1986,4,0,0,3,0,0,0,0,6,0
450926,1,1,1986,20,0,0,0,17,5,23,19,21,0
450927,0,1,1986,18,18,18,18,18,18,18,18,18,18
450927,1,1,1986,0,0,0,0,0,0,5,0,0,0
450928,1,1,1986,27,19,21,20,18,24,24,12,29,11
450929,1,1,1986,12,0,7,10,17,16,4,18,3,4
450930,1,1,1986,4,12,22,5,35,0,13,10,0,12
450931,1,1,1986,23,0,0,0,20,0,0,10,0,16
450932,1,1,1986,21,21,21,21,21,21,21,21,21,21
450933,1,1,1986,15,0,10,17,0,12,16,0,10,14
450933,2,1,1986,19,29,16,22,22,20,29,30,6,7
450934,0,1,1986,0,7,0,0,0,10,0,19,16,37
450934,1,1,1986,0,16,0,4,30,0,0,0,0,19
450935,1,1,1986,10,0,20,21,0,0,20,20,0,0
450936,1,1,1986,0,0,0,0,0,0,0,0,0,0
450936,2,1,1986,0,0,0,8,0,5,0,0,0,0
450937,0,1,1986,0,0,27,0,0,0,0,0,0,0
450937,1,1,1986,20,0,0,0,0,0,0,0,0,0
450938,0,1,1986,0,24,0,14,0,13,0,0,6,10
450938,1,1,1986,11,15,0,0,17,0,0,0,0,0
450939,0,1,1986,0,0,0,13,0,0,0,0,6,0
450939,1,1,1986,0,0,0,0,18,0,0,8,0,0
450940,1,1,1986,0,24,7,18,13,0,0,0,0,5
450941,1,1,1986,0,0,0,0,0,0,9,0,0,0
450942,1,1,1986,0,0,0,0,0,0,15,0,0,0
450943,0,1,1986,21,0,11,0,0,20,0,0,0,0
450943,1,1,1986,0,0,0,0,0,0,0,0,0,0
450944,1,1,1986,0,0,0,0,0,0,0,0,0,0
450945,1,1,1986,33,18,19,13,5,14,37,22,8,8
450946,0,1,1986,0,0,10,0,0,0,0,11,0,47
450946,1,1,1986,0,0,0,0,0,0,0,0,18,0
450947,0,1,1986,47,0,0,0,0,46,37,21,0,7
450947,0,2,1986,0,0,13,14,50,0,0,0,9,17
450947,1,1,1986,0,0,0,0,0,13,0,0,0,0
450948,1,1,1986,0,0,0,0,0,0,0,0,0,0
450948,2,1,1986,4,4,4,4,4,4,4,4,4,4
450949,1,1,1986,0,0,0,0,0,0,0,0,3,0
450949,2,1,1986,0,0,0,0,0,0,0,0,0,0
450950,1,1,1986,0,0,0,0,0,0,0,0,0,0
450950,2,1,1986,0,0,9,0,0,0,0,0,0,0
450951,0,1,1986,0,0,0,12,0,0,24,24,12,0
450951,1,1,1986,0,0,0,0,0,0,0,0,0,0
450952,1,1,1986,11,0,0,0,0,0,3,0,0,0
450952,2,1,1986,0,14,0,0,0,0,0,0,0,0
450953,0,1,1986,0,0,0,0,0,0,0,0,0,0
450953,1,1,1986,15,0,0,0,0,0,0,0,0,0
450954,1,1,1986,17,17,17,17,17,17,17,17,17,17
450954,2,1,1986,2,0,9,0,0,0,0,0,0,0
450955,1,1,1986,36,21,0,25,31,27,20,13,34,12
450955,2,1,1986,0,0,0,0,0,0,8,0,0,0
450956,1,1,1986,0,25,0,0,0,0,0,9,0,0
450956,2,1,1986,0,4,9,9,9,10,0,13,12,16
450957,1,1,1986,23,10,13,24,20,20,0,6,10,21
450958,1,1,1986,8,28,15,7,10,15,11,11,0,13
450959,1,1,1986,0,7,19,0,0,0,0,18,0,0
450959,2,1,1986,0,0,0,0,0,0,0,0,0,0
450960,0,1,1986,11,31,12,0,44,8,6,17,21,0
450960,1,1,1986,39,19,30,4,36,0,20,16,15,10
450961,1,1,1986,0,0,0,0,7,0,0,0,0,0
450963,1,1,1986,0,0,0,0,0,0,0,0,0,0
450963,2,1,1986,0,0,0,0,0,0,0,0,0,0
450963,3,1,1986,0,0,0,0,0,0,0,0,0,0
450965,1,1,1986,8,16,10,10,14,0,22,14,25,12
450966,0,1,1986,0,0,0,0,0,0,0,0,0,0
450966,0,2,1986,0,0,0,0,0,0,0,0,0,0
450966,1,1,1986,0,0,6,0,0,0,0,0,0,0
450967,1,1,1986,0,0,0,0,0,0,0,0,0,0
450967,2,1,1986,0,0,0,0,0,0,0,0,0,0
450968,0,1,1986,0,30,0,0,0,0,0,24,0,0
450968,1,1,1986,0,0,4,0,0,0,24,7,0,0
450969,1,1,1986,0,0,0,0,0,21,0,0,0,0
450969,2,1,1986,3,0,0,0,0,0,0,0,0,0
450970,1,1,1986,15,15,15,15,15,15,15,15,15,15
450971,1,1,1986,12,12,12,12,12,12,12,12,12,12
450972,1,1,1986,0,0,0,0,0,0,0,0,0,0
450972,2,1,1986,0,0,0,0,0,0,0,0,0,0
450973,1,1,1986,0,0,0,0,0,0,0,0,0,0
450973,2,1,1986,0,0,0,0,0,0,0,3,18,0
450973,3,1,1986,13,0,0,0,0,0,0,0,0,0
450975,1,1,1986,0,6,0,0,0,18,17,21,0,7
450976,0,1,1986,0,0,0,0,0,0,0,0,0,0
450976,1,1,1986,0,0,0,0,0,0,0,0,0,0
450977,1,1,1986,0,0,0,0,0,0,0,0,15,0
450977,2,1,1986,4,0,0,0,0,0,0,2,0,0
450978,1,1,1986,0,0,0,0,0,0,0,0,0,0
450979,0,1,1986,0,23,0,0,0,0,0,0,0,0
450979,1,1,1986,8,0,0,0,0,0,0,0,0,0
450980,0,1,1986,31,0,12,25,20,12,25,0,18,0
450980,1,1,1986,0,0,31,0,20,11,0,0,0,0
450981,0,1,1986,19,0,0,31,17,0,0,17,0,0
450981,1,1,1986,0,0,0,0,0,0,5,11,12,0
450982,0,1,1986,0,0,0,0,29,0,0,7,12,12
450982,1,1,1986,12,9,0,14,5,9,6,23,19,5
450983,1,1,1986,0,0,0,0,0,0,0,0,0,0
450983,2,1,1986,0,0,0,0,0,0,0,0,5,0
460001,1,1,1986,0,0,0,0,0,0,0,0,0,0
460001,2,1,1986,0,0,0,0,0,0,0,29,0,0
460002,1,1,1986,0,0,0,0,0,0,0,0,0,0
460002,2,1,1986,0,0,0,0,0,0,0,0,0,0
460003,1,1,1986,0,0,0,0,0,0,0,0,0,0
460003,2,1,1986,16,16,16,16,16,16,16,16,16,16
460004,1,1,1986,0,0,0,0,0,0,0,0,0,0
460004,2,1,1986,0,0,0,0,0,0,0,0,0,0
460005,0,1,1986,28,28,28,28,28,28,28,28,28,28
460005,1,1,1986,0,6,4,17,4,6,45,6,0,10
460007,0,1,1986,50,50,50,50,50,50,50,50,50,50
460007,0,2,1986,33,33,33,33,33,33,33,33,33,33
460007,1,1,1986,0,0,0,0,0,0,0,0,0,0
460008,1,1,1986,44,44,44,44,44,44,44,44,44,44
460008,2,1,1986,0,0,0,0,0,0,0,0,0,0
460009,1,1,1986,28,28,28,28,28,28,28,28,28,28
460010,1,1,1986,0,0,0,8,0,0,14,0,0,0
460010,2,1,1986,0,0,0,0,0,0,0,0,0,0
460011,1,1,1986,0,0,0,0,0,0,0,0,0,0
460011,2,1,1986,0,0,0,0,0,0,0,0,0,0
460012,1,1,1986,0,0,0,0,0,0,0,0,0,0
460012,2,1,1986,0,0,0,0,0,0,0,0,0,0
460013,0,1,1986,0,0,0,0,0,0,0,0,0,0
460013,1,1,1986,0,0,0,0,0,0,0,0,0,0
460014,1,1,1986,0,0,0,0,0,0,0,0,0,0
460014,2,1,1986,0,0,0,0,0,0,0,0,0,0
460014,3,1,1986,0,0,0,0,0,0,0,0,0,0
460015,1,1,1986,30,30,30,30,30,30,30,30,30,30
460016,0,1,1986,24,24,24,24,24,24,24,24,24,24
460016,1,1,1986,0,0,0,0,0,0,0,0,0,0
460017,1,1,1986,11,11,11,11,11,11,11,11,11,11
460018,0,1,1986,13,13,13,13,13,13,13,13,13,13
460018,1,1,1986,19,19,19,19,19,19,19,19,19,19
460019,1,1,1986,10,10,10,10,10,10,10,10,10,10
460019,2,1,1986,0,0,0,0,0,0,0,0,0,0
460020,1,1,1986,7,7,7,7,7,7,7,7,7,7
460021,1,1,1986,0,0,0,0,0,0,0,0,0,0
460021,2,1,1986,0,0,0,0,0,0,0,0,0,0
460022,1,1,1986,0,0,0,0,0,0,0,0,0,0
460023,0,1,1986,0,0,0,0,0,0,0,0,0,0
460023,1,1,1986,0,0,0,0,0,0,0,0,0,0
460024,0,1,1986,41,41,41,41,41,41,41,41,41,41
460024,1,1,1986,15,10,0,0,0,0,5,0,0,11
460025,1,1,1986,16,24,14,0,19,23,0,18,11,21
460026,1,1,1986,0,0,0,0,0,0,0,0,0,0
460026,2,1,1986,21,21,21,21,21,21,21,21,21,21
460027,1,1,1986,31,0,0,0,0,0,0,0,0,0
460028,1,1,1986,16,16,16,16,16,16,16,16,16,16
460028,2,1,1986,0,0,0,0,0,0,0,0,0,0
460029,0,1,1986,0,0,0,0,0,0,0,0,0,0
460029,1,1,1986,0,0,0,0,0,0,0,0,0,0
460030,1,1,1986,14,14,14,14,14,14,14,14,14,14
460030,2,1,1986,0,0,0,0,0,0,0,0,0,0
460031,1,1,1986,8,8,8,8,8,8,8,8,8,8
460031,2,1,1986,0,0,0,0,0,0,0,0,0,0
460032,0,1,1986,0,0,0,0,0,0,0,0,0,0
460032,1,1,1986,0,0,0,0,0,0,0,0,0,0
460033,1,1,1986,6,19,0,18,13,0,0,0,0,0
460034,1,1,1986,21,21,21,21,21,21,21,21,21,21
460035,1,1,1986,10,10,10,10,10,10,10,10,10,10
460036,1,1,1986,0,0,0,0,0,0,0,0,0,0
460036,2,1,1986,0,0,0,0,0,0,0,0,0,0
460037,1,1,1986,0,0,0,0,0,0,0,0,0,0
460038,1,1,1986,30,30,30,30,30,30,30,30,30,30
460038,2,1,1986,0,0,0,0,0,0,0,0,0,0