ST_CASE,VEH_NO,PER_NO,YEAR,P1,P2,P3,P4,P5,P6,P7,P8,P9,P10
460039,1,1,1986,6,6,6,6,6,6,6,6,6,6
460040,1,1,1986,0,0,0,15,0,0,0,0,8,0
460040,2,1,1986,0,0,0,0,0,0,0,0,0,0
460041,1,1,1986,0,0,0,0,0,0,0,0,0,0
460042,1,1,1986,22,22,22,22,22,22,22,22,22,22
460043,1,1,1986,30,30,30,30,30,30,30,30,30,30
460043,2,1,1986,0,0,0,0,0,0,0,0,0,0
460043,3,1,1986,15,21,8,26,26,27,20,5,18,17
460044,0,1,1986,0,0,0,0,0,0,0,0,0,0
460044,1,1,1986,0,0,0,0,0,0,0,0,0,0
460045,1,1,1986,0,0,0,0,0,0,0,0,0,0
460046,1,1,1986,14,14,14,14,14,14,14,14,14,14
460047,1,1,1986,0,0,0,0,0,0,0,0,0,0
460047,2,1,1986,0,0,0,0,0,0,0,0,0,0
460048,1,1,1986,0,0,0,0,0,0,0,0,0,0
460049,1,1,1986,10,10,10,10,10,10,10,10,10,10
460050,0,1,1986,28,28,28,28,28,28,28,28,28,28
460050,1,1,1986,17,17,17,17,17,17,17,17,17,17
460051,1,1,1986,0,0,0,0,0,0,0,0,0,0
460052,1,1,1986,16,16,16,16,16,16,16,16,16,16
460053,1,1,1986,26,26,26,26,26,26,26,26,26,26
460054,0,1,1986,0,0,0,0,0,0,0,0,0,0
460054,1,1,1986,5,5,5,5,5,5,5,5,5,5
460055,1,1,1986,0,0,0,0,0,0,0,0,0,0
460055,2,1,1986,0,0,0,0,0,0,0,0,0,0
460056,1,1,1986,28,28,28,28,28,28,28,28,28,28
460057,1,1,1986,0,0,0,0,0,0,0,0,0,0
460057,2,1,1986,0,0,0,0,0,0,0,0,0,0
460058,1,1,1986,21,21,21,21,21,21,21,21,21,21
460058,2,1,1986,0,0,0,0,0,0,0,0,0,0
460059,1,1,1986,7,7,7,7,7,7,7,7,7,7
460059,2,1,1986,0,0,0,22,0,0,7,0,0,20
460061,0,1,1986,21,21,21,21,21,21,21,21,21,21
460061,1,1,1986,0,0,0,0,0,0,0,0,0,0
460062,0,1,1986,2,2,2,2,2,2,2,2,2,2
460062,1,1,1986,0,0,0,0,0,0,0,0,14,0
460063,1,1,1986,0,0,0,0,0,0,13,0,0,0
460064,1,1,1986,0,0,0,0,6,0,0,0,0,0
460064,2,1,1986,0,0,0,0,0,0,0,0,0,0
460064,3,1,1986,15,0,0,0,0,0,0,0,0,0
460065,1,1,1986,0,0,0,0,0,0,0,0,0,0
460066,1,1,1986,15,15,15,15,15,15,15,15,15,15
460067,1,1,1986,19,19,19,19,19,19,19,19,19,19
460068,1,1,1986,14,14,14,14,14,14,14,14,14,14
460069,1,1,1986,0,0,0,0,0,0,0,0,0,0
460070,1,1,1986,11,11,11,11,11,11,11,11,11,11
460070,2,1,1986,20,0,25,8,29,24,0,15,16,0
460071,1,1,1986,21,21,21,21,21,21,21,21,21,21
460072,1,1,1986,4,18,7,2,3,37,12,10,13,15
460072,2,1,1986,5,5,5,5,5,5,5,5,5,5
460073,1,1,1986,0,0,0,0,0,0,0,0,0,0
460074,1,1,1986,24,24,24,24,24,24,24,24,24,24
460075,1,1,1986,0,0,5,0,0,0,0,0,0,0
460075,2,1,1986,0,0,0,0,0,0,0,0,0,0
460076,1,1,1986,17,17,17,17,17,17,17,17,17,17
460077,1,1,1986,0,0,0,0,0,0,0,0,0,0
460077,2,1,1986,0,0,0,0,0,0,0,0,0,0
460078,1,1,1986,0,0,0,0,0,0,0,0,0,0
460079,1,1,1986,0,0,0,0,0,0,0,0,0,0
460079,2,1,1986,0,0,0,0,0,0,0,0,0,0
460080,1,1,1986,0,0,0,0,0,0,0,0,0,0
460080,2,1,1986,0,0,0,0,0,0,0,0,0,0
460082,1,1,1986,0,0,0,0,0,0,0,0,0,0
460082,2,1,1986,0,0,0,0,0,0,0,0,0,0
460083,1,1,1986,0,0,0,0,0,0,0,0,0,0
460083,2,1,1986,0,0,0,0,0,0,0,0,0,0
460084,1,1,1986,0,0,0,0,0,0,0,0,0,0
460085,1,1,1986,0,0,0,20,0,0,0,0,0,0
460085,2,1,1986,0,0,0,0,0,0,0,0,0,0
460086,1,1,1986,0,0,0,0,0,0,0,0,0,0
460086,2,1,1986,2,2,2,2,2,2,2,2,2,2
460087,1,1,1986,11,11,11,11,11,11,11,11,11,11
460088,1,1,1986,9,9,9,9,9,9,9,9,9,9
460089,1,1,1986,0,0,0,0,0,0,0,0,0,0
460090,1,1,1986,0,0,0,0,0,0,0,0,0,0
460091,0,1,1986,26,26,26,26,26,26,26,26,26,26
460091,1,1,1986,0,0,0,0,0,0,0,0,0,0
460092,1,1,1986,0,0,0,0,0,0,0,0,3,0
460092,2,1,1986,0,0,0,0,0,0,0,0,0,0
460093,1,1,1986,0,0,0,0,0,0,0,0,0,0
460094,1,1,1986,23,23,23,23,23,23,23,23,23,23
460095,0,1,1986,0,0,0,0,0,0,3,0,0,0
460095,1,1,1986,0,0,0,0,0,0,0,0,0,0
460096,1,1,1986,21,21,21,21,21,21,21,21,21,21
460097,1,1,1986,20,20,20,20,20,20,20,20,20,20
460098,1,1,1986,0,7,0,0,0,0,0,0,0,0
460098,2,1,1986,0,0,0,0,0,0,0,0,0,0
460099,1,1,1986,19,19,19,19,19,19,19,19,19,19
460099,2,1,1986,0,0,0,0,0,16,0,0,0,0
460100,1,1,1986,24,24,24,24,24,24,24,24,24,24
460101,1,1,1986,32,32,32,32,32,32,32,32,32,32
460102,1,1,1986,0,0,0,0,0,0,0,0,0,0
460102,2,1,1986,0,0,0,0,0,0,0,0,0,0
460103,1,1,1986,30,30,30,30,30,30,30,30,30,30
460103,2,1,1986,19,19,19,19,19,19,19,19,19,19
460104,1,1,1986,13,13,13,13,13,13,13,13,13,13
460105,1,1,1986,0,0,0,12,0,0,0,0,0,0
460105,2,1,1986,0,0,0,0,0,0,0,0,0,0
460106,1,1,1986,0,0,0,0,0,0,0,0,0,0
460107,1,1,1986,0,0,0,0,0,0,0,0,0,0
460108,1,1,1986,4,4,4,4,4,4,4,4,4,4
460109,1,1,1986,34,34,34,34,34,34,34,34,34,34
460110,1,1,1986,0,0,0,0,0,0,0,0,0,0
460111,1,1,1986,14,14,14,14,14,14,14,14,14,14
460112,1,1,1986,0,0,0,0,0,0,0,0,0,0
460113,1,1,1986,11,11,11,11,11,11,11,11,11,11
460114,1,1,1986,0,0,0,0,0,0,0,0,0,0
460114,2,1,1986,0,0,0,0,0,0,0,0,0,0
460115,1,1,1986,14,0,13,0,4,0,0,0,3,0
460116,1,1,1986,0,0,0,0,0,0,0,0,0,0
460116,2,1,1986,0,0,0,0,0,0,0,0,0,0
460117,1,1,1986,22,22,22,22,22,22,22,22,22,22
460118,1,1,1986,0,0,0,0,0,0,0,0,0,0
460119,1,1,1986,1,1,1,1,1,1,1,1,1,1
460120,1,1,1986,20,20,20,20,20,20,20,20,20,20
460121,1,2,1986,5,0,7,5,21,0,0,13,0,8
470001,1,1,1986,24,24,24,24,24,24,24,24,24,24
470002,0,1,1986,0,0,0,0,0,0,0,28,52,0
470002,1,1,1986,22,22,22,22,22,22,22,22,22,22
470003,0,1,1986,12,12,12,12,12,12,12,12,12,12
470003,1,1,1986,0,5,0,0,0,36,0,0,0,0
470004,1,1,1986,11,11,11,11,11,11,11,11,11,11
470005,1,1,1986,17,17,17,17,17,17,17,17,17,17
470006,1,1,1986,20,20,20,20,20,20,20,20,20,20
470007,1,1,1986,0,0,0,0,0,0,0,0,0,0
470007,2,1,1986,0,0,0,0,0,0,0,0,0,0
470007,3,1,1986,0,0,0,4,5,0,0,0,0,0
470008,1,1,1986,0,0,0,0,0,0,0,0,0,0
470008,2,1,1986,0,0,0,0,0,0,0,0,0,0
470009,1,1,1986,0,0,15,0,0,0,0,0,0,0
470009,2,1,1986,0,0,0,0,0,0,0,0,0,0
470009,3,1,1986,0,0,0,0,0,0,0,0,0,0
470010,1,1,1986,11,0,0,29,0,0,0,0,0,0
470010,2,1,1986,0,0,0,0,0,0,0,0,0,0
470011,1,1,1986,0,0,0,0,0,0,0,0,0,0
470011,2,1,1986,0,0,0,0,0,0,0,0,0,0
470012,0,1,1986,0,0,0,0,0,0,0,0,0,0
470012,1,1,1986,0,0,0,0,0,0,0,0,0,0
470013,1,1,1986,29,18,22,31,12,15,15,19,18,0
470014,0,1,1986,0,0,0,0,0,0,0,0,0,0
470014,1,1,1986,0,0,0,0,0,0,0,0,0,0
470015,1,1,1986,0,0,0,0,0,0,0,0,0,0
470015,2,1,1986,0,0,0,0,0,0,0,0,0,0
470016,0,1,1986,22,22,22,22,22,22,22,22,22,22
470016,1,1,1986,0,0,0,0,0,0,0,0,0,0
470017,1,1,1986,12,12,12,12,12,12,12,12,12,12
470018,1,1,1986,17,17,17,17,17,17,17,17,17,17
470019,1,1,1986,0,0,0,0,0,0,0,0,0,0
470020,1,1,1986,13,13,13,13,13,13,13,13,13,13
470021,1,1,1986,32,32,32,32,32,32,32,32,32,32
470022,1,1,1986,0,0,0,0,0,0,0,0,0,0
470023,0,1,1986,0,14,29,44,30,17,22,20,22,19
470023,1,1,1986,32,12,14,23,11,0,15,8,4,20
470024,1,1,1986,0,0,0,0,0,0,0,0,0,0
470025,1,1,1986,29,29,29,29,29,29,29,29,29,29
470025,2,1,1986,0,0,0,0,0,0,0,0,0,0
470026,1,1,1986,0,0,0,0,0,0,0,0,0,0
470026,2,1,1986,0,0,0,0,0,0,0,0,0,0
470027,1,1,1986,4,4,4,4,4,4,4,4,4,4
470028,1,1,1986,23,23,23,23,23,23,23,23,23,23
470029,1,1,1986,13,13,13,13,13,13,13,13,13,13
470030,1,1,1986,21,21,21,21,21,21,21,21,21,21
470031,1,1,1986,15,15,15,15,15,15,15,15,15,15
470032,1,1,1986,23,23,23,23,23,23,23,23,23,23
470033,1,1,1986,28,28,28,28,28,28,28,28,28,28
470034,1,1,1986,0,0,0,0,0,0,0,0,0,0
470034,2,1,1986,0,0,0,0,0,0,0,0,0,0
470035,1,1,1986,1,1,1,1,1,1,1,1,1,1
470036,1,1,1986,0,0,0,0,0,0,0,0,0,0
470037,1,1,1986,0,0,0,0,0,0,0,0,0,0
470037,2,1,1986,11,11,15,11,24,11,17,13,9,16
470039,1,1,1986,0,0,0,0,0,0,0,0,0,0
470039,2,1,1986,0,0,0,0,0,0,0,0,0,0
470040,1,1,1986,11,11,11,11,11,11,11,11,11,11
470040,2,1,1986,0,0,0,0,0,0,0,0,0,0
470041,1,1,1986,20,20,20,20,20,20,20,20,20,20
470042,1,1,1986,0,0,0,0,0,8,0,0,25,0
470042,2,1,1986,17,0,0,0,0,0,0,0,0,0
470043,1,1,1986,0,0,0,0,0,0,0,0,0,0
470043,2,1,1986,0,0,24,0,0,0,0,0,30,7
470044,1,1,1986,0,0,0,0,0,0,0,0,0,0
470044,2,1,1986,0,0,15,0,17,0,0,28,6,12
470045,0,1,1986,0,0,0,0,0,0,0,0,0,0
470045,1,1,1986,0,0,6,0,0,0,0,0,0,0
470046,0,1,1986,0,0,0,0,0,0,0,17,0,11
470046,1,1,1986,0,0,0,0,0,0,0,0,0,0
470047,0,1,1986,14,14,14,14,14,14,14,14,14,14
470047,1,1,1986,0,0,0,0,0,0,0,0,6,0
470048,1,1,1986,10,10,10,10,10,10,10,10,10,10
470048,2,1,1986,16,16,16,16,16,16,16,16,16,16
470049,1,1,1986,20,20,20,20,20,20,20,20,20,20
470050,1,1,1986,17,17,17,17,17,17,17,17,17,17
470051,1,1,1986,18,18,18,18,18,18,18,18,18,18
470052,1,1,1986,0,0,0,0,0,0,0,0,0,0
470052,2,1,1986,13,13,13,13,13,13,13,13,13,13
470053,1,1,1986,0,0,0,0,0,0,0,0,0,0
470053,2,1,1986,0,0,0,0,0,0,0,0,0,0
470054,1,1,1986,0,0,0,0,0,0,0,0,0,0
470054,2,1,1986,0,0,0,0,0,0,0,0,0,0
470055,1,1,1986,0,0,0,0,0,0,0,0,0,0
470055,2,1,1986,0,0,0,0,0,0,0,0,0,0
470056,1,1,1986,0,0,0,0,0,0,0,0,0,0
470056,2,1,1986,5,5,5,5,5,5,5,5,5,5
470057,0,1,1986,0,0,0,0,0,0,0,0,0,0
470057,1,1,1986,2,11,0,7,27,16,16,16,0,37
470058,1,1,1986,0,0,0,0,0,0,0,0,0,0
470058,2,1,1986,0,0,0,0,0,0,0,0,0,0
470059,1,1,1986,0,0,0,0,0,0,0,0,0,0
470062,1,1,1986,8,8,8,8,8,8,8,8,8,8
470064,1,1,1986,0,0,0,0,0,0,0,0,0,0
470064,2,1,1986,0,0,0,20,0,0,0,0,0,0
470064,3,1,1986,0,0,0,0,0,0,0,0,0,12
470065,1,1,1986,17,0,0,0,0,0,0,0,0,0
470065,2,1,1986,0,0,0,0,0,0,0,0,0,0
470066,1,1,1986,0,0,0,0,0,0,0,0,0,0
470067,1,1,1986,0,0,0,13,0,13,0,23,0,0
470067,2,1,1986,0,0,0,0,0,0,0,0,0,0
470068,1,1,1986,0,0,0,0,0,0,0,0,0,0
470069,1,1,1986,13,14,21,14,10,17,0,0,0,20
470070,1,1,1986,0,0,0,0,0,0,0,0,0,0
470070,2,1,1986,11,11,11,11,11,11,11,11,11,11
470071,1,1,1986,5,5,5,5,5,5,5,5,5,5
470074,1,1,1986,22,22,22,22,22,22,22,22,22,22
470074,2,1,1986,15,15,15,15,15,15,15,15,15,15
470075,1,1,1986,0,0,0,18,0,0,0,0,0,0
470075,2,1,1986,0,0,16,0,0,0,0,11,0,15
470076,1,1,1986,0,0,0,0,0,0,0,0,0,0
470076,2,1,1986,0,0,0,0,0,0,0,0,0,0
470077,1,1,1986,0,0,0,0,0,0,0,0,0,0
470077,2,1,1986,16,16,16,16,16,16,16,16,16,16
470078,1,1,1986,0,0,0,0,0,0,0,0,0,0
470079,1,1,1986,0,0,0,0,0,0,0,0,0,0
470079,2,1,1986,0,0,10,0,0,0,0,0,0,0
470081,1,1,1986,14,14,14,14,14,14,14,14,14,14
470081,2,1,1986,0,0,0,0,0,0,0,0,0,0
470082,1,1,1986,0,0,0,0,0,0,0,0,0,0
470084,1,1,1986,0,0,0,0,0,0,0,0,0,0
470085,1,1,1986,0,0,0,0,0,0,0,0,0,0
470085,2,1,1986,0,0,0,0,0,0,0,0,0,0
470086,1,1,1986,0,0,0,0,0,0,0,0,0,0
470086,2,1,1986,0,0,0,0,0,0,0,0,0,0
470087,1,1,1986,18,18,18,18,18,18,18,18,18,18
470089,0,1,1986,0,0,0,0,0,0,0,0,0,0
470089,1,1,1986,0,0,0,0,0,0,0,0,0,0
470090,1,1,1986,19,19,19,19,19,19,19,19,19,19
470090,2,1,1986,0,0,0,0,0,0,0,0,0,0
470091,0,1,1986,4,4,4,4,4,4,4,4,4,4
470091,0,2,1986,0,0,0,0,0,0,0,0,0,0
470091,0,3,1986,9,13,21,22,0,10,0,23,12,26
470091,2,1,1986,18,18,18,18,18,18,18,18,18,18
470093,1,1,1986,16,16,16,16,16,16,16,16,16,16
470094,1,1,1986,0,0,0,0,0,0,0,0,0,0
470094,2,1,1986,0,0,0,0,0,0,0,0,0,0
470095,1,1,1986,0,0,0,0,0,0,0,0,0,0
470096,1,1,1986,0,19,0,0,0,0,19,0,0,0
470096,2,1,1986,0,0,0,9,0,0,0,0,0,9
470096,3,1,1986,0,0,0,0,0,0,0,0,0,0
470096,4,1,1986,19,0,0,0,0,0,0,0,0,0
470097,0,1,1986,18,18,18,18,18,18,18,18,18,18
470097,1,1,1986,3,3,3,3,3,3,3,3,3,3
470098,1,1,1986,17,17,17,17,17,17,17,17,17,17
470099,1,1,1986,0,0,0,0,0,0,0,0,0,0
470099,2,1,1986,0,0,0,0,0,0,0,0,0,0
470100,1,1,1986,12,12,12,12,12,12,12,12,12,12
470101,1,1,1986,30,30,30,30,30,30,30,30,30,30
470101,2,1,1986,0,0,0,0,0,0,0,0,3,9
470102,1,1,1986,22,22,22,22,22,22,22,22,22,22
470102,2,1,1986,0,0,0,0,0,0,0,0,0,0
470102,3,1,1986,0,0,23,0,0,0,0,0,0,0
470104,1,1,1986,14,14,14,14,14,14,14,14,14,14
470104,2,1,1986,0,0,0,0,0,0,0,0,0,0
470105,1,1,1986,0,0,0,0,0,0,0,0,0,0
470105,2,1,1986,0,0,0,0,0,0,0,0,0,0
470105,3,1,1986,0,0,0,0,0,0,0,0,6,0
470106,1,1,1986,3,3,3,3,3,3,3,3,3,3
470106,2,1,1986,0,0,0,0,0,0,0,0,0,0
470107,1,1,1986,0,0,0,0,12,0,0,0,8,0
470108,1,1,1986,0,23,0,0,0,0,0,0,0,0
470109,1,1,1986,0,0,0,0,0,8,14,13,7,4
470110,1,1,1986,0,0,0,0,0,0,0,0,0,0
470110,2,1,1986,0,0,0,0,0,0,0,0,0,0
470111,1,1,1986,0,0,8,0,0,0,0,0,0,0
470111,2,1,1986,0,0,0,0,0,0,5,0,0,0
470111,3,1,1986,0,4,0,0,0,0,0,0,0,0
470112,1,1,1986,0,0,0,0,0,0,0,0,0,0
470112,2,1,1986,0,0,0,0,0,0,0,0,0,0
470113,0,1,1986,22,22,22,22,22,22,22,22,22,22
470113,1,1,1986,3,0,25,0,0,3,16,0,14,32
470115,1,1,1986,0,0,0,0,0,0,0,0,0,0
470115,2,1,1986,0,0,0,0,0,0,0,0,0,0
470115,3,1,1986,0,0,0,0,0,0,0,0,0,0
470115,4,1,1986,0,0,0,0,0,0,0,0,0,0
470116,1,1,1986,0,0,0,0,0,0,0,0,0,0
470116,2,1,1986,19,19,19,19,19,19,19,19,19,19
470117,1,1,1986,15,15,15,15,15,15,15,15,15,15
470117,2,1,1986,19,19,19,19,19,19,19,19,19,19
470118,1,1,1986,1,1,1,1,1,1,1,1,1,1
470118,2,1,1986,0,0,0,0,0,0,0,0,0,0
470119,0,1,1986,0,0,0,0,0,0,0,0,0,0
470119,1,1,1986,0,0,0,0,0,0,0,0,0,0
470119,2,1,1986,0,0,0,0,0,0,0,0,0,0
470120,1,1,1986,0,0,0,0,0,0,0,0,0,0
470121,1,1,1986,0,0,0,0,17,0,0,0,0,12
470121,2,1,1986,0,0,0,5,0,10,0,0,0,0
470122,1,1,1986,0,0,0,0,0,0,0,0,0,0
470122,2,1,1986,0,0,0,0,0,0,0,0,0,0
470123,1,1,1986,0,0,0,0,0,0,0,0,0,0
470123,2,1,1986,0,0,0,0,0,0,0,0,0,0
470124,1,1,1986,0,0,0,0,0,0,0,0,0,0
470126,0,1,1986,0,0,0,0,0,0,0,0,0,0
470126,1,1,1986,0,0,0,0,24,0,0,14,0,0
470127,1,1,1986,12,12,12,12,12,12,12,12,12,12
470128,1,1,1986,0,0,0,0,0,0,10,0,8,0
470128,2,1,1986,0,0,0,0,0,0,0,0,0,0
470129,1,1,1986,8,8,8,8,8,8,8,8,8,8
470129,2,1,1986,0,21,20,0,16,0,17,26,0,14
470130,0,1,1986,2,2,2,2,2,2,2,2,2,2
470130,0,2,1986,0,0,0,0,0,0,0,0,0,0
470130,1,1,1986,11,8,0,0,26,10,0,20,17,0
470130,2,1,1986,0,0,0,0,0,0,0,0,0,0
470131,1,1,1986,0,0,0,0,0,0,0,0,0,0
470131,2,1,1986,0,0,0,0,0,0,0,0,0,0
470132,1,1,1986,17,17,17,17,17,17,17,17,17,17
470132,2,1,1986,0,9,0,0,0,0,0,2,0,0
470133,1,1,1986,0,0,0,0,0,0,0,0,0,0
470133,2,1,1986,0,0,0,0,0,0,0,0,0,0
470134,0,1,1986,0,17,36,10,0,28,12,46,35,27
470134,1,1,1986,32,6,0,20,9,25,23,10,20,11
470135,1,1,1986,15,15,15,15,15,15,15,15,15,15
470135,2,1,1986,0,0,0,15,9,25,18,0,0,0
470135,3,1,1986,0,0,16,8,6,6,0,0,5,0
470136,1,1,1986,0,0,0,0,0,0,0,0,24,0
470137,1,1,1986,18,18,18,18,18,18,18,18,18,18
470137,2,1,1986,0,0,0,0,0,0,0,0,0,0
470138,1,1,1986,27,27,27,27,27,27,27,27,27,27
470140,1,1,1986,16,16,16,16,16,16,16,16,16,16
470141,1,1,1986,0,0,0,0,0,0,0,0,0,0
470142,1,1,1986,10,10,10,10,10,10,10,10,10,10
470142,2,1,1986,0,0,0,0,0,0,0,0,0,0
470143,1,1,1986,21,21,21,21,21,21,21,21,21,21
470144,1,1,1986,0,0,0,0,0,0,0,0,0,0
470145,0,1,1986,35,35,35,35,35,35,35,35,35,35
470145,1,1,1986,8,33,0,0,20,9,4,19,4,20
470146,1,1,1986,2,2,2,2,2,2,2,2,2,2
470147,1,1,1986,0,0,0,0,0,0,0,0,0,0
470147,2,1,1986,0,0,0,0,0,0,0,0,0,0
470148,1,1,1986,0,0,0,0,0,0,0,0,0,0
470148,2,1,1986,0,0,0,0,0,0,0,0,0,14
470148,3,1,1986,0,0,0,0,0,0,0,0,0,0
470149,1,1,1986,0,0,0,0,0,0,0,0,0,0
470149,2,1,1986,0,0,0,0,0,0,0,0,0,0
470150,1,1,1986,12,12,12,12,12,12,12,12,12,12
470152,1,1,1986,0,0,0,0,0,0,0,0,4,0
470153,1,1,1986,19,19,19,19,19,19,19,19,19,19
470154,1,1,1986,17,17,17,17,17,17,17,17,17,17
470155,1,1,1986,9,9,9,9,9,9,9,9,9,9
470156,1,1,1986,11,11,11,11,11,11,11,11,11,11
470157,0,1,1986,0,0,0,0,0,0,0,0,0,0
470157,1,1,1986,0,0,0,0,0,0,0,0,0,0
470158,1,1,1986,7,7,7,7,7,7,7,7,7,7
470158,2,1,1986,0,0,0,0,0,0,0,0,0,0
470159,1,1,1986,26,26,26,26,26,26,26,26,26,26
470160,0,1,1986,16,16,16,16,16,16,16,16,16,16
470160,1,1,1986,0,0,0,0,0,0,0,0,0,0
470161,1,1,1986,19,19,19,19,19,19,19,19,19,19
470162,1,1,1986,0,0,0,0,0,0,0,0,0,0
470162,2,1,1986,0,0,0,0,0,0,0,0,0,0
470163,1,1,1986,28,28,28,28,28,28,28,28,28,28
470164,1,1,1986,0,0,0,0,0,0,0,0,0,0
470164,2,1,1986,0,0,0,0,0,0,0,0,0,0
470165,1,1,1986,0,0,0,13,19,0,0,13,26,14
470165,2,1,1986,10,0,0,0,0,3,12,10,0,0
470165,3,1,1986,17,25,23,24,0,11,0,0,23,25
470166,1,1,1986,0,0,0,0,0,0,0,0,0,0
470166,2,1,1986,0,0,0,0,0,0,0,0,0,0
470168,0,1,1986,6,6,6,6,6,6,6,6,6,6
470168,1,1,1986,0,0,0,0,0,0,0,0,0,0
470169,1,1,1986,9,9,9,9,9,9,9,9,9,9
470170,1,1,1986,23,23,23,23,23,23,23,23,23,23
470171,1,1,1986,5,5,5,5,5,5,5,5,5,5
470172,1,1,1986,8,8,8,8,8,8,8,8,8,8
470175,1,1,1986,0,0,0,0,0,0,0,0,0,0
470175,2,1,1986,0,0,0,0,0,0,0,0,0,0
470176,1,1,1986,0,0,0,0,0,0,0,0,0,0
470179,1,1,1986,18,18,18,18,18,18,18,18,18,18
470179,2,1,1986,0,0,0,0,0,0,0,0,0,0
470180,0,1,1986,0,0,0,0,0,0,0,0,0,0
470180,1,1,1986,0,0,0,0,0,0,0,0,0,14
470181,1,1,1986,0,0,0,0,0,0,0,0,0,0
470181,2,1,1986,0,0,0,0,0,0,0,0,0,0
470183,1,1,1986,23,17,0,13,0,0,0,0,9,10
470183,2,1,1986,0,0,0,0,0,0,0,0,0,0
470184,0,1,1986,16,0,0,0,0,0,23,0,0,0
470184,1,1,1986,16,16,16,16,16,16,16,16,16,16
470185,1,1,1986,0,19,0,0,0,0,0,0,0,0
470185,2,1,1986,0,0,0,0,0,0,21,0,0,0
470186,1,1,1986,15,15,15,15,15,15,15,15,15,15
470187,1,1,1986,0,0,0,0,0,0,0,0,0,0
470187,2,1,1986,0,0,0,0,0,0,0,0,0,0
470187,3,1,1986,0,0,0,0,0,0,0,0,0,0
470188,1,1,1986,27,27,27,27,27,27,27,27,27,27
470189,1,1,1986,0,0,0,0,0,0,0,0,0,0
470190,1,1,1986,49,49,49,49,49,49,49,49,49,49
470190,2,1,1986,0,0,0,0,0,0,0,0,0,0
470191,1,1,1986,14,14,14,14,14,14,14,14,14,14
470192,1,1,1986,0,0,0,0,0,0,0,0,0,0
470193,1,1,1986,0,0,0,0,0,0,0,0,0,0
470193,2,1,1986,0,0,0,0,0,0,0,0,0,0
470194,1,1,1986,0,0,0,0,0,0,0,0,0,0
470194,2,1,1986,0,0,0,0,0,0,0,0,0,0
470195,0,1,1986,0,0,0,0,0,0,0,0,0,0
470195,1,1,1986,0,0,0,0,0,0,0,0,0,0
470196,1,1,1986,0,15,14,0,18,0,6,24,7,0
470196,2,1,1986,0,0,0,0,0,0,0,0,0,0
470197,1,1,1986,18,18,18,18,18,18,18,18,18,18
470198,1,1,1986,0,0,0,0,0,0,0,0,0,0
470199,1,1,1986,26,26,26,26,26,26,26,26,26,26
470200,1,1,1986,14,14,14,14,14,14,14,14,14,14
470200,2,1,1986,0,0,10,0,0,21,0,11,0,0
470201,1,1,1986,24,24,24,24,24,24,24,24,24,24
470202,1,1,1986,0,0,0,0,0,0,0,0,0,0
470203,1,1,1986,0,5,0,13,0,0,17,12,0,22
470203,2,1,1986,7,7,7,7,7,7,7,7,7,7
470203,3,1,1986,12,0,0,0,0,0,3,0,0,0
470204,1,1,1986,6,6,6,6,6,6,6,6,6,6
470205,1,1,1986,0,0,0,0,0,0,0,0,0,0
470205,2,1,1986,0,0,0,0,0,0,0,0,0,0
470206,1,1,1986,0,0,0,0,0,0,0,0,0,0
470206,2,1,1986,0,0,0,0,0,0,0,0,0,0
470208,1,1,1986,32,32,32,32,32,32,32,32,32,32
470209,1,1,1986,0,0,0,0,0,0,0,0,0,0
470209,2,1,1986,0,0,0,0,0,0,0,0,0,0
470210,1,1,1986,0,0,0,0,0,0,0,0,0,0
470210,2,1,1986,11,11,11,11,11,11,11,11,11,11
470211,1,1,1986,28,28,28,28,28,28,28,28,28,28
470214,1,1,1986,0,0,0,0,0,0,0,0,0,0
470214,2,1,1986,0,0,0,0,0,0,0,0,0,0
470215,1,1,1986,0,0,0,0,0,0,0,0,0,0
470216,0,1,1986,31,31,31,31,31,31,31,31,31,31
470216,1,1,1986,12,12,12,12,12,12,12,12,12,12
470218,1,1,1986,0,0,0,0,0,0,0,0,0,0
470219,1,1,1986,0,0,0,0,0,0,0,0,0,0
470219,2,1,1986,0,0,0,0,0,0,0,0,0,0
470220,1,1,1986,28,28,28,28,28,28,28,28,28,28
470221,1,1,1986,20,20,20,20,20,20,20,20,20,20
470222,0,1,1986,27,27,27,27,27,27,27,27,27,27
470222,1,1,1986,33,0,0,11,0,13,5,0,0,0
470224,1,1,1986,0,0,0,0,0,0,0,0,0,0
470224,2,1,1986,0,0,0,0,0,0,0,0,15,20
470225,1,1,1986,0,0,0,0,0,0,0,0,0,0
470226,1,1,1986,14,14,14,14,14,14,14,14,14,14
470226,2,1,1986,0,0,0,0,0,0,0,0,0,0
470227,1,1,1986,11,11,11,11,11,11,11,11,11,11
470228,1,1,1986,16,16,16,16,16,16,16,16,16,16
470228,2,1,1986,0,0,0,0,0,0,0,0,0,0
470229,1,1,1986,0,0,0,0,0,0,0,0,0,0