ST_CASE,VEH_NO,PER_NO,YEAR,P1,P2,P3,P4,P5,P6,P7,P8,P9,P10
470231,0,1,1986,0,28,13,0,20,24,0,23,0,14
470231,1,1,1986,0,0,0,0,0,0,0,0,0,0
470232,1,1,1986,0,0,0,0,0,0,0,0,0,0
470232,2,1,1986,0,0,0,0,0,0,0,0,0,0
470233,1,1,1986,23,23,23,23,23,23,23,23,23,23
470233,2,1,1986,18,18,18,18,18,18,18,18,18,18
470234,1,1,1986,7,7,7,7,7,7,7,7,7,7
470235,1,1,1986,0,0,0,0,0,0,0,0,0,0
470238,0,1,1986,0,0,25,0,0,0,5,0,0,0
470238,1,1,1986,0,0,0,0,0,0,11,0,0,0
470239,1,1,1986,0,0,0,0,0,0,0,0,0,0
470239,2,1,1986,0,0,0,0,0,0,0,0,0,0
470240,1,1,1986,0,0,0,0,0,28,0,0,0,0
470242,1,1,1986,0,0,0,0,0,0,0,0,0,0
470243,1,1,1986,0,0,0,0,0,0,0,0,0,0
470244,1,1,1986,0,0,0,0,0,0,0,0,0,0
470244,2,1,1986,0,0,0,0,0,0,0,0,0,0
470245,0,1,1986,0,0,0,0,0,0,0,0,0,0
470245,1,1,1986,0,0,0,0,0,0,0,0,0,0
470246,1,1,1986,0,0,0,0,0,0,0,0,0,0
470246,2,1,1986,4,4,4,4,4,4,4,4,4,4
470247,1,1,1986,17,17,17,17,17,17,17,17,17,17
470248,1,1,1986,0,0,0,0,0,0,0,0,0,0
470248,2,1,1986,0,0,0,0,0,0,0,0,0,0
470249,1,1,1986,16,16,16,16,16,16,16,16,16,16
470249,2,1,1986,0,0,0,0,0,6,0,0,14,0
470251,1,1,1986,5,5,5,5,5,5,5,5,5,5
470252,1,1,1986,0,0,0,0,0,0,0,0,0,0
470253,1,1,1986,20,20,20,20,20,20,20,20,20,20
470254,1,1,1986,25,25,25,25,25,25,25,25,25,25
470255,1,1,1986,18,18,18,18,18,18,18,18,18,18
470256,1,1,1986,0,0,0,0,0,0,0,0,0,0
470256,2,1,1986,0,0,0,0,0,0,0,0,0,0
470257,1,1,1986,0,17,13,0,24,20,4,0,3,0
470258,1,1,1986,0,0,0,0,0,0,0,0,0,0
470258,2,1,1986,0,0,0,0,0,0,0,0,0,0
470259,1,1,1986,23,23,23,23,23,23,23,23,23,23
470260,1,1,1986,12,0,8,15,15,8,24,8,16,8
470261,1,1,1986,0,0,0,0,0,0,0,0,0,0
470262,1,1,1986,0,0,15,0,0,0,0,0,0,0
470262,2,1,1986,16,0,0,0,0,0,0,0,0,0
470263,1,1,1986,0,0,0,0,0,0,0,0,0,0
470263,2,1,1986,0,0,0,0,0,0,0,0,0,0
470264,1,1,1986,0,0,0,0,0,0,0,0,0,0
470265,1,1,1986,0,0,0,0,0,0,0,0,0,0
470265,2,1,1986,0,0,0,0,0,0,0,0,0,0
470266,1,1,1986,0,0,0,0,0,0,0,0,0,0
470266,2,1,1986,0,0,0,0,0,0,0,0,0,0
470267,1,1,1986,0,0,0,22,0,0,0,0,0,0
470267,2,1,1986,0,0,0,0,0,0,11,0,0,0
470268,1,1,1986,0,0,0,0,0,0,0,0,0,0
470269,1,1,1986,4,4,4,4,4,4,4,4,4,4
470269,2,1,1986,0,0,0,0,0,0,0,0,0,0
470270,1,1,1986,0,0,0,0,0,0,0,0,0,0
470271,1,1,1986,0,18,2,15,6,23,0,0,14,25
470272,1,1,1986,0,0,0,0,0,0,0,0,0,0
470272,2,1,1986,0,0,0,0,0,0,0,0,0,0
470273,1,1,1986,19,19,19,19,19,19,19,19,19,19
470274,1,1,1986,0,0,0,0,0,0,0,0,0,0
470275,0,1,1986,0,0,0,0,0,0,0,0,0,0
470275,1,1,1986,19,24,0,12,0,6,6,8,10,0
470276,1,1,1986,0,0,0,0,0,0,0,0,0,0
470277,0,1,1986,0,0,0,0,0,0,0,0,0,0
470277,0,2,1986,0,0,0,0,0,0,0,0,0,0
470277,0,3,1986,0,0,0,0,0,0,0,0,0,0
470277,0,4,1986,0,0,0,0,0,0,0,0,0,0
470277,1,1,1986,12,12,12,12,12,12,12,12,12,12
470278,1,1,1986,13,13,13,13,13,13,13,13,13,13
470279,1,1,1986,0,0,0,0,0,0,0,0,0,0
470279,2,1,1986,0,0,0,0,0,0,0,0,0,0
470279,3,1,1986,0,0,0,0,0,0,0,0,0,0
470282,1,1,1986,27,27,27,27,27,27,27,27,27,27
470284,1,1,1986,0,0,8,0,0,10,0,0,0,0
470285,1,1,1986,14,14,14,14,14,14,14,14,14,14
470285,2,1,1986,0,0,0,0,0,3,0,0,0,0
470286,1,1,1986,0,0,0,0,0,0,0,0,0,0
470286,2,1,1986,0,0,0,0,0,0,0,0,0,0
470286,3,1,1986,0,0,0,12,0,0,0,0,0,0
470287,1,1,1986,0,0,0,0,0,0,0,0,0,0
470287,2,1,1986,0,0,0,0,0,0,0,0,0,0
470287,3,1,1986,0,0,0,0,0,0,0,0,0,0
470289,1,1,1986,13,13,13,13,13,13,13,13,13,13
470289,2,1,1986,0,0,0,0,0,0,0,0,0,0
470290,1,1,1986,0,0,0,0,0,0,0,0,0,0
470290,2,1,1986,0,0,0,0,0,0,0,0,0,0
470291,1,1,1986,0,0,0,0,0,0,0,0,0,0
470291,2,1,1986,0,0,0,0,0,0,0,0,0,0
470292,1,1,1986,0,0,0,0,0,0,0,0,0,0
470292,2,1,1986,0,0,0,0,0,0,0,0,0,0
470293,1,1,1986,0,0,0,0,0,0,0,0,0,0
470293,2,1,1986,0,0,0,0,0,0,0,0,0,0
470294,1,1,1986,0,0,0,0,0,0,0,0,0,0
470295,1,1,1986,0,0,0,0,0,17,10,0,0,0
470295,2,1,1986,19,18,0,0,0,0,10,0,15,0
470296,1,1,1986,0,0,0,0,0,0,0,0,0,0
470297,1,1,1986,32,32,32,32,32,32,32,32,32,32
470298,1,1,1986,21,21,21,21,21,21,21,21,21,21
470299,1,1,1986,29,29,29,29,29,29,29,29,29,29
470300,0,1,1986,0,0,0,0,0,0,0,0,0,0
470300,1,1,1986,11,11,11,11,11,11,11,11,11,11
470301,1,1,1986,0,0,0,0,0,0,0,0,0,0
470301,2,1,1986,18,18,18,18,18,18,18,18,18,18
470302,1,1,1986,0,0,0,0,0,0,0,0,0,0
470303,1,1,1986,17,17,17,17,17,17,17,17,17,17
470304,1,1,1986,20,9,17,18,22,16,19,0,24,16
470305,1,1,1986,0,0,0,0,0,0,0,0,0,0
470306,1,1,1986,0,12,0,0,0,0,7,0,0,4
470306,2,1,1986,0,0,0,0,0,0,18,0,0,0
470307,1,1,1986,0,0,0,0,0,0,0,0,0,0
470307,2,1,1986,16,16,16,16,16,16,16,16,16,16
470308,1,1,1986,0,0,0,0,0,0,0,0,0,0
470308,2,1,1986,0,0,0,0,0,0,0,0,0,0
470309,0,1,1986,0,0,0,0,0,0,0,0,0,0
470309,1,1,1986,0,0,0,0,0,0,0,8,11,0
470310,1,1,1986,0,0,0,0,0,0,0,0,0,0
470311,1,1,1986,0,0,0,0,0,0,0,0,0,0
470311,2,1,1986,0,0,0,0,0,0,0,0,0,0
470312,1,1,1986,16,16,16,16,16,16,16,16,16,16
470313,1,1,1986,12,20,0,0,0,0,18,0,0,0
470315,1,1,1986,0,0,0,0,0,0,0,0,0,0
470315,2,1,1986,0,0,0,0,0,0,0,0,0,0
470316,1,1,1986,0,0,0,0,0,0,0,0,0,0
470316,2,1,1986,0,0,0,0,0,0,0,0,0,0
470317,1,1,1986,27,27,27,27,27,27,27,27,27,27
470317,2,1,1986,0,0,0,0,0,0,0,0,0,0
470318,1,1,1986,0,0,0,0,0,0,0,0,0,0
470318,2,1,1986,22,22,22,22,22,22,22,22,22,22
470319,1,1,1986,0,0,0,0,0,0,0,0,0,0
470320,1,1,1986,0,0,0,0,0,0,0,0,0,0
470321,1,1,1986,19,19,19,19,19,19,19,19,19,19
470322,1,1,1986,25,25,25,25,25,25,25,25,25,25
470324,1,1,1986,14,14,14,14,14,14,14,14,14,14
470325,1,1,1986,21,21,21,21,21,21,21,21,21,21
470326,1,1,1986,20,20,20,20,20,20,20,20,20,20
470326,2,1,1986,32,0,0,0,0,0,0,0,0,4
470327,1,1,1986,19,19,19,19,19,19,19,19,19,19
470328,1,1,1986,0,18,0,13,0,0,0,0,0,22
470329,1,1,1986,0,0,0,0,0,0,0,0,0,0
470329,2,1,1986,0,0,0,0,0,0,0,0,0,0
470330,1,1,1986,0,0,0,0,0,0,0,0,0,0
470330,2,1,1986,0,0,0,13,0,0,0,0,0,0
470331,1,1,1986,27,8,22,34,9,15,7,18,12,15
470332,1,1,1986,14,14,14,14,14,14,14,14,14,14
470333,1,1,1986,0,0,0,0,0,0,0,0,0,0
470333,2,1,1986,22,22,22,22,22,22,22,22,22,22
470334,1,1,1986,10,10,10,10,10,10,10,10,10,10
470335,1,1,1986,18,18,18,18,18,18,18,18,18,18
470336,1,1,1986,30,30,30,30,30,30,30,30,30,30
470337,1,1,1986,0,0,0,0,9,13,7,0,0,0
470337,2,1,1986,0,0,7,8,0,0,0,0,0,0
470338,1,1,1986,0,0,0,0,0,0,0,0,0,0
470338,2,1,1986,10,10,10,10,10,10,10,10,10,10
470339,1,1,1986,0,0,0,0,0,0,0,0,0,0
470339,2,1,1986,0,0,0,0,0,0,0,0,0,0
470340,1,1,1986,22,22,22,22,22,22,22,22,22,22
470341,1,1,1986,0,0,0,0,0,0,0,0,0,0
470342,0,1,1986,13,13,13,13,13,13,13,13,13,13
470342,0,2,1986,0,17,14,14,18,25,0,0,0,0
470342,1,1,1986,11,11,11,11,11,11,11,11,11,11
470343,1,1,1986,16,16,16,16,16,16,16,16,16,16
470345,0,1,1986,0,16,0,0,18,0,0,0,0,0
470345,1,1,1986,0,0,0,0,0,0,0,0,0,0
470346,1,1,1986,6,6,6,6,6,6,6,6,6,6
470347,1,1,1986,0,0,0,0,0,0,0,0,0,0
470347,2,1,1986,0,0,0,0,0,0,0,0,0,0
470348,1,1,1986,0,0,15,0,0,7,0,0,0,0
470350,1,1,1986,0,0,0,0,0,0,0,0,0,0
470351,1,1,1986,2,2,2,2,2,2,2,2,2,2
470352,1,1,1986,5,5,5,5,5,5,5,5,5,5
470353,1,1,1986,0,0,0,0,0,0,0,0,0,0
470353,2,1,1986,13,13,13,13,13,13,13,13,13,13
470354,1,1,1986,21,21,21,21,21,21,21,21,21,21
470355,1,1,1986,0,0,0,0,0,0,0,0,0,0
470355,2,1,1986,3,3,3,3,3,3,3,3,3,3
470356,1,1,1986,14,14,14,14,14,14,14,14,14,14
470356,2,1,1986,0,0,0,0,0,0,0,0,0,0
470357,1,1,1986,0,0,0,0,0,0,0,0,0,0
470358,1,1,1986,4,4,4,4,4,4,4,4,4,4
470359,1,1,1986,0,0,0,0,0,0,0,0,0,0
470359,2,1,1986,0,0,17,0,0,0,0,0,0,36
470360,1,1,1986,34,34,34,34,34,34,34,34,34,34
470361,1,1,1986,0,0,0,0,0,0,0,0,0,0
470361,2,1,1986,25,25,25,25,25,25,25,25,25,25
470362,1,1,1986,24,24,24,24,24,24,24,24,24,24
470363,1,1,1986,16,16,16,16,16,16,16,16,16,16
470364,1,1,1986,0,0,0,0,0,0,0,0,0,0
470364,2,1,1986,0,0,7,0,0,17,0,12,25,0
470365,0,1,1986,0,0,0,0,0,0,0,0,0,0
470365,1,1,1986,0,0,0,0,0,0,0,0,0,0
470366,1,1,1986,16,16,16,16,16,16,16,16,16,16
470367,1,1,1986,0,0,0,0,0,0,0,0,0,0
470367,2,1,1986,5,18,29,19,18,29,0,10,17,29
470368,1,1,1986,23,24,18,16,23,0,12,18,22,14
470369,0,1,1986,0,0,22,0,0,0,0,30,10,0
470369,1,1,1986,0,24,0,0,0,0,0,0,0,0
470370,1,1,1986,14,14,14,14,14,14,14,14,14,14
470370,2,1,1986,0,0,0,0,0,0,0,0,0,0
470371,1,1,1986,13,13,13,13,13,13,13,13,13,13
470372,1,1,1986,0,0,0,17,2,0,0,0,0,0
470372,2,1,1986,7,0,0,0,0,0,0,0,0,0
470373,0,1,1986,0,0,0,0,0,0,0,0,0,0
470373,1,1,1986,0,0,0,0,0,0,0,0,0,0
470374,1,1,1986,32,32,32,32,32,32,32,32,32,32
470374,2,1,1986,6,6,6,6,6,6,6,6,6,6
470375,1,1,1986,21,21,21,21,21,21,21,21,21,21
470376,1,1,1986,0,0,0,0,0,0,0,0,0,0
470376,2,1,1986,26,26,26,26,26,26,26,26,26,26
470377,1,1,1986,27,0,14,14,10,21,12,22,54,14
470378,0,1,1986,0,0,0,0,0,0,0,0,0,0
470378,1,1,1986,0,0,0,0,0,0,0,4,0,0
470379,1,1,1986,0,0,0,0,0,0,0,0,0,0
470379,2,1,1986,0,0,0,0,0,0,0,0,0,0
470379,3,1,1986,0,0,0,0,0,0,0,0,0,0
470380,0,1,1986,0,16,0,0,0,23,0,0,0,0
470380,1,1,1986,0,0,7,0,0,0,0,0,0,0
470381,0,1,1986,0,0,0,0,0,0,0,0,0,0
470381,1,1,1986,0,0,0,0,0,0,0,0,0,0
470382,1,1,1986,5,5,5,5,5,5,5,5,5,5
470383,1,1,1986,0,0,19,0,0,0,0,0,0,0
470383,2,1,1986,1,1,1,1,1,1,1,1,1,1
470384,0,1,1986,3,3,3,3,3,3,3,3,3,3
470384,1,1,1986,0,0,0,0,0,15,0,0,0,0
470385,1,1,1986,9,9,9,9,9,9,9,9,9,9
470386,1,1,1986,22,22,22,22,22,22,22,22,22,22
470387,1,1,1986,15,15,15,15,15,15,15,15,15,15
470388,1,1,1986,10,10,10,10,10,10,10,10,10,10
470390,1,1,1986,20,20,20,20,20,20,20,20,20,20
470391,1,1,1986,11,11,11,11,11,11,11,11,11,11
470392,0,1,1986,0,0,0,0,0,0,0,0,0,0
470392,1,1,1986,0,0,0,0,0,0,0,0,0,0
470393,1,1,1986,13,13,13,13,13,13,13,13,13,13
470394,1,1,1986,0,0,0,0,0,0,0,0,0,0
470394,2,1,1986,0,0,0,0,0,0,0,0,0,0
470396,0,1,1986,22,22,22,22,22,22,22,22,22,22
470396,1,1,1986,0,0,0,0,0,0,0,0,0,0
470397,1,1,1986,32,32,32,32,32,32,32,32,32,32
470397,2,1,1986,0,0,0,0,0,0,0,0,0,0
470397,3,1,1986,0,0,0,0,0,0,0,0,0,0
470398,1,1,1986,4,4,4,4,4,4,4,4,4,4
470398,2,1,1986,0,0,0,0,0,0,0,0,0,0
470399,1,1,1986,0,0,0,0,0,0,0,0,0,0
470399,2,1,1986,0,0,0,0,0,0,0,0,0,0
470400,1,1,1986,0,0,0,0,0,0,0,0,0,0
470401,1,1,1986,14,14,14,14,14,14,14,14,14,14
470402,1,1,1986,25,25,25,25,25,25,25,25,25,25
470403,0,1,1986,0,0,0,0,0,0,0,0,0,0
470403,1,1,1986,0,0,0,0,0,0,0,0,0,0
470406,1,1,1986,10,13,11,12,32,19,12,15,21,8
470407,1,1,1986,0,0,0,0,0,0,0,0,0,0
470408,1,2,1986,12,12,12,12,12,12,12,12,12,12
470409,1,1,1986,18,18,18,18,18,18,18,18,18,18
470410,1,1,1986,9,9,9,9,9,9,9,9,9,9
470410,2,1,1986,0,0,0,0,18,0,0,0,0,0
470411,0,1,1986,0,0,0,0,0,0,0,0,0,0
470411,1,1,1986,0,0,0,0,0,0,0,0,0,0
470412,1,1,1986,13,13,13,13,13,13,13,13,13,13
470413,1,1,1986,23,23,23,23,23,23,23,23,23,23
470413,2,1,1986,0,0,0,0,0,0,0,0,0,0
470414,1,1,1986,0,0,0,0,0,0,0,4,0,0
470414,2,1,1986,0,0,0,0,0,0,0,0,0,0
470415,1,1,1986,0,0,0,0,0,0,0,0,0,0
470415,2,1,1986,17,17,17,17,17,17,17,17,17,17
470416,1,1,1986,65,65,65,65,65,65,65,65,65,65
470417,1,1,1986,18,18,18,18,18,18,18,18,18,18
470417,2,1,1986,0,0,0,0,0,0,0,0,0,0
470418,1,1,1986,0,0,0,0,0,0,0,0,0,0
470419,1,1,1986,27,27,27,27,27,27,27,27,27,27
470420,1,1,1986,14,14,14,14,14,14,14,14,14,14
470421,1,1,1986,0,0,0,0,0,0,0,0,0,0
470421,2,1,1986,0,0,0,0,0,0,0,0,0,0
470422,1,1,1986,0,0,0,0,0,0,0,0,0,0
470422,2,1,1986,16,16,16,16,16,16,16,16,16,16
470423,1,1,1986,0,0,0,0,0,0,0,0,0,0
470424,1,1,1986,0,0,0,0,0,0,0,0,0,0
470424,2,1,1986,0,0,0,0,0,0,0,0,0,0
470425,1,1,1986,0,0,0,0,0,0,0,0,0,0
470425,2,1,1986,1,1,1,1,1,1,1,1,1,1
470426,1,1,1986,0,0,0,0,0,0,0,0,0,0
470426,2,1,1986,14,14,14,14,14,14,14,14,14,14
470427,1,1,1986,0,0,0,0,0,0,0,0,0,0
470428,1,1,1986,0,0,0,0,0,0,0,0,0,0
470428,2,1,1986,0,0,0,0,0,0,0,0,0,0
470429,1,1,1986,8,8,8,8,8,8,8,8,8,8
470430,1,1,1986,0,0,0,0,0,0,0,0,0,0
470431,1,1,1986,13,13,13,13,13,13,13,13,13,13
470432,1,1,1986,3,3,3,3,3,3,3,3,3,3
470432,2,1,1986,0,0,0,0,0,0,0,0,0,0
470433,1,1,1986,0,0,0,0,0,0,0,0,0,0
470434,1,1,1986,0,0,0,0,0,0,0,0,0,0
470435,1,1,1986,0,0,0,0,0,0,0,0,0,0
470436,1,1,1986,0,0,0,0,0,0,0,0,0,0
470436,2,1,1986,10,10,10,10,10,10,10,10,10,10
470437,1,1,1986,0,0,0,0,0,0,0,0,0,0
470438,1,1,1986,0,0,0,0,0,0,0,0,0,0
470438,2,1,1986,0,0,0,0,0,0,0,0,0,0
470438,3,1,1986,0,0,0,0,0,0,0,0,0,0
470439,1,1,1986,12,0,0,0,0,0,0,0,0,0
470439,2,1,1986,0,0,0,0,0,0,0,0,0,0
470439,3,1,1986,0,0,0,0,0,0,0,0,0,0
470440,1,1,1986,10,10,13,14,17,13,16,24,19,18
470442,1,1,1986,0,0,0,0,0,0,0,0,0,0
470442,2,1,1986,0,0,0,0,0,0,0,0,0,0
470442,3,1,1986,8,2,0,6,0,0,10,0,0,0
470443,1,1,1986,0,0,0,0,0,0,0,0,0,0
470443,2,1,1986,0,0,0,0,0,0,0,0,0,0
470444,1,1,1986,0,0,0,0,0,0,0,0,0,0
470444,2,1,1986,0,0,0,0,0,0,0,0,0,0
470444,3,1,1986,0,0,0,0,0,0,0,0,26,0
470445,1,1,1986,0,0,0,0,0,0,0,0,0,0
470446,1,1,1986,2,2,2,2,2,2,2,2,2,2
470447,1,1,1986,10,10,10,10,10,10,10,10,10,10
470447,2,1,1986,29,0,0,0,0,4,0,0,0,0
470447,3,1,1986,0,0,0,0,0,0,0,0,14,7
470448,0,1,1986,25,12,0,0,0,0,19,24,28,0
470448,1,1,1986,2,0,13,0,6,0,8,0,0,0
470449,1,1,1986,0,0,0,0,0,0,5,0,0,0
470450,1,1,1986,0,0,0,0,0,0,0,0,0,0
470450,2,1,1986,0,0,0,0,0,0,0,12,0,5
470451,0,1,1986,5,5,5,5,5,5,5,5,5,5
470451,1,1,1986,0,0,0,0,0,0,2,3,0,19
470452,1,1,1986,0,0,0,0,0,0,0,0,0,0
470453,1,1,1986,0,0,0,0,0,0,0,0,0,0
470453,2,1,1986,0,0,0,0,0,0,12,0,0,0
470454,1,1,1986,0,0,0,0,0,0,0,0,0,0
470454,2,1,1986,0,0,0,0,0,0,0,0,0,0
470454,3,1,1986,0,0,0,0,0,0,0,0,0,0
470455,1,1,1986,0,0,0,0,0,0,0,0,0,0
470456,1,1,1986,12,12,12,12,12,12,12,12,12,12
470457,1,1,1986,16,16,16,16,16,16,16,16,16,16
470457,2,1,1986,17,17,17,17,17,17,17,17,17,17
470458,1,1,1986,0,0,0,0,10,0,0,0,16,0
470460,1,1,1986,6,6,6,6,6,6,6,6,6,6
470461,1,1,1986,0,0,17,0,8,0,0,0,0,0
470462,1,1,1986,0,0,0,0,0,0,0,0,0,0
470463,1,1,1986,22,22,22,22,22,22,22,22,22,22
470464,1,1,1986,0,0,0,0,0,0,0,0,0,0
470465,0,1,1986,0,0,0,0,0,0,0,0,0,0
470465,1,1,1986,0,0,0,0,0,0,0,0,0,0
470466,1,1,1986,0,0,0,0,0,0,0,0,0,0
470466,2,1,1986,0,0,0,0,0,0,0,0,0,0
470467,1,1,1986,0,0,0,0,0,0,0,0,0,0
470467,2,1,1986,3,3,3,3,3,3,3,3,3,3
470468,1,1,1986,0,0,0,0,0,0,0,0,0,0
470468,2,1,1986,0,0,0,0,0,0,0,0,0,0
470469,1,1,1986,0,0,0,0,0,0,0,0,0,0
470469,2,1,1986,0,0,0,0,0,0,0,0,0,0
470470,1,1,1986,0,0,0,0,0,0,0,0,0,0
470470,2,1,1986,0,0,0,0,0,0,0,0,0,0
470472,1,1,1986,29,29,29,29,29,29,29,29,29,29
470472,2,1,1986,9,0,0,0,0,0,0,0,0,0
470473,1,1,1986,19,19,19,19,19,19,19,19,19,19
470474,1,1,1986,0,0,0,0,0,0,0,0,0,0
470474,2,1,1986,0,0,0,0,0,0,0,0,0,0
470474,3,1,1986,0,0,0,0,0,0,0,0,0,0
470475,1,1,1986,0,0,0,0,0,0,0,0,0,0
470475,2,1,1986,0,0,0,0,0,0,0,0,0,0
470476,1,1,1986,15,15,15,15,15,15,15,15,15,15
470476,2,1,1986,0,0,0,0,0,0,0,0,0,0
470477,1,1,1986,0,0,0,0,0,0,0,0,0,0
470477,2,1,1986,0,0,0,0,0,0,0,0,0,0
470478,1,1,1986,0,0,0,0,0,0,0,0,0,0
470478,2,1,1986,16,16,16,16,16,16,16,16,16,16
470479,1,1,1986,13,13,13,13,13,13,13,13,13,13
470480,1,1,1986,26,26,26,26,26,26,26,26,26,26
470481,1,1,1986,11,11,11,11,11,11,11,11,11,11
470482,1,1,1986,0,0,0,0,0,0,0,0,0,0
470482,2,1,1986,0,0,0,0,0,0,0,0,0,0
470483,1,1,1986,0,0,0,0,0,0,0,0,0,0
470483,2,1,1986,0,0,0,0,0,0,0,0,0,0
470484,1,1,1986,0,0,0,0,0,0,0,0,0,0
470484,2,1,1986,8,8,8,8,8,8,8,8,8,8
470485,1,1,1986,14,14,14,14,14,14,14,14,14,14
470486,1,1,1986,16,16,16,16,16,16,16,16,16,16
470487,1,1,1986,21,21,21,21,21,21,21,21,21,21
470488,1,1,1986,0,0,0,0,0,0,0,0,0,0
470488,2,1,1986,12,20,20,0,14,19,22,20,21,18
470489,0,1,1986,0,0,0,0,0,0,0,0,0,0
470489,1,1,1986,0,0,0,0,0,0,0,0,0,0
470490,1,1,1986,0,0,0,0,0,0,0,0,0,0
470490,2,1,1986,0,0,0,0,0,0,0,0,0,0
470491,1,1,1986,16,16,16,16,16,16,16,16,16,16
470493,1,1,1986,9,9,9,9,9,9,9,9,9,9
470494,1,1,1986,0,0,0,0,0,0,0,0,0,0
470494,2,1,1986,0,0,0,0,0,0,0,0,0,0
470496,1,1,1986,0,0,0,0,0,0,0,0,0,0
470496,2,1,1986,27,27,27,27,27,27,27,27,27,27
470497,1,1,1986,32,0,11,23,4,0,18,0,0,0
470498,1,1,1986,12,12,12,12,12,12,12,12,12,12
470499,1,1,1986,0,0,0,0,0,3,0,0,19,0
470499,2,1,1986,16,12,4,16,13,0,12,43,7,0
470500,1,1,1986,4,4,4,4,4,4,4,4,4,4
470500,2,1,1986,0,0,0,0,0,0,13,0,0,0
470501,1,1,1986,0,0,18,0,0,19,0,0,0,26
470501,2,1,1986,0,0,0,0,0,0,0,3,0,0
470502,1,1,1986,29,29,29,29,29,29,29,29,29,29
470503,1,1,1986,23,23,23,23,23,23,23,23,23,23
470504,1,1,1986,20,20,20,20,20,20,20,20,20,20
470505,1,1,1986,18,18,18,18,18,18,18,18,18,18
470506,1,1,1986,10,10,10,10,10,10,10,10,10,10
470507,1,1,1986,5,5,5,5,5,5,5,5,5,5
470508,1,1,1986,8,8,8,8,8,8,8,8,8,8
470509,1,1,1986,16,5,0,20,0,3,11,0,0,24
470510,1,1,1986,0,0,0,0,0,0,20,0,0,0
470510,2,1,1986,0,6,0,0,0,0,0,9,0,0
470511,1,1,1986,0,0,0,0,0,0,0,0,0,0
470511,2,1,1986,22,22,22,22,22,22,22,22,22,22
470512,0,1,1986,0,0,0,0,0,0,0,0,0,0
470512,1,1,1986,0,0,0,22,0,0,9,0,16,18
470513,1,1,1986,0,0,0,0,0,0,0,0,0,0
470513,2,1,1986,0,0,0,0,0,0,0,0,0,0
470514,0,1,1986,0,0,0,0,0,0,0,0,0,0
470514,1,1,1986,0,0,0,0,0,0,0,0,0,0
470515,1,1,1986,10,10,10,10,10,10,10,10,10,10
470515,2,1,1986,3,0,0,24,3,12,0,0,0,7
470516,1,1,1986,12,12,12,12,12,12,12,12,12,12
470517,1,1,1986,0,0,0,0,0,0,0,0,0,0
470517,2,1,1986,0,0,0,0,0,0,0,0,0,0
470518,1,1,1986,0,0,0,0,0,0,0,0,0,0
470519,1,1,1986,18,18,18,18,18,18,18,18,18,18
470520,1,1,1986,29,29,29,29,29,29,29,29,29,29
470520,2,1,1986,0,0,0,0,0,0,0,0,0,0
470521,1,1,1986,0,0,0,0,0,0,0,0,0,0
470522,1,1,1986,0,0,0,0,0,0,0,0,0,0
470522,2,1,1986,0,0,0,0,0,0,0,0,0,0
470523,0,1,1986,0,0,0,0,0,0,0,0,0,0
470523,1,1,1986,0,0,0,0,0,0,0,0,10,0
470524,1,1,1986,35,0,4,0,20,0,15,7,12,0
470525,1,1,1986,16,16,16,16,16,16,16,16,16,16
470526,1,1,1986,0,6,0,0,0,9,0,0,0,0
470526,2,1,1986,28,0,0,0,14,0,14,0,0,0
470527,1,1,1986,13,13,13,13,13,13,13,13,13,13
470527,2,1,1986,0,0,0,0,0,0,0,0,0,0
470528,1,1,1986,0,0,0,0,0,0,0,0,0,0
470528,2,1,1986,0,0,0,0,0,0,0,0,9,0
470529,1,1,1986,18,18,18,18,18,18,18,18,18,18
470530,1,1,1986,0,0,0,0,0,0,0,0,0,0
470530,2,1,1986,12,12,12,12,12,12,12,12,12,12
470531,1,1,1986,0,27,10,0,12,16,0,19,18,0
470532,1,1,1986,3,3,3,3,3,3,3,3,3,3
470533,1,1,1986,14,14,14,14,14,14,14,14,14,14
470534,1,1,1986,0,0,0,0,0,0,0,0,0,0
470534,2,1,1986,14,14,14,14,14,14,14,14,14,14
470535,0,1,1986,19,19,19,19,19,19,19,19,19,19
470535,1,1,1986,16,16,16,16,16,16,16,16,16,16
470536,1,1,1986,26,26,26,26,26,26,26,26,26,26
470537,1,1,1986,19,19,19,19,19,19,19,19,19,19
470538,1,1,1986,0,0,0,0,0,0,0,0,0,0
470538,2,1,1986,0,0,0,0,0,0,0,0,0,0
470539,1,1,1986,0,0,0,0,0,0,0,0,0,0
470539,2,1,1986,0,0,0,0,0,0,0,0,0,0
470540,1,1,1986,24,24,24,24,24,24,24,24,24,24
470540,2,1,1986,20,0,35,0,15,25,0,13,0,17
470541,1,1,1986,13,13,13,13,13,13,13,13,13,13
470541,2,1,1986,0,0,0,0,0,0,0,0,0,0
470542,1,1,1986,4,4,4,4,4,4,4,4,4,4
470542,2,1,1986,0,0,0,0,0,0,0,0,0,0
470543,1,1,1986,0,0,0,0,0,0,0,0,0,0
470544,1,1,1986,0,0,0,0,0,0,0,0,0,10