ST_CASE,VEH_NO,PER_NO,YEAR,P1,P2,P3,P4,P5,P6,P7,P8,P9,P10
470544,2,1,1986,0,0,0,0,0,11,4,0,0,17
470545,1,1,1986,0,0,0,0,0,0,0,0,0,0
470546,1,1,1986,0,0,0,0,0,0,16,0,0,0
470546,2,1,1986,0,9,8,13,17,6,8,12,12,23
470547,1,1,1986,27,27,27,27,27,27,27,27,27,27
470547,2,1,1986,0,0,0,0,0,0,0,0,0,0
470548,1,1,1986,0,0,0,17,2,0,0,0,0,11
470548,2,1,1986,11,0,0,0,0,0,5,0,0,8
470548,3,1,1986,7,7,7,7,7,7,7,7,7,7
470549,1,1,1986,0,0,0,0,0,0,0,0,0,0
470549,2,1,1986,0,0,0,0,0,0,0,0,0,0
470550,1,1,1986,10,0,0,0,0,0,0,0,0,0
470550,2,1,1986,29,26,26,0,0,0,11,30,0,16
470551,1,1,1986,30,30,30,30,30,30,30,30,30,30
470552,1,1,1986,16,16,16,16,16,16,16,16,16,16
470553,1,1,1986,23,23,23,23,23,23,23,23,23,23
470555,1,1,1986,6,6,6,6,6,6,6,6,6,6
470556,0,1,1986,4,4,4,4,4,4,4,4,4,4
470556,1,1,1986,19,19,19,19,19,19,19,19,19,19
470557,1,1,1986,0,0,0,0,0,0,0,0,0,0
470557,2,1,1986,0,0,0,0,0,0,0,0,0,0
470558,1,1,1986,0,0,0,0,0,0,0,0,0,0
470558,2,1,1986,0,0,0,0,0,0,0,0,0,0
470559,1,1,1986,11,4,1,2,3,28,8,0,6,6
470559,2,1,1986,0,0,0,0,0,0,0,0,0,0
470560,0,1,1986,0,0,0,0,0,0,0,0,0,0
470560,1,1,1986,0,0,0,0,0,0,0,0,0,0
470561,1,1,1986,0,0,16,28,0,0,20,22,26,21
470561,2,1,1986,20,13,8,15,14,5,0,0,22,13
470562,1,1,1986,0,0,14,17,0,0,0,0,16,0
470563,1,1,1986,0,0,0,0,0,0,0,0,0,0
470564,1,1,1986,10,0,15,23,0,0,19,18,0,21
470565,1,1,1986,8,11,0,3,0,0,8,0,15,0
470566,1,1,1986,0,0,0,0,0,0,0,0,0,0
470566,2,1,1986,0,0,0,0,0,0,0,0,0,0
470567,1,1,1986,11,11,11,11,11,11,11,11,11,11
470568,1,1,1986,0,0,0,0,0,0,0,0,0,0
470568,2,1,1986,0,0,0,0,0,0,0,0,0,0
470569,1,1,1986,0,10,0,0,0,12,0,0,0,0
470569,2,1,1986,0,0,0,0,0,0,0,0,0,0
470570,1,1,1986,0,0,0,0,0,0,0,0,0,0
470571,1,1,1986,0,0,0,0,0,0,0,0,0,0
470571,2,1,1986,0,0,0,0,0,0,0,0,0,0
470572,1,1,1986,0,0,0,0,0,0,0,0,0,0
470572,2,1,1986,0,0,0,0,0,0,0,0,0,0
470573,1,1,1986,15,19,16,28,37,24,11,35,32,22
470574,1,1,1986,0,0,0,0,0,0,0,0,0,0
470574,2,1,1986,0,0,0,0,0,0,0,0,0,0
470575,1,1,1986,20,20,20,20,20,20,20,20,20,20
470576,1,1,1986,11,11,11,11,11,11,11,11,11,11
470577,1,1,1986,4,4,4,4,4,4,4,4,4,4
470578,1,1,1986,0,0,15,0,0,19,0,0,0,0
470579,1,1,1986,0,0,0,0,0,0,0,0,0,0
470580,1,1,1986,0,0,0,0,0,0,0,0,0,0
470580,2,1,1986,0,0,0,0,0,0,0,0,0,0
470581,1,1,1986,26,26,26,26,26,26,26,26,26,26
470582,1,1,1986,0,0,0,0,0,0,0,0,0,0
470582,2,1,1986,0,0,0,0,0,0,0,0,0,0
470583,1,1,1986,0,16,0,5,38,0,20,17,15,26
470584,0,1,1986,0,0,0,0,0,0,0,0,0,0
470584,1,1,1986,7,0,0,0,0,0,0,0,0,0
470585,0,1,1986,22,22,22,22,22,22,22,22,22,22
470585,1,1,1986,25,25,25,25,25,25,25,25,25,25
470586,1,1,1986,0,0,0,0,0,0,0,0,0,0
470586,2,1,1986,10,10,10,10,10,10,10,10,10,10
470587,1,1,1986,0,0,16,0,0,0,19,0,0,0
470588,0,1,1986,17,17,17,17,17,17,17,17,17,17
470588,1,1,1986,0,0,0,0,0,0,0,0,0,0
470589,1,1,1986,0,0,0,0,0,0,0,0,0,0
470590,1,1,1986,0,0,0,0,0,0,0,0,0,0
470590,2,1,1986,0,0,0,0,0,0,0,0,0,0
470591,1,1,1986,0,0,0,0,0,0,0,0,0,0
470592,1,1,1986,1,1,1,1,1,1,1,1,1,1
470593,1,1,1986,14,0,0,0,0,0,0,0,0,0
470594,1,1,1986,0,0,0,0,0,0,0,0,0,0
470595,1,1,1986,0,8,0,0,0,10,0,0,0,0
470596,1,1,1986,18,18,18,18,18,18,18,18,18,18
470597,1,1,1986,22,22,22,22,22,22,22,22,22,22
470598,0,1,1986,0,0,0,0,0,0,0,0,0,0
470598,1,1,1986,0,9,0,0,0,0,0,0,0,0
470599,1,1,1986,0,0,0,0,0,0,12,0,0,0
470599,2,1,1986,31,31,31,31,31,31,31,31,31,31
470600,1,1,1986,0,0,9,0,0,0,0,0,0,0
470600,2,1,1986,0,23,0,9,0,0,0,0,17,0
470600,3,1,1986,0,0,0,7,0,0,15,0,0,0
470601,1,1,1986,0,0,0,0,0,0,0,0,0,0
470601,2,1,1986,16,16,16,16,16,16,16,16,16,16
470602,1,1,1986,31,31,31,31,31,31,31,31,31,31
470603,1,1,1986,0,0,0,0,0,0,0,0,0,0
470604,1,1,1986,0,0,0,0,0,0,0,0,0,0
470604,2,1,1986,0,0,0,0,0,0,0,0,0,0
470605,1,1,1986,0,0,0,0,0,0,0,0,0,0
470606,1,1,1986,15,15,15,15,15,15,15,15,15,15
470608,1,1,1986,25,15,0,21,11,15,8,27,15,14
470609,1,1,1986,21,21,21,21,21,21,21,21,21,21
470609,2,1,1986,0,0,0,0,0,0,0,0,0,0
470610,1,1,1986,0,14,17,17,13,13,21,27,16,19
470611,1,1,1986,16,14,19,11,18,0,0,0,20,0
470612,1,1,1986,24,24,24,24,24,24,24,24,24,24
470613,1,1,1986,0,0,0,0,0,0,0,0,0,0
470613,2,1,1986,0,0,0,0,0,0,0,0,0,0
470614,1,1,1986,0,0,0,0,0,0,0,0,0,0
470614,2,1,1986,0,0,0,0,10,0,0,0,0,0
470614,3,1,1986,0,0,0,0,0,13,0,0,0,0
470615,1,1,1986,0,8,7,9,0,18,0,6,8,0
470616,1,1,1986,18,18,18,18,18,18,18,18,18,18
470617,1,1,1986,16,16,16,16,16,16,16,16,16,16
470618,1,1,1986,0,13,9,0,12,29,19,7,23,12
470619,1,1,1986,21,21,21,21,21,21,21,21,21,21
470621,0,1,1986,0,0,0,0,0,0,0,0,0,0
470621,1,1,1986,0,0,0,0,0,0,0,0,0,0
470621,2,1,1986,0,0,0,0,0,12,0,12,14,0
470621,3,1,1986,0,0,12,0,0,0,0,0,0,0
470621,4,1,1986,0,0,0,0,6,0,0,15,0,0
470622,1,1,1986,0,0,0,0,0,0,0,0,0,0
470622,2,1,1986,0,0,0,0,0,0,0,0,0,0
470623,1,1,1986,0,46,17,12,0,14,24,10,24,18
470624,0,1,1986,0,0,0,0,0,0,0,0,0,0
470624,1,1,1986,0,0,0,0,0,0,0,0,0,0
470625,1,1,1986,13,13,13,13,13,13,13,13,13,13
470625,2,1,1986,0,0,0,0,0,0,0,0,0,0
470626,1,1,1986,0,0,0,0,0,0,0,0,0,0
470626,2,1,1986,0,0,0,0,0,0,0,0,0,0
470627,0,1,1986,0,0,0,0,0,0,0,0,0,0
470627,1,1,1986,0,0,0,0,0,0,0,0,0,0
470628,1,1,1986,0,0,0,0,0,0,0,0,0,0
470628,2,1,1986,0,0,0,0,0,0,0,0,0,0
470629,1,1,1986,0,0,0,0,0,0,0,12,0,0
470629,2,1,1986,14,24,20,0,5,0,0,19,0,0
470630,1,1,1986,0,0,0,0,0,0,0,0,0,0
470630,2,1,1986,0,0,0,0,0,23,0,0,0,0
470631,1,1,1986,0,0,0,0,0,0,0,0,0,0
470631,2,1,1986,0,0,0,0,0,0,0,0,0,0
470632,0,1,1986,16,16,16,16,16,16,16,16,16,16
470632,1,1,1986,14,16,0,0,0,0,0,15,0,0
470633,1,1,1986,5,5,5,5,5,5,5,5,5,5
470634,1,1,1986,0,0,0,0,0,0,0,0,0,0
470634,2,1,1986,0,0,0,0,0,0,0,0,0,0
470635,1,1,1986,0,0,0,0,0,0,0,0,0,0
470636,1,1,1986,19,19,19,19,19,19,19,19,19,19
470637,1,1,1986,0,0,0,0,0,0,0,0,0,0
470637,2,1,1986,0,0,0,0,0,0,0,0,0,0
470637,3,1,1986,0,0,0,0,0,0,0,0,0,0
470638,1,1,1986,19,19,19,19,19,19,19,19,19,19
470638,2,1,1986,0,0,0,0,0,0,0,0,0,0
470638,3,1,1986,0,0,0,0,0,0,0,0,0,0
470639,1,1,1986,0,0,0,0,0,0,0,0,0,0
470639,2,1,1986,0,0,0,0,0,0,0,0,0,0
470640,1,1,1986,1,1,1,1,1,1,1,1,1,1
470641,1,1,1986,5,5,5,5,5,5,5,5,5,5
470642,1,1,1986,7,7,7,7,7,7,7,7,7,7
470643,1,1,1986,0,0,0,0,0,0,0,0,22,0
470643,2,1,1986,11,11,11,11,11,11,11,11,11,11
470644,1,1,1986,0,0,0,10,0,0,0,0,0,0
470644,2,1,1986,0,5,0,0,0,0,0,0,0,0
470645,1,1,1986,10,12,19,29,25,19,10,16,19,8
470646,1,1,1986,0,0,0,0,0,0,0,0,0,0
470647,1,1,1986,0,0,0,0,0,0,0,0,0,0
470647,2,1,1986,0,0,0,0,0,0,0,0,0,0
470648,1,1,1986,1,1,1,1,1,1,1,1,1,1
470648,2,1,1986,29,29,29,29,29,29,29,29,29,29
470649,1,1,1986,22,22,22,22,22,22,22,22,22,22
470650,1,1,1986,0,0,0,0,0,0,0,0,0,0
470651,1,1,1986,0,0,0,0,0,0,0,0,0,0
470652,1,1,1986,14,14,14,14,14,14,14,14,14,14
470653,1,1,1986,0,15,0,12,2,23,6,21,0,30
470654,1,1,1986,12,17,3,0,21,16,21,6,10,11
470657,1,1,1986,0,0,0,0,0,0,0,0,0,0
470657,2,1,1986,10,10,10,10,10,10,10,10,10,10
470658,1,1,1986,21,21,21,21,21,21,21,21,21,21
470658,2,1,1986,0,0,0,0,0,0,0,0,0,0
470659,1,1,1986,18,18,18,18,18,18,18,18,18,18
470660,1,1,1986,0,0,0,0,0,0,0,0,0,0
470660,2,1,1986,0,17,0,8,19,12,0,0,13,0
470661,1,1,1986,0,0,0,0,0,0,0,0,0,0
470661,2,1,1986,0,0,0,30,0,0,0,9,0,0
470661,3,1,1986,0,0,0,0,0,0,0,0,0,0
470663,1,1,1986,12,4,12,16,0,0,0,29,25,19
470664,1,1,1986,0,0,0,0,0,0,0,0,0,0
470665,1,1,1986,14,14,14,14,14,14,14,14,14,14
470666,1,1,1986,0,0,0,0,0,0,0,0,0,0
470666,2,1,1986,0,0,0,0,0,0,0,0,0,0
470667,1,1,1986,13,13,13,13,13,13,13,13,13,13
470668,1,1,1986,0,0,0,0,0,0,0,0,0,0
470669,1,1,1986,12,12,12,12,12,12,12,12,12,12
470670,1,1,1986,0,0,0,0,0,0,0,0,0,0
470670,2,1,1986,0,0,0,0,0,0,0,0,0,0
470671,1,1,1986,0,0,0,0,0,0,0,0,0,0
470671,2,1,1986,12,12,12,12,12,12,12,12,12,12
470672,1,1,1986,21,21,21,21,21,21,21,21,21,21
470673,1,1,1986,4,4,4,4,4,4,4,4,4,4
470674,1,1,1986,4,4,4,4,4,4,4,4,4,4
470675,1,1,1986,0,0,0,0,0,0,0,0,0,0
470676,0,1,1986,29,29,29,29,29,29,29,29,29,29
470676,1,1,1986,0,0,0,0,0,0,0,0,0,0
470677,1,1,1986,11,11,0,7,0,29,0,10,0,0
470677,2,1,1986,23,23,23,23,23,23,23,23,23,23
470678,1,1,1986,0,0,0,0,0,0,0,0,0,0
470679,1,1,1986,0,0,0,0,0,0,0,0,0,0
470681,0,1,1986,0,0,0,0,0,0,0,0,0,0
470681,1,1,1986,5,0,0,0,0,0,0,0,0,0
470682,1,1,1986,17,17,17,17,17,17,17,17,17,17
470682,2,1,1986,0,0,0,0,0,0,0,0,0,0
470683,1,1,1986,16,16,16,16,16,16,16,16,16,16
470684,1,1,1986,0,0,0,0,0,0,0,0,0,0
470685,1,1,1986,0,0,0,0,0,0,0,0,0,0
470686,1,1,1986,0,0,0,0,0,0,0,0,0,0
470686,2,1,1986,19,19,19,19,19,19,19,19,19,19
470687,0,1,1986,0,0,0,0,0,0,0,0,0,0
470687,1,1,1986,1,1,1,1,1,1,1,1,1,1
470688,1,1,1986,0,0,0,0,0,0,0,0,0,0
470688,2,1,1986,0,0,0,0,0,26,0,17,0,0
470689,1,1,1986,0,0,0,0,0,0,0,0,0,0
470689,2,1,1986,21,15,13,12,4,20,14,12,15,19
470690,1,1,1986,10,10,10,10,10,10,10,10,10,10
470690,2,1,1986,0,0,0,0,0,0,0,0,0,0
470690,3,1,1986,0,0,0,0,0,0,0,0,0,0
470691,1,1,1986,18,18,18,18,18,18,18,18,18,18
470692,1,1,1986,15,15,15,15,15,15,15,15,15,15
470693,1,1,1986,0,0,0,0,0,0,0,0,0,0
470694,1,1,1986,0,0,0,0,0,0,0,0,0,0
470694,2,1,1986,11,11,11,11,11,11,11,11,11,11
470694,3,1,1986,0,0,0,0,0,0,0,0,0,0
470695,1,1,1986,13,13,13,13,13,13,13,13,13,13
470695,2,1,1986,0,0,0,0,0,0,0,0,0,0
470696,1,1,1986,13,13,13,13,13,13,13,13,13,13
470697,1,1,1986,0,0,0,0,0,0,0,0,0,0
470697,2,1,1986,0,0,0,0,0,0,0,0,0,0
470698,1,1,1986,0,0,0,0,0,0,0,0,0,0
470699,0,1,1986,0,0,0,0,0,0,0,0,0,0
470699,1,1,1986,17,17,17,17,17,17,17,17,17,17
470700,0,1,1986,0,0,0,0,0,0,0,0,0,0
470700,1,1,1986,12,12,12,12,12,12,12,12,12,12
470701,1,1,1986,21,21,21,21,21,21,21,21,21,21
470702,0,1,1986,0,0,0,0,0,0,0,0,0,0
470702,1,1,1986,0,0,0,0,0,0,0,0,0,0
470703,1,1,1986,0,0,0,0,0,0,0,0,0,0
470704,1,1,1986,0,0,0,0,0,0,0,0,0,0
470704,2,1,1986,0,0,0,0,0,0,0,0,0,0
470705,1,1,1986,16,16,16,16,16,16,16,16,16,16
470706,1,1,1986,0,0,0,0,0,0,0,0,0,0
470706,2,1,1986,0,0,0,0,0,0,0,0,0,0
470707,1,1,1986,25,25,25,25,25,25,25,25,25,25
470707,2,1,1986,0,0,0,0,0,0,0,9,0,0
470707,3,1,1986,0,0,0,0,0,0,0,0,0,0
470708,1,1,1986,3,3,3,3,3,3,3,3,3,3
470709,1,1,1986,17,17,17,17,17,17,17,17,17,17
470710,1,1,1986,0,0,0,0,0,0,0,0,0,0
470710,2,1,1986,0,0,0,0,0,0,0,0,0,0
470711,1,1,1986,0,0,0,0,0,0,0,0,13,0
470712,1,1,1986,24,24,24,24,24,24,24,24,24,24
470713,1,1,1986,17,17,17,17,17,17,17,17,17,17
470714,1,1,1986,0,0,0,0,0,0,0,0,0,0
470715,1,1,1986,28,28,28,28,28,28,28,28,28,28
470716,1,1,1986,0,0,17,0,0,0,0,0,0,0
470716,2,1,1986,8,8,8,8,8,8,8,8,8,8
470717,1,1,1986,0,0,16,0,19,26,0,0,0,0
470717,2,1,1986,0,23,0,0,0,19,0,0,0,0
470718,1,1,1986,22,22,22,22,22,22,22,22,22,22
470718,2,1,1986,0,0,14,0,0,0,0,0,0,0
470719,1,1,1986,17,17,17,17,17,17,17,17,17,17
470720,1,1,1986,18,18,18,18,18,18,18,18,18,18
470721,1,1,1986,5,5,5,5,5,5,5,5,5,5
470721,2,1,1986,0,0,0,0,0,0,0,0,0,0
470722,1,1,1986,0,0,0,0,0,0,0,0,0,0
470723,1,1,1986,0,11,0,15,26,7,0,19,7,17
470724,1,1,1986,14,14,14,14,14,14,14,14,14,14
470725,1,1,1986,10,10,10,10,10,10,10,10,10,10
470726,1,1,1986,18,18,18,18,18,18,18,18,18,18
470728,0,1,1986,0,0,0,0,0,0,0,0,0,0
470728,1,1,1986,0,0,0,0,0,0,0,0,0,0
470729,1,1,1986,3,3,3,3,3,3,3,3,3,3
470729,2,1,1986,0,0,0,0,0,0,0,0,0,0
470731,1,1,1986,0,0,0,0,0,0,0,0,0,0
470732,0,1,1986,19,19,19,19,19,19,19,19,19,19
470732,1,1,1986,7,0,6,9,17,14,27,0,23,7
470733,0,1,1986,0,0,0,0,0,0,0,0,0,0
470733,1,1,1986,0,0,0,0,0,0,0,0,0,0
470734,1,1,1986,10,10,10,10,10,10,10,10,10,10
470735,1,1,1986,10,10,10,10,10,10,10,10,10,10
470736,1,1,1986,8,8,8,8,8,8,8,8,8,8
470737,1,1,1986,0,0,0,0,0,0,0,0,0,0
470738,1,1,1986,4,4,4,4,4,4,4,4,4,4
470739,1,1,1986,0,0,0,0,0,0,0,0,0,0
470739,2,1,1986,0,0,0,0,0,0,0,0,0,0
470740,1,1,1986,0,0,0,0,0,0,0,0,0,0
470740,2,1,1986,0,0,0,4,0,39,0,0,0,0
470741,1,1,1986,25,25,25,25,25,25,25,25,25,25
470742,1,1,1986,17,17,17,17,17,17,17,17,17,17
470743,1,1,1986,0,0,0,0,0,0,0,0,0,0
470743,2,1,1986,12,12,12,12,12,12,12,12,12,12
470744,1,1,1986,0,0,0,0,0,0,0,0,0,0
470745,1,1,1986,0,0,0,0,0,0,0,0,0,0
470746,1,1,1986,0,0,0,0,0,0,0,0,0,0
470747,1,1,1986,0,0,0,0,0,0,0,0,0,0
470747,2,1,1986,0,0,0,0,0,0,0,0,0,0
470748,1,1,1986,0,0,0,0,0,0,0,0,0,0
470750,1,1,1986,0,0,0,0,8,0,0,0,0,0
470751,0,1,1986,0,0,0,0,0,0,0,0,0,0
470751,1,1,1986,0,0,0,0,0,0,0,0,0,0
470752,1,1,1986,21,21,21,21,21,21,21,21,21,21
470753,1,1,1986,0,0,0,0,0,0,0,0,0,0
470753,2,1,1986,0,0,0,0,0,0,0,0,0,0
470754,1,1,1986,0,0,0,0,0,0,0,0,0,0
470754,2,1,1986,0,0,0,0,0,0,0,0,0,0
470756,1,1,1986,5,5,5,5,5,5,5,5,5,5
470757,1,1,1986,0,0,0,0,0,0,0,0,0,0
470757,2,1,1986,0,0,0,0,0,0,0,0,0,0
470758,1,1,1986,0,0,0,0,0,0,0,0,0,0
470759,1,1,1986,27,27,27,27,27,27,27,27,27,27
470759,2,1,1986,0,0,0,0,0,0,0,0,0,0
470761,1,1,1986,0,0,0,0,0,0,0,0,0,0
470762,1,1,1986,21,21,21,21,21,21,21,21,21,21
470762,2,1,1986,16,0,0,0,0,0,20,0,0,0
470763,1,1,1986,6,13,14,19,28,7,15,11,17,14
470763,2,1,1986,0,11,6,13,15,4,0,19,16,17
470764,0,1,1986,0,0,14,0,0,0,3,0,0,0
470764,1,1,1986,0,0,0,0,0,22,0,0,0,0
470766,1,1,1986,0,0,0,0,0,0,0,0,0,0
470766,2,1,1986,27,27,27,27,27,27,27,27,27,27
470767,1,1,1986,0,0,0,13,0,0,0,0,5,0
470767,2,1,1986,0,0,0,0,0,0,13,0,0,0
470768,1,1,1986,17,17,17,17,17,17,17,17,17,17
470769,0,1,1986,0,0,0,0,0,0,0,0,0,0
470769,1,1,1986,0,0,0,10,0,15,17,8,0,0
470773,0,1,1986,2,2,2,2,2,2,2,2,2,2
470773,0,2,1986,0,0,0,0,0,0,0,0,0,0
470773,1,1,1986,0,0,0,0,0,0,0,0,0,0
470774,1,1,1986,0,0,0,0,11,0,0,0,0,0
470774,2,1,1986,0,0,0,0,0,0,0,0,0,0
470775,1,1,1986,23,23,23,23,23,23,23,23,23,23
470776,1,1,1986,0,0,0,0,0,0,0,0,0,0
470776,2,1,1986,14,14,14,14,14,14,14,14,14,14
470777,1,1,1986,7,7,7,7,7,7,7,7,7,7
470778,1,1,1986,16,16,16,16,16,16,16,16,16,16
470779,1,1,1986,23,23,23,23,23,23,23,23,23,23
470780,1,1,1986,17,17,17,17,17,17,17,17,17,17
470781,1,1,1986,7,0,0,4,0,0,24,0,0,0
470781,2,1,1986,0,0,0,0,0,0,0,0,0,0
470782,1,1,1986,0,0,0,0,0,0,0,0,0,0
470783,1,1,1986,15,15,15,15,15,15,15,15,15,15
470784,1,1,1986,18,18,18,18,18,18,18,18,18,18
470785,1,1,1986,23,23,23,23,23,23,23,23,23,23
470786,0,1,1986,0,0,0,0,0,0,0,0,0,0
470786,1,1,1986,0,0,0,0,0,0,0,0,0,0
470787,1,1,1986,0,0,0,0,0,0,0,0,0,0
470787,2,1,1986,0,0,0,0,0,0,0,0,0,0
470788,1,1,1986,18,18,18,18,18,18,18,18,18,18
470789,1,1,1986,0,0,0,0,0,0,0,0,0,0
470790,0,1,1986,0,0,0,0,0,0,0,0,0,0
470790,1,1,1986,0,0,0,0,0,0,0,0,0,0
470791,1,1,1986,0,0,0,0,0,0,0,0,0,0
470791,2,1,1986,0,0,0,0,0,0,0,0,0,0
470792,1,1,1986,0,0,0,0,0,0,0,0,0,0
470793,1,1,1986,10,0,0,13,0,15,0,0,0,14
470794,1,1,1986,0,0,0,0,0,0,0,0,0,0
470795,1,1,1986,19,19,19,19,19,19,19,19,19,19
470796,1,1,1986,11,11,11,11,11,11,11,11,11,11
470797,1,1,1986,0,0,0,0,0,0,0,0,0,0
470798,1,1,1986,0,0,0,0,0,0,0,0,0,0
470798,2,1,1986,2,2,2,2,2,2,2,2,2,2
470799,1,1,1986,20,20,20,20,20,20,20,20,20,20
470799,2,1,1986,0,0,0,0,0,0,0,0,0,11
470800,1,1,1986,18,18,18,18,18,18,18,18,18,18
470800,2,1,1986,0,0,0,0,0,0,0,0,0,0
470801,1,1,1986,0,0,0,0,0,0,0,0,0,0
470802,1,1,1986,19,19,19,19,19,19,19,19,19,19
470802,2,1,1986,0,0,0,0,0,0,0,0,0,0
470803,1,1,1986,10,10,10,10,10,10,10,10,10,10
470804,1,1,1986,0,21,0,0,0,7,9,12,13,0
470805,1,1,1986,0,0,0,0,0,0,0,0,0,0
470805,2,1,1986,0,0,0,0,0,0,0,0,0,0
470806,0,1,1986,13,13,13,13,13,13,13,13,13,13
470806,1,1,1986,0,10,0,0,0,4,8,23,0,22
470807,1,1,1986,17,17,17,17,17,17,17,17,17,17
470808,1,1,1986,0,0,0,0,0,0,0,0,0,0
470808,2,1,1986,0,0,0,0,0,8,0,0,0,0
470809,1,1,1986,3,3,3,3,3,3,3,3,3,3
470810,1,1,1986,0,0,0,0,0,0,0,0,0,0
470810,2,1,1986,0,0,0,0,0,0,0,0,0,0
470811,0,1,1986,0,0,0,0,0,0,0,0,0,0
470811,1,1,1986,0,0,0,0,0,0,0,0,0,0
470812,1,1,1986,10,17,13,0,0,0,7,0,20,0
470812,2,1,1986,19,14,33,35,20,3,0,0,23,18
470813,0,1,1986,0,0,0,0,0,0,0,0,0,0
470813,1,1,1986,0,0,0,0,0,0,0,0,0,0
470814,1,1,1986,0,0,0,0,0,0,0,0,0,0
470814,2,1,1986,0,0,0,0,0,0,0,0,0,0
470815,1,1,1986,0,0,0,0,0,0,0,0,0,0
470815,2,1,1986,0,0,0,0,0,0,0,0,0,0
470816,1,1,1986,8,8,8,8,8,8,8,8,8,8
470816,2,1,1986,0,0,0,0,0,0,0,0,0,0
470816,3,1,1986,0,0,0,0,0,0,0,0,0,0
470817,1,1,1986,3,3,3,3,3,3,3,3,3,3
470818,1,1,1986,22,22,22,22,22,22,22,22,22,22
470819,1,1,1986,18,18,18,18,18,18,18,18,18,18
470819,2,1,1986,0,8,6,7,0,6,0,11,0,0
470820,1,1,1986,28,28,28,28,28,28,28,28,28,28
470821,1,1,1986,6,0,0,0,0,0,0,0,0,0
470821,2,1,1986,0,0,0,0,0,0,0,0,14,0
470822,1,1,1986,23,23,23,23,23,23,23,23,23,23
470823,1,1,1986,16,16,16,16,16,16,16,16,16,16
470823,2,1,1986,0,0,0,0,0,0,0,0,0,0
470824,1,1,1986,0,0,0,0,0,0,0,0,0,0
470825,1,1,1986,0,0,0,0,0,0,0,0,0,0
470825,2,1,1986,0,0,0,0,0,0,0,30,0,0
470826,1,1,1986,16,13,8,8,8,18,17,1,38,6
470826,2,1,1986,6,10,0,9,0,0,9,0,7,0
470826,3,1,1986,0,0,0,0,22,0,0,0,0,13
470827,1,1,1986,0,0,0,0,0,0,0,0,0,0
470827,2,1,1986,25,25,25,25,25,25,25,25,25,25
470828,1,1,1986,0,0,0,0,0,0,0,0,0,0
470828,2,1,1986,0,0,0,0,0,0,0,0,0,0
470829,1,1,1986,19,19,19,19,19,19,19,19,19,19
470830,0,1,1986,5,5,5,5,5,5,5,5,5,5
470830,1,1,1986,2,2,2,2,2,2,2,2,2,2
470831,1,1,1986,29,29,29,29,29,29,29,29,29,29
470832,1,1,1986,15,15,15,15,15,15,15,15,15,15
470833,0,1,1986,0,0,0,0,0,0,0,0,0,0
470833,1,1,1986,0,0,0,0,0,0,0,0,0,0
470834,0,1,1986,0,0,0,0,0,0,0,0,0,0
470834,1,1,1986,10,9,16,15,22,0,20,19,6,17
470835,1,1,1986,0,0,0,0,0,0,0,0,0,0
470836,1,1,1986,26,26,26,26,26,26,26,26,26,26
470836,2,1,1986,0,8,0,0,0,0,0,0,0,0
470837,1,1,1986,0,0,0,0,0,0,0,0,0,0
470837,2,1,1986,0,0,0,0,0,0,0,0,0,0
470838,0,1,1986,24,5,9,52,12,7,22,0,0,0
470838,1,1,1986,0,0,0,0,0,0,0,0,0,0
470839,1,1,1986,0,0,0,0,0,0,0,0,0,0
470840,1,1,1986,0,28,30,0,3,12,22,0,0,0
470840,2,1,1986,0,0,0,0,0,0,0,0,0,0
470841,1,1,1986,2,0,0,0,0,11,0,0,0,0
470842,1,1,1986,0,0,0,0,0,0,0,0,0,0
470843,1,1,1986,0,0,0,0,0,0,0,0,0,0
470844,1,1,1986,0,0,0,0,0,0,0,12,0,13
470844,2,1,1986,2,2,2,2,2,2,2,2,2,2
470845,1,1,1986,18,0,0,0,0,0,0,0,0,0
470845,2,1,1986,0,0,0,0,0,0,0,0,10,0
470846,1,1,1986,8,8,8,8,8,8,8,8,8,8
470846,2,1,1986,0,0,0,14,0,19,25,5,0,0
470847,1,1,1986,23,23,23,23,23,23,23,23,23,23
470848,1,1,1986,28,28,28,28,28,28,28,28,28,28
470849,1,1,1986,18,18,18,18,18,18,18,18,18,18
470850,0,1,1986,0,0,0,0,0,0,0,0,0,0
470850,1,1,1986,0,0,0,0,0,0,0,0,0,0
470851,0,1,1986,0,32,14,18,26,17,23,0,0,42
470851,0,2,1986,7,7,7,7,7,7,7,7,7,7
470851,1,1,1986,15,15,15,15,15,15,15,15,15,15
470851,2,1,1986,0,0,0,0,0,0,0,0,0,0
470852,0,1,1986,0,0,0,0,0,0,0,0,0,0
470852,1,1,1986,0,0,0,0,0,0,11,0,0,0
470853,1,1,1986,0,0,0,0,0,0,0,0,0,0
470854,0,1,1986,4,4,4,4,4,4,4,4,4,4
470854,1,1,1986,0,0,7,21,12,17,3,0,0,0
470855,1,1,1986,9,9,9,9,9,9,9,9,9,9
470856,1,1,1986,9,0,0,0,0,28,0,0,4,0