ST_CASE,VEH_NO,PER_NO,YEAR,P1,P2,P3,P4,P5,P6,P7,P8,P9,P10
470856,2,1,1986,0,0,0,0,0,0,0,0,0,0
470856,3,1,1986,0,0,0,0,0,24,0,0,0,17
470856,4,1,1986,0,0,0,0,0,22,0,0,0,0
470856,5,1,1986,0,0,0,0,0,0,0,0,0,0
470857,1,1,1986,30,30,30,30,30,30,30,30,30,30
470858,1,1,1986,0,0,0,0,0,0,0,0,0,0
470858,2,1,1986,0,0,0,0,0,0,0,0,0,0
470859,1,1,1986,26,26,26,26,26,26,26,26,26,26
470860,1,1,1986,0,0,0,0,0,0,0,0,0,0
470860,2,1,1986,0,0,0,0,0,0,0,0,0,0
470861,1,1,1986,0,0,0,0,0,0,0,0,0,0
470861,2,1,1986,0,0,0,0,0,0,0,0,0,0
470861,3,1,1986,0,0,0,0,0,0,0,0,0,0
470862,1,1,1986,0,0,0,0,0,0,0,0,0,0
470862,2,1,1986,0,0,0,0,0,0,0,0,0,0
470863,1,1,1986,8,8,8,8,8,8,8,8,8,8
470864,0,1,1986,35,35,35,35,35,35,35,35,35,35
470864,1,1,1986,15,11,0,0,16,0,0,0,0,0
470865,1,1,1986,0,0,0,0,0,0,0,0,0,0
470865,2,1,1986,0,0,0,0,4,0,0,0,0,0
470866,1,1,1986,11,11,11,11,11,11,11,11,11,11
470866,2,1,1986,0,0,0,0,0,0,0,0,0,0
470866,3,1,1986,0,0,0,0,0,0,0,0,0,0
470867,1,1,1986,8,0,16,18,8,11,15,10,19,4
470868,0,1,1986,15,15,15,15,15,15,15,15,15,15
470868,1,1,1986,19,19,19,19,19,19,19,19,19,19
470870,1,1,1986,0,0,0,0,0,0,0,0,0,0
470871,1,1,1986,0,0,0,0,0,0,0,0,0,0
470871,2,1,1986,10,10,10,10,10,10,10,10,10,10
470871,3,1,1986,16,16,16,16,16,16,16,16,16,16
470872,1,1,1986,33,33,33,33,33,33,33,33,33,33
470873,1,1,1986,0,0,0,0,0,0,0,0,0,0
470873,2,1,1986,9,9,9,9,9,9,9,9,9,9
470874,1,1,1986,26,26,26,26,26,26,26,26,26,26
470875,0,1,1986,0,0,0,0,0,0,0,0,0,0
470875,1,1,1986,0,0,0,5,0,0,0,0,0,0
470875,2,1,1986,0,0,0,0,0,0,0,0,0,0
470876,0,1,1986,22,22,22,22,22,22,22,22,22,22
470876,1,1,1986,0,0,0,0,0,0,0,0,0,0
470878,1,1,1986,33,33,33,33,33,33,33,33,33,33
470879,1,1,1986,16,16,16,16,16,16,16,16,16,16
470879,2,1,1986,0,0,0,0,0,0,0,0,0,0
470880,1,1,1986,0,0,0,0,0,0,0,0,0,0
470880,2,1,1986,0,0,0,0,0,0,0,0,0,0
470880,3,1,1986,0,0,0,0,0,0,0,0,0,0
470880,4,1,1986,0,0,0,0,0,0,0,0,0,0
470881,1,1,1986,0,0,0,0,0,0,0,0,0,0
470882,1,1,1986,0,0,0,0,0,0,0,0,0,0
470883,1,1,1986,0,0,0,0,0,0,0,0,0,0
470883,2,1,1986,0,0,0,0,10,0,0,0,0,0
470884,1,1,1986,0,0,0,0,0,0,0,0,0,0
470885,1,1,1986,1,1,1,1,1,1,1,1,1,1
470886,0,1,1986,30,30,30,30,30,30,30,30,30,30
470886,1,1,1986,0,0,0,0,0,0,0,0,0,0
470887,1,1,1986,0,0,0,0,0,0,0,0,0,0
470887,2,1,1986,0,0,0,0,0,0,0,0,0,0
470888,0,1,1986,0,0,0,0,0,0,0,0,0,0
470888,1,1,1986,0,0,0,0,0,0,0,0,0,0
470889,1,1,1986,0,0,0,0,0,0,0,0,0,0
470890,1,1,1986,1,1,1,1,1,1,1,1,1,1
470891,1,1,1986,27,27,27,27,27,27,27,27,27,27
470892,1,1,1986,0,0,0,0,0,0,0,0,0,0
470893,0,1,1986,33,33,33,33,33,33,33,33,33,33
470893,1,1,1986,0,0,0,0,0,0,0,0,0,0
470894,1,1,1986,0,0,0,0,0,0,0,0,0,0
470894,2,1,1986,0,0,18,0,0,0,0,0,7,0
470895,1,1,1986,0,0,0,0,0,0,0,0,0,0
470896,1,1,1986,0,0,0,0,0,0,0,0,0,0
470897,1,1,1986,0,0,0,0,0,0,0,0,0,0
470898,1,1,1986,19,0,10,0,0,0,0,3,16,0
470899,1,1,1986,0,0,0,0,0,0,8,0,0,0
470900,1,1,1986,0,0,0,0,0,0,0,0,0,0
470900,2,1,1986,0,0,0,0,0,0,0,0,0,0
470901,1,1,1986,17,0,0,0,0,0,0,0,0,0
470901,2,1,1986,0,0,0,0,0,0,0,0,0,0
470902,1,1,1986,10,10,10,10,10,10,10,10,10,10
470902,2,1,1986,7,7,7,7,7,7,7,7,7,7
470903,0,1,1986,0,0,0,0,6,0,0,9,8,16
470903,1,1,1986,0,0,9,0,0,0,0,0,0,0
470904,1,1,1986,18,18,18,18,18,18,18,18,18,18
470905,1,1,1986,9,9,9,9,9,9,9,9,9,9
470905,2,1,1986,0,0,0,0,0,0,0,0,0,0
470906,1,1,1986,17,17,17,17,17,17,17,17,17,17
470907,0,1,1986,12,12,12,12,12,12,12,12,12,12
470907,1,1,1986,0,0,0,0,0,0,0,0,0,0
470908,1,1,1986,25,25,25,25,25,25,25,25,25,25
470909,0,1,1986,0,0,0,0,0,0,0,0,0,0
470909,1,1,1986,6,6,6,6,6,6,6,6,6,6
470910,1,1,1986,0,0,0,0,0,0,0,0,0,0
470910,2,1,1986,0,0,0,0,0,0,0,0,0,0
470911,1,1,1986,0,0,0,0,0,0,0,0,0,0
470911,2,1,1986,17,17,17,17,17,17,17,17,17,17
470912,1,1,1986,32,32,32,32,32,32,32,32,32,32
470913,1,1,1986,25,25,25,25,25,25,25,25,25,25
470913,2,1,1986,0,0,0,0,0,0,0,0,0,0
470914,1,1,1986,3,3,3,3,3,3,3,3,3,3
470915,1,1,1986,21,21,21,21,21,21,21,21,21,21
470916,1,1,1986,11,15,22,18,22,12,16,19,25,42
470916,2,1,1986,5,0,0,20,0,0,6,0,25,10
470917,1,1,1986,8,8,8,8,8,8,8,8,8,8
470917,2,1,1986,0,0,0,0,0,0,0,0,0,0
470918,1,1,1986,22,22,22,22,22,22,22,22,22,22
470919,1,1,1986,0,0,0,0,0,0,0,0,0,0
470921,1,1,1986,28,28,28,28,28,28,28,28,28,28
470922,1,1,1986,16,16,16,16,16,16,16,16,16,16
470922,2,1,1986,0,0,0,0,0,0,18,16,0,17
470922,3,1,1986,10,0,0,0,0,0,0,0,0,18
470923,1,1,1986,0,0,0,0,0,0,0,0,0,0
470923,2,1,1986,0,0,0,0,0,0,0,0,0,0
470924,1,1,1986,29,29,29,29,29,29,29,29,29,29
470925,1,1,1986,0,0,0,0,0,0,0,0,0,0
470925,2,1,1986,0,0,0,0,0,0,0,0,0,0
470926,1,1,1986,27,27,27,27,27,27,27,27,27,27
470927,1,1,1986,18,18,18,18,18,18,18,18,18,18
470928,0,1,1986,22,22,22,22,22,22,22,22,22,22
470928,1,1,1986,0,0,0,0,0,0,0,0,0,0
470929,0,1,1986,0,33,17,18,0,0,0,6,6,12
470929,1,1,1986,0,0,0,0,0,0,0,0,0,0
470930,1,1,1986,27,27,27,27,27,27,27,27,27,27
470931,1,1,1986,0,0,0,0,0,0,0,0,0,0
470931,2,1,1986,0,0,0,0,0,0,0,0,0,0
470932,1,1,1986,25,15,18,19,5,14,11,0,6,22
470932,2,1,1986,0,0,0,0,0,0,0,0,0,6
470933,1,1,1986,20,20,20,20,20,20,20,20,20,20
470934,0,1,1986,0,0,0,0,0,0,0,0,0,0
470934,1,1,1986,0,0,0,0,0,0,0,0,0,0
470935,1,1,1986,0,0,0,0,0,0,0,0,0,0
470935,2,1,1986,0,0,0,0,0,0,0,0,0,0
470936,0,1,1986,0,0,0,0,0,0,0,0,0,0
470936,0,2,1986,0,0,0,0,0,0,0,0,0,0
470936,1,1,1986,0,0,0,0,0,0,0,0,0,0
470937,1,1,1986,15,15,15,15,15,15,15,15,15,15
470938,1,1,1986,32,32,32,32,32,32,32,32,32,32
470939,1,1,1986,0,0,0,0,0,0,0,0,0,0
470939,2,1,1986,0,0,0,0,0,0,0,0,0,0
470941,1,1,1986,0,0,0,0,0,0,0,0,0,0
470941,2,1,1986,0,0,17,0,0,0,0,21,0,14
470941,3,1,1986,0,0,0,0,0,0,0,0,0,0
470941,4,1,1986,0,0,0,0,0,0,0,0,0,9
470942,1,1,1986,0,0,0,0,0,0,0,0,0,0
470943,1,1,1986,0,0,0,0,0,0,0,0,0,0
470943,2,1,1986,0,0,0,0,0,0,0,0,0,0
470944,1,1,1986,0,0,0,0,0,0,0,0,0,0
470945,1,1,1986,6,0,0,0,8,2,11,0,0,0
470945,2,1,1986,23,0,4,0,0,0,10,4,24,0
470945,3,1,1986,10,25,14,14,4,0,22,0,0,0
470945,4,1,1986,10,10,10,10,10,10,10,10,10,10
470946,1,1,1986,0,0,0,0,0,0,0,0,0,0
470946,2,1,1986,0,0,0,0,0,0,0,0,0,0
470947,1,1,1986,22,22,22,22,22,22,22,22,22,22
470948,1,1,1986,28,28,28,28,28,28,28,28,28,28
470949,1,1,1986,0,0,0,0,0,0,0,0,0,0
470949,2,1,1986,0,0,0,0,0,0,0,0,0,0
470949,3,1,1986,0,0,0,0,0,0,0,0,0,0
470949,4,1,1986,26,0,0,0,0,0,0,0,0,0
470949,5,1,1986,17,17,17,17,17,17,17,17,17,17
470950,0,1,1986,35,35,35,35,35,35,35,35,35,35
470950,1,1,1986,0,0,0,0,0,0,0,0,0,0
470951,1,1,1986,0,0,0,0,0,0,0,0,0,0
470952,1,1,1986,0,0,0,0,0,0,0,0,0,0
470952,2,1,1986,0,0,0,0,0,0,0,0,0,0
470953,0,1,1986,0,0,0,0,0,0,0,0,0,0
470953,1,1,1986,0,0,0,0,0,0,0,0,0,0
470954,1,1,1986,0,0,0,0,0,0,0,0,0,0
470954,2,1,1986,0,0,0,0,0,0,0,0,0,0
470956,1,1,1986,12,12,12,12,12,12,12,12,12,12
470956,2,1,1986,0,0,0,0,0,0,0,0,0,0
470957,1,1,1986,0,0,0,0,0,0,0,0,0,0
470957,2,1,1986,13,13,13,13,13,13,13,13,13,13
470958,1,1,1986,0,0,0,0,0,0,0,0,0,0
470958,2,1,1986,0,0,19,0,0,0,0,10,0,0
470958,3,1,1986,0,37,0,0,12,14,23,0,0,0
470958,4,1,1986,18,18,0,21,15,0,0,0,22,0
470958,5,1,1986,0,0,0,0,0,0,0,0,0,0
470959,0,1,1986,31,31,31,31,31,31,31,31,31,31
470959,1,1,1986,9,9,9,9,9,9,9,9,9,9
470960,1,1,1986,24,24,24,24,24,24,24,24,24,24
470960,2,1,1986,16,0,17,0,0,0,0,0,0,0
470961,1,1,1986,19,19,19,19,19,19,19,19,19,19
470961,2,1,1986,0,0,0,0,0,0,0,0,0,0
470962,1,1,1986,0,0,0,0,0,0,0,0,0,0
470962,2,1,1986,9,9,9,9,9,9,9,9,9,9
470963,1,1,1986,0,0,0,0,0,0,0,0,0,0
470963,2,1,1986,23,31,22,9,0,10,27,0,21,10
470964,1,1,1986,0,0,0,0,0,0,0,0,0,0
470964,2,1,1986,0,0,0,0,0,0,0,0,0,0
470965,1,1,1986,0,0,0,0,0,0,0,0,0,0
470965,2,1,1986,0,0,0,7,0,0,0,0,0,0
470966,0,1,1986,0,0,0,0,0,0,0,0,0,0
470966,1,1,1986,0,0,0,0,0,5,0,0,0,0
470968,1,1,1986,0,0,0,0,0,0,0,0,0,0
470969,1,1,1986,31,31,31,31,31,31,31,31,31,31
470969,2,1,1986,0,10,33,17,12,15,0,15,8,30
470971,0,1,1986,0,0,0,0,0,0,0,0,22,0
470971,1,1,1986,0,16,0,8,0,0,0,0,0,0
470979,1,1,1986,24,24,24,24,24,24,24,24,24,24
470980,1,1,1986,24,24,24,24,24,24,24,24,24,24
470981,1,1,1986,0,0,6,0,0,0,0,0,0,0
470981,2,1,1986,0,0,0,0,0,0,0,0,0,0
470982,1,1,1986,0,0,0,0,0,0,0,0,0,18
470983,1,1,1986,28,0,0,0,0,0,0,0,0,0
470984,1,1,1986,11,11,11,11,11,11,11,11,11,11
470985,1,1,1986,19,30,0,0,0,23,28,0,0,9
470986,1,1,1986,14,14,14,14,14,14,14,14,14,14
470986,2,1,1986,10,10,10,10,10,10,10,10,10,10
470987,0,1,1986,15,15,15,15,15,15,15,15,15,15
470987,1,1,1986,19,19,19,19,19,19,19,19,19,19
470988,1,1,1986,0,0,0,0,0,0,0,0,0,0
470990,1,1,1986,0,0,0,0,0,0,0,0,0,0
470991,1,1,1986,0,0,0,0,0,0,0,0,0,0
470992,1,1,1986,19,21,11,13,5,0,17,13,8,27
470992,2,1,1986,0,0,0,0,0,0,0,0,0,0
470992,3,1,1986,0,0,0,0,0,0,5,6,0,0
470992,4,1,1986,0,0,0,0,0,0,0,0,0,0
470993,0,1,1986,0,0,0,0,0,0,0,0,0,0
470993,1,1,1986,0,0,0,0,0,0,13,0,0,0
470994,1,1,1986,12,12,12,12,12,12,12,12,12,12
470995,0,1,1986,15,0,0,0,0,0,0,0,0,0
470995,0,2,1986,0,0,0,0,0,0,0,0,0,0
470995,1,1,1986,0,0,0,0,0,0,0,0,0,0
470996,1,1,1986,0,0,0,0,0,0,0,0,0,0
470996,2,1,1986,0,0,0,0,0,0,0,0,0,0
470996,3,1,1986,0,0,0,0,0,0,0,0,0,0
470997,1,1,1986,0,0,0,0,0,0,0,0,0,0
470997,2,1,1986,0,0,0,0,0,0,0,0,0,0
470998,1,1,1986,21,21,21,21,21,21,21,21,21,21
470998,2,1,1986,24,24,24,24,24,24,24,24,24,24
470999,1,1,1986,18,18,18,18,18,18,18,18,18,18
471000,0,1,1986,0,0,0,0,0,0,0,0,0,0
471000,1,1,1986,0,0,0,0,0,0,0,0,3,0
471001,1,1,1986,0,0,0,0,0,0,0,0,0,0
471001,2,1,1986,10,10,10,10,10,10,10,10,10,10
471002,1,1,1986,0,0,0,0,0,0,0,0,0,0
471002,2,1,1986,0,0,0,0,12,0,0,0,0,0
471003,1,1,1986,7,7,7,7,7,7,7,7,7,7
471004,1,1,1986,12,12,12,12,12,12,12,12,12,12
471006,1,1,1986,12,12,12,12,12,12,12,12,12,12
471007,1,1,1986,0,0,0,0,0,0,0,0,0,0
471008,1,1,1986,21,21,21,21,21,21,21,21,21,21
471009,1,1,1986,0,0,0,0,0,0,0,0,0,0
471010,1,1,1986,19,19,19,19,19,19,19,19,19,19
471010,2,1,1986,0,0,0,0,0,0,0,0,0,0
471011,0,1,1986,19,19,19,19,19,19,19,19,19,19
471011,1,1,1986,10,10,10,10,10,10,10,10,10,10
471012,0,1,1986,0,0,0,0,0,0,0,0,0,0
471012,0,2,1986,22,0,26,0,0,0,0,23,3,0
471012,1,1,1986,0,0,0,0,0,0,0,0,0,0
471013,1,1,1986,15,15,15,15,15,15,15,15,15,15
471014,1,1,1986,0,0,0,0,0,0,0,0,0,0
471014,2,1,1986,0,0,0,0,0,0,0,0,0,0
471016,0,1,1986,0,0,0,0,0,0,0,0,0,0
471016,1,1,1986,22,0,0,0,0,0,4,0,0,0
471017,1,1,1986,0,0,0,0,0,0,0,0,0,0
471018,0,1,1986,0,0,0,0,27,22,0,0,0,18
471018,1,1,1986,18,18,18,18,18,18,18,18,18,18
471019,1,1,1986,0,30,10,0,0,0,16,0,15,0
471020,0,1,1986,0,0,0,0,0,0,0,0,0,0
471020,1,1,1986,0,0,0,0,0,0,0,0,0,0
471021,1,1,1986,0,0,0,0,0,0,0,0,0,0
471022,1,1,1986,21,40,13,18,21,33,22,10,20,43
471023,1,1,1986,20,13,0,0,14,0,14,0,9,0
471024,0,1,1986,0,0,0,0,0,0,0,0,0,0
471024,0,2,1986,0,0,0,0,0,0,0,0,0,0
471024,1,1,1986,0,0,0,0,0,0,0,0,0,0
471025,1,1,1986,0,0,0,0,0,0,0,0,0,0
471028,0,1,1986,0,0,0,0,0,0,0,0,0,0
471028,1,1,1986,0,0,0,0,0,0,0,12,0,0
471029,1,1,1986,0,0,0,0,0,0,0,0,0,0
471029,2,1,1986,22,22,22,22,22,22,22,22,22,22
471030,1,1,1986,0,0,0,0,0,0,0,0,0,0
471030,2,1,1986,14,21,27,11,9,22,22,4,9,5
471031,1,1,1986,15,15,15,15,15,15,15,15,15,15
471032,1,1,1986,11,14,27,0,0,0,13,0,0,0
471032,2,1,1986,0,0,0,0,0,0,0,0,0,0
471033,1,1,1986,34,34,34,34,34,34,34,34,34,34
471033,2,1,1986,0,0,0,0,0,0,0,0,0,0
471033,3,1,1986,34,0,0,0,0,0,0,0,0,0
471034,1,1,1986,5,0,0,0,6,6,3,0,0,30
471035,1,1,1986,0,0,0,0,0,0,0,0,0,0
471035,2,1,1986,0,0,0,0,0,0,0,0,0,0
471036,1,1,1986,0,0,0,0,0,0,0,0,0,0
471036,2,1,1986,0,0,0,0,0,0,0,0,0,0
471037,1,1,1986,0,0,0,0,0,0,0,0,0,0
471037,2,1,1986,10,0,0,0,0,0,0,10,0,0
471038,1,1,1986,20,20,20,20,20,20,20,20,20,20
471038,2,1,1986,0,0,0,0,0,0,0,0,0,0
471039,0,1,1986,0,0,14,33,14,0,0,0,0,0
471039,1,1,1986,0,0,0,0,0,0,0,0,0,0
471040,1,1,1986,0,0,0,0,0,0,0,0,0,0
471041,1,1,1986,0,0,0,0,0,0,8,5,0,0
471041,2,1,1986,0,0,0,0,0,0,0,0,0,0
471042,1,1,1986,0,0,0,0,15,0,0,0,0,11
471042,2,1,1986,9,0,0,0,0,13,0,0,0,0
471043,1,1,1986,18,18,18,18,18,18,18,18,18,18
471044,0,1,1986,0,0,0,0,0,0,0,0,0,0
471044,0,2,1986,0,10,0,10,20,0,9,0,0,13
471044,1,1,1986,0,0,0,0,0,0,0,0,0,0
471045,1,1,1986,0,0,0,0,0,0,0,0,0,0
471046,1,1,1986,23,23,23,23,23,23,23,23,23,23
471047,1,1,1986,0,18,20,0,8,6,19,22,20,20
471048,1,1,1986,9,9,9,9,9,9,9,9,9,9
471049,1,1,1986,0,0,0,0,0,0,0,0,0,15
471049,2,1,1986,0,10,0,0,11,6,0,0,0,0
471050,0,1,1986,0,0,0,0,0,0,0,0,0,0
471050,1,1,1986,0,5,0,30,0,14,27,0,0,0
471051,1,1,1986,20,20,20,20,20,20,20,20,20,20
471052,1,1,1986,25,25,25,25,25,25,25,25,25,25
471052,2,1,1986,12,12,12,12,12,12,12,12,12,12
471053,1,1,1986,28,8,18,12,0,8,5,8,13,16
471054,1,1,1986,10,10,10,10,10,10,10,10,10,10
471055,1,1,1986,4,4,4,4,4,4,4,4,4,4
471056,1,1,1986,14,14,14,14,14,14,14,14,14,14
471057,1,1,1986,13,13,13,13,13,13,13,13,13,13
471058,1,1,1986,17,5,0,15,0,0,31,35,16,11
471059,1,1,1986,9,9,9,9,9,9,9,9,9,9
471060,0,1,1986,0,0,0,0,10,0,0,0,0,0
471060,1,1,1986,0,0,0,0,0,0,0,0,0,0
471061,1,1,1986,19,21,18,17,0,10,0,18,10,0
471062,1,1,1986,0,0,0,0,0,0,0,0,0,0
471062,2,1,1986,0,0,0,0,0,0,0,0,0,0
471063,1,1,1986,0,0,0,0,0,0,11,0,17,0
471063,2,1,1986,0,0,0,0,0,0,0,0,0,0
471064,1,1,1986,0,0,0,0,0,0,0,0,0,0
471064,2,1,1986,0,0,0,0,0,0,0,0,0,0
471064,3,1,1986,7,33,0,20,10,0,0,0,4,0
471066,1,1,1986,23,24,16,0,8,14,21,0,15,15
471067,1,1,1986,0,0,0,0,2,0,0,0,0,0
471067,2,1,1986,43,14,16,15,20,19,31,10,11,0
471068,0,1,1986,0,0,0,0,0,0,0,0,0,0
471068,1,1,1986,0,0,0,0,0,13,0,0,0,0
471069,1,1,1986,0,0,0,0,0,0,0,0,0,0
471069,2,1,1986,0,0,0,0,0,0,0,0,0,0
471070,1,1,1986,24,24,24,24,24,24,24,24,24,24
471071,1,1,1986,0,0,0,0,0,0,0,0,0,0
471071,2,1,1986,8,8,8,8,8,8,8,8,8,8
471072,0,1,1986,18,0,0,26,32,0,21,13,42,0
471072,1,1,1986,12,4,22,0,0,0,13,0,18,0
471073,1,1,1986,0,0,0,0,0,0,0,0,0,0
471073,2,1,1986,0,0,0,0,0,0,0,0,0,0
471073,3,1,1986,0,0,0,0,0,0,0,0,0,0
471073,4,1,1986,0,0,0,0,0,0,0,0,0,0
471075,0,1,1986,0,0,0,0,0,0,0,0,0,0
471075,1,1,1986,0,0,0,28,10,14,0,0,8,5
471078,1,1,1986,15,15,15,15,15,15,15,15,15,15
471079,1,1,1986,22,6,0,0,0,11,17,0,0,17
471079,2,1,1986,0,0,0,0,0,0,0,0,5,0
471080,0,1,1986,3,3,3,3,3,3,3,3,3,3
471080,1,1,1986,0,0,0,0,0,0,0,0,0,0
471081,1,1,1986,0,0,0,0,0,0,0,0,0,0
471082,1,1,1986,0,0,0,0,0,0,0,0,0,0
471083,1,1,1986,0,0,17,0,0,0,0,0,0,0
471083,2,1,1986,0,12,0,0,0,0,0,0,0,0
471084,0,1,1986,34,34,34,34,34,34,34,34,34,34
471084,1,1,1986,0,0,0,0,0,0,0,0,0,0
471085,1,1,1986,31,31,31,31,31,31,31,31,31,31
471085,2,1,1986,0,0,0,0,0,0,0,0,0,0
471086,1,1,1986,25,25,25,25,25,25,25,25,25,25
471087,1,1,1986,24,5,12,18,23,6,14,22,15,25
471088,1,1,1986,0,0,0,0,0,0,0,3,0,0
471089,0,1,1986,24,24,24,24,24,24,24,24,24,24
471089,1,1,1986,2,2,2,2,2,2,2,2,2,2
471090,1,1,1986,23,23,23,23,23,23,23,23,23,23
471091,1,1,1986,0,0,0,0,0,0,0,0,0,0
471091,2,1,1986,24,24,24,24,24,24,24,24,24,24
471092,1,1,1986,0,0,0,0,0,0,0,0,0,0
471093,1,1,1986,13,0,0,0,0,0,0,0,0,0
471093,2,1,1986,0,0,0,0,0,0,0,0,0,0
471094,1,1,1986,13,13,13,13,13,13,13,13,13,13
471095,1,1,1986,0,0,0,0,0,0,0,0,0,0
471095,2,1,1986,0,0,0,0,0,0,0,0,0,0
471096,0,1,1986,0,0,0,0,0,0,0,0,0,0
471096,0,2,1986,0,0,0,0,0,0,0,0,0,0
471096,1,1,1986,0,0,0,0,0,0,0,0,0,0
471097,1,1,1986,8,8,8,8,8,8,8,8,8,8
471098,1,1,1986,0,0,0,0,0,0,0,0,0,0
471098,2,1,1986,0,0,0,0,0,0,0,0,0,0
471099,1,1,1986,0,0,0,0,0,0,0,0,0,0
471099,2,1,1986,0,0,0,0,0,0,0,0,0,0
471100,1,1,1986,18,20,12,23,7,21,18,17,21,7
471101,0,1,1986,23,23,23,23,23,23,23,23,23,23
471101,1,1,1986,0,0,0,0,0,0,0,0,0,0
471102,0,1,1986,0,0,0,0,0,0,0,0,0,0
471102,1,1,1986,0,0,0,0,0,0,0,0,0,0
471103,1,1,1986,0,0,0,0,0,0,0,0,0,0
471103,2,1,1986,0,0,0,0,0,0,0,0,0,0
471104,1,1,1986,0,0,0,0,0,0,0,0,0,0
471104,2,1,1986,0,0,0,0,0,0,0,0,0,0
471105,1,1,1986,0,0,0,0,0,0,0,0,0,0
471105,2,1,1986,14,14,14,14,14,14,14,14,14,14
471106,1,1,1986,19,19,19,19,19,19,19,19,19,19
471106,2,1,1986,0,0,0,0,0,0,0,0,0,0
471107,1,1,1986,9,9,9,9,9,9,9,9,9,9
471108,1,1,1986,0,0,0,0,0,0,0,0,0,0
471108,2,1,1986,0,0,0,0,0,0,0,0,0,0
471109,1,1,1986,0,0,0,0,0,0,0,0,0,0
471110,0,1,1986,9,9,9,9,9,9,9,9,9,9
471110,1,1,1986,0,0,0,0,0,0,0,0,0,0
471110,2,1,1986,0,0,0,0,0,0,0,0,0,0
471111,1,1,1986,30,30,30,30,30,30,30,30,30,30
471112,0,1,1986,0,0,0,0,0,0,0,0,0,0
471112,0,2,1986,0,0,0,0,0,0,0,0,0,0
471112,1,1,1986,0,0,0,0,0,0,0,0,0,0
471112,2,1,1986,0,0,0,0,0,0,0,0,0,0
471113,1,1,1986,0,0,0,0,0,0,0,0,0,0
471113,2,1,1986,0,0,0,0,0,0,0,0,0,0
471114,1,1,1986,17,17,17,17,17,17,17,17,17,17
471115,1,1,1986,0,0,0,0,0,0,0,0,0,0
471116,1,1,1986,0,0,0,6,0,0,0,25,0,0
471116,2,1,1986,0,0,0,0,0,0,0,0,0,0
471117,1,1,1986,19,19,19,19,19,19,19,19,19,19
471118,1,1,1986,0,12,0,20,16,0,0,0,0,0
471118,2,1,1986,11,11,11,11,11,11,11,11,11,11
471119,1,1,1986,16,16,16,16,16,16,16,16,16,16
471119,2,1,1986,0,0,0,0,0,0,0,0,0,0
471120,1,1,1986,18,18,18,18,18,18,18,18,18,18
471122,1,1,1986,4,4,4,4,4,4,4,4,4,4
471123,1,1,1986,0,0,0,0,0,0,0,0,0,0
471123,2,1,1986,0,0,0,0,0,0,0,0,0,0
471124,1,1,1986,22,22,22,22,22,22,22,22,22,22
471124,2,1,1986,0,0,0,0,0,0,0,0,0,0
471125,1,1,1986,18,0,0,0,0,3,0,0,0,0
471125,2,1,1986,0,0,0,0,0,0,0,0,0,0
471126,1,1,1986,0,0,0,0,0,0,0,0,0,0
471126,2,1,1986,17,17,17,17,17,17,17,17,17,17
471127,0,1,1986,0,0,0,0,0,0,0,0,0,0
471127,1,1,1986,0,0,0,0,0,0,0,0,0,0
471128,1,1,1986,0,0,0,0,0,0,0,0,0,0
471129,1,1,1986,0,0,0,0,0,0,0,0,0,0
471129,2,1,1986,0,0,0,0,0,0,0,0,0,0
471130,1,1,1986,0,0,0,0,0,0,0,0,0,0
471130,2,1,1986,0,0,0,0,0,0,0,0,0,0
471130,3,1,1986,0,0,0,0,0,0,0,0,0,0
471131,1,1,1986,0,0,0,0,0,0,0,0,0,0
471131,2,1,1986,0,0,0,0,0,0,0,0,0,0
471132,1,1,1986,0,0,0,0,0,0,0,0,0,0
471132,2,1,1986,0,0,0,0,0,0,0,0,0,0
471133,1,1,1986,0,0,0,0,0,0,0,0,0,0
471134,1,1,1986,0,0,0,0,0,0,0,0,0,0
471134,2,1,1986,11,11,11,11,11,11,11,11,11,11
471135,1,1,1986,0,0,0,0,0,0,0,0,0,0
471135,2,1,1986,0,0,0,0,0,0,14,0,12,8
471135,3,1,1986,16,20,6,15,25,19,0,17,36,27
471136,1,1,1986,0,0,0,0,0,0,0,0,0,0
471136,2,1,1986,0,0,0,0,0,0,0,0,0,0
471137,1,1,1986,20,20,20,20,20,20,20,20,20,20
471137,2,1,1986,10,10,10,10,10,10,10,10,10,10
471138,1,1,1986,0,0,0,0,0,0,0,0,0,0
471138,2,1,1986,0,0,0,0,0,0,0,0,0,0
471139,1,1,1986,15,15,15,15,15,15,15,15,15,15
471139,2,1,1986,0,0,10,11,0,30,10,0,11,33
471140,1,1,1986,0,0,0,0,0,0,0,0,0,0
471141,1,1,1986,0,0,0,0,0,0,0,0,0,0
471141,2,1,1986,0,0,0,0,0,0,0,0,0,16
471142,1,1,1986,16,19,20,15,18,10,17,11,30,17
471143,1,1,1986,0,0,0,0,0,0,0,0,0,0
471144,1,1,1986,23,23,23,23,23,23,23,23,23,23
471145,1,1,1986,23,23,23,23,23,23,23,23,23,23
471146,1,1,1986,8,23,15,0,37,24,15,0,0,0