ST_CASE,VEH_NO,PER_NO,YEAR,P1,P2,P3,P4,P5,P6,P7,P8,P9,P10
471147,1,1,1986,18,18,18,18,18,18,18,18,18,18
471148,1,1,1986,16,16,16,16,16,16,16,16,16,16
471149,1,1,1986,30,30,30,30,30,30,30,30,30,30
471150,1,1,1986,0,0,0,0,0,0,0,0,0,0
471151,1,1,1986,0,0,0,0,0,0,0,0,0,0
471151,2,1,1986,0,0,0,0,0,0,0,0,0,0
471152,1,1,1986,37,37,37,37,37,37,37,37,37,37
471153,1,1,1986,0,0,0,0,0,0,0,0,0,0
471153,2,1,1986,0,0,0,0,0,0,0,0,0,0
471154,1,1,1986,0,0,0,0,0,0,0,0,0,0
471155,0,1,1986,21,21,21,21,21,21,21,21,21,21
471155,1,1,1986,8,8,8,8,8,8,8,8,8,8
471156,1,1,1986,21,21,21,21,21,21,21,21,21,21
471157,1,1,1986,23,23,23,23,23,23,23,23,23,23
471157,2,1,1986,0,0,0,0,0,0,0,0,0,0
471157,3,1,1986,0,0,0,0,0,0,0,0,0,0
471158,1,1,1986,0,0,0,0,21,0,18,19,0,0
471159,1,1,1986,0,0,0,0,0,0,0,0,0,0
471159,2,1,1986,0,0,0,0,0,0,0,0,0,0
471160,1,1,1986,0,0,0,0,0,0,0,0,0,0
471161,1,1,1986,0,2,0,0,0,0,0,0,0,0
471161,2,1,1986,6,6,6,6,6,6,6,6,6,6
471162,1,1,1986,17,17,17,17,17,17,17,17,17,17
471163,1,1,1986,9,0,12,0,0,0,0,18,0,13
471164,1,1,1986,12,12,12,12,12,12,12,12,12,12
471164,2,1,1986,0,0,0,0,0,0,0,0,0,0
471165,1,1,1986,0,0,0,0,0,0,0,0,0,0
471166,1,1,1986,9,9,9,9,9,9,9,9,9,9
471167,1,1,1986,0,0,0,0,0,0,0,0,0,0
471167,2,1,1986,0,0,0,0,0,0,0,0,0,0
471168,1,1,1986,0,0,0,0,0,0,0,0,0,0
471169,1,1,1986,0,0,0,0,0,0,0,0,0,0
471169,3,1,1986,0,0,0,0,0,0,0,0,0,0
471169,4,1,1986,0,0,0,0,6,0,0,0,0,0
471169,5,1,1986,0,0,14,0,0,0,0,6,0,0
471170,1,1,1986,0,0,0,0,0,0,0,0,0,0
471170,2,1,1986,9,0,0,0,0,0,0,0,0,0
471171,1,1,1986,19,19,19,19,19,19,19,19,19,19
471172,1,1,1986,0,0,0,10,0,0,0,0,0,0
471173,1,1,1986,22,30,18,19,25,15,30,12,15,22
471174,1,1,1986,0,0,0,0,0,0,0,0,0,0
471174,2,1,1986,0,0,0,0,0,0,0,0,0,0
471175,1,1,1986,0,0,0,0,0,0,0,0,0,13
471176,1,1,1986,0,0,0,0,0,0,0,19,0,0
471177,1,1,1986,0,0,0,0,0,0,0,0,0,0
471177,2,1,1986,0,0,0,0,0,0,0,0,0,0
471178,1,1,1986,12,21,27,11,20,12,8,0,26,10
471179,1,1,1986,0,0,0,0,0,0,0,0,0,0
471180,1,1,1986,13,13,13,13,13,13,13,13,13,13
471181,0,1,1986,6,6,6,6,6,6,6,6,6,6
471181,0,2,1986,14,14,14,14,14,14,14,14,14,14
471181,1,1,1986,0,0,0,0,25,6,0,8,0,0
471182,1,1,1986,0,0,0,0,0,0,0,0,0,0
471182,2,1,1986,0,0,0,0,0,0,0,0,0,0
471183,1,1,1986,0,0,0,0,0,0,0,0,0,0
471183,2,1,1986,4,0,0,0,0,0,0,0,0,0
471184,1,1,1986,27,27,27,27,27,27,27,27,27,27
471185,0,1,1986,9,6,0,0,0,0,0,0,0,0
471185,1,1,1986,0,7,0,3,23,0,0,0,0,0
471186,1,1,1986,21,21,21,21,21,21,21,21,21,21
471187,1,1,1986,0,0,0,0,0,0,0,0,0,0
471187,2,1,1986,0,0,0,0,0,0,0,0,0,0
471188,1,1,1986,0,0,0,0,0,0,0,0,0,0
471188,2,1,1986,0,0,0,0,0,0,0,0,0,0
471189,1,1,1986,0,0,0,0,0,0,0,0,0,0
471190,0,1,1986,14,0,0,0,0,0,27,0,0,0
471190,1,1,1986,0,0,0,0,0,12,4,0,0,0
480001,1,1,1986,10,0,15,25,5,18,15,9,19,12
480002,1,1,1986,0,0,33,0,7,0,0,0,0,33
480003,0,1,1986,17,17,17,17,17,17,17,17,17,17
480003,1,1,1986,0,0,0,0,0,0,0,0,0,0
480004,1,1,1986,29,29,29,29,29,29,29,29,29,29
480005,1,1,1986,0,19,0,0,0,0,0,25,16,0
480006,1,1,1986,0,0,0,0,0,0,0,0,14,16
480006,2,1,1986,0,0,0,0,0,0,0,0,0,0
480007,1,1,1986,0,0,21,19,0,0,0,5,0,0
480007,2,1,1986,0,16,0,16,0,18,0,21,16,0
480008,0,1,1986,16,24,0,0,0,0,17,31,0,18
480008,1,1,1986,0,5,0,0,0,0,0,0,0,0
480008,2,1,1986,0,0,0,0,0,0,0,0,0,0
480009,1,1,1986,28,16,36,27,27,20,23,12,0,23
480010,1,1,1986,19,19,19,19,19,19,19,19,19,19
480010,2,1,1986,22,22,22,22,22,22,22,22,22,22
480011,1,1,1986,29,15,17,17,14,0,0,14,26,7
480012,1,1,1986,0,0,0,0,0,0,0,0,0,0
480013,1,1,1986,15,15,15,15,15,15,15,15,15,15
480014,1,1,1986,33,33,33,33,33,33,33,33,33,33
480015,1,1,1986,2,2,2,2,2,2,2,2,2,2
480016,0,1,1986,0,0,0,0,0,0,0,0,0,0
480016,1,1,1986,0,0,6,18,0,0,0,0,0,0
480017,1,1,1986,0,0,0,0,0,0,0,0,0,0
480017,2,1,1986,0,11,0,0,0,21,0,0,0,0
480018,0,1,1986,0,0,0,0,0,0,0,0,0,0
480018,1,1,1986,0,0,0,0,0,0,0,0,0,0
480019,1,1,1986,21,21,21,21,21,21,21,21,21,21
480020,1,1,1986,0,0,0,0,0,0,0,0,0,0
480020,2,1,1986,0,0,0,0,0,0,0,0,0,0
480021,1,1,1986,0,17,0,0,8,0,0,11,0,16
480021,2,1,1986,0,0,0,14,9,0,0,0,0,14
480022,1,1,1986,0,0,11,7,0,0,0,0,0,10
480023,0,1,1986,0,0,15,0,0,0,0,0,0,0
480023,1,1,1986,0,0,16,0,0,0,0,0,0,6
480024,1,1,1986,21,8,22,13,15,11,29,24,7,16
480025,1,1,1986,21,21,21,21,21,21,21,21,21,21
480027,1,1,1986,0,0,0,0,0,0,0,0,0,0
480028,1,1,1986,21,23,19,11,28,9,11,22,19,8
480028,2,1,1986,7,0,9,0,0,0,0,13,7,0
480029,0,1,1986,0,0,0,0,0,0,0,0,0,0
480029,1,1,1986,0,0,0,0,0,0,0,0,0,0
480030,1,1,1986,31,16,12,0,11,4,13,14,0,0
480031,1,1,1986,7,7,7,7,7,7,7,7,7,7
480031,2,1,1986,8,8,8,8,8,8,8,8,8,8
480032,1,1,1986,0,0,0,0,16,0,0,0,0,0
480032,2,1,1986,0,0,0,0,0,0,0,0,0,0
480032,3,1,1986,0,0,0,0,0,0,0,0,0,0
480033,1,1,1986,0,14,7,23,0,0,8,0,11,0
480034,1,1,1986,25,12,0,0,0,0,22,0,0,0
480035,0,1,1986,0,0,0,0,0,0,0,0,0,0
480035,1,1,1986,0,0,3,0,0,0,0,0,0,0
480036,1,1,1986,0,0,0,0,0,0,0,0,0,0
480036,2,1,1986,0,0,0,0,0,0,0,0,0,0
480037,1,1,1986,0,0,0,0,0,0,0,0,0,0
480037,2,1,1986,0,0,0,0,0,0,0,0,0,0
480037,3,1,1986,0,0,0,0,0,0,0,0,0,0
480037,4,1,1986,6,13,0,30,16,8,13,11,0,0
480038,1,1,1986,0,0,0,0,0,0,0,0,0,0
480038,2,1,1986,0,0,6,19,15,0,0,0,0,0
480039,1,1,1986,17,10,7,22,27,12,9,7,15,15
480040,1,1,1986,27,27,27,27,27,27,27,27,27,27
480041,1,1,1986,0,0,0,0,0,0,0,0,0,0
480042,1,1,1986,22,22,22,22,22,22,22,22,22,22
480043,0,1,1986,0,0,0,0,0,0,0,0,0,0
480043,1,1,1986,0,0,0,0,0,7,0,0,0,0
480044,1,1,1986,0,0,14,0,0,0,0,0,0,0
480044,2,1,1986,0,0,0,0,0,0,0,0,25,0
480045,1,1,1986,20,20,20,20,20,20,20,20,20,20
480045,2,1,1986,0,0,0,0,0,0,0,0,0,0
480046,1,1,1986,0,0,0,0,0,0,0,0,0,0
480047,0,1,1986,0,0,0,0,0,0,0,0,0,0
480047,1,1,1986,0,0,0,0,0,0,0,0,14,0
480048,0,1,1986,0,0,0,0,0,0,0,0,0,0
480048,1,1,1986,8,0,8,7,27,0,29,19,21,19
480049,1,1,1986,0,0,0,0,0,0,0,0,0,0
480049,2,1,1986,0,0,0,0,0,13,16,0,0,7
480050,1,1,1986,0,0,0,0,0,0,0,0,0,0
480050,2,1,1986,23,23,23,23,23,23,23,23,23,23
480051,1,1,1986,23,18,32,12,24,31,7,22,39,4
480052,1,1,1986,0,0,0,0,0,5,0,11,0,0
480053,1,1,1986,0,0,0,0,0,14,21,0,5,0
480053,2,1,1986,0,0,0,0,0,0,0,0,0,0
480054,1,1,1986,0,0,0,0,13,5,0,0,11,11
480054,2,1,1986,0,0,0,0,0,0,0,0,0,0
480055,1,1,1986,0,0,0,20,0,0,0,0,0,0
480055,2,1,1986,0,0,0,0,0,0,0,0,0,0
480055,3,1,1986,0,0,0,0,0,6,0,0,0,0
480056,0,1,1986,0,19,25,12,0,0,19,0,0,0
480056,1,1,1986,21,21,21,21,21,21,21,21,21,21
480057,0,1,1986,0,0,0,0,0,0,0,0,0,0
480057,1,1,1986,0,21,0,0,0,0,0,0,0,0
480058,1,1,1986,12,0,17,17,0,0,5,22,12,11
480058,2,1,1986,20,0,6,15,32,13,12,0,0,22
480059,0,1,1986,0,0,0,0,0,0,0,0,0,0
480059,1,1,1986,17,7,0,0,0,11,0,0,0,0
480060,1,1,1986,38,29,20,14,13,19,34,3,22,12
480061,1,1,1986,0,0,0,0,0,0,0,0,22,0
480061,2,1,1986,0,0,0,0,0,0,0,0,0,0
480062,1,1,1986,0,0,3,8,0,0,19,0,0,0
480062,2,1,1986,12,0,0,3,0,0,0,0,0,0
480063,0,1,1986,0,0,0,0,6,0,0,14,0,0
480063,1,1,1986,0,0,0,0,0,0,0,0,0,0
480064,1,1,1986,15,15,15,15,15,15,15,15,15,15
480064,2,1,1986,27,27,27,27,27,27,27,27,27,27
480065,1,1,1986,14,24,15,27,20,7,0,21,13,25
480066,1,1,1986,15,15,15,15,15,15,15,15,15,15
480067,1,1,1986,20,8,20,4,13,30,20,27,22,15
480068,0,1,1986,0,28,30,0,0,21,0,14,0,24
480068,1,1,1986,0,0,0,0,0,0,0,0,0,0
480069,0,1,1986,23,23,23,23,23,23,23,23,23,23
480069,1,1,1986,0,0,0,0,9,0,0,0,0,0
480070,1,1,1986,0,0,0,0,0,0,0,0,0,0
480070,2,1,1986,0,0,0,0,0,0,0,0,0,0
480070,3,1,1986,6,0,0,14,0,29,3,0,0,6
480071,1,1,1986,13,13,13,13,13,13,13,13,13,13
480072,1,1,1986,0,0,23,7,0,26,7,11,7,18
480072,2,1,1986,8,5,15,10,15,8,11,14,4,7
480073,1,1,1986,0,0,0,0,0,0,0,0,0,0
480073,2,1,1986,17,17,17,17,17,17,17,17,17,17
480074,1,1,1986,18,16,19,14,30,19,23,23,16,16
480075,1,1,1986,0,0,27,6,0,11,13,0,0,0
480075,2,1,1986,0,17,0,0,0,7,8,0,0,3
480076,1,1,1986,20,0,15,22,24,27,13,21,3,12
480077,1,1,1986,0,0,25,19,16,5,7,20,15,21
480078,1,1,1986,0,0,16,15,0,15,19,21,18,15
480079,1,1,1986,26,26,26,26,26,26,26,26,26,26
480079,2,1,1986,0,0,0,0,0,0,0,0,19,0
480080,1,1,1986,0,0,0,0,0,0,0,0,0,0
480080,2,1,1986,0,0,0,0,0,0,0,0,0,0
480081,1,1,1986,32,32,32,32,32,32,32,32,32,32
480082,1,1,1986,0,0,0,0,0,0,0,0,0,0
480082,2,1,1986,0,0,0,0,0,0,0,0,0,0
480083,0,1,1986,0,0,0,0,0,0,0,0,0,0
480083,1,1,1986,0,0,19,26,0,0,0,0,14,6
480084,0,1,1986,27,0,39,20,23,5,22,0,6,0
480084,1,1,1986,0,0,0,0,0,0,0,0,0,0
480084,2,1,1986,0,0,0,0,0,0,17,0,0,0
480085,1,1,1986,0,0,0,0,0,0,0,0,0,0
480085,2,1,1986,19,0,10,26,21,17,13,0,0,7
480086,1,1,1986,0,18,0,0,0,0,0,4,0,0
480086,2,1,1986,0,0,0,0,0,0,0,16,0,0
480087,1,1,1986,0,0,0,0,0,0,0,0,0,0
480088,1,1,1986,6,6,6,6,6,6,6,6,6,6
480089,0,1,1986,0,0,0,0,0,10,0,0,0,14
480089,1,1,1986,0,15,0,0,0,0,0,0,0,0
480090,1,1,1986,0,0,0,0,0,0,0,0,0,0
480090,2,1,1986,0,0,0,0,0,0,0,0,0,0
480091,1,1,1986,13,13,13,13,13,13,13,13,13,13
480092,1,1,1986,14,17,21,25,13,24,10,27,11,19
480093,0,1,1986,6,0,0,0,0,0,0,0,0,0
480094,1,1,1986,0,0,0,0,0,0,0,0,0,3
480094,2,1,1986,0,0,0,11,0,0,8,0,12,0
480095,1,1,1986,0,0,0,0,0,0,0,0,0,0
480095,2,1,1986,0,0,0,0,0,0,0,0,0,0
480096,1,1,1986,0,0,0,0,0,0,0,0,0,0
480096,2,1,1986,0,0,0,0,0,0,0,0,0,0
480096,3,1,1986,0,0,0,0,0,0,0,0,0,0
480097,1,1,1986,11,10,14,0,0,18,0,0,0,0
480097,2,1,1986,7,7,0,9,0,0,0,0,0,0
480098,1,1,1986,0,0,0,0,6,0,30,0,14,13
480098,2,1,1986,0,0,7,0,0,0,0,0,0,0
480099,1,1,1986,13,13,13,13,13,13,13,13,13,13
480099,2,1,1986,0,0,0,9,0,0,0,0,0,0
480100,1,1,1986,4,4,4,4,4,4,4,4,4,4
480100,2,1,1986,19,19,19,19,19,19,19,19,19,19
480101,1,1,1986,0,0,0,0,0,0,0,0,0,0
480101,2,1,1986,0,0,0,0,0,0,0,8,0,0
480102,1,1,1986,0,0,0,0,0,18,0,0,0,0
480102,2,1,1986,0,0,0,0,0,0,0,0,0,0
480103,1,1,1986,0,0,0,0,0,0,0,0,0,0
480103,2,1,1986,0,0,0,0,0,0,0,0,0,0
480104,1,1,1986,0,0,13,3,0,11,0,0,14,0
480105,1,1,1986,0,0,0,0,0,0,0,0,0,0
480106,1,1,1986,0,0,0,0,0,2,0,0,0,0
480106,2,1,1986,0,0,0,0,0,0,0,0,0,0
480107,1,1,1986,13,13,13,13,13,13,13,13,13,13
480108,0,1,1986,0,0,0,0,0,0,0,0,0,0
480108,1,1,1986,0,14,7,12,0,0,59,0,19,0
480109,1,1,1986,0,0,0,0,0,0,0,0,0,0
480109,2,1,1986,0,13,0,0,4,8,0,4,0,13
480110,1,1,1986,0,0,0,0,0,0,0,0,0,0
480110,2,1,1986,0,0,0,0,0,0,0,0,0,0
480111,1,1,1986,0,0,0,0,0,0,0,0,0,0
480112,1,1,1986,1,1,1,1,1,1,1,1,1,1
480113,0,1,1986,0,0,0,0,0,0,0,0,0,0
480113,1,1,1986,0,0,0,0,0,0,0,0,14,0
480114,1,1,1986,12,15,9,13,24,14,22,14,14,12
480114,2,1,1986,0,0,0,0,0,0,0,0,0,0
480115,1,1,1986,18,18,18,18,18,18,18,18,18,18
480116,1,1,1986,0,17,0,0,0,0,0,0,9,15
480116,2,1,1986,12,12,12,12,12,12,12,12,12,12
480117,0,1,1986,0,0,0,0,0,0,0,0,0,0
480117,1,1,1986,0,0,0,0,0,0,0,0,0,0
480118,0,1,1986,0,0,0,0,0,13,0,0,3,0
480118,1,1,1986,0,0,0,0,17,23,0,0,0,0
480119,1,1,1986,0,23,11,23,0,0,0,6,9,0
480119,2,1,1986,0,0,0,10,0,0,0,0,13,10
480120,1,1,1986,0,0,0,0,0,0,0,0,0,0
480120,2,1,1986,0,0,0,0,0,0,0,0,0,0
480121,1,1,1986,19,19,19,19,19,19,19,19,19,19
480121,2,1,1986,0,0,0,0,10,0,0,2,0,0
480122,1,1,1986,10,10,10,10,10,10,10,10,10,10
480122,2,1,1986,30,30,30,30,30,30,30,30,30,30
480123,0,1,1986,14,35,35,27,27,13,37,10,27,10
480123,1,1,1986,16,16,16,16,16,16,16,16,16,16
480124,1,1,1986,23,23,23,23,23,23,23,23,23,23
480125,1,1,1986,0,0,0,0,0,0,0,0,0,0
480126,1,1,1986,0,0,8,0,13,0,3,0,10,5
480127,0,1,1986,13,16,9,4,22,9,25,23,24,18
480127,1,1,1986,0,25,8,13,31,14,0,22,25,12
480128,1,1,1986,0,13,0,11,8,11,12,0,0,0
480129,1,1,1986,0,0,0,0,0,0,0,0,0,0
480131,1,1,1986,16,16,16,16,16,16,16,16,16,16
480131,2,1,1986,0,0,0,0,0,0,0,0,0,0
480132,0,1,1986,0,0,0,0,0,0,0,0,0,0
480132,1,1,1986,12,15,18,19,10,0,19,9,0,10
480133,0,1,1986,0,0,0,0,0,9,0,0,0,0
480133,1,1,1986,0,5,0,0,0,0,14,0,9,0
480134,1,1,1986,0,6,19,21,15,6,12,8,17,14
480135,1,1,1986,23,23,23,23,23,23,23,23,23,23
480136,1,1,1986,0,0,0,0,0,0,0,0,0,0
480137,1,1,1986,0,0,0,0,0,6,19,0,0,0
480138,1,1,1986,14,18,10,23,35,21,31,17,15,29
480139,1,1,1986,0,0,0,0,0,0,0,0,0,0
480140,1,1,1986,6,20,12,24,24,22,13,13,30,15
480141,0,1,1986,0,0,0,0,0,0,0,0,18,0
480141,1,1,1986,4,0,0,10,0,0,15,0,0,0
480142,0,1,1986,0,0,10,0,0,0,0,21,0,0
480142,1,1,1986,13,14,0,0,0,25,0,18,0,14
480143,1,1,1986,0,0,0,0,0,0,0,0,0,15
480143,2,1,1986,0,14,19,23,0,24,11,0,10,7
480144,1,1,1986,22,22,22,22,22,22,22,22,22,22
480145,1,1,1986,0,0,0,0,0,0,0,0,0,0
480145,2,1,1986,20,20,20,20,20,20,20,20,20,20
480146,1,1,1986,18,12,0,25,12,0,19,0,27,11
480146,2,1,1986,0,0,0,0,0,0,13,0,0,0
480147,1,1,1986,0,0,0,0,0,0,0,0,0,0
480147,2,1,1986,0,0,0,0,0,0,0,0,0,0
480148,0,1,1986,0,0,0,0,0,0,0,15,7,14
480148,1,1,1986,0,0,0,0,0,0,0,0,0,0
480149,1,1,1986,16,21,24,17,4,19,21,20,16,20
480150,1,1,1986,5,5,5,5,5,5,5,5,5,5
480151,1,1,1986,0,0,0,0,0,17,0,0,0,0
480151,2,1,1986,8,8,8,8,8,8,8,8,8,8
480152,1,1,1986,15,15,15,15,15,15,15,15,15,15
480153,1,1,1986,21,21,21,21,21,21,21,21,21,21
480153,2,1,1986,14,0,0,0,0,0,3,0,0,0
480154,1,1,1986,33,27,16,32,11,14,25,29,28,17
480155,1,1,1986,0,0,0,0,0,0,0,0,0,0
480156,1,1,1986,28,28,28,28,28,28,28,28,28,28
480157,0,1,1986,0,0,0,0,0,0,0,0,0,0
480157,0,2,1986,24,0,0,7,0,0,0,0,0,0
480157,1,1,1986,7,7,21,13,13,20,23,8,19,25
480158,1,1,1986,31,31,31,31,31,31,31,31,31,31
480158,2,1,1986,0,0,0,0,7,0,0,0,0,0
480158,3,1,1986,0,0,0,0,0,0,0,0,0,0
480159,1,1,1986,0,24,0,0,0,0,17,0,0,0
480159,2,1,1986,0,0,0,23,0,0,0,0,0,0
480160,1,1,1986,7,7,7,7,7,7,7,7,7,7
480160,2,1,1986,11,12,0,0,0,0,0,0,0,0
480161,1,1,1986,0,11,16,27,13,0,15,0,16,19
480161,2,1,1986,0,0,0,0,0,0,0,0,0,0
480162,1,1,1986,23,23,23,23,23,23,23,23,23,23
480163,0,1,1986,32,32,32,32,32,32,32,32,32,32
480163,1,1,1986,0,0,0,11,24,23,15,0,0,0
480163,2,1,1986,15,0,12,0,10,0,24,31,15,0
480164,1,1,1986,17,17,17,17,17,17,17,17,17,17
480165,1,1,1986,0,8,0,13,0,0,0,0,12,24
480165,2,1,1986,0,0,0,0,0,0,0,0,0,0
480166,1,1,1986,0,0,0,0,0,0,0,0,0,0
480166,2,1,1986,0,0,0,0,0,19,0,0,0,0
480167,1,1,1986,18,18,18,18,18,18,18,18,18,18
480168,1,1,1986,24,24,24,24,24,24,24,24,24,24
480168,2,1,1986,0,0,0,11,28,0,0,0,0,0
480169,1,1,1986,0,0,0,0,0,6,0,0,4,0
480170,1,1,1986,0,0,0,9,0,0,0,0,0,0
480170,2,1,1986,0,20,0,0,6,0,0,0,8,0
480171,1,1,1986,18,18,18,18,18,18,18,18,18,18
480172,1,1,1986,15,15,15,15,15,15,15,15,15,15
480173,1,1,1986,0,0,0,0,13,0,0,0,0,0
480173,2,1,1986,0,0,0,0,0,0,0,0,0,4
480174,1,1,1986,7,14,0,16,3,17,12,23,18,4
480175,1,1,1986,4,4,4,4,4,4,4,4,4,4
480176,1,1,1986,0,0,0,0,4,0,0,0,0,0
480176,2,1,1986,12,9,10,0,7,0,0,0,0,17
480176,3,1,1986,0,6,0,0,0,0,0,0,0,0
480177,1,1,1986,25,0,3,0,10,13,24,17,22,19
480178,1,1,1986,11,11,11,11,11,11,11,11,11,11
480178,2,1,1986,0,0,0,0,0,0,0,0,0,0
480179,1,1,1986,18,18,18,18,18,18,18,18,18,18
480180,1,1,1986,0,0,0,0,11,0,0,0,0,0
480181,1,1,1986,9,12,0,10,0,0,12,0,12,19
480182,1,1,1986,0,0,0,0,0,0,0,0,0,0
480182,2,1,1986,0,0,0,0,0,0,0,0,0,0
480183,1,1,1986,0,36,0,14,0,35,0,16,0,16
480184,1,1,1986,18,26,36,36,34,20,9,14,14,30
480185,1,1,1986,0,14,15,19,0,29,0,6,10,10
480185,2,1,1986,8,8,8,8,8,8,8,8,8,8
480186,0,1,1986,0,0,0,0,0,0,0,0,0,0
480186,1,1,1986,0,0,0,0,0,0,0,0,0,0
480187,1,1,1986,15,15,15,15,15,15,15,15,15,15
480188,1,1,1986,0,0,11,0,0,0,0,0,0,0
480188,2,1,1986,0,0,0,0,0,0,0,0,0,0
480189,1,1,1986,0,12,0,0,0,0,10,0,0,0
480189,2,1,1986,7,0,0,0,6,0,22,0,7,0
480190,0,1,1986,16,16,16,16,16,16,16,16,16,16
480190,1,1,1986,0,0,0,0,0,0,0,0,0,0
480191,1,1,1986,0,0,0,0,0,0,0,4,0,0
480191,2,1,1986,0,0,0,0,0,0,0,0,0,0
480192,1,1,1986,0,0,0,0,0,0,0,0,0,0
480192,2,1,1986,0,0,0,0,12,0,0,0,0,7
480193,1,1,1986,27,27,27,27,27,27,27,27,27,27
480194,1,1,1986,0,0,0,0,0,0,0,0,0,0
480194,2,1,1986,0,0,0,0,0,0,0,0,0,0
480195,1,1,1986,8,0,11,0,0,18,0,0,13,0
480196,1,1,1986,0,0,0,0,0,0,0,0,0,0
480196,2,1,1986,0,0,0,0,0,0,0,0,0,0
480197,1,1,1986,20,16,22,0,0,17,10,0,0,19
480197,2,1,1986,34,34,34,34,34,34,34,34,34,34
480198,1,1,1986,26,26,26,26,26,26,26,26,26,26
480199,1,1,1986,29,15,0,18,3,0,8,0,15,0
480200,1,1,1986,15,15,15,15,15,15,15,15,15,15
480201,1,1,1986,0,0,0,0,0,0,11,0,0,0
480201,2,1,1986,18,0,0,0,25,0,0,0,0,3
480202,1,1,1986,25,19,19,10,22,13,14,27,14,0
480203,1,1,1986,0,0,0,0,0,0,0,0,7,0
480203,2,1,1986,18,18,18,18,18,18,18,18,18,18
480204,0,1,1986,0,0,18,0,43,18,12,0,0,0
480204,1,1,1986,0,0,0,0,7,0,25,15,13,22
480205,1,1,1986,12,12,12,12,12,12,12,12,12,12
480206,1,1,1986,0,0,0,0,0,0,0,0,0,0
480207,1,1,1986,21,20,12,21,16,0,10,31,17,23
480208,1,1,1986,26,26,26,26,26,26,26,26,26,26
480208,2,1,1986,0,0,0,0,0,0,0,0,0,0
480209,1,1,1986,35,35,35,35,35,35,35,35,35,35
480209,2,1,1986,0,0,0,0,0,11,0,0,0,0
480210,1,1,1986,11,11,11,11,11,11,11,11,11,11
480210,2,1,1986,0,0,0,0,0,0,0,0,0,0
480211,1,1,1986,0,0,0,8,0,0,0,0,0,0
480211,2,1,1986,0,7,10,16,26,23,9,15,0,0
480212,0,1,1986,13,13,13,13,13,13,13,13,13,13
480212,1,1,1986,0,14,0,0,0,0,0,0,0,0
480213,1,1,1986,17,11,20,9,0,5,0,17,0,0
480214,0,1,1986,13,0,15,26,21,47,28,13,38,10
480214,1,1,1986,0,0,0,0,0,0,0,0,0,0
480215,1,1,1986,17,17,17,17,17,17,17,17,17,17
480215,2,1,1986,0,0,0,0,0,0,4,0,9,0
480215,3,1,1986,0,0,0,0,0,0,0,0,19,9
480216,1,1,1986,24,24,24,24,24,24,24,24,24,24
480217,1,1,1986,22,22,22,22,22,22,22,22,22,22
480218,1,1,1986,0,0,0,0,0,0,0,0,0,0
480219,1,1,1986,21,21,21,21,21,21,21,21,21,21
480220,1,1,1986,21,21,21,21,21,21,21,21,21,21
480221,1,1,1986,0,0,0,0,0,15,0,0,11,14
480221,2,1,1986,15,6,27,11,13,21,0,0,0,0
480222,1,1,1986,0,21,0,0,0,0,0,0,0,0
480222,2,1,1986,0,0,0,0,0,0,0,0,0,0
480223,0,1,1986,0,0,0,0,0,0,0,22,0,0
480223,1,1,1986,0,0,0,0,0,0,0,0,0,0
480224,1,1,1986,0,0,0,0,0,0,0,0,0,0
480224,2,1,1986,0,0,0,0,0,0,0,0,0,0
480225,1,1,1986,0,0,0,0,0,0,0,0,0,0
480226,1,1,1986,0,0,0,0,0,0,0,0,0,0
480226,2,1,1986,0,0,0,0,0,0,16,0,0,20
480227,1,1,1986,9,9,9,9,9,9,9,9,9,9
480228,1,1,1986,4,4,4,4,4,4,4,4,4,4
480229,1,1,1986,16,16,16,16,16,16,16,16,16,16
480230,0,1,1986,0,0,0,0,29,11,0,0,0,0
480230,1,1,1986,0,0,0,0,0,0,0,0,0,0
480231,1,1,1986,13,13,13,13,13,13,13,13,13,13
480232,1,1,1986,0,0,0,0,0,9,6,0,0,0
480233,1,1,1986,3,3,3,3,3,3,3,3,3,3
480234,1,1,1986,0,0,0,0,0,0,0,0,0,0
480234,2,1,1986,0,0,0,0,0,0,0,0,0,0
480234,3,1,1986,0,0,0,0,0,0,0,0,0,0
480235,0,1,1986,0,0,0,0,0,0,0,0,0,0
480235,1,1,1986,0,0,0,0,0,0,0,0,0,0
480236,1,1,1986,0,0,0,0,0,0,0,0,0,0
480237,1,1,1986,19,19,19,19,19,19,19,19,19,19
480238,1,1,1986,0,0,13,11,17,0,0,15,0,18
480238,2,1,1986,4,0,13,0,0,0,0,0,0,0
480239,1,1,1986,6,0,0,0,10,0,6,0,0,0
480240,1,1,1986,11,0,19,15,14,34,9,8,18,0
480241,1,1,1986,16,28,0,27,0,7,27,18,11,19
480242,1,1,1986,0,0,0,0,18,0,0,0,0,0
480242,2,1,1986,0,0,0,0,0,0,0,0,18,0
480243,1,1,1986,8,8,8,8,8,8,8,8,8,8