ST_CASE,VEH_NO,PER_NO,YEAR,P1,P2,P3,P4,P5,P6,P7,P8,P9,P10
480243,2,1,1986,24,0,0,0,0,0,0,0,0,0
480244,1,1,1986,40,15,27,42,17,31,24,21,19,17
480245,1,1,1986,7,7,7,7,7,7,7,7,7,7
480245,2,1,1986,0,7,0,0,0,0,3,0,0,0
480246,0,1,1986,26,26,26,26,26,26,26,26,26,26
480246,1,1,1986,5,5,5,5,5,5,5,5,5,5
480247,1,1,1986,0,0,0,0,0,0,0,0,0,0
480248,0,1,1986,0,0,0,0,0,0,0,0,0,0
480248,1,1,1986,16,9,19,24,12,20,25,21,3,5
480249,1,1,1986,0,0,0,0,0,0,0,0,0,0
480249,2,1,1986,0,0,0,0,0,0,0,0,0,0
480250,1,1,1986,21,21,21,21,21,21,21,21,21,21
480250,2,1,1986,0,12,0,0,32,0,0,0,0,6
480250,3,1,1986,0,0,0,0,6,0,0,0,0,0
480251,1,1,1986,16,16,16,16,16,16,16,16,16,16
480252,1,1,1986,7,14,14,26,22,0,18,0,21,0
480253,1,1,1986,0,0,0,0,0,0,0,0,0,0
480253,2,1,1986,0,0,0,0,0,16,27,0,12,0
480254,1,1,1986,12,0,15,13,0,19,25,0,21,0
480255,1,1,1986,0,0,0,0,0,0,0,0,0,0
480256,1,1,1986,20,20,20,20,20,20,20,20,20,20
480257,0,1,1986,0,22,0,0,0,0,0,0,0,6
480257,0,2,1986,11,0,0,6,0,3,0,0,0,5
480257,1,1,1986,0,0,9,0,0,0,0,0,0,0
480258,1,1,1986,0,0,0,0,0,0,0,0,0,0
480258,2,1,1986,0,0,0,0,0,0,0,8,0,0
480259,1,1,1986,20,19,0,18,15,0,8,0,0,9
480259,2,1,1986,0,0,0,0,0,0,0,0,0,0
480260,1,1,1986,0,0,0,0,0,0,0,0,0,0
480260,2,1,1986,0,0,0,0,0,0,0,0,0,0
480261,0,1,1986,0,0,21,0,0,0,0,0,0,0
480261,1,1,1986,0,0,0,0,0,0,0,0,0,0
480262,1,1,1986,6,0,3,0,0,0,0,0,0,0
480262,2,1,1986,11,0,0,0,0,0,9,0,9,12
480263,0,1,1986,0,0,0,0,1,0,0,0,0,0
480263,1,1,1986,0,0,0,28,0,0,0,0,35,0
480264,1,1,1986,0,0,0,0,0,0,0,0,0,0
480264,2,1,1986,0,0,0,0,0,0,0,0,0,0
480265,1,1,1986,0,0,0,0,0,0,0,0,0,0
480265,2,1,1986,0,0,0,0,0,0,0,0,0,14
480266,1,1,1986,0,0,0,0,0,0,0,0,0,0
480266,2,1,1986,0,0,0,0,0,0,0,0,0,0
480267,1,1,1986,24,24,24,24,24,24,24,24,24,24
480268,1,1,1986,24,24,24,24,24,24,24,24,24,24
480269,0,1,1986,0,0,0,0,0,0,0,0,0,0
480269,0,2,1986,0,0,12,0,16,0,13,0,0,0
480269,1,1,1986,0,0,0,0,0,0,0,0,0,0
480270,1,1,1986,0,0,0,0,0,0,0,0,0,0
480270,2,1,1986,0,0,0,0,0,0,0,0,0,0
480271,1,1,1986,21,21,21,21,21,21,21,21,21,21
480272,1,1,1986,15,0,0,0,0,0,0,0,0,0
480272,2,1,1986,0,0,0,0,0,0,0,0,0,0
480272,3,1,1986,0,0,0,0,0,0,0,0,0,0
480273,1,1,1986,0,14,15,28,22,0,40,22,31,23
480273,2,1,1986,17,0,0,19,0,0,27,0,8,17
480273,3,1,1986,0,24,0,0,4,0,0,0,0,0
480274,1,1,1986,0,0,0,0,0,0,0,0,0,0
480274,2,1,1986,21,21,21,21,21,21,21,21,21,21
480275,1,1,1986,0,0,0,0,0,0,0,0,0,0
480275,2,1,1986,22,22,22,22,22,22,22,22,22,22
480276,0,1,1986,20,20,20,20,20,20,20,20,20,20
480276,1,1,1986,4,4,4,4,4,4,4,4,4,4
480277,1,1,1986,0,5,0,0,0,0,0,0,0,0
480277,2,1,1986,0,0,0,0,0,0,0,0,0,0
480278,1,1,1986,6,8,0,0,8,0,0,0,0,10
480279,1,1,1986,20,0,9,19,14,22,3,10,13,0
480280,1,1,1986,24,24,24,24,24,24,24,24,24,24
480281,1,1,1986,15,0,12,35,10,0,0,16,0,17
480281,2,1,1986,7,0,11,0,22,0,0,0,12,0
480282,1,1,1986,0,0,0,0,0,0,5,0,0,0
480282,2,1,1986,12,12,12,12,12,12,12,12,12,12
480283,1,1,1986,16,16,16,16,16,16,16,16,16,16
480284,1,1,1986,0,25,13,0,0,0,4,0,13,0
480285,1,1,1986,11,34,43,32,26,8,16,10,0,15
480285,2,1,1986,48,3,0,14,0,0,0,0,0,32
480286,1,1,1986,21,21,21,21,21,21,21,21,21,21
480287,1,1,1986,11,11,11,11,11,11,11,11,11,11
480288,1,1,1986,20,21,22,20,13,37,22,30,6,13
480289,1,1,1986,15,15,15,15,15,15,15,15,15,15
480289,2,1,1986,16,16,9,0,14,0,0,0,0,16
480290,1,1,1986,12,0,25,0,28,0,9,6,0,0
480291,1,1,1986,7,0,0,0,0,0,0,0,0,0
480291,2,1,1986,0,8,10,0,0,5,0,0,0,0
480292,1,1,1986,4,4,4,4,4,4,4,4,4,4
480292,2,1,1986,19,19,19,19,19,19,19,19,19,19
480293,1,1,1986,0,0,0,0,0,0,0,0,0,0
480293,2,1,1986,0,0,0,0,0,0,0,0,0,0
480294,0,1,1986,0,0,0,0,29,0,0,27,12,15
480294,1,1,1986,15,13,45,8,13,12,17,0,11,17
480295,0,1,1986,0,0,0,0,0,0,0,0,0,0
480295,0,2,1986,0,0,0,0,0,0,0,0,0,0
480295,0,3,1986,0,0,0,0,0,0,0,0,0,0
480295,1,1,1986,0,0,0,0,0,0,0,0,11,0
480296,0,1,1986,0,19,0,0,20,0,0,0,0,15
480296,1,1,1986,0,0,10,0,0,13,20,0,0,0
480297,1,1,1986,0,0,0,33,0,17,0,14,10,22
480297,2,1,1986,11,17,9,19,0,23,6,3,18,0
480299,1,1,1986,0,23,29,0,0,0,0,0,0,0
480299,2,1,1986,0,0,7,0,0,0,0,0,0,0
480299,3,1,1986,0,0,0,0,11,0,0,4,4,15
480300,1,1,1986,0,18,0,0,0,0,12,0,0,0
480300,2,1,1986,0,0,0,0,0,0,0,0,0,0
480301,1,1,1986,18,18,18,18,18,18,18,18,18,18
480302,1,1,1986,0,0,0,14,0,0,0,0,0,0
480302,2,1,1986,0,0,0,0,0,0,0,0,18,0
480303,0,1,1986,0,20,0,0,0,0,0,0,0,0
480303,1,1,1986,0,0,0,0,0,0,0,0,10,0
480304,1,1,1986,2,22,24,0,0,20,0,0,0,14
480304,2,1,1986,0,0,12,11,0,0,11,0,0,0
480305,1,1,1986,0,0,0,5,0,0,0,0,0,0
480305,2,1,1986,0,7,0,17,0,0,0,0,0,10
480306,1,1,1986,0,0,0,0,0,0,0,0,15,0
480306,2,1,1986,0,0,0,0,21,0,0,0,0,0
480307,1,1,1986,0,5,6,17,15,7,9,7,27,15
480307,2,1,1986,0,0,0,0,14,0,0,0,0,0
480308,0,1,1986,0,0,0,0,0,0,0,0,0,0
480308,1,1,1986,0,0,17,12,0,0,11,0,0,0
480309,1,1,1986,0,0,0,0,0,0,0,0,0,0
480309,2,1,1986,0,0,0,0,0,0,0,0,6,0
480310,1,1,1986,28,28,28,28,28,28,28,28,28,28
480311,1,1,1986,12,13,13,12,13,17,8,16,16,24
480312,1,1,1986,22,22,22,22,22,22,22,22,22,22
480312,2,1,1986,0,0,0,0,0,0,13,0,0,0
480313,1,1,1986,24,24,24,24,24,24,24,24,24,24
480314,1,1,1986,11,11,11,11,11,11,11,11,11,11
480314,2,1,1986,0,0,0,0,0,0,0,0,0,0
480314,3,1,1986,11,0,21,0,6,0,0,8,22,0
480315,1,1,1986,0,0,0,0,0,0,0,0,0,0
480316,1,1,1986,29,31,15,9,9,12,24,11,12,15
480317,1,1,1986,19,19,19,19,19,19,19,19,19,19
480318,1,1,1986,0,0,0,0,0,0,0,0,0,0
480318,2,1,1986,23,24,19,0,0,10,0,0,0,18
480319,1,1,1986,6,6,6,6,6,6,6,6,6,6
480320,1,1,1986,0,0,0,0,0,0,0,0,0,0
480320,2,1,1986,0,0,0,0,0,0,0,0,0,0
480321,1,1,1986,0,0,0,0,0,0,0,0,0,0
480322,1,1,1986,0,0,0,0,0,0,0,0,0,0
480323,0,1,1986,0,0,0,0,0,0,0,0,0,0
480323,1,1,1986,0,0,0,0,0,0,0,0,0,0
480324,1,1,1986,0,0,0,0,0,0,0,0,0,0
480325,1,1,1986,25,25,25,25,25,25,25,25,25,25
480326,1,1,1986,0,17,1,0,17,13,14,5,0,0
480327,1,1,1986,20,20,20,20,20,20,20,20,20,20
480328,1,1,1986,0,0,0,0,2,6,0,0,0,9
480328,2,1,1986,15,22,20,16,25,10,27,21,0,18
480329,1,1,1986,14,14,14,14,14,14,14,14,14,14
480330,0,1,1986,0,0,0,0,0,0,0,0,0,0
480330,1,1,1986,8,8,8,8,8,8,8,8,8,8
480331,1,1,1986,18,18,18,18,18,18,18,18,18,18
480332,1,1,1986,0,0,0,0,0,0,0,0,0,0
480332,2,1,1986,0,0,0,0,0,0,0,0,0,0
480332,3,1,1986,11,7,16,13,12,14,13,3,0,0
480333,0,1,1986,20,35,13,11,4,16,13,8,21,4
480333,1,1,1986,9,12,0,12,0,12,13,14,12,12
480334,0,1,1986,0,23,0,0,0,0,20,0,12,9
480334,1,1,1986,0,0,0,0,0,0,21,25,0,0
480335,1,1,1986,13,13,13,13,13,13,13,13,13,13
480336,1,1,1986,6,6,6,6,6,6,6,6,6,6
480337,1,1,1986,15,15,15,15,15,15,15,15,15,15
480338,1,1,1986,0,0,0,0,0,0,0,0,0,0
480339,1,1,1986,20,20,20,20,20,20,20,20,20,20
480340,1,1,1986,6,6,6,6,6,6,6,6,6,6
480340,2,1,1986,0,13,18,0,10,0,0,0,11,4
480341,1,1,1986,10,0,22,23,15,14,20,7,0,0
480342,1,1,1986,0,19,14,18,8,13,4,20,16,0
480342,2,1,1986,0,0,0,0,0,0,0,0,0,0
480343,1,1,1986,0,0,0,0,0,14,0,0,0,0
480343,2,1,1986,0,0,0,0,0,0,0,0,0,0
480344,1,1,1986,26,26,26,26,26,26,26,26,26,26
480345,1,1,1986,5,18,20,24,59,14,9,15,16,3
480346,1,1,1986,0,0,0,0,0,0,0,0,0,0
480347,1,1,1986,21,21,21,21,21,21,21,21,21,21
480347,2,1,1986,0,15,22,0,0,0,0,0,0,0
480348,1,1,1986,21,21,21,21,21,21,21,21,21,21
480348,2,1,1986,0,0,0,14,14,7,0,0,23,0
480349,0,1,1986,0,21,0,0,0,0,0,0,13,0
480349,1,1,1986,0,0,0,0,0,0,34,0,0,0
480351,1,1,1986,0,0,0,0,0,0,0,0,0,0
480351,2,1,1986,0,0,0,0,0,0,0,0,0,0
480352,1,1,1986,0,0,0,0,0,0,0,0,0,0
480353,1,1,1986,0,0,0,0,0,6,0,0,0,0
480354,1,1,1986,0,0,0,0,0,0,0,0,0,0
480355,1,1,1986,20,20,20,20,20,20,20,20,20,20
480356,0,1,1986,27,27,27,27,27,27,27,27,27,27
480356,1,1,1986,0,0,0,0,0,0,0,0,0,0
480357,1,1,1986,18,18,18,18,18,18,18,18,18,18
480357,2,1,1986,0,15,0,0,0,0,0,10,0,0
480358,1,1,1986,37,22,0,5,0,0,14,0,0,0
480358,2,1,1986,0,0,0,0,17,13,15,0,0,0
480359,0,1,1986,7,28,20,20,28,7,23,20,12,30
480359,1,1,1986,23,0,13,0,21,0,14,0,21,0
480359,2,1,1986,0,0,0,8,0,0,0,0,0,9
480360,1,1,1986,19,19,19,19,19,19,19,19,19,19
480360,2,1,1986,0,0,0,0,0,0,0,0,0,0
480360,3,1,1986,0,0,0,0,0,0,0,0,0,0
480361,1,1,1986,0,0,0,0,0,0,0,0,0,0
480362,1,1,1986,14,0,17,7,14,31,8,4,0,18
480362,2,1,1986,0,0,0,0,0,0,0,0,0,0
480363,1,1,1986,10,10,10,10,10,10,10,10,10,10
480364,1,1,1986,0,26,0,0,0,12,0,0,0,27
480364,2,1,1986,0,0,0,0,0,0,0,0,0,0
480365,1,1,1986,4,4,4,4,4,4,4,4,4,4
480365,2,1,1986,0,0,0,0,0,0,0,0,0,15
480366,1,1,1986,0,0,19,0,19,0,8,0,0,0
480367,0,1,1986,16,16,16,16,16,16,16,16,16,16
480367,1,1,1986,12,16,17,20,0,0,8,15,18,8
480368,1,1,1986,0,11,17,0,15,0,0,0,12,0
480368,2,1,1986,0,0,0,0,0,0,0,0,0,0
480368,3,1,1986,0,0,0,0,0,0,0,0,0,0
480369,0,1,1986,0,0,0,0,0,0,0,0,0,0
480369,1,1,1986,0,0,0,0,0,0,0,0,0,0
480370,1,1,1986,0,0,0,0,0,0,12,15,18,21
480371,1,1,1986,0,0,0,0,0,0,0,0,0,0
480372,1,1,1986,0,0,0,2,0,0,13,0,17,0
480372,2,1,1986,0,0,0,0,0,0,0,0,0,0
480372,3,1,1986,0,0,0,0,0,0,0,0,0,0
480373,1,1,1986,0,0,0,0,0,0,0,0,0,0
480373,2,1,1986,0,0,0,0,0,0,0,0,0,0
480373,3,1,1986,0,0,0,0,0,0,0,0,0,0
480374,1,1,1986,0,0,0,0,0,0,0,0,0,6
480374,2,1,1986,0,12,0,0,0,0,0,0,0,0
480375,0,1,1986,0,0,0,0,0,0,0,0,0,0
480375,1,1,1986,0,34,11,0,0,13,0,10,0,0
480376,1,1,1986,0,0,0,0,0,0,0,0,0,0
480376,2,1,1986,0,0,0,0,0,0,0,0,0,0
480377,0,1,1986,3,3,3,3,3,3,3,3,3,3
480377,1,1,1986,10,10,10,10,10,10,10,10,10,10
480378,1,1,1986,0,0,0,0,0,0,0,0,0,2
480379,1,1,1986,0,0,0,0,0,0,0,0,0,0
480380,1,1,1986,0,0,0,0,0,0,0,0,0,0
480380,2,1,1986,7,37,0,0,0,0,0,0,0,0
480381,1,1,1986,25,25,25,25,25,25,25,25,25,25
480381,2,1,1986,11,13,15,0,0,0,0,0,0,0
480382,0,1,1986,0,0,0,0,0,0,0,0,0,0
480382,1,1,1986,0,15,14,0,0,0,0,0,0,0
480383,0,1,1986,22,21,16,47,22,13,19,32,12,23
480383,1,1,1986,0,0,0,4,19,21,0,12,16,0
480384,1,1,1986,0,0,0,0,0,0,0,0,0,0
480384,2,1,1986,0,0,15,0,0,0,10,16,17,0
480385,1,1,1986,0,18,31,29,15,19,31,16,7,39
480386,1,1,1986,0,0,0,7,12,10,0,21,19,0
480386,2,1,1986,11,11,11,11,11,11,11,11,11,11
480387,1,1,1986,13,13,13,13,13,13,13,13,13,13
480387,2,1,1986,0,0,0,0,0,0,0,0,0,0
480388,1,1,1986,11,11,11,11,11,11,11,11,11,11
480389,1,1,1986,0,17,0,0,0,0,0,0,0,0
480389,2,1,1986,0,0,0,0,0,0,0,0,0,0
480390,0,1,1986,12,12,12,12,12,12,12,12,12,12
480390,0,2,1986,14,14,14,14,14,14,14,14,14,14
480390,1,1,1986,0,0,0,0,0,0,0,0,12,0
480391,0,1,1986,0,0,0,0,0,0,0,0,0,0
480391,1,1,1986,0,0,0,0,0,0,0,0,18,0
480392,1,1,1986,21,21,21,21,21,21,21,21,21,21
480393,1,1,1986,0,0,0,0,0,0,0,0,0,0
480393,2,1,1986,0,0,0,0,0,11,0,0,9,0
480394,1,1,1986,18,3,13,11,12,11,0,4,20,0
480395,1,1,1986,14,0,0,0,0,0,0,16,9,0
480395,2,1,1986,4,0,0,0,0,0,0,0,0,0
480396,1,1,1986,21,21,21,21,21,21,21,21,21,21
480397,1,1,1986,22,27,25,0,0,24,34,0,15,23
480398,1,1,1986,0,0,0,0,0,0,0,0,0,0
480398,2,1,1986,0,0,0,0,0,0,0,0,0,0
480398,3,1,1986,0,0,0,25,0,0,0,0,0,0
480399,0,1,1986,0,0,0,0,10,0,0,0,23,0
480399,1,1,1986,0,0,0,20,0,0,12,0,0,0
480400,1,1,1986,8,11,5,9,14,10,12,4,16,14
480401,0,1,1986,18,18,18,18,18,18,18,18,18,18
480401,1,1,1986,0,0,0,0,0,0,0,0,0,0
480402,1,1,1986,0,0,0,0,0,0,0,0,0,0
480402,2,1,1986,0,0,0,0,0,0,0,0,0,0
480403,0,1,1986,1,1,1,1,1,1,1,1,1,1
480403,1,1,1986,10,26,23,21,13,6,17,27,9,17
480404,1,1,1986,0,0,0,0,0,0,0,0,0,0
480405,1,1,1986,0,0,0,0,0,0,0,14,0,0
480405,2,1,1986,13,13,13,13,13,13,13,13,13,13
480406,1,1,1986,13,30,21,19,8,0,22,19,29,24
480407,1,1,1986,4,4,4,4,4,4,4,4,4,4
480408,0,1,1986,0,32,0,19,28,7,0,0,10,21
480408,1,1,1986,0,0,28,8,0,9,0,0,0,16
480409,1,1,1986,0,0,0,0,0,0,0,0,0,0
480410,0,1,1986,11,16,13,20,7,16,25,15,5,7
480410,1,1,1986,0,4,0,0,0,0,0,12,0,0
480411,0,1,1986,0,0,40,0,4,0,0,22,0,9
480411,1,1,1986,18,25,23,9,22,4,11,16,22,42
480412,1,1,1986,7,7,7,7,7,7,7,7,7,7
480412,2,1,1986,0,0,0,0,0,0,0,0,0,10
480413,1,1,1986,0,0,0,0,0,0,0,0,0,0
480413,2,1,1986,16,3,0,0,0,22,13,11,0,11
480414,1,1,1986,23,23,23,23,23,23,23,23,23,23
480415,1,1,1986,18,9,23,14,23,21,4,12,13,28
480416,1,1,1986,0,0,0,0,0,0,22,0,0,0
480416,2,1,1986,0,0,0,0,0,0,0,0,0,20
480417,1,1,1986,0,0,0,0,0,0,0,0,0,0
480417,2,1,1986,19,0,3,0,0,0,0,0,0,0
480418,1,1,1986,0,0,0,0,0,0,0,0,0,0
480418,2,1,1986,19,0,0,0,0,0,0,0,0,0
480418,3,1,1986,0,0,0,0,0,0,0,0,0,0
480419,1,1,1986,18,18,18,18,18,18,18,18,18,18
480420,1,1,1986,0,0,0,0,0,0,0,0,0,0
480421,1,1,1986,18,18,18,18,18,18,18,18,18,18
480422,1,1,1986,10,0,28,22,0,0,0,9,0,0
480423,1,1,1986,23,6,26,18,18,25,0,25,0,26
480424,1,1,1986,17,16,11,9,30,11,8,17,19,11
480425,1,1,1986,18,18,18,18,18,18,18,18,18,18
480425,2,1,1986,25,17,0,0,27,17,39,12,9,0
480426,1,1,1986,0,0,0,0,0,0,0,0,0,9
480426,2,1,1986,0,0,0,0,0,0,11,0,0,0
480427,1,1,1986,13,26,16,20,18,13,16,11,15,15
480428,1,1,1986,0,0,0,0,0,0,0,0,0,0
480429,1,1,1986,19,19,19,19,19,19,19,19,19,19
480430,1,1,1986,27,27,27,27,27,27,27,27,27,27
480431,0,1,1986,0,19,0,0,0,0,0,0,3,13
480431,1,1,1986,0,20,12,0,0,0,14,0,20,0
480432,1,1,1986,22,0,16,9,4,10,9,20,15,23
480433,0,1,1986,21,0,0,7,17,0,20,20,6,32
480433,1,1,1986,13,0,0,13,12,0,0,0,0,2
480434,1,1,1986,0,0,0,0,0,0,0,0,0,0
480435,1,1,1986,16,16,20,6,10,16,15,12,8,18
480436,1,1,1986,0,0,0,0,0,0,0,0,0,0
480436,2,1,1986,0,0,0,0,0,0,0,0,0,0
480437,1,1,1986,0,0,0,0,8,0,0,0,0,0
480438,1,1,1986,26,23,23,0,18,0,18,0,0,16
480439,1,1,1986,0,11,0,0,0,0,7,0,0,0
480440,1,1,1986,25,25,25,25,25,25,25,25,25,25
480441,1,1,1986,0,13,0,7,0,0,0,0,0,17
480441,2,1,1986,0,11,24,0,0,7,0,0,35,0
480442,1,1,1986,5,0,0,0,0,0,0,0,0,0
480442,2,1,1986,2,2,2,2,2,2,2,2,2,2
480443,1,1,1986,30,22,12,22,14,32,16,12,23,10
480444,1,1,1986,24,24,24,24,24,24,24,24,24,24
480445,1,1,1986,16,16,16,16,16,16,16,16,16,16
480445,2,1,1986,8,25,10,14,15,10,13,0,17,0
480445,3,1,1986,8,9,22,15,12,18,18,22,0,9
480445,4,1,1986,14,19,19,18,27,28,25,0,12,12
480445,5,1,1986,14,7,31,18,18,23,22,14,11,6
480446,1,1,1986,27,27,27,27,27,27,27,27,27,27
480447,1,1,1986,0,0,0,0,0,6,0,0,0,0
480447,2,1,1986,5,5,5,5,5,5,5,5,5,5
480448,1,1,1986,0,0,0,0,0,0,8,0,0,0
480448,2,1,1986,0,13,0,0,0,11,7,0,0,0
480449,1,1,1986,30,44,16,6,18,0,30,15,0,0
480450,0,1,1986,0,0,0,22,26,0,0,13,23,0
480450,1,1,1986,0,0,0,0,0,0,21,0,0,0
480451,1,1,1986,0,0,0,17,0,6,13,0,0,0
480451,2,1,1986,7,7,7,7,7,7,7,7,7,7
480452,1,1,1986,0,0,0,0,0,0,0,0,0,0
480452,2,1,1986,0,0,0,0,0,0,0,0,0,0
480453,1,1,1986,31,31,31,31,31,31,31,31,31,31
480454,0,1,1986,16,0,0,0,0,0,0,0,0,0
480454,1,1,1986,0,0,0,0,0,0,0,0,0,0
480455,0,1,1986,16,20,27,30,47,33,6,14,15,26
480455,1,1,1986,9,14,11,12,13,0,16,10,11,30
480456,1,1,1986,0,0,0,0,0,0,0,0,0,0
480456,2,1,1986,0,0,0,0,0,0,0,0,0,0
480457,1,1,1986,0,0,0,0,0,17,0,0,0,0
480457,2,1,1986,0,0,0,0,0,14,0,3,0,0
480458,1,1,1986,0,0,0,0,0,0,0,0,0,0
480459,0,1,1986,13,13,13,13,13,13,13,13,13,13
480459,1,1,1986,2,0,0,4,0,15,5,0,0,0
480460,1,1,1986,20,20,20,20,20,20,20,20,20,20
480462,0,1,1986,0,0,0,0,12,10,0,0,9,0
480462,2,1,1986,23,23,23,23,23,23,23,23,23,23
480463,1,1,1986,21,12,20,17,20,14,5,0,16,0
480465,1,1,1986,0,0,0,0,0,0,0,0,0,0
480465,2,1,1986,23,23,23,23,23,23,23,23,23,23
480466,1,1,1986,0,0,0,0,0,0,0,0,0,0
480467,1,1,1986,0,0,0,0,0,0,0,0,0,0
480467,2,1,1986,0,0,0,0,0,0,0,0,0,0
480468,1,1,1986,0,0,0,0,0,22,24,0,0,0
480469,1,1,1986,12,12,12,12,12,12,12,12,12,12
480469,2,1,1986,0,0,11,0,0,0,0,0,0,0
480469,3,1,1986,0,9,0,0,0,5,11,0,0,23
480469,4,1,1986,0,0,0,0,0,0,0,0,0,0
480470,0,1,1986,0,0,0,0,13,18,0,0,0,0
480470,1,1,1986,16,0,25,8,13,9,0,0,20,17
480471,1,1,1986,24,0,0,0,0,6,0,0,0,0
480471,2,1,1986,0,0,15,0,0,0,0,0,0,0
480472,1,1,1986,0,0,0,0,0,0,0,0,0,0
480472,2,1,1986,19,19,19,19,19,19,19,19,19,19
480473,1,1,1986,24,24,24,24,24,24,24,24,24,24
480474,1,1,1986,13,13,13,13,13,13,13,13,13,13
480475,1,1,1986,0,5,0,0,0,0,0,8,0,0
480476,1,1,1986,0,0,0,0,0,0,0,0,0,0
480476,2,1,1986,0,0,0,0,0,0,0,0,0,0
480476,3,1,1986,0,0,0,0,0,0,0,0,0,0
480477,1,1,1986,5,5,5,5,5,5,5,5,5,5
480478,0,1,1986,23,0,0,27,22,0,0,19,10,0
480478,1,1,1986,0,0,0,0,0,0,0,0,0,0
480479,0,1,1986,0,0,0,0,0,0,0,0,0,0
480479,1,1,1986,0,0,0,0,0,0,0,0,0,0
480480,1,1,1986,18,17,7,17,13,0,3,0,0,15
480480,2,1,1986,0,0,0,11,0,12,0,38,0,0
480481,1,1,1986,2,2,2,2,2,2,2,2,2,2
480481,2,1,1986,4,10,0,16,8,0,31,6,10,0
480482,0,1,1986,0,0,0,0,0,0,0,0,0,0
480482,1,1,1986,0,0,0,0,0,0,0,5,0,0
480483,1,1,1986,0,0,31,11,0,0,5,0,16,23
480484,0,1,1986,16,19,20,11,0,0,16,0,27,0
480484,1,1,1986,15,0,0,13,25,19,23,0,29,26
480485,0,1,1986,26,10,16,24,41,15,23,6,0,12
480485,1,1,1986,2,26,24,16,25,14,0,15,12,20
480486,1,1,1986,0,0,0,0,0,0,0,0,0,0
480487,1,1,1986,0,0,0,0,0,0,0,0,0,0
480487,2,1,1986,0,0,0,0,0,0,0,0,0,0
480488,1,1,1986,0,0,0,0,0,0,0,0,0,0
480488,2,1,1986,0,0,0,0,7,0,0,0,0,0
480489,1,1,1986,7,7,7,7,7,7,7,7,7,7
480490,1,1,1986,0,0,0,0,0,0,0,0,0,0
480490,2,1,1986,0,0,0,0,0,0,0,0,0,0
480491,1,1,1986,0,0,0,0,0,18,18,18,29,0
480491,2,1,1986,0,0,19,0,0,0,0,0,2,12
480492,1,1,1986,17,17,17,17,17,17,17,17,17,17
480492,2,1,1986,0,0,0,21,13,0,0,13,0,0
480493,1,1,1986,14,0,10,15,23,19,23,22,22,19
480494,0,1,1986,14,14,14,14,14,14,14,14,14,14
480494,1,1,1986,25,42,29,20,7,0,0,0,40,26
480495,1,1,1986,0,0,0,0,0,0,0,0,0,0
480495,2,1,1986,0,0,7,13,0,12,13,9,0,0
480496,1,1,1986,4,4,4,4,4,4,4,4,4,4
480497,1,1,1986,20,20,20,20,20,20,20,20,20,20
480497,2,1,1986,0,0,0,0,0,0,0,0,0,0
480498,1,1,1986,23,23,23,23,23,23,23,23,23,23
480499,1,1,1986,23,23,23,23,23,23,23,23,23,23
480500,0,1,1986,0,0,0,0,0,0,0,0,0,0
480500,1,1,1986,0,5,0,15,0,0,5,0,0,0
480501,1,1,1986,0,0,0,0,0,0,0,0,0,15
480501,2,1,1986,0,0,6,0,0,0,8,0,0,0
480502,1,1,1986,24,24,24,24,24,24,24,24,24,24
480503,1,1,1986,16,16,16,16,16,16,16,16,16,16
480504,1,1,1986,13,13,13,13,13,13,13,13,13,13
480505,1,1,1986,23,23,23,23,23,23,23,23,23,23
480506,1,1,1986,0,0,0,0,0,0,0,0,0,0
480506,2,1,1986,0,0,0,0,12,0,0,0,0,16
480507,1,1,1986,10,10,10,10,10,10,10,10,10,10
480508,0,1,1986,0,0,0,0,0,0,0,0,0,0
480508,1,1,1986,0,9,0,0,0,0,0,0,13,0
480509,1,1,1986,0,0,31,0,21,0,0,0,26,0
480510,0,1,1986,24,13,37,0,0,15,0,0,25,27
480510,1,1,1986,0,0,15,7,0,3,14,0,0,0
480511,1,1,1986,13,13,13,13,13,13,13,13,13,13
480513,1,1,1986,0,0,0,0,0,0,0,0,0,0
480513,2,1,1986,0,0,0,0,18,24,8,0,0,0
480513,3,1,1986,0,0,0,0,0,0,0,0,0,0
480513,4,1,1986,0,0,0,0,0,0,0,0,0,0
480514,1,1,1986,23,23,23,23,23,23,23,23,23,23
480514,2,1,1986,0,0,32,32,20,20,0,13,11,0
480515,0,1,1986,0,0,0,0,0,0,0,0,0,0
480515,0,2,1986,25,13,14,18,0,25,16,7,17,9
480515,1,1,1986,9,20,0,16,20,0,0,0,5,22
480516,0,1,1986,0,0,0,0,0,0,0,0,0,0
480516,1,1,1986,0,0,14,0,13,14,0,0,0,16
480517,1,1,1986,19,19,19,19,19,19,19,19,19,19