ST_CASE,VEH_NO,PER_NO,YEAR,P1,P2,P3,P4,P5,P6,P7,P8,P9,P10
480517,2,1,1986,16,16,16,16,16,16,16,16,16,16
480518,1,1,1986,8,14,15,28,14,12,25,0,8,8
480519,1,1,1986,0,0,0,0,0,4,10,0,0,0
480519,2,1,1986,0,0,0,0,0,0,0,0,0,0
480519,3,1,1986,0,0,9,0,14,21,0,0,0,0
480519,4,1,1986,0,12,0,0,0,0,0,0,15,0
480519,5,1,1986,0,0,0,0,0,11,0,0,0,0
480520,1,1,1986,23,18,21,21,15,18,30,5,22,20
480521,0,1,1986,42,17,5,37,13,30,33,0,20,17
480521,0,2,1986,12,11,16,0,31,26,26,16,0,26
480521,1,1,1986,10,0,24,20,17,18,12,12,28,20
480522,1,1,1986,0,0,0,0,0,0,0,0,0,0
480522,2,1,1986,0,0,0,0,0,0,0,0,0,0
480523,1,1,1986,13,22,11,16,21,23,0,30,18,29
480524,0,1,1986,23,27,5,11,0,0,0,0,0,0
480524,1,1,1986,27,10,0,0,3,18,0,18,9,0
480525,1,1,1986,0,20,14,33,23,0,15,6,9,7
480525,2,1,1986,0,0,0,8,7,0,0,0,29,0
480526,1,1,1986,15,15,15,15,15,15,15,15,15,15
480526,2,1,1986,0,0,0,0,0,0,0,0,0,0
480526,3,1,1986,0,0,0,0,0,0,0,0,0,0
480527,0,1,1986,17,19,22,28,10,48,32,25,0,42
480527,1,1,1986,0,13,0,0,0,19,0,0,0,0
480528,1,1,1986,28,28,28,28,28,28,28,28,28,28
480529,1,1,1986,16,0,0,6,0,8,21,12,0,21
480529,2,1,1986,0,0,0,0,0,0,27,0,28,30
480530,0,1,1986,15,30,38,11,11,6,45,25,8,18
480530,1,1,1986,0,0,0,0,5,0,0,0,2,14
480531,1,1,1986,0,0,0,0,0,0,0,0,0,0
480531,2,1,1986,0,0,0,0,0,17,0,0,20,0
480532,1,1,1986,16,16,16,16,16,16,16,16,16,16
480533,1,1,1986,11,16,15,27,20,0,12,23,12,13
480534,1,1,1986,0,0,0,0,0,0,0,0,0,0
480535,1,1,1986,12,12,12,12,12,12,12,12,12,12
480536,1,1,1986,15,15,15,15,15,15,15,15,15,15
480537,1,1,1986,9,9,9,9,9,9,9,9,9,9
480537,2,1,1986,22,8,10,0,0,0,0,0,0,6
480538,1,1,1986,0,0,0,0,0,0,0,0,0,0
480539,1,1,1986,30,30,30,30,30,30,30,30,30,30
480539,2,1,1986,0,0,11,0,0,0,0,0,0,0
480539,3,1,1986,0,0,0,0,0,0,0,0,0,0
480540,1,1,1986,5,0,0,0,0,23,0,10,14,9
480541,1,1,1986,0,0,0,0,0,0,0,0,0,0
480542,1,1,1986,33,33,33,33,33,33,33,33,33,33
480543,1,1,1986,26,26,26,26,26,26,26,26,26,26
480543,2,1,1986,0,0,0,7,15,10,7,0,0,19
480544,1,1,1986,25,25,25,25,25,25,25,25,25,25
480545,1,1,1986,14,14,14,14,14,14,14,14,14,14
480546,1,1,1986,0,0,0,0,0,0,0,0,0,0
480546,2,1,1986,0,0,0,0,0,0,0,0,0,0
480546,3,1,1986,0,0,0,15,0,9,14,0,10,0
480546,4,1,1986,0,17,0,0,0,0,0,0,0,0
480547,1,1,1986,26,26,26,26,26,26,26,26,26,26
480547,2,1,1986,26,26,26,26,26,26,26,26,26,26
480548,1,1,1986,0,33,24,25,11,23,34,7,9,5
480549,1,1,1986,7,0,0,8,0,0,0,0,9,0
480550,1,1,1986,0,0,0,0,0,0,0,0,0,0
480550,2,1,1986,23,0,0,0,0,0,0,0,0,8
480551,1,1,1986,0,0,0,0,0,0,0,0,0,0
480552,1,1,1986,0,0,0,24,0,0,0,0,0,0
480553,0,1,1986,0,0,0,0,0,0,0,0,0,0
480553,1,1,1986,21,0,0,0,0,0,10,0,0,0
480554,1,1,1986,21,31,25,20,20,23,35,26,16,29
480555,1,1,1986,0,0,0,0,0,0,11,0,9,0
480556,1,1,1986,15,15,15,15,15,15,15,15,15,15
480557,1,1,1986,0,0,0,0,0,0,0,0,0,0
480557,2,1,1986,0,0,0,0,0,0,0,0,0,0
480558,1,1,1986,0,0,0,13,0,0,20,0,0,0
480560,1,1,1986,0,0,0,0,0,0,0,0,0,0
480560,2,1,1986,8,8,8,8,8,8,8,8,8,8
480561,1,1,1986,21,21,21,21,21,21,21,21,21,21
480562,1,1,1986,27,27,27,27,27,27,27,27,27,27
480563,1,1,1986,16,16,16,16,16,16,16,16,16,16
480564,0,1,1986,0,0,0,0,0,20,0,0,0,0
480564,1,1,1986,0,0,0,0,0,0,0,0,0,0
480566,1,1,1986,13,13,13,13,13,13,13,13,13,13
480567,0,1,1986,21,14,26,14,31,14,0,36,21,0
480567,1,1,1986,0,0,0,3,0,0,12,0,0,17
480568,0,1,1986,0,0,0,0,0,0,0,0,0,0
480568,1,1,1986,0,0,0,18,0,0,0,0,0,0
480569,1,1,1986,16,16,16,16,16,16,16,16,16,16
480569,2,1,1986,0,27,0,31,5,11,0,22,22,0
480570,1,1,1986,21,29,9,25,26,42,27,24,19,14
480571,1,1,1986,15,15,15,15,15,15,15,15,15,15
480571,2,1,1986,0,0,0,0,0,0,0,0,0,0
480572,1,1,1986,0,0,0,0,0,0,0,0,0,0
480572,2,1,1986,0,0,0,0,0,0,0,0,0,0
480572,3,1,1986,0,0,0,0,0,0,0,0,0,0
480573,1,1,1986,0,0,0,0,0,0,0,0,0,0
480573,2,1,1986,0,0,0,0,0,0,0,0,0,0
480574,1,1,1986,1,1,1,1,1,1,1,1,1,1
480575,1,1,1986,19,19,19,19,19,19,19,19,19,19
480576,1,1,1986,18,18,18,18,18,18,18,18,18,18
480576,2,1,1986,7,13,20,10,19,4,16,0,12,16
480577,1,1,1986,28,28,28,28,28,28,28,28,28,28
480578,1,1,1986,20,0,0,0,21,0,14,20,0,0
480579,1,1,1986,0,0,0,0,0,0,0,0,0,0
480579,2,1,1986,0,0,0,0,0,0,0,0,0,0
480580,1,1,1986,20,7,3,19,10,27,13,16,19,25
480581,2,1,1986,16,16,16,16,16,16,16,16,16,16
480582,1,1,1986,9,9,9,9,9,9,9,9,9,9
480583,0,1,1986,0,0,10,0,0,0,0,0,0,0
480583,1,1,1986,0,0,0,0,0,0,0,3,0,0
480584,1,1,1986,12,12,12,12,12,12,12,12,12,12
480585,1,1,1986,17,17,17,17,17,17,17,17,17,17
480586,1,1,1986,0,0,0,0,0,0,0,0,0,0
480586,2,1,1986,0,8,0,0,0,0,0,0,7,0
480587,1,1,1986,16,16,16,16,16,16,16,16,16,16
480588,1,1,1986,0,0,0,0,0,0,0,0,0,0
480588,2,1,1986,0,0,0,0,0,0,0,0,0,0
480589,1,1,1986,0,17,0,10,11,23,0,0,0,0
480590,1,1,1986,0,0,0,0,0,0,0,0,0,0
480591,1,1,1986,9,14,0,0,0,0,0,0,0,6
480592,1,1,1986,16,16,16,16,16,16,16,16,16,16
480592,2,1,1986,0,0,0,0,0,0,0,0,0,17
480593,1,1,1986,22,21,19,0,8,6,19,11,22,11
480594,1,1,1986,12,12,12,12,12,12,12,12,12,12
480595,0,1,1986,18,18,18,18,18,18,18,18,18,18
480595,1,1,1986,0,17,0,0,0,0,0,0,0,0
480596,0,1,1986,23,17,15,8,11,0,0,9,10,18
480596,1,1,1986,24,0,22,32,9,0,15,6,6,15
480597,1,1,1986,0,0,0,0,4,0,0,0,2,0
480598,1,1,1986,15,35,0,15,12,0,28,13,3,5
480599,1,1,1986,0,0,0,0,0,0,0,0,0,0
480599,2,1,1986,0,0,0,0,0,0,0,0,22,0
480600,1,1,1986,18,17,13,14,9,0,25,19,26,16
480601,1,1,1986,0,0,0,0,0,0,0,0,0,0
480602,1,1,1986,18,18,18,18,18,18,18,18,18,18
480603,1,1,1986,0,0,0,0,0,0,0,0,0,0
480603,2,1,1986,0,0,0,0,0,0,0,0,0,0
480603,3,1,1986,0,0,0,0,0,17,0,0,0,0
480604,0,1,1986,0,0,0,0,0,19,0,0,0,0
480604,0,2,1986,0,0,0,0,0,0,0,0,0,0
480604,1,1,1986,16,16,16,16,16,16,16,16,16,16
480605,1,1,1986,20,20,20,20,20,20,20,20,20,20
480606,0,1,1986,0,23,0,0,0,28,0,19,12,0
480606,1,1,1986,0,0,0,8,12,0,0,0,6,0
480607,1,1,1986,0,27,19,0,0,0,0,0,24,27
480608,1,1,1986,5,5,5,5,5,5,5,5,5,5
480609,0,1,1986,0,0,0,0,0,0,0,0,0,0
480609,1,1,1986,0,0,0,0,0,0,3,0,0,0
480610,1,1,1986,13,13,13,13,13,13,13,13,13,13
480610,2,1,1986,0,0,0,0,28,0,0,0,0,0
480611,1,1,1986,5,16,30,10,36,12,9,14,21,26
480612,0,1,1986,0,0,0,0,0,0,0,0,0,0
480612,1,1,1986,0,0,0,0,0,0,0,0,0,0
480613,0,1,1986,0,0,25,0,12,0,0,0,0,15
480613,0,2,1986,28,0,0,0,26,0,0,37,0,0
480613,1,1,1986,14,14,14,14,14,14,14,14,14,14
480614,1,1,1986,17,17,17,17,17,17,17,17,17,17
480615,1,1,1986,26,26,26,26,26,26,26,26,26,26
480615,2,1,1986,0,0,0,0,0,13,0,0,8,0
480615,3,1,1986,0,0,0,0,0,0,5,0,0,0
480616,1,1,1986,16,28,18,7,23,15,21,17,28,12
480617,0,1,1986,0,0,9,16,0,0,0,0,0,0
480617,1,1,1986,0,0,0,0,0,0,15,0,15,0
480618,1,1,1986,0,0,16,30,0,0,0,0,31,0
480618,2,1,1986,10,0,0,0,0,0,0,0,0,0
480619,1,1,1986,0,0,0,0,0,0,0,0,0,0
480619,2,1,1986,0,0,0,0,0,0,0,0,0,0
480620,1,1,1986,18,22,18,32,18,35,12,18,18,17
480621,1,1,1986,0,0,0,3,0,0,11,0,15,0
480622,1,1,1986,0,10,20,0,0,0,11,11,9,21
480622,2,1,1986,0,0,0,0,0,0,0,0,0,0
480623,1,1,1986,0,10,0,9,0,8,0,0,1,8
480624,1,1,1986,12,12,12,12,12,12,12,12,12,12
480624,2,1,1986,0,0,0,20,0,0,0,27,0,0
480625,1,1,1986,0,0,0,0,0,0,9,0,0,0
480625,2,1,1986,0,0,0,0,0,0,0,0,0,0
480626,1,1,1986,0,0,0,0,0,0,11,0,0,0
480626,2,1,1986,0,0,0,7,0,0,0,0,0,0
480627,1,1,1986,17,17,17,17,17,17,17,17,17,17
480627,2,1,1986,15,27,0,14,11,0,22,14,12,21
480628,1,1,1986,0,0,0,0,0,0,0,0,0,0
480628,2,1,1986,0,17,0,0,0,0,0,0,0,9
480628,3,1,1986,0,10,0,0,0,0,0,0,0,0
480629,0,1,1986,18,18,18,18,18,18,18,18,18,18
480629,0,2,1986,14,14,14,14,14,14,14,14,14,14
480629,1,1,1986,15,15,15,15,15,15,15,15,15,15
480630,0,1,1986,0,13,0,0,0,0,0,0,0,0
480630,1,1,1986,0,0,0,0,0,0,0,0,0,0
480631,1,1,1986,25,25,25,25,25,25,25,25,25,25
480632,1,1,1986,28,28,28,28,28,28,28,28,28,28
480632,2,1,1986,0,16,0,0,0,0,0,0,0,0
480633,1,1,1986,15,15,15,15,15,15,15,15,15,15
480633,2,1,1986,5,5,5,5,5,5,5,5,5,5
480634,1,1,1986,0,0,0,0,0,15,0,0,0,0
480634,2,1,1986,0,19,0,0,0,0,0,0,0,0
480635,1,1,1986,0,17,0,0,0,0,17,19,0,20
480635,2,1,1986,0,0,0,0,0,0,0,0,0,0
480636,1,1,1986,0,0,0,0,0,0,0,0,0,0
480636,2,1,1986,0,0,0,0,0,12,0,0,10,0
480637,0,1,1986,0,0,0,0,0,0,0,0,0,0
480637,1,1,1986,0,0,0,0,0,0,0,0,0,18
480638,1,1,1986,0,0,0,0,0,0,0,0,0,0
480638,2,1,1986,0,0,0,0,0,0,0,0,0,0
480639,1,1,1986,10,10,10,10,10,10,10,10,10,10
480640,1,1,1986,5,5,5,5,5,5,5,5,5,5
480641,1,1,1986,10,10,10,10,10,10,10,10,10,10
480642,1,1,1986,0,0,0,0,0,0,0,19,0,0
480642,2,1,1986,0,0,0,0,0,0,0,0,0,0
480643,0,1,1986,8,8,8,8,8,8,8,8,8,8
480643,0,2,1986,0,0,0,0,0,0,0,0,0,0
480643,1,1,1986,13,0,0,0,22,14,0,0,0,7
480644,1,1,1986,12,12,12,12,12,12,12,12,12,12
480645,1,1,1986,25,25,25,25,25,25,25,25,25,25
480645,2,1,1986,0,0,0,0,0,0,0,0,0,0
480646,1,1,1986,0,14,16,21,22,9,12,17,13,25
480646,2,1,1986,0,4,11,13,0,0,0,0,0,17
480647,1,1,1986,27,27,27,27,27,27,27,27,27,27
480648,1,1,1986,15,0,14,17,0,18,0,10,0,11
480649,1,1,1986,0,0,0,15,0,3,9,0,0,26
480650,1,1,1986,0,0,0,0,0,0,0,11,0,0
480650,2,1,1986,0,0,0,0,0,0,0,0,0,0
480650,3,1,1986,0,0,0,0,0,0,9,0,0,0
480651,1,1,1986,27,27,27,27,27,27,27,27,27,27
480652,1,1,1986,17,17,17,17,17,17,17,17,17,17
480653,0,1,1986,22,13,39,26,23,31,10,58,40,44
480653,1,1,1986,0,7,0,0,0,0,0,0,0,0
480654,0,1,1986,0,0,0,0,0,0,0,0,0,0
480654,1,1,1986,0,0,0,14,0,0,13,0,6,0
480655,1,1,1986,0,0,0,10,0,0,0,0,0,0
480655,2,1,1986,0,0,0,0,0,0,0,0,0,0
480655,3,1,1986,0,0,0,0,0,0,0,0,3,0
480655,4,1,1986,0,0,0,0,0,0,0,7,0,0
480656,1,1,1986,0,0,0,0,0,0,0,0,0,0
480656,2,1,1986,0,0,0,0,0,0,0,0,0,0
480657,1,1,1986,10,10,10,10,10,10,10,10,10,10
480658,1,1,1986,11,11,11,11,11,11,11,11,11,11
480658,2,1,1986,0,0,0,0,0,0,0,0,0,0
480659,1,1,1986,0,0,0,0,0,0,0,5,2,0
480659,2,1,1986,0,0,0,0,0,0,0,0,0,0
480660,1,1,1986,0,0,0,0,0,0,0,0,0,0
480660,2,1,1986,0,0,0,0,0,0,0,0,0,0
480661,1,1,1986,14,28,0,0,25,22,16,24,35,22
480662,1,1,1986,13,0,12,0,0,0,0,0,0,0
480662,2,1,1986,0,0,0,0,0,0,0,0,0,0
480663,1,1,1986,0,15,0,0,10,0,14,16,29,13
480664,1,1,1986,0,0,0,0,0,0,0,0,0,0
480664,2,1,1986,0,0,0,0,0,0,0,0,0,0
480665,1,1,1986,30,30,30,30,30,30,30,30,30,30
480666,1,1,1986,11,11,11,11,11,11,11,11,11,11
480666,2,1,1986,11,0,10,0,3,0,0,0,7,0
480666,3,1,1986,0,0,0,0,0,0,0,0,0,0
480667,0,1,1986,0,0,0,0,0,0,0,0,0,0
480667,1,1,1986,0,0,0,0,0,0,0,0,0,0
480668,1,1,1986,0,0,0,0,17,0,0,14,0,0
480668,2,1,1986,6,19,7,0,19,0,0,12,9,6
480669,1,1,1986,18,18,18,18,18,18,18,18,18,18
480670,1,1,1986,27,27,27,27,27,27,27,27,27,27
480671,1,1,1986,21,25,16,21,12,28,5,16,17,12
480672,1,1,1986,0,0,0,0,0,0,0,0,0,0
480672,2,1,1986,0,0,0,0,0,0,0,0,0,0
480672,3,1,1986,0,0,0,0,0,0,0,0,0,0
480673,1,1,1986,20,15,15,0,10,10,0,0,12,0
480674,1,1,1986,34,34,34,34,34,34,34,34,34,34
480675,1,1,1986,0,0,0,0,0,0,0,0,0,0
480675,2,1,1986,0,0,0,0,25,0,0,0,0,0
480676,1,1,1986,23,23,23,23,23,23,23,23,23,23
480677,0,1,1986,20,0,9,2,3,11,31,46,0,19
480677,1,1,1986,11,0,20,10,0,0,0,0,0,0
480677,2,1,1986,0,0,0,16,8,0,0,0,0,3
480678,1,1,1986,9,9,9,9,9,9,9,9,9,9
480679,1,1,1986,20,20,20,20,20,20,20,20,20,20
480679,2,1,1986,9,0,0,0,3,0,0,0,13,13
480680,1,1,1986,19,19,19,19,19,19,19,19,19,19
480681,1,1,1986,22,22,22,22,22,22,22,22,22,22
480681,2,1,1986,0,0,0,0,18,0,0,0,0,0
480682,0,1,1986,0,0,0,0,0,0,0,0,0,0
480682,1,1,1986,0,0,0,0,0,0,0,0,0,0
480683,1,1,1986,0,0,0,0,0,0,0,0,0,0
480683,2,1,1986,20,20,20,20,20,20,20,20,20,20
480684,0,1,1986,21,21,21,21,21,21,21,21,21,21
480684,1,1,1986,0,0,0,9,0,0,11,0,0,0
480685,1,1,1986,0,0,0,0,10,17,0,0,0,0
480685,2,1,1986,8,8,8,8,8,8,8,8,8,8
480686,1,1,1986,16,16,16,16,16,16,16,16,16,16
480687,1,1,1986,0,3,0,6,0,0,0,0,0,0
480688,1,1,1986,0,0,0,0,0,0,0,0,0,0
480688,2,1,1986,0,0,0,0,0,0,0,0,0,0
480689,1,1,1986,15,15,15,15,15,15,15,15,15,15
480690,1,1,1986,0,0,0,0,0,0,0,0,0,0
480690,2,1,1986,0,0,0,0,0,0,0,0,0,0
480691,1,1,1986,26,26,26,26,26,26,26,26,26,26
480691,2,1,1986,6,7,0,16,0,0,28,0,11,10
480692,1,1,1986,27,27,27,27,27,27,27,27,27,27
480693,1,1,1986,2,9,11,4,8,16,8,19,19,5
480693,2,1,1986,0,0,0,0,0,0,0,0,0,0
480694,1,1,1986,14,14,14,14,14,14,14,14,14,14
480695,1,1,1986,10,10,10,10,10,10,10,10,10,10
480696,1,1,1986,19,19,19,19,19,19,19,19,19,19
480697,1,1,1986,0,0,0,11,0,30,0,6,0,0
480697,2,1,1986,0,0,0,0,0,5,0,0,4,0
480698,1,1,1986,0,18,0,0,0,0,0,13,0,4
480699,1,1,1986,0,0,0,0,0,0,0,0,0,0
480700,1,1,1986,0,10,0,12,14,14,12,21,26,0
480701,1,1,1986,15,15,15,15,15,15,15,15,15,15
480701,2,1,1986,0,0,0,0,0,0,0,0,0,0
480703,1,1,1986,5,5,5,5,5,5,5,5,5,5
480704,1,1,1986,0,0,0,0,0,0,0,0,0,0
480705,1,1,1986,0,0,0,8,0,0,0,0,0,0
480705,2,1,1986,0,0,0,0,0,0,0,0,0,0
480706,1,1,1986,21,21,21,21,21,21,21,21,21,21
480706,2,1,1986,13,13,13,13,13,13,13,13,13,13
480707,1,1,1986,16,16,16,16,16,16,16,16,16,16
480708,1,1,1986,2,2,2,2,2,2,2,2,2,2
480708,2,1,1986,0,0,0,0,0,0,0,0,0,0
480709,1,1,1986,0,0,14,16,0,18,23,0,8,28
480709,2,1,1986,0,0,0,22,0,14,20,0,4,0
480710,1,1,1986,19,19,19,19,19,19,19,19,19,19
480711,1,1,1986,20,0,20,8,31,0,0,15,11,22
480711,2,1,1986,12,12,12,12,12,12,12,12,12,12
480712,1,1,1986,19,19,19,19,19,19,19,19,19,19
480712,2,1,1986,13,13,13,13,13,13,13,13,13,13
480713,1,1,1986,24,24,24,24,24,24,24,24,24,24
480713,2,1,1986,0,16,0,0,27,26,0,18,15,16
480714,1,1,1986,15,15,15,15,15,15,15,15,15,15
480715,1,1,1986,26,26,26,26,26,26,26,26,26,26
480715,2,1,1986,0,0,0,0,0,0,0,0,0,0
480716,0,1,1986,0,0,0,0,0,0,0,0,0,0
480716,1,1,1986,0,0,0,0,0,0,0,0,0,14
480717,1,1,1986,24,24,24,24,24,24,24,24,24,24
480717,2,1,1986,20,20,20,20,20,20,20,20,20,20
480718,1,1,1986,9,13,0,0,0,0,0,0,12,0
480719,1,1,1986,10,10,10,10,10,10,10,10,10,10
480719,2,1,1986,0,0,0,0,0,0,0,0,0,0
480720,1,1,1986,21,22,14,7,0,20,18,8,14,22
480721,1,1,1986,24,24,24,24,24,24,24,24,24,24
480722,1,1,1986,0,0,0,0,0,0,0,0,0,0
480722,2,1,1986,0,0,0,0,0,0,0,0,0,0
480723,0,1,1986,36,28,0,0,0,30,28,5,22,0
480723,1,1,1986,0,0,21,0,14,0,0,0,0,0
480724,1,1,1986,17,17,17,17,17,17,17,17,17,17
480725,1,1,1986,21,14,14,13,26,28,11,31,18,12
480726,0,1,1986,11,21,0,0,21,0,0,0,52,5
480726,1,1,1986,0,6,0,0,0,0,13,0,0,0
480727,1,1,1986,0,0,0,0,0,0,0,0,0,0
480727,2,1,1986,7,7,7,7,7,7,7,7,7,7
480728,1,1,1986,9,9,9,9,9,9,9,9,9,9
480729,1,1,1986,25,25,25,25,25,25,25,25,25,25
480730,1,1,1986,0,0,0,0,0,0,0,5,13,0
480730,2,1,1986,16,16,16,16,16,16,16,16,16,16
480731,1,1,1986,10,10,10,10,10,10,10,10,10,10
480732,1,1,1986,7,7,7,7,7,7,7,7,7,7
480733,1,1,1986,26,26,26,26,26,26,26,26,26,26
480734,1,1,1986,10,10,10,10,10,10,10,10,10,10
480735,1,1,1986,13,24,21,17,24,27,19,14,10,20
480736,1,1,1986,0,0,0,0,0,0,0,0,0,0
480736,2,1,1986,0,0,0,0,0,0,0,0,0,0
480737,1,1,1986,14,0,0,0,16,16,20,0,11,0
480737,2,1,1986,0,0,0,0,0,0,0,0,0,0
480738,1,1,1986,0,0,0,0,0,0,0,0,0,0
480739,1,1,1986,0,0,0,0,0,7,0,9,0,0
480739,2,1,1986,17,17,17,17,17,17,17,17,17,17
480740,0,1,1986,11,11,11,11,11,11,11,11,11,11
480740,1,1,1986,0,0,0,0,0,0,0,18,0,13
480741,0,1,1986,0,0,0,0,0,0,0,0,0,0
480741,1,1,1986,0,0,0,11,0,0,0,0,0,11
480742,0,1,1986,13,13,13,13,13,13,13,13,13,13
480742,1,1,1986,17,18,0,0,0,0,8,0,0,0
480743,1,1,1986,0,9,0,0,0,0,0,0,0,0
480743,2,1,1986,22,22,22,22,22,22,22,22,22,22
480744,0,1,1986,0,0,0,0,0,0,0,0,0,0
480744,1,1,1986,0,0,0,0,0,0,0,0,4,0
480745,0,1,1986,0,0,32,0,0,0,20,0,0,0
480745,1,1,1986,14,14,14,14,14,14,14,14,14,14
480746,1,1,1986,0,0,0,0,0,0,21,0,8,2
480746,2,1,1986,0,0,0,0,0,0,0,0,0,0
480747,1,1,1986,0,0,0,0,0,0,0,0,0,0
480747,2,1,1986,0,0,0,0,0,0,0,0,0,0
480748,1,1,1986,24,24,24,24,24,24,24,24,24,24
480749,1,1,1986,23,23,23,23,23,23,23,23,23,23
480750,1,1,1986,0,0,0,0,0,0,0,0,0,0
480750,2,1,1986,0,0,0,0,0,0,0,0,0,0
480751,1,1,1986,15,15,15,15,15,15,15,15,15,15
480752,1,1,1986,0,0,0,0,0,0,0,0,0,0
480752,2,1,1986,0,0,0,0,0,0,0,0,0,0
480753,1,1,1986,0,0,0,0,0,0,0,0,0,0
480753,2,1,1986,0,0,6,25,16,19,0,11,0,0
480754,1,1,1986,15,15,15,15,15,15,15,15,15,15
480755,0,1,1986,0,0,11,0,0,8,0,0,0,0
480755,1,1,1986,0,0,0,0,0,0,0,0,0,0
480756,1,1,1986,13,13,13,13,13,13,13,13,13,13
480757,1,1,1986,21,21,21,21,21,21,21,21,21,21
480757,2,1,1986,0,0,0,20,0,0,0,0,0,0
480757,3,1,1986,0,0,0,0,0,0,0,0,0,0
480758,1,1,1986,22,12,0,23,0,25,6,0,10,19
480759,1,1,1986,6,0,17,17,0,15,19,20,16,14
480759,2,1,1986,15,12,5,6,21,0,28,26,22,28
480760,1,1,1986,33,33,33,33,33,33,33,33,33,33
480761,1,1,1986,0,0,0,0,0,0,0,0,0,0
480761,2,1,1986,0,0,0,0,0,0,0,19,0,0
480762,0,1,1986,0,0,0,0,0,0,0,0,0,0
480762,1,1,1986,0,0,0,0,0,0,0,0,0,0
480763,1,1,1986,0,0,0,0,0,0,0,0,0,0
480764,0,1,1986,0,0,0,0,0,0,0,0,0,0
480764,1,1,1986,0,0,24,19,4,19,0,14,2,6
480765,0,1,1986,0,0,0,0,0,0,0,0,0,0
480765,1,1,1986,0,0,0,0,0,0,0,0,0,0
480765,2,1,1986,0,0,4,37,10,8,28,0,0,0
480765,3,1,1986,3,0,16,0,5,7,9,0,18,0
480766,1,1,1986,22,0,0,0,5,0,0,0,0,0
480766,2,1,1986,8,8,8,8,8,8,8,8,8,8
480767,1,1,1986,0,0,0,0,0,0,0,0,0,0
480767,2,1,1986,0,0,0,0,0,0,0,7,0,24
480768,1,1,1986,8,8,8,8,8,8,8,8,8,8
480768,2,1,1986,15,15,15,15,15,15,15,15,15,15
480769,1,1,1986,0,0,0,0,0,0,0,0,0,0
480769,2,1,1986,0,0,0,0,0,0,0,0,0,0
480770,1,1,1986,0,0,0,0,0,0,0,0,0,0
480771,1,1,1986,7,7,7,7,7,7,7,7,7,7
480772,1,1,1986,0,0,0,0,0,0,0,0,0,0
480773,1,1,1986,12,0,9,24,11,12,8,32,29,3
480773,2,1,1986,0,24,0,0,0,21,0,0,0,0
480774,1,1,1986,25,25,25,25,25,25,25,25,25,25
480774,2,1,1986,0,0,14,16,4,0,15,0,8,12
480775,1,1,1986,0,0,0,0,0,0,0,0,0,0
480776,1,1,1986,0,0,0,0,0,0,0,0,0,0
480777,1,1,1986,23,23,23,23,23,23,23,23,23,23
480778,1,1,1986,10,10,10,10,10,10,10,10,10,10
480778,2,1,1986,16,16,16,16,16,16,16,16,16,16
480779,1,1,1986,0,0,0,0,0,0,0,0,0,0
480780,1,1,1986,16,0,0,0,0,0,13,0,0,0
480780,2,1,1986,0,0,0,0,0,0,0,0,0,0
480781,1,1,1986,22,22,22,22,22,22,22,22,22,22
480782,1,1,1986,7,7,7,7,7,7,7,7,7,7
480783,1,1,1986,0,0,0,0,0,0,0,0,0,0
480783,2,1,1986,0,0,0,0,0,0,0,0,0,0
480784,1,1,1986,13,13,13,13,13,13,13,13,13,13
480785,1,1,1986,0,0,0,0,0,0,0,0,0,0
480785,2,1,1986,0,0,0,0,0,0,0,0,0,0
480786,1,1,1986,22,12,13,27,11,23,13,19,15,14
480787,1,1,1986,0,0,0,0,0,0,0,0,0,0
480787,2,1,1986,0,0,0,0,0,10,0,0,0,0
480788,1,1,1986,0,0,0,0,0,0,0,0,0,0
480788,2,1,1986,0,0,0,0,0,7,0,0,0,0
480789,0,1,1986,0,0,0,0,0,0,0,0,0,0
480789,0,2,1986,0,0,0,0,0,0,0,0,0,0
480789,0,3,1986,0,11,0,0,0,0,0,0,14,0
480789,1,1,1986,0,0,0,0,0,0,0,0,0,0
480790,1,1,1986,0,0,0,22,0,18,0,17,22,19
480791,0,1,1986,0,0,0,0,0,25,7,0,0,0
480791,1,1,1986,25,25,25,25,25,25,25,25,25,25
480792,1,1,1986,0,0,0,0,10,0,0,0,0,0
480793,1,1,1986,1,1,1,1,1,1,1,1,1,1
480795,1,1,1986,0,0,0,0,0,0,0,0,0,0
480795,2,1,1986,0,0,0,0,0,0,0,0,0,0
480795,3,1,1986,0,10,0,23,0,0,0,0,13,0