ST_CASE,VEH_NO,PER_NO,YEAR,P1,P2,P3,P4,P5,P6,P7,P8,P9,P10
481057,1,1,1986,10,10,10,10,10,10,10,10,10,10
481058,1,1,1986,0,0,17,0,3,16,0,11,28,0
481059,1,1,1986,0,0,0,0,0,0,0,0,0,0
481059,2,1,1986,0,0,0,7,0,17,0,0,2,0
481060,1,1,1986,21,22,12,19,31,11,19,22,17,0
481061,1,1,1986,13,13,13,13,13,13,13,13,13,13
481062,1,1,1986,30,0,15,0,0,0,8,12,23,0
481063,1,1,1986,16,16,16,16,16,16,16,16,16,16
481064,0,1,1986,20,20,20,20,20,20,20,20,20,20
481064,1,1,1986,0,0,20,19,0,0,0,0,0,0
481065,1,1,1986,0,0,0,0,0,0,9,0,0,0
481065,2,1,1986,0,0,0,0,0,0,0,0,0,0
481065,3,1,1986,0,21,0,0,0,0,0,0,0,0
481066,1,1,1986,2,2,2,2,2,2,2,2,2,2
481067,1,1,1986,0,0,17,0,26,0,0,0,0,0
481068,1,1,1986,0,25,11,21,0,12,10,0,0,9
481068,2,1,1986,0,0,0,0,0,0,0,0,5,0
481069,1,1,1986,0,0,0,0,0,0,0,0,0,0
481070,1,1,1986,0,0,0,0,0,0,0,0,0,0
481070,2,1,1986,0,0,0,0,0,0,0,0,0,0
481071,1,1,1986,11,11,11,11,11,11,11,11,11,11
481071,2,1,1986,0,0,11,0,0,0,0,0,0,0
481072,1,1,1986,23,23,23,23,23,23,23,23,23,23
481073,0,1,1986,0,0,0,0,0,0,0,0,0,0
481073,1,1,1986,0,0,0,0,0,0,0,0,0,0
481074,1,1,1986,15,17,13,19,11,13,21,20,18,9
481074,2,1,1986,0,0,0,0,0,0,0,18,0,0
481075,1,1,1986,36,25,20,17,17,12,41,16,21,8
481076,1,1,1986,17,24,29,0,0,13,13,17,5,0
481077,0,1,1986,0,0,0,0,39,0,0,0,0,0
481077,1,1,1986,0,0,0,0,0,0,0,0,0,0
481078,1,1,1986,17,36,26,21,12,25,10,34,24,36
481079,1,1,1986,15,15,15,15,15,15,15,15,15,15
481080,0,1,1986,0,0,0,0,0,0,0,0,0,0
481080,0,2,1986,14,0,0,0,0,0,0,0,0,0
481080,0,3,1986,0,0,0,0,0,0,0,0,0,0
481080,1,1,1986,0,0,0,0,0,0,0,0,0,0
481081,0,1,1986,0,0,0,16,22,13,34,11,0,21
481081,1,1,1986,0,0,0,0,0,0,0,0,0,0
481082,1,1,1986,7,0,28,10,9,9,16,16,0,13
481083,1,1,1986,0,0,0,0,0,0,0,0,0,0
481083,2,1,1986,0,0,0,0,0,0,0,0,10,0
481083,3,1,1986,0,0,0,0,0,11,0,0,0,0
481083,4,1,1986,0,0,0,0,0,0,11,20,0,0
481084,1,1,1986,0,0,0,0,0,0,0,0,0,0
481085,1,1,1986,0,6,0,0,0,0,0,0,13,3
481086,1,1,1986,0,0,0,0,0,0,0,0,0,0
481086,2,1,1986,0,0,0,0,0,0,0,0,0,0
481087,1,1,1986,0,0,0,0,0,0,0,0,0,0
481087,2,1,1986,0,0,0,0,0,0,0,0,0,0
481088,1,1,1986,21,21,21,21,21,21,21,21,21,21
481089,1,1,1986,0,20,0,0,0,0,0,3,0,0
481089,2,1,1986,0,0,0,0,0,0,17,0,0,0
481090,1,1,1986,0,4,21,0,0,27,12,0,16,14
481090,2,1,1986,0,19,14,21,0,0,0,9,8,0
481091,1,1,1986,0,0,0,0,0,0,0,0,0,0
481091,2,1,1986,0,0,0,0,0,0,0,0,0,0
481091,3,1,1986,0,0,0,0,0,0,0,0,0,0
481092,1,1,1986,0,0,0,0,0,0,0,0,0,0
481092,2,1,1986,0,13,0,0,0,0,10,0,0,0
481093,0,1,1986,0,0,0,0,10,0,27,18,0,10
481093,1,1,1986,14,15,0,0,3,12,20,6,3,0
481094,1,1,1986,0,15,47,28,17,17,19,9,19,36
481095,1,1,1986,11,6,28,22,14,23,8,0,8,12
481096,1,1,1986,2,2,2,2,2,2,2,2,2,2
481096,2,1,1986,0,0,0,0,0,0,0,0,0,0
481096,3,1,1986,0,0,0,0,0,0,0,0,0,0
481097,1,1,1986,14,14,14,14,14,14,14,14,14,14
481097,2,1,1986,0,41,12,19,6,5,0,7,0,14
481097,3,1,1986,0,9,0,21,3,0,0,0,0,0
481098,1,1,1986,0,5,4,8,0,8,0,21,14,3
481098,2,1,1986,0,5,31,0,26,14,7,17,0,8
481099,0,1,1986,0,0,0,0,0,0,0,0,0,0
481099,1,1,1986,0,0,0,0,0,0,0,0,0,0
481100,1,1,1986,4,0,0,0,0,0,0,0,18,0
481100,2,1,1986,16,0,0,0,0,0,0,18,0,27
481101,1,1,1986,0,0,0,0,0,0,0,0,0,0
481101,2,1,1986,0,8,8,0,0,0,0,0,0,0
481102,0,1,1986,16,16,16,16,16,16,16,16,16,16
481102,1,1,1986,0,0,0,0,0,0,0,0,0,0
481103,1,1,1986,0,0,0,10,0,0,0,3,0,0
481104,1,1,1986,24,9,21,16,0,0,33,27,34,18
481105,1,1,1986,15,15,15,15,15,15,15,15,15,15
481106,0,1,1986,11,0,18,18,16,18,30,8,15,18
481106,1,1,1986,14,0,0,0,0,8,0,13,0,4
481107,0,1,1986,36,0,13,7,0,4,0,8,0,0
481107,1,1,1986,10,18,11,0,18,12,26,34,15,0
481108,1,1,1986,7,0,0,0,0,0,0,0,8,0
481109,1,1,1986,0,0,0,0,0,0,0,0,0,0
481109,2,1,1986,0,0,0,0,0,0,0,0,9,0
481110,1,1,1986,0,12,0,0,0,0,11,0,5,0
481110,2,1,1986,0,0,0,0,0,0,0,0,0,0
481111,1,1,1986,22,0,0,0,0,0,0,0,0,0
481111,2,1,1986,0,0,0,0,0,10,0,0,0,0
481112,1,1,1986,15,19,13,6,0,13,5,8,14,0
481113,1,1,1986,0,0,0,15,0,0,19,0,0,0
481113,2,1,1986,31,31,31,31,31,31,31,31,31,31
481114,1,1,1986,16,16,16,16,16,16,16,16,16,16
481114,2,1,1986,0,0,0,0,0,0,0,0,0,11
481115,0,1,1986,0,0,0,0,0,0,0,0,0,0
481115,1,1,1986,0,0,0,0,0,0,0,0,0,0
481116,0,1,1986,8,20,41,5,29,33,32,11,24,17
481116,1,1,1986,0,6,0,9,0,27,0,3,0,22
481117,1,1,1986,4,0,0,42,13,16,16,12,0,8
481117,2,1,1986,17,5,0,11,0,11,21,0,10,13
481118,1,1,1986,0,0,22,0,0,0,0,9,19,0
481119,0,1,1986,17,10,25,25,23,33,27,22,38,27
481119,1,1,1986,0,0,0,0,0,0,4,0,0,12
481120,0,1,1986,0,0,0,0,0,0,0,0,0,0
481120,1,1,1986,13,4,13,0,7,9,7,22,17,0
481121,0,1,1986,0,0,0,0,0,0,0,0,0,0
481121,1,1,1986,0,0,0,0,0,0,0,0,0,0
481122,0,1,1986,15,15,15,15,15,15,15,15,15,15
481122,1,1,1986,7,0,22,0,0,0,13,0,0,9
481122,2,1,1986,0,0,0,0,26,10,0,0,6,0
481123,1,1,1986,0,0,0,0,0,0,7,0,0,15
481123,2,1,1986,0,0,0,0,0,0,0,0,0,0
481124,1,1,1986,0,0,0,0,0,0,0,0,0,0
481125,1,1,1986,0,8,0,0,0,0,0,35,0,11
481125,2,1,1986,0,0,0,0,0,0,0,0,0,13
481126,1,1,1986,20,16,10,10,27,15,19,20,16,24
481126,2,1,1986,0,0,0,0,0,0,0,0,0,0
481127,1,1,1986,17,17,17,17,17,17,17,17,17,17
481127,2,1,1986,0,0,0,11,20,0,0,15,11,0
481128,1,1,1986,0,3,0,0,0,0,0,0,0,14
481129,1,1,1986,0,0,0,0,0,29,0,0,0,0
481129,2,1,1986,29,29,29,29,29,29,29,29,29,29
481130,1,1,1986,30,30,30,30,30,30,30,30,30,30
481130,2,1,1986,0,0,0,0,0,0,0,0,0,0
481131,1,1,1986,25,25,25,25,25,25,25,25,25,25
481131,2,1,1986,0,7,0,0,0,0,10,0,0,0
481132,1,1,1986,20,20,20,20,20,20,20,20,20,20
481132,2,1,1986,0,0,0,0,0,0,0,0,0,0
481133,0,1,1986,0,0,0,0,0,28,10,24,0,0
481133,1,1,1986,0,0,0,0,0,0,0,0,0,0
481134,0,1,1986,13,10,24,22,10,5,24,19,5,12
481134,1,1,1986,0,0,0,0,0,0,0,0,0,0
481135,0,1,1986,14,0,34,16,9,14,0,20,0,9
481135,1,1,1986,36,0,0,22,4,5,17,0,14,11
481136,1,1,1986,0,0,0,0,0,0,0,0,0,0
481137,0,1,1986,0,20,13,0,24,9,20,10,29,0
481138,1,1,1986,0,0,0,0,0,0,0,0,0,0
481139,1,1,1986,16,16,16,16,16,16,16,16,16,16
481141,1,1,1986,20,13,24,8,0,9,0,21,0,20
481141,2,1,1986,23,35,0,9,18,0,0,3,26,16
481142,1,1,1986,27,27,27,27,27,27,27,27,27,27
481143,0,1,1986,22,31,9,28,27,4,0,0,10,31
481143,1,1,1986,0,0,0,32,0,0,0,0,0,0
481144,1,1,1986,0,0,0,0,0,0,0,0,0,0
481144,2,1,1986,0,0,0,0,0,0,0,0,0,0
481145,0,1,1986,0,0,0,0,0,0,0,0,0,0
481145,1,1,1986,0,0,0,0,0,0,0,0,0,0
481147,1,1,1986,0,0,0,0,0,0,0,0,0,0
481147,2,1,1986,0,0,0,0,0,0,0,0,0,0
481148,1,1,1986,3,3,3,3,3,3,3,3,3,3
481148,2,1,1986,0,0,7,0,0,0,0,0,0,0
481149,1,1,1986,0,0,0,24,0,11,0,0,0,0
481150,0,1,1986,3,4,11,0,18,9,11,24,0,13
481150,0,2,1986,0,7,8,0,22,0,0,0,0,0
481150,0,3,1986,0,0,0,0,0,0,0,0,0,0
481150,1,1,1986,9,0,0,0,0,9,0,0,15,17
481151,1,1,1986,23,16,14,18,37,9,5,0,15,0
481152,0,1,1986,6,6,6,6,6,6,6,6,6,6
481152,1,1,1986,0,0,11,0,0,18,0,4,0,0
481153,1,1,1986,23,0,0,0,0,0,0,0,10,0
481154,1,1,1986,24,24,24,24,24,24,24,24,24,24
481155,1,1,1986,0,0,0,0,7,0,0,3,0,0
481155,2,1,1986,16,16,16,16,16,16,16,16,16,16
481156,0,1,1986,26,20,14,9,0,0,0,10,8,0
481156,0,2,1986,0,0,0,0,0,0,0,0,0,0
481156,1,1,1986,19,47,14,0,12,9,4,6,13,31
481157,0,1,1986,25,0,7,19,12,3,24,7,0,19
481157,1,1,1986,0,0,0,0,0,0,0,0,0,19
481157,2,1,1986,18,0,0,0,0,0,0,0,0,0
481158,1,1,1986,0,0,0,0,0,0,16,5,0,0
481159,0,1,1986,0,0,0,0,0,0,0,0,0,0
481159,0,2,1986,4,4,4,4,4,4,4,4,4,4
481159,0,3,1986,7,5,32,16,0,0,0,0,25,0
481159,1,1,1986,13,13,13,13,13,13,13,13,13,13
481160,1,1,1986,10,10,10,10,10,10,10,10,10,10
481160,2,1,1986,0,0,0,11,0,0,0,0,23,0
481161,0,1,1986,0,0,0,0,0,0,0,16,0,0
481161,1,1,1986,12,0,0,0,0,13,0,0,0,0
481162,0,1,1986,5,5,5,5,5,5,5,5,5,5
481162,1,1,1986,0,0,0,0,0,1,0,0,0,0
481163,1,1,1986,29,29,29,29,29,29,29,29,29,29
481164,1,1,1986,10,10,10,10,10,10,10,10,10,10
481164,2,1,1986,0,0,0,11,0,0,0,0,0,0
481165,0,1,1986,0,0,0,0,0,5,7,0,0,0
481165,1,1,1986,0,0,0,0,0,0,0,2,0,0
481166,0,1,1986,0,0,0,0,0,0,0,0,0,0
481166,1,1,1986,0,0,0,0,0,14,9,0,0,0
481167,1,1,1986,24,24,24,24,24,24,24,24,24,24
481168,1,1,1986,0,0,0,0,0,0,0,0,0,0
481168,2,1,1986,0,0,0,0,0,0,0,0,0,0
481169,1,1,1986,4,0,0,0,0,0,4,0,0,0
481169,2,1,1986,3,3,3,3,3,3,3,3,3,3
481170,1,1,1986,0,0,0,0,0,0,0,0,0,0
481171,1,1,1986,14,14,14,14,14,14,14,14,14,14
481172,1,1,1986,0,20,0,0,20,11,0,0,11,0
481173,1,1,1986,28,19,12,0,16,9,0,35,22,22
481174,1,1,1986,0,0,0,0,0,0,0,0,0,0
481174,2,1,1986,0,0,0,0,0,0,0,0,0,0
481174,3,1,1986,0,0,0,6,0,0,0,0,0,0
481174,4,1,1986,9,0,0,8,0,0,0,0,0,0
481175,0,1,1986,2,0,0,0,0,0,0,0,0,0
481175,1,1,1986,0,0,0,0,0,0,0,0,0,0
481176,1,1,1986,0,0,0,0,0,0,0,0,0,0
481176,2,1,1986,0,0,2,0,0,0,0,0,0,0
481176,3,1,1986,0,0,0,0,0,0,0,0,0,8
481177,1,1,1986,7,0,20,0,8,18,0,18,10,0
481178,1,1,1986,0,27,0,0,0,0,0,0,0,0
481179,1,1,1986,0,0,0,0,0,0,0,0,0,4
481180,0,1,1986,0,0,0,0,0,0,0,0,0,0
481180,1,1,1986,0,12,0,0,0,0,0,0,0,0
481181,1,1,1986,0,26,0,0,0,9,29,0,0,0
481181,2,1,1986,0,0,24,0,7,13,19,0,24,0
481182,1,1,1986,12,12,12,12,12,12,12,12,12,12
481183,1,1,1986,0,0,0,0,0,0,0,4,0,0
481183,2,1,1986,0,0,0,0,13,0,0,0,0,0
481184,1,1,1986,0,0,0,0,0,0,0,7,0,10
481184,2,1,1986,0,0,0,0,21,0,0,0,0,0
481184,3,1,1986,0,28,16,0,9,0,17,30,20,58
481185,1,1,1986,17,17,17,17,17,17,17,17,17,17
481185,2,1,1986,28,28,28,28,28,28,28,28,28,28
481186,1,1,1986,0,0,0,8,0,2,0,0,5,2
481187,1,1,1986,0,0,0,0,0,0,0,0,0,0
481188,1,1,1986,0,14,20,36,43,12,13,15,13,0
481188,2,1,1986,0,0,0,0,0,0,15,7,0,26
481189,1,1,1986,0,0,16,0,0,0,0,0,0,0
481189,2,1,1986,9,0,0,0,0,0,0,18,0,0
481189,3,1,1986,0,21,9,15,0,33,0,0,0,0
481190,1,1,1986,0,0,0,20,17,23,0,0,0,22
481190,2,1,1986,0,0,0,0,0,5,0,0,0,0
481191,0,1,1986,37,37,37,37,37,37,37,37,37,37
481191,1,1,1986,0,0,0,7,0,14,0,0,0,0
481192,1,1,1986,17,17,19,14,34,5,8,18,40,12
481193,0,1,1986,6,6,6,6,6,6,6,6,6,6
481193,1,1,1986,0,0,9,0,0,0,0,0,0,0
481194,0,1,1986,0,0,0,0,0,0,0,0,0,0
481194,1,1,1986,0,0,0,0,0,0,0,0,0,0
481195,0,1,1986,0,23,26,34,0,36,22,16,26,27
481195,1,1,1986,15,24,9,15,12,16,5,9,8,28
481196,1,1,1986,7,0,25,10,8,11,2,0,0,0
481197,1,1,1986,25,25,25,25,25,25,25,25,25,25
481198,1,1,1986,0,0,0,0,19,16,23,0,0,0
481198,2,1,1986,0,0,0,0,0,0,0,0,0,0
481199,1,1,1986,0,0,15,0,0,0,0,0,8,0
481199,2,1,1986,2,2,2,2,2,2,2,2,2,2
481200,1,1,1986,0,0,0,11,0,0,0,0,0,0
481201,1,1,1986,0,0,0,0,0,0,0,0,0,0
481201,2,1,1986,0,0,0,0,0,0,0,0,0,0
481202,0,1,1986,21,14,32,0,0,0,9,38,0,18
481202,1,1,1986,27,41,0,19,0,8,0,21,18,0
481203,1,1,1986,0,0,0,0,0,0,0,0,0,0
481203,2,1,1986,0,0,0,0,0,0,0,0,0,0
481204,1,1,1986,0,0,0,0,0,0,0,0,0,0
481204,2,1,1986,0,0,0,0,0,0,0,0,0,0
481205,1,1,1986,10,6,11,5,0,0,0,0,15,0
481205,2,1,1986,25,0,11,19,14,37,17,18,5,9
481206,1,1,1986,0,11,0,17,0,0,0,0,0,10
481206,2,1,1986,0,0,0,0,0,0,0,0,0,0
481207,1,1,1986,0,0,0,0,0,0,0,11,0,0
481207,2,1,1986,0,0,0,0,0,0,0,0,22,0
481208,1,1,1986,0,0,0,0,0,0,0,0,0,0
481208,2,1,1986,0,0,0,0,0,0,0,0,0,0
481209,1,1,1986,0,0,0,0,0,0,0,0,0,0
481209,2,1,1986,0,0,2,0,0,0,0,0,0,0
481210,1,1,1986,0,0,0,0,0,0,0,0,0,0
481210,2,1,1986,0,0,0,0,0,0,0,0,0,0
481211,1,1,1986,0,0,0,0,0,0,0,4,2,0
481211,2,1,1986,0,0,0,0,0,0,0,0,0,0
481212,0,1,1986,0,0,0,0,0,0,0,0,0,0
481212,1,1,1986,0,23,0,0,0,0,0,0,0,2
481213,1,1,1986,0,0,25,18,29,0,21,19,23,15
481214,1,1,1986,18,11,27,25,8,20,20,24,5,20
481215,0,1,1986,31,0,10,16,0,19,0,42,10,12
481215,1,1,1986,0,0,0,22,0,0,0,0,13,0
481216,1,1,1986,0,0,17,0,0,0,0,0,0,6
481216,2,1,1986,0,0,7,9,0,18,9,21,6,0
481217,1,1,1986,0,0,0,0,0,0,0,0,0,0
481218,1,1,1986,0,0,0,0,16,6,0,6,5,9
481218,2,1,1986,0,0,0,0,0,0,0,0,19,0
481219,1,1,1986,2,2,2,2,2,2,2,2,2,2
481219,2,1,1986,0,0,0,0,0,0,0,0,0,0
481220,1,1,1986,0,0,0,0,0,0,0,0,0,0
481221,1,1,1986,15,19,18,15,17,18,10,0,0,15
481222,0,1,1986,47,47,47,47,47,47,47,47,47,47
481222,1,1,1986,0,0,10,0,0,9,0,7,0,0
481223,1,1,1986,0,0,0,0,0,0,0,0,0,0
481223,2,1,1986,16,16,16,16,16,16,16,16,16,16
481224,1,1,1986,15,15,15,15,15,15,15,15,15,15
481225,1,1,1986,9,9,9,9,9,9,9,9,9,9
481225,2,1,1986,0,19,0,0,9,21,0,9,0,13
481226,1,1,1986,0,0,0,0,0,0,0,0,0,0
481227,1,1,1986,0,0,0,0,0,0,0,0,0,0
481227,2,1,1986,0,5,0,0,0,0,0,0,0,5
481228,1,1,1986,13,13,13,13,13,13,13,13,13,13
481229,1,1,1986,8,2,15,22,17,18,23,23,26,17
481230,1,1,1986,0,0,2,0,0,0,0,0,0,0
481231,1,1,1986,16,16,16,16,16,16,16,16,16,16
481232,1,1,1986,0,0,0,0,0,0,0,0,0,0
481232,2,1,1986,23,0,16,23,23,21,0,20,7,0
481232,3,1,1986,0,0,0,0,0,13,0,11,0,0
481233,1,1,1986,0,0,0,0,0,0,0,0,0,0
481233,2,1,1986,0,0,0,0,0,0,0,0,0,0
481234,1,1,1986,38,38,38,38,38,38,38,38,38,38
481235,1,1,1986,19,34,19,30,0,17,0,23,20,0
481236,1,1,1986,11,11,11,11,11,11,11,11,11,11
481237,1,1,1986,21,21,21,21,21,21,21,21,21,21
481238,1,1,1986,0,0,0,0,0,0,0,0,0,0
481239,1,1,1986,0,0,0,15,0,0,0,0,10,16
481240,1,1,1986,0,0,0,0,0,0,0,0,0,0
481240,2,1,1986,0,0,0,0,0,20,0,0,0,0
481241,0,1,1986,0,0,0,0,0,0,0,0,0,17
481241,1,1,1986,0,0,0,0,0,0,0,0,0,0
481242,1,1,1986,1,1,1,1,1,1,1,1,1,1
481243,1,1,1986,0,0,0,0,0,0,0,0,0,5
481243,2,1,1986,0,0,0,0,0,0,0,0,0,0
481243,3,1,1986,0,0,0,0,0,0,0,0,0,0
481244,0,1,1986,0,0,0,0,0,0,0,0,0,0
481244,1,1,1986,0,0,0,0,0,0,0,0,0,0
481245,1,1,1986,0,17,28,13,0,24,31,0,0,0
481246,1,1,1986,16,16,16,16,16,16,16,16,16,16
481247,1,1,1986,0,0,0,0,0,0,0,0,0,0
481247,2,1,1986,0,0,0,0,0,0,0,0,0,0
481248,1,1,1986,0,0,0,0,0,0,0,0,0,0
481249,1,1,1986,17,4,15,0,0,7,17,0,9,0
481250,1,1,1986,0,0,0,0,0,0,0,0,0,0
481251,1,1,1986,0,0,0,0,0,0,0,0,0,0
481251,2,1,1986,0,0,0,7,0,0,0,0,0,0
481252,1,1,1986,0,0,0,0,0,0,0,0,0,0
481252,2,1,1986,0,0,0,0,0,0,0,0,0,0
481253,1,1,1986,0,0,0,0,0,0,0,0,0,0
481253,2,1,1986,0,0,0,0,0,10,0,0,0,3
481253,3,1,1986,0,0,0,0,0,0,0,0,0,15
481254,0,1,1986,13,0,0,0,8,0,12,0,11,0
481254,0,2,1986,0,0,0,0,0,0,0,0,0,0
481254,1,1,1986,0,0,0,0,0,0,17,0,0,0
481255,1,1,1986,7,10,24,6,21,22,13,0,7,6
481256,0,1,1986,0,0,0,0,0,19,0,0,21,0
481256,1,1,1986,0,0,7,0,21,0,0,0,0,0
481257,0,1,1986,3,3,3,3,3,3,3,3,3,3
481257,0,2,1986,1,1,1,1,1,1,1,1,1,1
481257,1,1,1986,12,12,12,12,12,12,12,12,12,12
481258,1,1,1986,0,0,0,4,0,0,0,0,0,0
481258,2,1,1986,0,0,0,0,0,0,0,0,0,0
481258,3,1,1986,0,0,0,0,0,0,0,12,0,0
481259,1,1,1986,24,8,12,0,9,0,4,6,13,15
481260,0,1,1986,0,0,0,0,0,0,0,0,0,0
481260,1,1,1986,0,0,0,0,0,0,0,0,0,0
481261,1,1,1986,23,23,23,23,23,23,23,23,23,23
481262,1,1,1986,11,11,11,11,11,11,11,11,11,11
481263,1,1,1986,15,15,15,15,15,15,15,15,15,15
481263,2,1,1986,0,0,0,0,0,0,19,0,0,15
481264,1,1,1986,0,0,0,0,0,0,0,0,0,0
481264,2,1,1986,0,0,0,0,0,0,0,0,0,0
481265,1,1,1986,8,8,8,8,8,8,8,8,8,8
481266,1,1,1986,0,0,0,0,0,0,0,0,0,0
481267,1,1,1986,34,34,34,34,34,34,34,34,34,34
481268,1,1,1986,13,13,13,13,13,13,13,13,13,13
481269,1,1,1986,20,21,17,0,16,13,6,23,0,14
481270,1,1,1986,0,0,0,0,0,0,0,0,0,0
481270,2,1,1986,28,0,0,12,9,0,0,0,28,0
481271,1,1,1986,18,23,20,8,17,16,22,18,22,17
481272,1,1,1986,10,10,9,0,0,0,16,26,0,17
481273,0,1,1986,25,25,25,25,25,25,25,25,25,25
481273,1,1,1986,2,2,2,2,2,2,2,2,2,2
481274,1,1,1986,0,0,0,0,0,0,0,0,0,0
481274,2,1,1986,0,0,23,0,0,0,0,0,0,0
481275,0,1,1986,14,14,16,30,0,19,29,13,17,33
481275,1,1,1986,8,0,0,0,0,16,14,0,0,6
481275,2,1,1986,0,0,0,0,0,0,0,0,0,0
481276,1,1,1986,17,17,17,17,17,17,17,17,17,17
481277,1,1,1986,2,12,15,11,13,18,7,16,10,21
481278,0,1,1986,0,0,0,0,0,0,0,0,0,0
481278,1,1,1986,10,10,10,10,10,10,10,10,10,10
481279,1,1,1986,0,0,0,0,0,0,0,0,0,0
481279,2,1,1986,0,0,0,17,24,13,0,0,0,0
481279,3,1,1986,0,0,0,0,0,0,0,0,0,0
481280,1,1,1986,0,0,22,0,0,10,0,0,0,0
481281,0,1,1986,8,8,8,8,8,8,8,8,8,8
481281,1,1,1986,15,0,0,18,0,26,15,11,0,0
481282,1,1,1986,22,30,23,16,16,0,17,13,26,7
481283,0,1,1986,0,0,0,0,0,0,0,17,30,25
481283,1,1,1986,14,14,14,14,14,14,14,14,14,14
481284,1,1,1986,18,18,18,18,18,18,18,18,18,18
481284,2,1,1986,9,9,9,9,9,9,9,9,9,9
481285,1,1,1986,25,25,25,25,25,25,25,25,25,25
481286,1,1,1986,21,21,21,21,21,21,21,21,21,21
481287,1,1,1986,11,11,11,11,11,11,11,11,11,11
481288,1,1,1986,17,0,0,0,0,0,0,0,0,0
481288,2,1,1986,0,0,15,0,0,0,0,0,0,0
481288,3,1,1986,0,0,0,0,0,0,0,0,0,0
481289,0,1,1986,20,29,10,11,14,32,25,8,19,40
481289,1,1,1986,25,0,18,0,0,0,0,0,7,14
481290,1,1,1986,0,0,0,0,0,0,0,0,0,0
481291,1,1,1986,0,0,0,0,0,0,0,0,0,0
481292,0,1,1986,3,3,3,3,3,3,3,3,3,3
481292,1,1,1986,0,6,0,0,0,0,0,0,17,0
481293,1,1,1986,0,0,0,0,0,0,0,0,0,0
481293,2,1,1986,0,0,0,0,0,0,0,0,0,0
481294,1,1,1986,0,0,0,0,0,0,0,0,0,0
481294,2,1,1986,0,0,0,0,0,0,0,0,0,0
481295,1,1,1986,0,0,0,0,8,8,0,0,0,0
481295,2,1,1986,0,0,0,0,0,0,0,0,0,0
481296,1,1,1986,0,0,0,0,0,0,0,0,0,0
481297,1,1,1986,0,0,0,0,0,0,0,0,0,0
481297,2,1,1986,0,0,0,0,0,0,0,0,0,0
481299,1,1,1986,0,0,0,0,0,0,0,0,0,0
481299,2,1,1986,0,0,0,0,0,0,0,0,0,0
481299,3,1,1986,0,0,0,0,0,0,0,0,0,0
481300,1,1,1986,0,0,0,5,0,0,0,0,0,0
481300,2,1,1986,0,0,0,0,0,0,8,0,0,0
481301,1,1,1986,11,13,19,17,25,13,26,18,8,24
481302,1,1,1986,0,0,0,0,0,0,0,0,0,0
481302,2,1,1986,0,0,0,0,0,0,0,0,0,0
481302,3,1,1986,0,0,0,0,0,0,0,0,0,0
481303,1,1,1986,24,24,24,24,24,24,24,24,24,24
481304,1,1,1986,15,15,15,15,15,15,15,15,15,15
481305,1,1,1986,0,0,0,0,0,0,0,0,0,0
481305,2,1,1986,0,0,0,0,0,0,0,0,0,0
481305,3,1,1986,0,12,0,0,0,0,0,0,0,0
481306,1,1,1986,0,0,0,0,0,0,0,0,0,0
481306,2,1,1986,16,0,0,0,0,0,0,0,0,9
481307,1,1,1986,28,28,28,28,28,28,28,28,28,28
481307,2,1,1986,0,0,0,0,0,0,0,0,0,0
481308,0,1,1986,21,19,0,19,0,43,24,21,12,0
481308,1,1,1986,0,0,0,0,0,0,0,0,0,0
481309,1,1,1986,0,0,0,0,0,0,0,0,0,0
481309,2,1,1986,0,0,0,0,0,0,0,0,0,0
481310,0,1,1986,0,15,0,35,13,0,0,24,12,42
481310,1,1,1986,0,0,0,0,24,0,0,0,7,0
481311,0,1,1986,0,0,0,0,0,0,0,0,0,0
481311,1,1,1986,0,0,0,0,0,0,0,0,0,0
481312,0,1,1986,0,0,0,0,0,0,0,0,0,0
481312,1,1,1986,0,0,0,0,0,0,0,0,0,25
481313,1,1,1986,0,14,29,0,21,16,16,8,0,13
481313,2,1,1986,0,0,0,0,0,0,0,0,0,0
481314,1,1,1986,23,23,23,23,23,23,23,23,23,23
481314,2,1,1986,3,3,3,3,3,3,3,3,3,3
481315,1,1,1986,0,0,12,24,0,19,0,16,4,13
481316,1,1,1986,14,0,0,14,0,0,15,3,16,23
481316,2,1,1986,0,8,0,0,0,0,0,0,0,0
481317,1,1,1986,31,0,22,11,0,0,0,0,13,5
481317,2,1,1986,15,0,0,0,10,0,0,0,0,0
481317,3,1,1986,0,15,0,0,0,11,24,0,22,0
481318,1,1,1986,0,15,0,0,0,0,0,0,0,0
481319,0,1,1986,0,0,0,9,0,0,26,25,20,15
481319,1,1,1986,14,14,14,14,14,14,14,14,14,14
481320,1,1,1986,0,0,0,0,0,11,0,0,0,0
481320,2,1,1986,14,0,0,0,0,0,7,5,0,0
481321,1,1,1986,20,20,20,20,20,20,20,20,20,20
481321,2,1,1986,0,9,0,0,0,0,0,0,0,0
481322,1,1,1986,8,11,7,26,18,16,10,7,9,11
481323,1,1,1986,22,8,22,12,13,19,12,13,17,19
481324,1,1,1986,0,0,0,0,0,0,0,0,0,0
481324,2,1,1986,0,0,0,0,0,0,0,0,9,0