ST_CASE,VEH_NO,PER_NO,YEAR,P1,P2,P3,P4,P5,P6,P7,P8,P9,P10
482699,1,1,1986,0,0,0,0,0,0,0,0,4,0
482699,2,1,1986,0,0,0,0,0,0,9,0,0,0
482700,1,1,1986,7,7,7,7,7,7,7,7,7,7
482701,0,1,1986,0,0,8,0,0,9,23,0,0,0
482701,1,1,1986,0,0,0,0,0,0,0,0,0,0
482702,1,1,1986,24,0,3,0,0,0,0,0,0,0
482702,2,1,1986,22,22,22,22,22,22,22,22,22,22
482702,3,1,1986,0,0,0,0,0,0,0,0,6,0
482703,1,1,1986,0,0,0,0,0,0,0,0,0,0
482703,2,1,1986,7,5,0,7,0,0,0,0,0,0
482704,1,1,1986,0,0,4,12,0,21,0,17,24,29
482705,0,1,1986,0,14,15,0,0,0,0,0,16,18
482705,1,1,1986,5,0,0,0,8,0,27,0,0,12
482706,1,1,1986,30,9,38,15,16,17,10,17,10,13
482707,1,1,1986,0,0,0,0,0,0,0,0,0,0
482708,1,1,1986,11,3,4,12,18,11,24,26,10,10
482708,2,1,1986,0,0,0,0,27,13,0,18,0,0
482709,1,1,1986,0,25,11,8,0,7,0,21,0,21
482709,2,1,1986,32,15,26,16,16,18,14,35,25,23
482710,0,1,1986,7,7,7,7,7,7,7,7,7,7
482710,1,1,1986,6,19,26,15,12,11,0,0,10,21
482711,0,1,1986,30,21,10,15,24,14,25,13,13,7
482711,1,1,1986,0,0,21,10,17,0,0,0,0,0
482712,1,1,1986,27,27,27,27,27,27,27,27,27,27
482712,2,1,1986,0,0,4,0,0,0,0,0,0,0
482713,1,1,1986,0,0,0,14,0,0,0,25,0,28
482714,0,1,1986,0,0,0,31,0,0,0,0,19,0
482714,1,1,1986,0,0,0,0,0,0,0,0,0,0
482715,1,1,1986,19,8,17,22,21,0,8,0,0,23
482715,2,1,1986,9,0,20,0,0,11,3,0,8,18
482716,1,1,1986,22,21,0,13,11,21,0,22,18,0
482717,0,1,1986,18,0,0,0,0,0,0,23,0,0
482718,1,1,1986,35,35,35,35,35,35,35,35,35,35
482720,1,1,1986,0,0,23,0,0,2,0,0,4,0
482720,2,1,1986,0,0,0,0,0,0,0,0,0,0
482721,0,1,1986,0,9,15,0,0,23,27,0,24,6
482721,1,1,1986,28,28,28,28,28,28,28,28,28,28
482722,1,1,1986,11,11,11,11,11,11,11,11,11,11
482723,1,1,1986,24,24,24,24,24,24,24,24,24,24
482723,2,1,1986,0,0,0,0,0,0,0,0,0,0
482723,3,1,1986,0,0,0,0,0,0,0,0,0,0
482723,4,1,1986,0,0,0,0,0,0,0,0,11,0
482724,1,1,1986,0,0,0,0,0,0,0,19,0,7
482725,1,1,1986,15,15,15,15,15,15,15,15,15,15
482726,1,1,1986,25,25,25,25,25,25,25,25,25,25
482726,2,1,1986,6,0,35,0,23,0,21,18,11,7
482727,1,1,1986,0,0,0,0,0,0,0,0,0,0
482727,2,1,1986,14,14,14,14,14,14,14,14,14,14
482728,1,1,1986,24,24,24,24,24,24,24,24,24,24
482728,2,1,1986,0,0,0,0,0,0,0,0,0,0
482729,1,1,1986,6,0,12,9,20,12,8,21,12,7
482730,1,1,1986,0,0,0,0,0,0,0,0,0,0
482730,2,1,1986,6,6,6,6,6,6,6,6,6,6
482731,0,1,1986,0,0,0,21,0,8,0,3,0,0
482731,0,2,1986,21,14,18,30,12,10,24,0,35,13
482731,1,1,1986,25,15,37,22,18,19,19,9,12,12
482732,1,1,1986,31,31,31,31,31,31,31,31,31,31
482732,2,1,1986,31,31,31,31,31,31,31,31,31,31
482733,1,1,1986,14,14,14,14,14,14,14,14,14,14
482734,1,1,1986,0,0,0,0,0,0,0,0,0,0
482734,2,1,1986,0,0,0,0,27,0,0,4,0,0
482735,1,1,1986,24,24,24,24,24,24,24,24,24,24
482736,1,1,1986,0,0,0,0,0,0,0,0,0,0
482736,2,1,1986,0,0,0,0,0,0,0,0,0,0
482737,1,1,1986,0,0,0,0,0,0,0,0,0,0
482737,2,1,1986,0,0,0,0,0,0,0,0,0,15
482738,1,1,1986,0,0,0,0,0,0,0,0,0,0
482738,2,1,1986,16,16,16,16,16,16,16,16,16,16
482739,1,1,1986,0,0,0,0,0,0,0,0,0,0
482740,1,1,1986,21,21,21,21,21,21,21,21,21,21
482741,1,1,1986,1,1,1,1,1,1,1,1,1,1
482742,1,1,1986,0,29,0,20,0,13,25,19,20,7
482743,1,1,1986,0,19,14,0,28,30,22,17,17,23
482743,2,1,1986,0,0,0,0,0,0,13,0,0,0
482744,1,1,1986,0,9,0,0,0,0,15,0,0,0
482744,2,1,1986,0,0,7,0,0,0,0,0,0,0
482745,1,1,1986,15,15,15,15,15,15,15,15,15,15
482746,1,1,1986,23,23,23,23,23,23,23,23,23,23
482747,1,1,1986,30,30,30,30,30,30,30,30,30,30
482748,0,1,1986,0,0,0,0,0,0,0,0,0,0
482748,1,1,1986,0,0,0,0,0,0,0,0,7,17
482749,1,1,1986,0,8,0,0,0,0,0,0,0,0
482749,2,1,1986,26,0,4,0,0,0,2,0,12,0
482750,1,1,1986,0,0,0,0,0,0,15,2,0,0
482750,2,1,1986,0,0,0,0,0,0,0,0,0,0
482750,3,1,1986,0,14,0,0,0,0,0,0,0,0
482750,4,1,1986,0,0,0,0,0,0,10,0,0,0
482751,1,1,1986,0,16,0,0,0,10,6,12,8,17
482751,2,1,1986,0,0,17,0,0,8,7,0,0,26
482751,3,1,1986,0,0,11,18,13,0,0,0,0,0
482752,0,1,1986,0,0,0,0,21,0,0,0,0,0
482752,1,1,1986,10,0,16,0,8,15,0,5,11,12
482753,1,1,1986,16,16,16,16,16,16,16,16,16,16
482753,2,1,1986,0,0,0,0,13,14,16,0,0,0
482754,1,1,1986,14,19,13,0,22,0,0,11,14,0
482755,1,1,1986,12,3,0,17,16,9,17,9,17,5
482755,2,1,1986,0,0,9,0,0,0,0,26,17,0
482756,1,1,1986,12,12,12,12,12,12,12,12,12,12
482756,2,1,1986,0,23,13,15,15,0,10,4,10,11
482757,1,1,1986,25,25,25,25,25,25,25,25,25,25
482758,1,1,1986,12,12,12,12,12,12,12,12,12,12
482759,1,1,1986,33,17,15,5,18,19,26,17,5,13
482759,2,1,1986,0,0,0,0,0,2,0,0,0,0
482760,0,1,1986,36,36,36,36,36,36,36,36,36,36
482760,1,1,1986,22,22,22,22,22,22,22,22,22,22
482761,1,1,1986,20,19,12,8,19,35,27,14,14,15
482762,1,1,1986,19,21,22,11,17,21,14,5,14,13
482763,1,1,1986,35,21,9,9,10,9,17,16,3,23
482764,1,1,1986,18,18,18,18,18,18,18,18,18,18
482765,1,1,1986,0,0,0,14,30,0,0,0,0,0
482765,2,1,1986,0,0,17,0,5,0,0,0,25,0
482766,1,1,1986,0,11,0,0,0,0,0,0,0,0
482766,2,1,1986,0,0,0,18,0,0,0,0,0,0
482767,1,1,1986,0,0,0,0,0,0,0,0,0,0
482767,2,1,1986,0,0,0,0,0,0,0,0,0,0
482768,1,1,1986,22,22,22,22,22,22,22,22,22,22
482768,2,1,1986,21,0,10,0,23,0,17,0,0,0
482769,1,1,1986,0,0,0,0,0,0,19,0,0,0
482769,2,1,1986,0,0,0,0,0,0,0,0,0,23
482770,1,1,1986,0,0,0,0,0,0,0,0,0,0
482770,2,1,1986,0,0,0,0,0,0,20,0,0,0
482771,1,1,1986,0,0,0,0,0,0,0,0,0,0
482771,2,1,1986,0,0,0,0,0,0,0,0,0,0
482772,0,1,1986,27,0,0,0,0,0,0,0,0,0
482772,1,1,1986,0,0,0,14,20,25,0,0,0,25
482773,0,1,1986,0,0,0,0,12,0,0,0,15,0
482773,1,1,1986,0,0,0,0,0,0,0,0,0,0
482774,1,1,1986,10,12,0,0,0,27,0,15,0,0
482775,0,1,1986,0,0,0,0,0,0,0,0,0,0
482775,1,1,1986,0,0,0,0,0,0,0,0,0,0
482776,1,1,1986,2,2,2,2,2,2,2,2,2,2
482776,2,1,1986,0,0,0,0,0,0,0,0,0,0
482777,0,1,1986,27,13,22,12,10,0,17,33,14,31
482777,1,1,1986,8,28,11,7,12,0,0,25,0,0
482778,1,1,1986,13,0,21,27,11,27,12,15,19,24
482778,2,1,1986,0,0,0,6,0,0,0,0,0,0
482778,3,1,1986,0,0,0,0,0,0,12,0,18,0
482778,4,1,1986,0,0,0,0,0,0,0,0,0,16
482779,0,1,1986,18,18,18,18,18,18,18,18,18,18
482779,1,1,1986,0,0,0,0,0,0,0,0,0,0
482780,0,1,1986,0,0,0,0,0,0,0,4,0,0
482780,1,1,1986,18,0,0,0,6,0,0,21,15,0
482781,1,1,1986,8,8,8,8,8,8,8,8,8,8
482781,2,1,1986,0,0,0,0,0,0,0,0,9,0
482782,1,1,1986,9,21,0,0,0,28,23,0,0,18
482782,2,1,1986,0,0,0,0,0,0,0,0,0,15
482783,0,1,1986,0,0,0,0,0,0,0,0,0,0
482783,1,1,1986,0,0,0,0,0,0,0,0,0,0
482784,1,1,1986,0,0,0,0,0,8,0,0,0,0
482785,1,1,1986,28,28,28,28,28,28,28,28,28,28
482786,1,1,1986,0,0,0,0,0,0,0,0,0,0
482787,1,1,1986,10,10,10,10,10,10,10,10,10,10
482787,2,1,1986,0,0,0,0,0,0,0,0,0,0
482788,1,1,1986,8,8,8,8,8,8,8,8,8,8
482789,1,1,1986,16,13,0,0,7,9,15,18,0,20
482790,1,1,1986,0,0,0,0,0,0,0,0,0,0
482790,2,1,1986,0,0,0,0,0,0,0,0,0,0
482791,1,1,1986,29,29,29,29,29,29,29,29,29,29
482792,1,1,1986,8,8,8,8,8,8,8,8,8,8
482792,2,1,1986,0,0,0,0,0,0,0,0,0,31
482793,1,1,1986,0,0,0,0,0,0,0,0,0,0
482794,1,1,1986,12,12,12,12,12,12,12,12,12,12
482795,1,1,1986,0,0,0,0,0,0,0,0,0,0
482795,2,1,1986,1,1,1,1,1,1,1,1,1,1
482796,1,1,1986,12,12,12,12,12,12,12,12,12,12
482797,1,1,1986,16,24,0,0,0,8,0,32,8,16
482797,2,1,1986,0,0,0,0,0,0,0,0,0,0
482798,0,1,1986,13,13,13,13,13,13,13,13,13,13
482798,1,1,1986,0,0,0,0,0,0,0,0,15,0
482799,1,1,1986,0,0,0,0,0,0,0,0,0,0
482799,2,1,1986,0,0,0,0,0,0,0,0,0,0
482800,1,1,1986,31,14,10,12,21,36,18,20,19,30
482800,2,1,1986,0,0,0,0,16,0,0,0,0,0
482801,1,1,1986,0,0,0,0,0,0,0,0,0,0
482801,2,1,1986,0,0,0,0,0,0,0,0,0,0
482801,3,1,1986,0,0,0,0,0,0,0,0,0,0
482802,1,1,1986,9,10,0,0,0,0,0,0,0,0
482802,2,1,1986,0,11,0,0,0,0,0,0,0,0
482803,1,1,1986,13,8,15,11,27,8,0,17,0,11
482804,1,1,1986,0,0,0,0,0,0,0,0,0,0
482804,2,1,1986,0,0,0,0,0,0,0,0,0,0
482805,1,1,1986,0,10,12,7,0,0,30,13,0,13
482806,0,1,1986,6,6,6,6,6,6,6,6,6,6
482806,1,1,1986,0,0,8,0,0,0,0,0,0,0
482807,1,1,1986,14,18,3,16,0,0,15,7,0,0
482807,2,1,1986,22,0,15,9,15,0,16,7,15,11
482808,1,1,1986,0,0,0,0,0,0,0,0,0,0
482809,1,1,1986,27,11,10,24,19,29,27,16,21,15
482810,1,1,1986,0,0,0,0,0,0,0,0,0,0
482811,1,1,1986,0,0,0,0,0,0,0,0,0,0
482811,2,1,1986,0,0,0,0,0,3,0,0,14,0
482812,1,1,1986,15,8,18,0,0,0,0,0,0,20
482813,1,1,1986,9,9,9,9,9,9,9,9,9,9
482813,2,1,1986,0,13,0,19,0,0,26,0,0,16
482814,0,1,1986,28,0,14,0,0,13,0,18,20,24
482814,1,1,1986,14,14,14,14,14,14,14,14,14,14
482816,1,1,1986,0,14,16,0,0,0,18,0,0,0
482817,1,1,1986,14,8,0,7,13,19,17,18,11,9
482818,1,1,1986,23,23,23,23,23,23,23,23,23,23
482818,2,1,1986,3,3,3,3,3,3,3,3,3,3
482819,1,1,1986,1,1,1,1,1,1,1,1,1,1
482819,2,1,1986,24,24,24,24,24,24,24,24,24,24
482820,0,1,1986,9,9,9,9,9,9,9,9,9,9
482820,1,1,1986,0,0,26,0,0,0,27,8,0,6
482821,0,1,1986,0,0,10,0,0,24,0,0,0,0
482821,1,1,1986,0,0,0,0,0,0,0,0,0,0
482822,1,1,1986,19,19,19,19,19,19,19,19,19,19
482822,2,1,1986,0,2,0,0,0,0,0,18,0,0
482823,1,1,1986,0,13,17,0,0,13,17,0,0,5
482823,2,1,1986,0,18,0,7,0,0,0,18,0,0
482824,0,1,1986,12,0,0,0,14,0,19,0,0,0
482824,1,1,1986,0,13,19,0,0,0,0,7,0,0
482825,1,1,1986,0,0,0,0,0,0,0,0,0,0
482826,1,1,1986,0,0,16,0,0,0,21,0,0,0
482827,1,1,1986,0,7,23,12,0,0,0,0,0,8
482828,1,1,1986,0,0,0,10,0,0,0,0,0,0
482828,2,1,1986,0,0,0,0,0,0,0,0,12,0
482829,0,1,1986,31,31,31,31,31,31,31,31,31,31
482829,1,1,1986,0,16,0,0,2,0,0,0,19,0
482830,1,1,1986,0,0,0,0,0,0,0,0,0,0
482831,1,1,1986,0,0,0,0,0,0,0,0,20,5
482832,1,1,1986,16,16,16,16,16,16,16,16,16,16
482833,1,1,1986,6,6,6,6,6,6,6,6,6,6
482833,2,1,1986,0,8,0,0,21,14,0,13,3,16
482834,1,1,1986,14,21,23,0,11,11,4,8,33,20
482835,0,1,1986,39,18,22,0,15,20,0,0,17,22
482835,1,1,1986,0,0,0,0,0,0,0,12,0,0
482835,2,1,1986,0,0,12,22,14,0,0,8,0,0
482835,3,1,1986,2,0,0,0,0,0,0,0,0,0
482836,1,1,1986,0,0,0,0,0,0,0,0,0,0
482836,2,1,1986,17,0,0,0,18,0,0,28,0,0
482837,1,1,1986,15,5,10,3,6,14,11,8,3,11
482837,2,1,1986,0,0,0,0,0,0,6,0,0,0
482838,1,1,1986,16,25,22,34,23,47,31,17,19,21
482839,1,1,1986,0,0,0,0,0,0,0,0,0,0
482840,1,1,1986,0,0,0,0,0,0,0,4,2,0
482840,2,1,1986,0,0,0,0,0,0,0,0,0,0
482840,3,1,1986,0,0,0,0,0,0,0,0,0,0
482840,4,1,1986,0,0,0,0,0,0,0,0,0,0
482841,1,1,1986,0,0,0,0,0,0,0,0,0,0
482841,2,1,1986,0,0,0,0,0,0,20,0,0,0
482842,1,1,1986,8,0,2,0,0,0,0,0,0,0
482842,2,1,1986,0,0,0,0,0,0,0,0,0,0
482843,1,1,1986,0,0,0,0,0,0,0,0,0,0
482843,2,1,1986,0,0,0,0,0,0,0,0,0,0
482844,1,1,1986,22,22,22,22,22,22,22,22,22,22
482845,1,1,1986,0,0,0,13,0,0,30,0,21,0
482845,2,1,1986,12,0,0,24,19,0,0,4,0,17
482846,1,1,1986,30,0,0,14,0,13,0,0,0,0
482847,1,1,1986,0,0,0,0,0,0,0,0,0,0
482847,2,1,1986,0,0,0,0,0,0,0,0,0,0
482847,3,1,1986,0,0,0,0,0,6,0,0,0,0
482848,1,1,1986,19,14,10,0,13,20,5,0,0,0
482849,0,1,1986,6,6,6,6,6,6,6,6,6,6
482849,1,1,1986,17,17,17,17,17,17,17,17,17,17
482850,1,1,1986,20,20,20,20,20,20,20,20,20,20
482851,1,1,1986,9,22,34,25,7,20,26,0,0,4
482852,1,1,1986,3,3,3,3,3,3,3,3,3,3
482852,2,1,1986,31,31,31,31,31,31,31,31,31,31
482853,1,1,1986,13,40,15,0,24,8,28,22,10,18
482854,1,1,1986,3,14,13,12,9,26,29,18,13,11
482855,1,1,1986,15,18,10,12,0,0,11,0,0,0
482856,0,1,1986,0,0,10,0,0,0,26,0,0,0
482856,1,1,1986,0,0,0,0,0,0,0,0,6,0
482857,1,1,1986,12,0,0,0,0,0,0,0,0,0
482857,2,1,1986,0,0,0,6,0,20,0,0,12,0
482858,1,1,1986,7,7,7,7,7,7,7,7,7,7
482858,2,1,1986,13,9,0,0,11,7,0,0,0,0
482859,1,1,1986,0,0,0,0,0,0,0,0,0,0
482860,1,1,1986,0,0,0,3,0,0,0,0,0,0
482860,2,1,1986,0,0,0,0,0,0,0,0,0,0
482860,3,1,1986,0,0,0,0,0,0,0,10,0,0
482861,1,1,1986,0,0,0,0,0,0,0,0,0,0
482861,2,1,1986,0,0,0,0,0,0,0,0,0,0
482862,1,1,1986,0,0,0,0,0,0,0,0,0,0
482862,2,1,1986,18,6,17,16,15,0,23,19,0,16
482863,1,1,1986,13,37,30,13,30,34,11,13,16,12
482864,1,1,1986,0,17,0,0,8,0,0,0,8,0
482864,2,1,1986,20,6,13,19,9,5,0,0,15,18
482865,1,1,1986,18,0,34,15,19,12,8,8,16,3
482866,1,1,1986,24,15,12,14,4,25,29,25,0,15
482867,1,1,1986,7,7,7,7,7,7,7,7,7,7
482868,1,1,1986,0,0,0,0,0,0,0,0,0,0
482868,2,1,1986,0,0,0,0,0,0,0,0,0,0
482869,1,1,1986,0,0,14,0,0,10,0,0,0,0
482869,2,1,1986,0,0,0,0,0,0,0,0,0,0
482869,3,1,1986,0,6,0,0,0,0,0,0,0,0
482869,4,1,1986,0,0,0,0,0,0,0,0,0,10
482870,1,1,1986,0,0,0,0,0,0,0,0,0,0
482871,1,1,1986,19,9,10,0,23,0,29,0,22,0
482872,0,1,1986,0,0,0,0,0,0,0,0,0,0
482872,1,1,1986,0,0,0,0,0,0,0,0,0,0
482873,1,1,1986,2,12,0,14,17,28,17,19,14,5
482873,2,1,1986,0,0,0,0,0,0,0,0,0,0
482874,0,1,1986,0,0,0,0,0,0,0,0,0,0
482874,0,2,1986,0,0,0,0,0,0,0,0,0,0
482874,0,3,1986,24,19,0,0,0,0,0,0,0,15
482874,0,4,1986,0,0,0,0,0,0,0,0,0,0
482874,1,1,1986,13,13,0,9,0,0,0,9,0,8
482875,1,1,1986,18,13,6,0,0,0,29,20,0,17
482876,1,1,1986,0,0,0,0,2,0,0,0,0,0
482876,2,1,1986,15,15,15,15,15,15,15,15,15,15
482877,1,1,1986,0,0,0,0,0,0,0,0,0,0
482878,1,1,1986,0,0,0,0,0,25,0,15,0,0
482878,2,1,1986,0,0,0,0,0,0,0,0,0,0
482879,0,1,1986,0,0,23,32,0,0,0,0,0,0
482879,1,1,1986,0,0,0,0,0,0,0,0,0,14
482880,1,1,1986,14,14,14,14,14,14,14,14,14,14
482880,2,1,1986,0,0,0,0,0,0,0,0,0,0
482881,0,1,1986,26,25,20,0,27,29,33,27,14,6
482881,1,1,1986,0,0,0,0,0,15,0,0,0,0
482882,1,1,1986,17,17,17,17,17,17,17,17,17,17
482883,1,1,1986,0,0,0,0,0,0,0,0,0,0
482883,2,1,1986,0,0,0,14,0,0,0,0,0,0
482884,0,1,1986,0,0,0,0,0,0,0,0,0,0
482884,1,1,1986,0,0,26,0,0,4,19,28,0,0
482885,1,1,1986,31,20,12,18,24,17,14,17,11,0
482885,2,1,1986,0,19,6,0,0,0,0,0,0,0
482886,1,1,1986,0,0,0,0,0,0,0,0,0,0
482886,2,1,1986,0,0,0,0,0,0,0,0,0,8
482887,1,1,1986,0,0,0,0,0,0,0,24,0,0
482887,2,1,1986,0,0,0,0,0,0,0,0,0,0
482888,1,1,1986,0,0,0,0,0,0,0,0,23,0
482888,2,1,1986,0,0,0,0,4,0,0,0,0,0
482889,0,1,1986,0,5,0,0,0,0,22,0,5,0
482889,1,1,1986,0,0,0,0,0,0,0,0,0,0
482890,1,1,1986,12,12,12,12,12,12,12,12,12,12
482891,1,1,1986,5,5,5,5,5,5,5,5,5,5
482892,1,1,1986,0,0,0,0,0,0,0,0,0,0
482893,1,1,1986,0,0,0,0,0,0,0,0,0,0
482893,2,1,1986,0,0,0,0,0,0,0,0,0,0
482894,1,1,1986,11,11,11,11,11,11,11,11,11,11
482895,0,1,1986,21,21,21,21,21,21,21,21,21,21
482895,1,1,1986,0,0,0,0,0,0,0,0,0,0
482896,1,1,1986,14,14,14,14,14,14,14,14,14,14
482896,2,1,1986,0,0,0,0,0,0,0,0,0,0
482897,0,1,1986,0,0,0,0,0,0,0,0,0,0
482897,1,1,1986,0,0,0,0,0,0,0,0,0,0
482898,1,1,1986,0,0,0,0,0,0,0,0,0,0
482898,2,1,1986,16,16,12,0,0,0,15,8,0,22
482899,1,1,1986,13,13,13,13,13,13,13,13,13,13
482900,0,1,1986,0,0,0,0,0,0,4,6,0,2
482900,1,1,1986,26,26,26,26,26,26,26,26,26,26
482901,0,1,1986,0,20,0,0,11,0,0,6,0,16
482901,1,1,1986,0,0,0,0,0,0,0,0,0,0
482902,1,1,1986,0,0,0,0,0,0,0,0,0,0
482903,1,1,1986,23,23,23,23,23,23,23,23,23,23
482904,1,1,1986,0,0,0,0,0,0,0,0,0,0
482904,2,1,1986,0,0,0,0,0,0,0,0,0,0
482904,3,1,1986,0,0,0,0,0,0,0,0,0,0
482905,0,1,1986,14,14,14,14,14,14,14,14,14,14
482905,1,1,1986,12,0,0,0,0,0,0,0,0,0
482906,0,1,1986,8,8,8,8,8,8,8,8,8,8
482906,1,1,1986,0,37,10,15,13,0,4,10,13,17
482907,0,1,1986,15,15,15,15,15,15,15,15,15,15
482907,1,1,1986,10,0,7,0,19,10,6,12,24,0
482908,1,1,1986,4,0,0,0,0,0,9,5,0,0
482908,2,1,1986,0,0,0,0,0,0,0,0,0,0
482909,1,1,1986,0,0,0,20,0,0,0,0,0,12
482909,2,1,1986,0,7,0,0,8,0,0,0,7,0
482910,1,1,1986,23,24,9,9,11,33,30,24,8,25
482911,1,1,1986,0,0,0,0,0,0,0,0,0,0
482912,1,1,1986,8,8,8,8,8,8,8,8,8,8
482913,1,1,1986,29,29,29,29,29,29,29,29,29,29
482914,0,1,1986,12,12,12,12,12,12,12,12,12,12
482914,1,1,1986,19,19,44,22,3,0,13,0,29,0
482914,2,1,1986,6,0,0,0,0,0,0,0,0,11
482915,1,1,1986,0,0,0,0,0,0,0,0,0,0
482916,1,1,1986,0,0,0,0,0,0,0,0,0,0
482916,2,1,1986,20,24,8,12,5,17,12,9,5,0
482917,1,1,1986,0,0,0,0,0,0,0,0,0,0
482917,2,1,1986,0,0,0,0,0,0,0,0,0,0
482918,1,1,1986,0,9,0,0,0,0,0,0,0,0
482918,2,1,1986,0,0,0,0,0,0,0,0,0,0
482918,3,1,1986,0,0,0,0,15,0,0,0,0,0
482919,1,1,1986,28,28,28,28,28,28,28,28,28,28
482920,1,1,1986,13,13,13,13,13,13,13,13,13,13
482921,1,1,1986,0,0,0,0,0,0,0,0,0,0
482922,1,1,1986,0,0,0,0,0,0,0,0,0,0
482922,2,1,1986,0,0,0,0,0,0,0,0,0,0
482923,1,1,1986,22,8,0,16,13,0,13,12,25,6
482924,1,1,1986,21,13,20,0,0,28,28,0,0,13
482924,2,1,1986,0,0,0,0,0,0,0,0,0,0
482925,1,1,1986,0,0,0,0,0,0,0,0,0,0
482925,2,1,1986,0,0,0,21,0,7,0,0,18,0
482926,1,1,1986,28,28,28,28,28,28,28,28,28,28
482927,1,1,1986,0,0,0,0,0,0,0,0,0,0
482927,2,1,1986,0,0,0,0,0,0,0,0,0,0
482928,1,1,1986,0,8,0,0,0,0,18,0,0,0
482928,2,1,1986,0,5,0,0,0,0,0,0,0,0
482929,1,1,1986,0,0,0,0,0,0,0,0,0,0
482929,2,1,1986,0,0,0,0,0,0,0,0,0,0
482930,1,1,1986,27,27,27,27,27,27,27,27,27,27
482931,1,1,1986,0,0,0,0,0,0,0,0,0,0
482931,2,1,1986,5,5,5,5,5,5,5,5,5,5
482932,1,1,1986,0,0,0,0,0,0,0,0,0,0
482932,2,1,1986,0,0,0,0,0,0,0,0,0,0
482932,3,1,1986,0,0,0,0,0,0,0,0,6,0
482933,1,1,1986,16,16,16,16,16,16,16,16,16,16
482934,1,1,1986,0,0,0,0,0,0,22,0,0,0
482935,1,1,1986,0,0,0,0,0,0,0,0,0,0
482935,2,1,1986,0,0,3,0,0,0,0,0,0,0
482936,1,1,1986,0,0,0,0,0,0,0,0,0,0
482936,2,1,1986,0,0,0,0,12,21,0,0,0,0
482937,1,1,1986,19,19,19,19,19,19,19,19,19,19
482938,1,1,1986,0,0,0,0,0,0,0,0,0,0
482938,2,1,1986,0,0,0,0,0,0,0,0,0,0
482939,1,1,1986,14,18,0,0,13,0,9,12,18,12
482940,1,1,1986,0,0,0,0,0,0,0,0,0,0
482940,2,1,1986,0,0,0,0,0,0,0,0,0,0
482941,1,1,1986,24,24,24,24,24,24,24,24,24,24
482941,2,1,1986,0,0,0,0,0,0,0,0,0,0
482942,1,1,1986,12,12,12,12,12,12,12,12,12,12
482942,2,1,1986,14,14,14,14,14,14,14,14,14,14
482943,1,1,1986,33,33,33,33,33,33,33,33,33,33
482944,0,1,1986,12,24,22,28,12,10,14,21,12,25
482944,1,1,1986,0,0,0,4,0,0,0,0,19,0
482945,1,1,1986,0,0,14,7,0,0,0,0,0,0
482945,2,1,1986,0,0,0,0,0,0,0,0,0,0
482946,1,1,1986,20,0,0,0,0,0,0,0,0,0
482946,2,1,1986,22,9,13,15,4,7,0,12,0,15
482947,1,1,1986,6,6,6,6,6,6,6,6,6,6
482948,1,1,1986,0,10,0,0,0,0,0,0,0,0
482948,2,1,1986,0,14,8,14,0,20,11,0,16,18
482949,1,1,1986,0,0,0,0,0,0,0,0,0,0
482950,1,1,1986,0,0,0,21,0,0,0,0,0,0
482950,2,1,1986,34,0,0,0,0,0,8,0,0,0
482951,1,1,1986,0,0,0,0,17,8,11,20,0,0
482952,1,1,1986,4,9,14,15,16,16,0,6,7,17
482952,2,1,1986,13,13,0,0,0,0,0,18,0,15
482953,1,1,1986,11,11,11,11,11,11,11,11,11,11
482954,1,1,1986,17,17,17,17,17,17,17,17,17,17
482955,1,1,1986,15,15,15,15,15,15,15,15,15,15
482955,2,1,1986,0,0,0,0,0,0,0,0,0,0
482956,1,1,1986,24,24,24,24,24,24,24,24,24,24
482956,2,1,1986,0,0,0,0,0,0,0,0,0,0
482957,0,1,1986,0,0,0,0,0,0,0,0,0,0
482957,1,1,1986,0,0,0,0,0,0,12,0,0,0
482958,1,1,1986,0,0,0,0,0,0,0,0,0,13
482958,2,1,1986,0,0,0,14,0,0,22,0,24,0
482959,0,1,1986,0,0,0,0,0,0,0,0,0,0
482959,1,1,1986,23,0,0,0,4,0,0,0,0,0
482960,1,1,1986,0,0,0,0,0,0,0,0,0,0
482960,2,1,1986,0,0,0,0,0,0,0,0,0,0
482961,0,1,1986,17,17,17,17,17,17,17,17,17,17
482961,1,1,1986,15,15,15,15,15,15,15,15,15,15
482962,1,1,1986,0,0,0,0,0,0,0,24,0,0
482962,2,1,1986,0,0,0,0,0,0,0,0,0,0
482963,1,1,1986,0,0,0,0,0,0,0,0,0,0
482963,2,1,1986,0,0,0,0,0,0,0,0,0,0
482964,1,1,1986,17,28,10,15,17,18,30,21,14,18
482964,2,1,1986,27,17,31,0,0,12,20,24,7,0
482965,1,1,1986,20,20,20,20,20,20,20,20,20,20
482965,2,1,1986,0,0,0,0,0,0,0,0,0,0
482966,1,1,1986,0,0,0,0,0,0,10,0,0,0
482966,2,1,1986,5,5,5,5,5,5,5,5,5,5