ST_CASE,VEH_NO,PER_NO,YEAR,P1,P2,P3,P4,P5,P6,P7,P8,P9,P10
482967,1,1,1986,0,6,26,0,17,0,21,0,0,0
482967,2,1,1986,0,0,0,0,0,0,0,0,0,0
482968,0,1,1986,0,0,0,0,0,0,0,0,0,0
482968,1,1,1986,0,0,0,9,0,0,0,0,0,0
482969,1,1,1986,0,0,0,0,0,0,0,0,0,0
482969,2,1,1986,3,0,18,19,0,0,0,0,0,0
482969,3,1,1986,0,0,0,0,0,0,0,0,0,0
482969,4,1,1986,0,0,0,0,0,0,0,0,0,0
482970,1,1,1986,0,0,0,0,0,3,0,6,6,0
482970,2,1,1986,16,0,0,0,0,0,0,0,0,11
482971,1,1,1986,0,0,0,8,19,11,0,20,21,8
482972,1,1,1986,23,23,23,23,23,23,23,23,23,23
482972,2,1,1986,0,0,0,0,0,0,0,0,0,0
482973,1,1,1986,0,0,0,0,0,0,0,0,0,12
482973,2,1,1986,0,0,0,0,0,0,0,0,0,0
482974,1,1,1986,0,0,0,13,0,19,16,0,0,0
482974,2,1,1986,20,20,20,20,20,20,20,20,20,20
482975,1,1,1986,7,17,9,10,14,26,10,12,8,28
482976,1,1,1986,19,19,19,19,19,19,19,19,19,19
482977,1,1,1986,0,0,0,0,0,0,0,0,0,0
482977,2,1,1986,0,0,0,0,0,0,0,0,0,0
482978,1,1,1986,26,26,26,26,26,26,26,26,26,26
482979,1,1,1986,18,18,18,18,18,18,18,18,18,18
482979,2,1,1986,16,15,0,16,0,0,0,0,31,0
482980,1,1,1986,0,0,0,0,0,0,0,0,0,0
482980,2,1,1986,0,0,0,0,0,0,0,0,0,0
482981,1,1,1986,0,0,0,0,0,0,0,0,3,16
482981,2,1,1986,0,0,0,0,0,0,0,0,0,0
482982,1,1,1986,0,0,0,0,0,8,0,0,0,0
482983,0,1,1986,0,0,0,0,0,0,0,0,0,0
482983,1,1,1986,0,0,0,0,0,0,0,0,0,0
482984,1,1,1986,25,25,25,25,25,25,25,25,25,25
482984,2,1,1986,15,15,15,15,15,15,15,15,15,15
482985,1,1,1986,0,0,0,0,0,0,0,0,0,0
482985,2,1,1986,2,2,2,2,2,2,2,2,2,2
482985,3,1,1986,0,0,18,0,0,0,0,14,0,0
482986,0,1,1986,0,6,0,15,0,0,12,0,0,0
482986,1,1,1986,0,0,0,0,0,0,0,0,0,0
482987,1,1,1986,10,10,0,19,16,0,16,23,5,15
482987,2,1,1986,10,0,0,0,0,0,15,0,0,0
482987,3,1,1986,0,0,0,0,0,0,13,0,0,0
482988,1,1,1986,0,0,0,0,0,0,0,0,0,0
482988,2,1,1986,0,0,0,0,0,0,0,0,0,0
482989,1,1,1986,0,0,0,0,0,0,0,0,0,0
482990,1,1,1986,19,19,19,19,19,19,19,19,19,19
482991,1,1,1986,11,11,11,11,11,11,11,11,11,11
482991,2,1,1986,0,11,22,0,14,0,0,0,0,0
482992,1,1,1986,0,11,0,0,0,18,17,6,0,0
482992,2,1,1986,46,0,0,4,0,0,0,12,4,9
482993,1,1,1986,0,20,14,17,16,11,11,11,13,5
482994,1,1,1986,0,0,0,0,0,0,0,0,0,0
482994,2,1,1986,0,0,0,0,0,0,0,0,0,0
482995,1,1,1986,23,23,23,23,23,23,23,23,23,23
482995,2,1,1986,0,0,0,0,0,0,0,0,0,0
482996,1,1,1986,24,20,25,20,36,12,28,27,33,19
482997,1,1,1986,21,26,0,0,0,0,0,0,0,0
482998,1,1,1986,0,0,0,0,0,0,0,0,0,0
482999,1,1,1986,18,18,18,18,18,18,18,18,18,18
483000,1,1,1986,0,0,0,0,0,0,0,0,0,0
483000,2,1,1986,0,0,0,0,0,0,0,0,0,0
483001,1,1,1986,0,0,0,0,0,0,0,0,0,0
483002,1,1,1986,0,0,0,0,5,0,0,0,0,4
483002,2,1,1986,0,0,0,0,0,0,0,0,0,0
483003,1,1,1986,0,0,0,0,0,0,0,0,0,0
483004,1,1,1986,0,0,0,0,0,0,0,0,0,0
483004,2,1,1986,1,1,1,1,1,1,1,1,1,1
483005,0,1,1986,0,25,23,0,0,0,0,0,0,19
483005,1,1,1986,9,7,9,10,19,16,15,33,11,22
483006,1,1,1986,14,0,21,0,16,0,0,12,0,0
483006,2,1,1986,9,0,0,0,0,13,0,0,0,0
483007,0,1,1986,0,6,0,20,0,0,0,25,0,13
483007,1,1,1986,0,0,0,0,0,0,0,0,0,0
483008,1,1,1986,0,0,0,0,0,0,0,0,0,0
483008,2,1,1986,0,0,0,0,0,0,0,0,0,4
483009,1,1,1986,0,0,0,15,0,0,0,0,0,0
483009,2,1,1986,0,0,0,0,0,0,0,0,0,0
483009,3,1,1986,0,0,0,0,0,0,0,5,0,5
483010,0,1,1986,0,0,0,0,0,0,0,0,0,0
483010,1,1,1986,0,0,0,12,0,0,0,0,0,0
483011,1,1,1986,0,0,0,0,0,0,0,0,0,0
483012,1,1,1986,0,0,0,0,0,0,0,0,0,0
483012,2,1,1986,15,15,15,15,15,15,15,15,15,15
483013,0,1,1986,0,16,0,0,0,0,42,0,0,0
483013,1,1,1986,6,0,0,0,0,0,0,0,0,0
483014,1,1,1986,21,21,21,21,21,21,21,21,21,21
483015,1,1,1986,0,0,0,0,0,0,0,0,0,0
483015,2,1,1986,0,0,0,0,0,0,0,0,0,0
483016,1,1,1986,26,0,0,0,0,0,0,0,0,0
483016,2,1,1986,23,0,0,0,0,24,0,0,0,0
483017,1,1,1986,12,12,12,12,12,12,12,12,12,12
483017,2,1,1986,0,0,15,0,0,0,0,5,0,0
483018,1,1,1986,7,7,7,7,7,7,7,7,7,7
483018,2,1,1986,15,15,15,15,15,15,15,15,15,15
483019,1,1,1986,29,15,31,33,15,14,20,11,53,11
483020,1,1,1986,21,21,21,21,21,21,21,21,21,21
483021,1,1,1986,0,7,11,0,0,0,0,0,19,14
483021,2,1,1986,0,0,0,0,0,0,0,0,0,0
483022,1,1,1986,0,0,0,0,0,0,0,0,0,0
483022,2,1,1986,0,0,0,0,0,0,0,0,0,0
483022,3,1,1986,0,0,0,0,0,0,0,0,0,0
483023,1,1,1986,33,33,33,33,33,33,33,33,33,33
483023,2,1,1986,8,8,8,8,8,8,8,8,8,8
483024,1,1,1986,15,15,15,15,15,15,15,15,15,15
483025,1,1,1986,18,0,0,17,0,0,0,0,15,21
483026,1,1,1986,0,0,0,0,0,0,0,0,0,0
483026,2,1,1986,0,15,0,0,0,5,0,0,0,0
483027,1,1,1986,0,0,0,0,0,0,0,0,0,0
483027,2,1,1986,22,22,22,22,22,22,22,22,22,22
483028,1,1,1986,0,0,0,0,0,0,0,0,0,0
483028,2,1,1986,0,0,18,0,0,0,13,0,26,0
483029,1,1,1986,26,12,11,26,15,14,21,0,0,21
483030,1,1,1986,0,0,0,0,0,0,16,0,0,0
483030,2,1,1986,0,0,0,0,0,0,0,0,0,0
483031,1,1,1986,0,8,0,17,6,0,17,0,25,10
483032,1,1,1986,0,0,0,17,0,0,0,0,0,0
483032,2,1,1986,0,0,0,0,0,0,0,0,0,0
483033,0,1,1986,0,0,0,0,0,0,0,0,0,0
483033,1,1,1986,0,0,0,0,0,0,0,0,0,0
483034,1,1,1986,16,6,14,0,0,19,22,17,17,32
483035,1,1,1986,0,0,0,0,0,0,0,0,0,0
483035,2,1,1986,0,0,0,0,0,0,0,0,0,0
483036,1,1,1986,0,0,0,0,0,0,0,0,0,0
483037,1,1,1986,11,11,11,11,11,11,11,11,11,11
483038,1,1,1986,20,0,8,0,0,40,8,0,24,9
483038,2,1,1986,0,0,0,0,0,0,8,0,0,0
483039,1,1,1986,0,0,0,0,0,0,0,0,0,0
483039,2,1,1986,0,0,0,0,0,0,0,0,0,0
483040,1,1,1986,8,8,8,8,8,8,8,8,8,8
483041,1,1,1986,0,0,0,0,0,0,0,0,0,0
483041,2,1,1986,0,0,0,0,0,0,0,0,0,0
483042,1,1,1986,0,16,0,0,0,0,0,0,0,0
483043,1,1,1986,0,0,0,0,0,0,0,0,0,0
483043,2,1,1986,0,0,24,0,23,32,0,18,30,0
483044,0,1,1986,31,23,5,12,12,23,0,6,25,0
483044,1,1,1986,0,19,0,8,16,32,19,12,14,0
483045,1,1,1986,0,0,0,0,0,0,0,0,0,0
483045,2,1,1986,0,0,0,11,12,0,0,0,13,22
483046,1,1,1986,0,0,0,0,15,0,0,0,0,0
483047,1,1,1986,14,0,0,0,0,0,0,0,0,0
483048,0,1,1986,0,0,7,0,22,36,16,0,0,0
483048,1,1,1986,17,17,17,17,17,17,17,17,17,17
483049,1,1,1986,16,16,16,16,16,16,16,16,16,16
483050,0,1,1986,10,14,15,6,0,0,22,46,14,11
483050,1,1,1986,38,12,16,14,10,0,25,17,5,15
483051,1,1,1986,0,0,0,0,0,0,0,0,0,0
483051,2,1,1986,0,0,0,0,0,0,0,0,0,0
483051,3,1,1986,0,5,0,0,0,0,0,0,0,20
483052,1,1,1986,0,0,0,0,0,0,0,0,0,0
483052,2,1,1986,0,0,0,0,0,0,0,0,0,0
483053,1,1,1986,20,20,20,20,20,20,20,20,20,20
483054,0,1,1986,0,0,0,0,0,0,0,0,0,0
483054,1,1,1986,0,7,0,0,0,19,0,0,0,19
483055,0,1,1986,13,0,0,0,0,0,0,0,0,0
483055,1,1,1986,0,0,0,13,0,0,0,0,0,0
483056,1,1,1986,7,19,5,23,7,12,6,14,7,11
483056,2,1,1986,5,0,11,0,5,0,0,18,14,0
483057,1,1,1986,0,0,0,0,0,0,0,0,0,0
483057,2,1,1986,0,0,0,0,0,0,0,0,0,0
483058,0,1,1986,30,0,0,0,0,0,0,0,0,0
483058,1,1,1986,0,0,18,0,0,0,0,0,0,0
483059,1,1,1986,20,20,20,20,20,20,20,20,20,20
483060,1,1,1986,13,0,0,0,0,0,0,0,0,0
483060,2,1,1986,0,0,0,19,0,0,0,15,0,0
483061,1,1,1986,28,40,29,15,19,13,23,21,34,0
483062,0,1,1986,13,13,13,13,13,13,13,13,13,13
483062,1,1,1986,0,6,0,5,0,0,3,13,0,13
483062,2,1,1986,29,8,11,0,0,13,14,9,12,0
483063,1,1,1986,0,0,0,0,0,10,0,0,0,0
483063,2,1,1986,26,13,16,15,0,0,17,15,0,28
483064,0,1,1986,0,33,0,0,12,0,38,30,0,11
483064,1,1,1986,0,14,0,0,20,13,0,0,4,11
483065,1,1,1986,0,0,21,6,0,14,18,14,14,28
483066,1,1,1986,0,0,0,0,0,0,0,11,0,0
483066,2,1,1986,0,0,0,11,7,0,0,0,0,0
483067,0,1,1986,0,0,0,0,0,0,0,0,0,0
483067,1,1,1986,0,11,11,0,23,0,7,0,7,0
483068,1,1,1986,0,0,0,0,0,0,0,21,0,0
483068,2,1,1986,18,18,18,18,18,18,18,18,18,18
483069,1,1,1986,0,0,0,0,0,0,0,0,0,0
483069,2,1,1986,8,0,0,0,0,11,0,0,0,0
483070,1,1,1986,14,14,14,14,14,14,14,14,14,14
483071,1,1,1986,0,0,0,0,0,0,0,0,0,0
483071,2,1,1986,0,0,0,0,0,0,0,27,0,0
483071,3,1,1986,0,0,0,0,0,0,0,0,0,0
483072,1,1,1986,0,2,0,0,0,0,0,2,0,0
483073,0,1,1986,0,0,0,0,0,0,0,0,0,0
483073,1,1,1986,0,0,0,0,0,0,0,0,0,0
483074,1,1,1986,0,0,0,0,0,0,0,0,0,0
483074,2,1,1986,0,0,0,0,0,0,0,0,0,0
483075,1,1,1986,0,0,0,13,0,6,0,0,0,4
483075,2,1,1986,0,0,0,7,0,0,0,0,0,0
483076,1,1,1986,0,0,0,0,0,0,0,0,0,0
483076,2,1,1986,0,0,0,0,0,0,0,0,0,0
483077,1,1,1986,0,0,0,0,0,0,0,0,0,0
483077,2,1,1986,0,0,0,0,0,0,0,0,0,0
483078,1,1,1986,13,10,17,22,9,11,0,8,21,13
483079,1,1,1986,18,0,14,13,8,16,12,32,8,18
483079,2,1,1986,0,0,0,0,0,0,0,0,0,0
483080,1,1,1986,0,0,0,0,19,0,0,0,0,0
483081,1,1,1986,0,13,0,0,0,19,0,0,0,0
483081,2,1,1986,0,0,0,0,0,0,0,0,0,0
483082,1,1,1986,15,15,15,15,15,15,15,15,15,15
483083,1,1,1986,0,0,0,0,0,0,0,0,0,0
483084,0,1,1986,0,0,0,0,0,0,0,0,0,0
483084,1,1,1986,0,45,0,0,0,0,0,21,0,18
483085,0,1,1986,0,0,0,8,0,0,0,0,0,0
483085,0,2,1986,0,30,13,0,0,8,20,15,43,17
483085,0,3,1986,21,10,16,0,15,0,0,3,0,20
483085,1,1,1986,0,0,0,0,0,21,0,0,0,0
483086,1,1,1986,21,21,21,21,21,21,21,21,21,21
483087,1,1,1986,44,0,7,0,0,0,0,0,0,0
483088,1,1,1986,0,0,0,0,21,0,0,0,0,0
483088,2,1,1986,0,0,0,0,0,0,0,0,0,0
483089,0,1,1986,0,0,14,0,59,0,17,0,0,0
483089,1,1,1986,8,8,0,26,0,0,40,23,7,0
483090,0,1,1986,0,0,0,0,0,0,0,0,0,0
483090,1,1,1986,0,0,0,0,0,0,0,0,0,0
483091,1,1,1986,29,29,29,29,29,29,29,29,29,29
483091,2,1,1986,0,19,0,0,0,0,0,0,0,0
483092,1,1,1986,0,0,0,0,0,0,0,0,0,0
483093,1,1,1986,27,0,12,9,7,22,15,32,0,0
483093,2,1,1986,0,13,0,11,0,15,0,0,0,16
483094,1,1,1986,0,0,0,0,0,8,0,0,0,0
483094,2,1,1986,0,0,0,0,0,0,0,0,0,0
483095,1,1,1986,0,0,0,0,0,0,0,31,0,0
483095,2,1,1986,0,0,0,0,0,0,0,0,0,0
483096,0,1,1986,23,44,13,24,22,12,16,17,18,14
483096,1,1,1986,0,0,0,9,0,0,0,0,16,12
483097,1,1,1986,19,0,34,0,0,0,0,0,0,0
483098,1,1,1986,3,23,0,33,22,21,8,24,0,22
483099,1,1,1986,0,0,0,4,0,0,11,0,0,0
483099,2,1,1986,17,0,0,0,0,0,0,0,0,0
483100,1,1,1986,0,0,0,0,0,0,0,0,0,0
483100,2,1,1986,0,0,0,0,0,0,0,0,0,0
483100,3,1,1986,0,0,0,1,0,0,0,0,0,0
483101,1,1,1986,24,36,25,15,18,24,18,29,19,5
483102,1,1,1986,18,0,0,0,0,0,0,0,0,0
483103,1,1,1986,13,5,18,0,7,0,0,0,0,8
483103,2,1,1986,0,0,6,0,0,0,0,0,0,0
483104,1,1,1986,10,16,12,36,14,25,0,5,17,15
483104,2,1,1986,0,0,0,0,0,16,18,6,0,0
483105,0,1,1986,36,0,0,0,0,35,0,24,14,13
483105,1,1,1986,9,2,29,6,18,18,14,15,9,21
483106,1,1,1986,17,18,13,34,21,7,20,13,0,29
483106,2,1,1986,0,0,0,18,17,0,0,0,22,0
483107,1,1,1986,0,0,0,0,0,0,0,0,0,0
483107,2,1,1986,10,0,0,0,0,0,8,0,0,6
483108,1,1,1986,0,0,0,0,0,0,0,0,0,0
483108,2,1,1986,0,0,0,0,0,0,0,0,0,0
483109,1,1,1986,27,24,24,36,13,14,19,22,27,19
483110,1,1,1986,0,0,0,0,0,0,0,0,0,0
483110,2,1,1986,0,0,0,0,0,0,0,0,0,0
483111,1,1,1986,0,0,0,0,0,0,0,0,0,0
483111,2,1,1986,0,0,0,0,0,0,16,0,0,0
483112,1,1,1986,7,0,0,0,0,0,0,0,0,0
483113,1,1,1986,0,0,0,0,0,0,0,0,0,0
483113,2,1,1986,5,0,0,0,13,9,0,0,0,0
483114,1,1,1986,7,8,22,15,10,14,0,24,0,0
483115,0,1,1986,9,9,9,9,9,9,9,9,9,9
483115,1,1,1986,13,0,0,0,0,0,0,19,0,0
483116,0,1,1986,17,21,26,24,14,7,28,12,14,14
483116,1,1,1986,0,0,0,2,0,0,0,9,0,0
483117,0,1,1986,0,0,10,0,14,0,0,0,0,0
483117,1,1,1986,10,8,0,9,5,20,2,11,0,28
483118,0,1,1986,0,33,0,22,15,0,22,12,13,46
483118,1,1,1986,19,0,0,0,0,0,0,9,0,0
483119,1,1,1986,0,0,0,0,0,0,0,0,0,0
483120,1,1,1986,0,0,12,0,0,0,7,0,6,0
483120,2,1,1986,0,9,0,0,0,11,0,17,3,12
483121,1,1,1986,0,0,0,0,0,0,0,0,0,0
483122,1,1,1986,0,0,0,0,0,0,0,0,0,0
483122,2,1,1986,0,0,0,0,0,0,0,0,0,0
483123,1,1,1986,0,0,0,0,0,0,0,0,0,0
483124,0,1,1986,0,0,0,44,9,0,0,0,0,0
483124,1,1,1986,0,0,0,0,0,0,0,0,0,0
483125,1,1,1986,5,17,31,17,13,7,23,20,0,17
483125,2,1,1986,0,0,0,0,0,0,0,0,0,0
483126,0,1,1986,37,13,14,0,12,9,27,0,0,5
483126,1,1,1986,14,0,22,0,0,0,0,5,22,0
483127,1,1,1986,16,21,0,0,0,0,13,0,0,0
483128,1,1,1986,12,12,12,12,12,12,12,12,12,12
483128,2,1,1986,0,0,0,0,0,0,0,0,0,0
483129,1,1,1986,0,0,20,0,2,0,15,0,24,7
483129,2,1,1986,3,0,0,0,0,15,21,15,0,0
483130,0,1,1986,0,0,22,0,0,0,0,0,13,0
483130,1,1,1986,0,0,0,9,0,0,0,0,10,0
483130,2,1,1986,0,0,0,13,0,0,0,0,0,0
483131,0,1,1986,0,0,24,0,0,11,0,0,0,0
483131,1,1,1986,0,0,0,0,7,0,0,0,0,0
483132,0,1,1986,0,0,0,0,23,7,0,4,0,0
483132,1,1,1986,21,21,21,21,21,21,21,21,21,21
483134,1,1,1986,0,0,0,0,0,0,0,0,0,0
483134,2,1,1986,0,0,0,0,0,0,0,0,0,0
483134,3,1,1986,0,0,0,0,0,0,0,0,0,0
483135,1,1,1986,25,0,0,0,21,0,0,0,2,0
483136,1,1,1986,0,0,0,0,0,0,0,0,0,0
483136,2,1,1986,0,11,0,0,0,0,0,7,0,0
483137,1,1,1986,0,0,0,0,0,0,16,0,0,20
483138,1,1,1986,0,0,0,0,0,22,0,12,0,0
483139,1,1,1986,0,0,0,25,0,0,0,0,0,0
483140,1,1,1986,10,19,22,27,0,22,31,25,20,21
483141,1,1,1986,0,0,0,0,0,0,17,0,0,0
483141,2,1,1986,0,6,0,0,0,0,0,0,0,0
483141,3,1,1986,0,0,0,0,0,12,12,0,0,0
483142,1,1,1986,30,25,27,13,32,37,0,0,28,0
483143,1,1,1986,0,15,0,0,16,17,0,5,17,14
483144,0,1,1986,0,0,0,0,0,0,0,0,0,0
483144,1,1,1986,0,0,0,0,0,0,0,0,2,0
483145,0,1,1986,0,0,0,0,0,0,0,0,0,0
483145,1,1,1986,0,0,0,0,0,0,0,8,0,0
483146,1,1,1986,0,0,0,0,0,18,0,0,0,0
483146,2,1,1986,0,7,0,0,0,0,0,0,0,0
483147,1,1,1986,0,0,0,0,0,0,0,0,0,0
483147,2,1,1986,0,0,0,0,0,0,12,0,0,0
483148,1,1,1986,21,2,9,14,6,10,13,20,8,2
483149,0,1,1986,0,0,0,0,0,0,0,0,0,0
483149,1,1,1986,0,13,0,0,0,0,0,0,0,0
483150,1,1,1986,14,0,0,0,0,0,0,0,0,0
483151,0,1,1986,34,13,20,30,35,17,21,18,19,12
483151,1,1,1986,17,0,0,0,0,0,23,0,5,0
483152,1,1,1986,0,0,0,0,0,0,0,19,0,0
483153,1,1,1986,0,0,0,0,0,0,0,0,0,0
483153,2,1,1986,20,10,24,0,17,9,22,15,15,10
483154,1,1,1986,0,0,0,0,0,5,0,0,0,0
483154,2,1,1986,0,0,0,0,0,0,0,0,0,0
483156,0,1,1986,19,19,0,0,23,0,0,23,0,30
483156,1,1,1986,10,2,0,0,0,0,4,0,0,12
490001,1,1,1986,0,0,0,0,0,0,0,0,0,0
490002,1,1,1986,0,0,0,0,0,0,0,0,0,0
490003,1,1,1986,0,0,0,0,0,0,0,0,0,0
490004,1,1,1986,0,0,0,0,0,0,0,0,0,0
490004,2,1,1986,0,0,0,0,0,0,0,0,0,0
490005,1,1,1986,0,0,0,0,0,0,0,0,0,0
490005,2,1,1986,0,0,0,0,0,0,0,0,0,0
490005,3,1,1986,0,0,0,0,0,0,0,0,0,0
490006,1,1,1986,0,0,0,0,0,0,0,0,0,0
490006,2,1,1986,0,0,0,0,0,0,0,0,0,0
490007,1,1,1986,0,0,0,0,0,0,0,0,0,0
490008,1,1,1986,0,0,0,0,0,0,0,0,0,0
490008,2,1,1986,0,0,18,0,0,0,0,0,0,0
490008,3,1,1986,0,0,0,0,0,0,0,0,0,0
490008,4,1,1986,0,0,0,0,0,0,0,0,0,0
490009,1,1,1986,0,0,0,0,0,0,0,0,0,0
490009,2,1,1986,0,0,0,0,0,0,0,0,0,0
490010,1,1,1986,0,0,0,0,0,0,0,0,0,0
490010,2,1,1986,0,0,0,0,0,0,0,0,0,0
490010,3,1,1986,0,0,0,0,0,0,6,0,0,0
490011,1,1,1986,0,0,0,0,0,0,0,0,0,0
490011,2,1,1986,0,0,0,0,0,0,0,0,0,0
490012,1,1,1986,3,3,3,3,3,3,3,3,3,3
490012,2,1,1986,0,0,0,0,0,0,0,0,0,0
490012,3,1,1986,0,0,0,0,0,0,0,0,0,0
490013,1,1,1986,0,0,0,0,0,0,0,0,0,0
490014,1,1,1986,19,19,19,19,19,19,19,19,19,19
490015,0,1,1986,0,0,0,0,0,0,0,0,0,0
490015,1,1,1986,21,21,21,21,21,21,21,21,21,21
490015,2,1,1986,0,0,0,0,0,0,0,0,0,0
490016,1,1,1986,0,0,0,0,0,0,3,0,0,0
490016,2,1,1986,0,0,0,0,0,0,0,0,0,0
490017,1,1,1986,6,6,6,6,6,6,6,6,6,6
490018,0,1,1986,0,20,0,0,2,0,0,0,0,0
490018,1,1,1986,0,0,12,0,0,0,0,0,12,0
490019,1,1,1986,0,0,0,0,0,0,0,0,0,0
490020,1,1,1986,0,0,0,0,0,0,0,0,0,0
490021,1,1,1986,5,5,5,5,5,5,5,5,5,5
490022,1,1,1986,3,3,3,3,3,3,3,3,3,3
490022,2,1,1986,0,0,0,0,0,0,0,0,0,0
490022,3,1,1986,0,0,0,0,0,0,0,0,0,0
490023,1,1,1986,0,0,0,0,0,0,0,0,0,0
490024,1,1,1986,21,21,21,21,21,21,21,21,21,21
490025,1,1,1986,0,0,0,0,0,0,0,0,0,0
490026,1,1,1986,9,9,9,9,9,9,9,9,9,9
490028,1,1,1986,0,5,0,0,0,0,0,0,0,0
490029,1,1,1986,0,19,19,16,0,0,0,0,0,12
490029,2,1,1986,0,0,0,0,0,0,0,0,0,0
490030,0,1,1986,0,0,0,0,0,0,0,0,0,0
490030,1,1,1986,0,0,0,0,0,0,0,0,0,0
490031,1,1,1986,0,14,4,16,0,25,18,21,19,21
490032,1,1,1986,16,16,16,16,16,16,16,16,16,16
490033,0,1,1986,0,0,0,0,0,0,0,0,0,0
490033,1,1,1986,0,0,0,0,0,0,0,0,0,0
490034,1,1,1986,27,27,27,27,27,27,27,27,27,27
490035,0,1,1986,27,27,27,27,27,27,27,27,27,27
490035,0,2,1986,19,19,19,19,19,19,19,19,19,19
490035,1,1,1986,0,0,0,0,0,0,0,0,0,0
490036,1,1,1986,0,0,0,0,0,0,0,0,0,0
490037,0,1,1986,27,27,27,27,27,27,27,27,27,27
490037,1,1,1986,0,0,0,0,0,0,0,0,0,0
490038,1,1,1986,0,0,0,0,0,0,0,0,0,0
490038,2,1,1986,0,15,7,0,0,0,0,10,0,20
490040,0,1,1986,0,0,0,0,0,0,0,0,0,0
490040,1,1,1986,0,0,0,0,0,0,0,0,0,0
490041,1,1,1986,0,0,0,0,0,0,0,0,0,0
490041,2,1,1986,0,0,0,0,0,0,0,0,0,0
490042,0,1,1986,41,0,6,0,14,0,0,0,19,20
490042,0,2,1986,27,27,27,27,27,27,27,27,27,27
490042,1,1,1986,0,0,0,0,0,0,0,0,0,0
490043,1,1,1986,9,9,9,9,9,9,9,9,9,9
490043,2,1,1986,0,0,0,0,0,0,0,0,0,0
490043,3,1,1986,0,0,0,0,0,0,0,0,0,0
490045,1,1,1986,0,0,0,0,0,0,0,0,0,0
490046,1,1,1986,0,0,0,0,0,0,0,0,0,0
490046,2,1,1986,0,0,0,0,0,0,0,0,0,0
490047,1,1,1986,0,0,0,0,0,0,0,0,0,0
490047,2,1,1986,6,6,6,6,6,6,6,6,6,6
490048,1,1,1986,0,0,0,0,0,0,0,0,0,0
490049,1,1,1986,0,0,0,0,2,7,0,0,0,0
490050,0,1,1986,0,0,0,11,0,0,0,31,0,0
490050,1,1,1986,0,0,0,0,0,0,0,0,0,0
490051,1,1,1986,0,0,0,0,0,0,0,0,0,0
490052,0,1,1986,0,0,0,0,0,0,0,0,0,0
490052,1,1,1986,0,0,0,0,0,0,0,0,0,0
490053,0,1,1986,0,0,0,0,0,0,0,0,0,0
490053,1,1,1986,0,0,0,0,0,0,0,0,0,0
490054,0,1,1986,0,0,0,0,0,0,0,0,0,0
490054,1,1,1986,0,0,0,0,0,0,0,0,0,0
490055,0,1,1986,21,21,21,21,21,21,21,21,21,21
490055,1,1,1986,0,0,0,0,0,0,0,0,0,0
490056,1,1,1986,0,0,0,0,0,0,0,0,0,0
490056,2,1,1986,0,0,0,0,0,0,0,0,0,0
490057,0,1,1986,0,0,0,44,0,0,0,0,0,0
490057,1,1,1986,10,10,10,10,10,10,10,10,10,10
490058,1,1,1986,32,32,32,32,32,32,32,32,32,32
490059,1,1,1986,0,0,0,0,0,0,0,0,0,0
490059,2,1,1986,0,0,0,0,0,0,0,0,0,0
490060,1,1,1986,0,0,0,0,0,0,0,0,0,0
490060,2,1,1986,0,0,0,0,0,0,0,0,0,0
490061,0,1,1986,0,0,0,0,0,0,0,0,0,0
490061,1,1,1986,0,0,0,0,0,0,0,0,0,0
490062,1,1,1986,0,0,0,12,12,0,12,0,15,19
490063,1,1,1986,16,16,16,16,16,16,16,16,16,16
490064,0,1,1986,0,0,0,0,0,0,0,0,0,0
490064,1,1,1986,0,0,0,0,0,0,0,0,0,0
490065,0,1,1986,15,15,15,15,15,15,15,15,15,15
490065,1,1,1986,21,25,0,2,15,24,27,14,38,21
490066,1,1,1986,0,0,0,0,0,0,0,0,0,0
490066,2,1,1986,0,0,0,0,0,0,0,0,0,0
490067,1,1,1986,0,0,0,0,0,0,0,0,0,0
490068,1,1,1986,20,20,20,20,20,20,20,20,20,20
490069,1,1,1986,13,13,13,13,13,13,13,13,13,13
490070,1,1,1986,0,0,0,0,0,0,0,0,0,0
490071,1,1,1986,14,14,14,14,14,14,14,14,14,14
490072,1,1,1986,0,0,0,0,0,0,0,0,0,0
490072,2,1,1986,0,0,0,0,0,0,0,0,0,0
490073,1,1,1986,0,0,0,0,0,0,0,0,0,0
490073,2,1,1986,0,0,0,0,0,0,0,0,0,0
490074,1,1,1986,0,0,0,0,0,0,0,0,0,0
490074,2,1,1986,0,0,0,0,0,0,0,0,0,0
490075,1,1,1986,0,0,0,0,0,0,0,0,0,0
490075,2,1,1986,0,0,0,0,0,0,0,0,0,0
490076,1,1,1986,0,0,0,0,0,0,0,0,0,0
490077,0,1,1986,0,0,0,0,0,0,0,0,0,0
490077,1,1,1986,0,0,0,0,0,0,0,0,0,0
490078,1,1,1986,15,15,15,15,15,15,15,15,15,15
490079,1,1,1986,15,15,15,15,15,15,15,15,15,15
490080,1,1,1986,0,0,0,0,0,0,0,0,0,0
490080,2,1,1986,0,0,0,0,0,0,0,0,0,0
490081,1,1,1986,0,0,0,0,0,0,0,0,0,0
490081,2,1,1986,0,0,0,0,0,0,0,0,0,4
490083,1,1,1986,2,2,2,2,2,2,2,2,2,2
490084,1,1,1986,30,30,30,30,30,30,30,30,30,30
490085,1,1,1986,19,19,19,19,19,19,19,19,19,19
490086,1,1,1986,26,26,26,26,26,26,26,26,26,26
490087,1,1,1986,0,0,0,0,0,0,0,0,0,0
490087,2,1,1986,0,0,0,0,0,0,0,0,0,0