ST_CASE,VEH_NO,PER_NO,YEAR,P1,P2,P3,P4,P5,P6,P7,P8,P9,P10
490087,3,1,1986,0,0,0,0,0,0,0,0,0,0
490087,4,1,1986,0,0,0,4,0,0,0,0,0,0
490087,5,1,1986,0,0,0,0,0,0,0,0,0,0
490088,1,1,1986,0,0,0,0,0,0,0,0,0,0
490088,2,1,1986,0,0,0,0,0,0,0,0,0,0
490089,1,1,1986,0,0,0,0,0,0,0,0,0,0
490089,2,1,1986,0,0,0,0,0,0,0,0,0,0
490090,1,1,1986,21,21,21,21,21,21,21,21,21,21
490090,2,1,1986,0,0,0,0,0,0,0,0,0,0
490091,1,1,1986,0,0,0,0,0,0,0,0,0,0
490092,1,1,1986,0,0,0,0,0,0,0,0,0,0
490092,2,1,1986,0,0,0,0,0,0,0,0,0,0
490093,1,1,1986,0,0,0,0,0,0,0,0,0,0
490093,2,1,1986,0,0,0,0,0,0,0,12,0,0
490093,3,1,1986,0,0,0,0,0,0,0,0,0,0
490094,1,1,1986,25,25,25,25,25,25,25,25,25,25
490095,1,1,1986,0,0,0,0,0,0,0,0,0,0
490095,2,1,1986,0,0,0,0,0,0,0,0,0,0
490096,1,1,1986,23,23,23,23,23,23,23,23,23,23
490097,1,1,1986,0,0,0,0,0,0,0,0,0,0
490098,1,1,1986,0,0,0,0,0,0,0,0,0,0
490099,1,1,1986,24,24,24,24,24,24,24,24,24,24
490100,1,1,1986,0,0,0,0,0,0,0,0,0,0
490100,2,1,1986,0,0,0,0,0,0,0,0,0,0
490100,3,1,1986,0,0,0,0,0,0,0,0,0,0
490100,4,1,1986,0,0,0,0,0,0,0,0,0,0
490101,1,1,1986,0,0,0,0,0,0,0,0,0,0
490102,1,1,1986,0,0,0,0,0,0,0,0,0,0
490102,2,1,1986,0,0,0,0,0,0,0,0,0,0
490102,3,1,1986,0,0,0,0,0,0,0,0,0,0
490103,1,1,1986,0,0,0,0,0,0,0,0,0,0
490103,2,1,1986,0,0,0,0,0,0,0,0,0,0
490104,1,1,1986,0,0,0,0,0,0,0,0,0,0
490105,1,1,1986,0,0,0,0,0,0,0,0,0,0
490106,1,1,1986,4,4,4,4,4,4,4,4,4,4
490106,2,1,1986,0,0,0,0,0,0,0,0,0,0
490107,1,1,1986,0,0,0,0,0,0,0,0,0,0
490108,1,1,1986,0,0,0,0,0,0,15,22,0,12
490109,1,1,1986,0,0,0,0,0,0,0,0,0,0
490110,1,1,1986,0,0,0,0,0,0,0,0,0,0
490110,2,1,1986,0,0,0,0,0,0,0,0,0,0
490111,1,1,1986,0,0,16,0,11,0,0,0,0,0
490111,2,1,1986,0,0,0,0,0,0,0,0,0,0
490111,3,1,1986,0,0,0,0,0,0,0,0,0,0
490112,1,1,1986,10,0,0,0,0,0,0,0,0,9
490113,1,1,1986,0,0,0,0,0,0,0,0,0,0
490114,1,1,1986,0,0,0,0,0,0,0,0,0,0
490115,1,1,1986,0,0,0,0,0,0,0,0,0,0
490116,1,1,1986,0,0,0,0,0,0,0,0,0,0
490117,1,1,1986,0,0,0,0,0,0,0,0,0,0
490118,1,1,1986,0,0,0,0,0,0,0,0,0,0
490118,2,1,1986,0,0,0,0,0,0,0,0,0,0
490118,3,1,1986,10,10,10,10,10,10,10,10,10,10
490118,4,1,1986,0,0,18,0,0,0,0,0,0,0
490119,1,1,1986,0,0,0,0,0,0,0,0,0,0
490120,1,1,1986,33,33,33,33,33,33,33,33,33,33
490122,0,1,1986,0,0,0,0,0,0,0,0,0,0
490122,1,1,1986,0,0,0,0,0,0,0,0,0,0
490123,1,1,1986,6,6,6,6,6,6,6,6,6,6
490123,2,1,1986,0,0,0,0,17,0,0,0,0,0
490124,1,1,1986,0,0,0,0,0,0,0,0,0,0
490125,1,1,1986,0,0,0,0,0,0,0,0,0,0
490126,1,1,1986,0,0,0,0,0,0,0,0,0,0
490127,1,1,1986,0,0,0,0,0,0,0,0,0,0
490128,1,1,1986,27,27,27,27,27,27,27,27,27,27
490129,1,1,1986,20,20,20,20,20,20,20,20,20,20
490130,0,1,1986,0,0,0,0,0,0,0,0,0,0
490130,1,1,1986,0,0,0,0,0,0,0,0,0,0
490131,1,1,1986,0,0,0,0,0,0,0,0,0,0
490131,2,1,1986,0,0,0,0,0,0,0,0,0,0
490132,1,1,1986,20,20,20,20,20,20,20,20,20,20
490133,1,1,1986,17,17,17,17,17,17,17,17,17,17
490133,2,1,1986,0,0,0,0,0,0,0,0,0,0
490134,1,1,1986,0,0,0,0,0,0,0,0,17,12
490134,2,1,1986,0,0,0,0,0,0,0,0,0,0
490135,1,1,1986,30,12,22,17,26,29,22,14,13,12
490136,1,1,1986,0,0,0,0,0,0,0,0,0,0
490136,2,1,1986,0,0,0,0,0,0,0,0,0,0
490137,1,1,1986,0,0,0,0,0,12,0,28,15,0
490137,2,1,1986,0,0,0,0,0,0,0,0,0,0
490138,1,1,1986,8,8,8,8,8,8,8,8,8,8
490139,1,1,1986,0,0,0,0,0,0,0,0,0,13
490139,2,1,1986,0,0,0,0,0,0,0,0,0,0
490140,0,1,1986,16,16,16,16,16,16,16,16,16,16
490140,1,1,1986,15,15,15,15,15,15,15,15,15,15
490141,1,1,1986,0,0,0,0,0,0,0,0,0,0
490142,1,1,1986,0,0,18,0,0,0,0,0,0,0
490143,0,1,1986,21,21,21,21,21,21,21,21,21,21
490143,1,1,1986,0,0,0,0,0,0,0,0,0,0
490144,1,1,1986,4,4,4,4,4,4,4,4,4,4
490145,1,1,1986,35,35,35,35,35,35,35,35,35,35
490147,0,1,1986,0,0,0,0,0,0,0,0,0,0
490147,1,1,1986,0,0,0,0,0,0,0,0,0,0
490148,1,1,1986,0,0,0,0,0,0,0,0,0,0
490148,2,1,1986,0,0,0,0,0,0,0,0,0,0
490149,1,1,1986,0,0,0,0,0,0,0,0,0,0
490150,1,1,1986,0,0,0,0,0,0,0,0,0,0
490150,2,1,1986,0,0,0,0,0,0,0,0,0,0
490151,0,1,1986,0,0,0,0,0,0,0,0,0,0
490151,1,1,1986,0,0,0,0,0,0,0,0,0,0
490152,1,1,1986,0,0,0,0,0,0,0,0,0,0
490153,1,1,1986,0,0,0,0,0,0,0,0,0,0
490154,1,1,1986,0,0,0,0,0,0,0,0,0,0
490154,2,1,1986,0,0,0,0,0,0,0,0,0,0
490155,0,1,1986,0,0,0,0,0,0,0,0,0,0
490155,1,1,1986,0,0,0,0,0,0,0,0,0,0
490156,1,1,1986,0,0,0,0,0,0,0,0,0,0
490156,2,1,1986,0,0,0,0,0,0,0,0,0,0
490157,1,1,1986,16,16,16,16,16,16,16,16,16,16
490158,0,1,1986,0,0,0,0,0,0,0,0,0,0
490158,1,1,1986,0,0,0,0,0,0,0,0,0,0
490159,1,1,1986,11,11,11,11,11,11,11,11,11,11
490159,2,1,1986,0,0,0,0,0,0,0,0,0,0
490160,1,1,1986,0,0,0,0,0,0,0,0,0,0
490161,1,1,1986,0,0,29,0,0,0,0,0,0,0
490162,1,1,1986,21,6,0,0,0,0,0,0,8,0
490163,1,1,1986,0,0,0,0,0,0,0,0,0,0
490164,1,1,1986,11,11,11,11,11,11,11,11,11,11
490165,1,1,1986,0,0,0,0,0,0,0,0,0,0
490166,1,1,1986,0,0,0,0,0,0,0,0,0,0
490166,2,1,1986,0,0,0,0,0,0,0,0,0,0
490167,1,1,1986,8,8,8,8,8,8,8,8,8,8
490168,0,1,1986,0,0,0,0,0,0,0,0,0,0
490168,0,2,1986,0,0,0,0,0,0,0,0,0,0
490168,1,1,1986,0,0,0,0,0,0,0,0,0,0
490169,1,1,1986,0,0,0,0,0,0,0,0,0,0
490169,2,1,1986,0,0,0,0,0,0,0,0,0,0
490170,0,1,1986,0,0,0,0,0,0,0,0,0,0
490170,1,1,1986,0,0,0,0,0,0,0,0,0,0
490171,1,1,1986,19,19,19,19,19,19,19,19,19,19
490172,1,1,1986,17,17,17,17,17,17,17,17,17,17
490173,1,1,1986,0,0,0,0,0,0,0,0,0,0
490174,1,1,1986,0,0,0,0,0,0,0,0,0,0
490174,2,1,1986,0,0,0,0,0,0,0,0,0,0
490175,0,1,1986,0,0,0,0,0,0,0,0,0,0
490175,1,1,1986,23,5,12,2,10,18,7,16,26,0
490176,1,1,1986,0,0,0,0,0,0,0,0,0,0
490176,2,1,1986,0,0,0,0,0,0,0,0,0,0
490177,1,1,1986,0,0,0,0,0,0,0,0,0,0
490178,1,1,1986,0,0,0,0,0,0,0,0,0,0
490179,1,1,1986,0,0,0,0,0,0,0,0,0,0
490179,2,1,1986,0,0,0,0,0,0,0,0,0,0
490180,1,1,1986,0,0,0,0,0,0,0,0,0,0
490181,0,1,1986,0,13,0,0,0,0,0,22,0,0
490181,1,1,1986,0,0,0,0,0,0,0,0,0,0
490182,0,1,1986,0,0,0,0,0,0,0,0,0,0
490182,1,1,1986,0,0,0,0,0,0,0,0,0,0
490183,1,1,1986,16,16,16,16,16,16,16,16,16,16
490184,1,1,1986,17,17,17,17,17,17,17,17,17,17
490184,2,1,1986,0,0,0,0,0,0,0,0,0,0
490184,3,1,1986,24,24,24,24,24,24,24,24,24,24
490185,1,1,1986,10,10,10,10,10,10,10,10,10,10
490186,1,1,1986,0,0,0,0,0,0,0,0,0,0
490186,2,1,1986,5,0,0,0,0,0,0,0,0,0
490186,3,1,1986,0,0,0,0,17,0,0,0,0,0
490187,0,1,1986,0,0,0,0,0,0,0,0,0,0
490187,1,1,1986,0,0,0,0,0,0,0,0,0,0
490188,1,1,1986,0,0,0,0,0,0,0,0,0,0
490188,2,1,1986,12,12,12,12,12,12,12,12,12,12
490189,1,1,1986,0,0,7,0,0,0,0,0,3,0
490190,1,1,1986,18,18,18,18,18,18,18,18,18,18
490191,1,1,1986,0,0,0,0,0,0,0,0,0,0
490192,1,1,1986,23,23,23,23,23,23,23,23,23,23
490193,1,1,1986,12,12,12,12,12,12,12,12,12,12
490193,2,1,1986,0,0,0,0,0,0,0,0,0,0
490194,1,1,1986,14,0,0,0,0,0,0,0,0,0
490194,2,1,1986,0,0,14,0,24,0,17,0,17,19
490195,0,1,1986,0,0,0,0,0,0,0,0,0,0
490195,1,1,1986,0,0,0,0,0,0,0,0,0,0
490196,1,1,1986,18,18,18,18,18,18,18,18,18,18
490197,1,1,1986,11,11,11,11,11,11,11,11,11,11
490198,1,1,1986,0,0,0,0,0,0,0,0,0,0
490200,1,1,1986,0,0,0,0,0,0,0,0,0,0
490201,1,1,1986,27,27,27,27,27,27,27,27,27,27
490202,1,1,1986,0,0,0,0,0,0,0,0,0,0
490202,2,1,1986,0,0,0,0,0,0,0,0,0,0
490203,1,1,1986,17,17,17,17,17,17,17,17,17,17
490204,1,1,1986,0,0,0,0,0,0,0,0,0,0
490205,1,1,1986,0,0,0,0,0,0,0,0,0,0
490206,0,1,1986,0,0,0,0,0,0,0,0,0,0
490206,1,1,1986,0,0,0,0,0,0,0,0,0,0
490207,1,1,1986,23,23,23,23,23,23,23,23,23,23
490208,1,1,1986,15,15,15,15,15,15,15,15,15,15
490209,0,1,1986,0,0,0,0,0,0,0,0,0,0
490209,1,1,1986,0,0,0,0,0,0,0,0,0,0
490210,1,1,1986,0,0,0,0,0,0,0,0,0,0
490211,0,1,1986,0,0,0,0,0,0,0,0,0,0
490211,1,1,1986,0,0,0,0,0,0,0,0,0,0
490212,1,1,1986,13,0,0,0,0,0,0,0,0,10
490212,2,1,1986,0,0,0,0,0,0,0,0,0,0
490212,3,1,1986,0,0,0,0,0,0,0,0,0,0
490212,4,1,1986,0,0,0,0,0,0,0,0,0,0
490213,1,1,1986,0,0,0,0,0,0,0,0,0,0
490213,2,1,1986,0,0,0,0,0,0,0,0,0,0
490214,1,1,1986,0,0,0,0,0,0,0,0,0,0
490216,1,1,1986,0,0,0,0,0,0,0,0,0,0
490217,1,1,1986,11,11,11,11,11,11,11,11,11,11
490218,1,1,1986,0,0,0,0,0,0,0,0,0,0
490218,2,1,1986,0,0,0,0,0,0,0,0,0,0
490218,3,1,1986,0,0,0,0,0,0,0,0,0,0
490219,1,1,1986,0,0,0,0,0,0,0,0,0,0
490219,2,1,1986,0,0,0,0,0,0,0,0,0,0
490220,1,1,1986,0,0,0,0,0,0,0,0,0,0
490220,2,1,1986,0,0,0,0,0,0,0,0,0,0
490220,3,1,1986,0,0,0,0,0,0,0,0,0,0
490220,4,1,1986,0,0,0,0,0,0,0,0,0,0
490221,1,1,1986,0,0,0,0,0,0,0,0,0,0
490222,1,1,1986,0,0,0,0,0,0,6,0,0,0
490223,1,1,1986,0,0,0,0,0,0,0,0,0,0
490223,2,1,1986,0,0,0,0,0,0,0,0,0,0
490224,1,1,1986,14,14,14,14,14,14,14,14,14,14
490224,2,1,1986,0,0,0,0,0,0,0,0,0,0
490225,0,1,1986,0,0,0,0,0,0,0,0,0,0
490225,1,1,1986,0,0,0,0,0,0,0,0,0,0
490226,1,1,1986,0,0,0,0,0,0,0,0,0,0
490226,2,1,1986,0,0,0,0,0,0,0,0,0,0
490227,0,1,1986,10,10,10,10,10,10,10,10,10,10
490227,1,1,1986,10,10,10,10,10,10,10,10,10,10
490228,1,1,1986,5,5,5,5,5,5,5,5,5,5
490229,1,1,1986,10,0,20,0,0,9,17,13,10,15
490229,2,1,1986,18,18,18,18,18,18,18,18,18,18
490229,3,1,1986,0,0,0,0,0,0,0,0,0,0
490230,1,1,1986,16,16,16,16,16,16,16,16,16,16
490232,1,1,1986,0,0,0,0,0,0,0,0,0,9
490233,1,1,1986,22,22,22,22,22,22,22,22,22,22
490234,1,1,1986,0,0,0,0,0,0,0,0,0,0
490235,1,1,1986,0,0,18,0,0,0,0,0,0,0
490235,2,1,1986,0,0,0,0,0,0,0,0,0,14
490236,0,1,1986,0,0,0,0,0,0,0,0,0,0
490236,1,1,1986,8,8,8,8,8,8,8,8,8,8
490237,1,1,1986,12,12,12,12,12,12,12,12,12,12
490238,1,1,1986,13,13,13,13,13,13,13,13,13,13
490239,1,1,1986,13,13,13,13,13,13,13,13,13,13
490239,2,1,1986,0,0,0,0,0,0,0,0,0,0
490239,3,1,1986,8,0,0,0,0,0,0,0,0,0
490240,1,1,1986,0,0,0,0,0,0,13,11,0,0
490241,0,1,1986,0,0,0,0,0,0,0,0,0,0
490241,1,1,1986,0,0,0,0,0,0,0,0,0,0
490242,0,1,1986,0,0,0,0,0,0,0,0,0,0
490242,1,1,1986,0,0,0,0,0,0,0,0,0,0
490243,1,1,1986,0,0,0,0,0,0,0,0,0,0
490244,1,1,1986,0,0,0,0,0,0,0,0,0,0
490244,2,1,1986,0,0,0,0,0,0,0,0,0,0
490245,1,1,1986,0,0,0,0,0,0,0,0,0,0
490245,2,1,1986,0,0,0,0,0,0,0,0,0,0
490246,0,1,1986,0,0,0,0,0,0,0,0,0,0
490246,1,1,1986,0,0,0,0,0,0,0,0,0,0
490247,1,1,1986,0,0,0,0,0,0,0,0,0,0
490247,2,1,1986,0,0,0,0,0,0,0,0,0,0
490248,1,1,1986,1,1,1,1,1,1,1,1,1,1
490248,2,1,1986,0,0,0,0,0,0,0,0,0,0
490248,3,1,1986,3,0,0,0,0,0,9,0,0,0
490249,0,1,1986,0,0,0,0,0,0,0,0,0,0
490249,1,1,1986,19,19,19,19,19,19,19,19,19,19
490250,1,1,1986,0,0,0,0,0,0,0,0,0,0
490250,2,1,1986,0,0,0,0,0,0,0,0,0,0
490251,1,1,1986,50,50,50,50,50,50,50,50,50,50
490251,2,1,1986,0,0,0,0,0,0,0,0,0,0
490251,3,1,1986,25,25,25,25,25,25,25,25,25,25
490252,1,1,1986,0,0,0,0,0,0,0,0,0,0
490252,2,1,1986,0,0,0,0,0,0,0,0,0,0
490253,1,1,1986,18,18,18,18,18,18,18,18,18,18
490254,1,1,1986,0,0,0,0,0,0,0,0,0,0
490254,2,1,1986,0,0,0,0,0,0,0,0,0,0
490254,3,1,1986,0,0,0,0,0,0,0,0,0,0
490255,1,1,1986,0,0,0,0,6,0,0,0,0,0
490256,1,1,1986,0,0,0,0,0,0,0,0,0,0
490257,1,1,1986,0,0,0,0,0,0,0,0,0,0
490257,2,1,1986,0,0,0,0,0,0,0,0,0,0
490257,3,1,1986,0,0,0,0,0,0,0,0,0,0
490258,0,1,1986,0,0,0,0,0,0,0,0,0,0
490258,1,1,1986,0,0,0,0,0,0,0,0,0,0
490259,1,1,1986,0,0,0,0,0,0,0,0,0,0
490259,2,1,1986,0,0,0,0,0,0,0,0,0,0
490260,1,1,1986,0,0,0,0,0,0,0,0,0,0
490261,1,1,1986,0,0,0,0,0,0,0,0,0,0
490262,0,1,1986,0,0,0,0,0,0,0,0,0,0
490262,1,1,1986,17,17,17,17,17,17,17,17,17,17
490263,0,1,1986,23,23,23,23,23,23,23,23,23,23
490263,1,1,1986,0,0,0,0,0,0,0,0,0,0
490264,1,1,1986,0,0,0,0,0,0,0,0,0,0
490264,2,1,1986,14,0,0,0,0,0,0,0,0,21
490264,3,1,1986,0,0,0,0,0,0,0,0,0,15
490264,4,1,1986,0,0,0,0,0,0,0,1,0,0
490265,1,1,1986,0,0,0,0,0,0,0,0,0,0
490265,2,1,1986,10,10,10,10,10,10,10,10,10,10
490266,1,1,1986,0,0,0,0,0,0,0,0,0,0
490267,1,1,1986,0,0,0,0,0,0,0,0,0,0
490267,2,1,1986,0,0,0,0,0,0,0,0,0,0
490267,3,1,1986,0,0,0,0,0,0,0,0,0,0
490268,1,1,1986,0,0,0,0,0,0,0,0,0,0
490269,1,1,1986,0,0,0,0,0,0,0,0,0,0
490269,2,1,1986,0,0,0,0,0,0,0,0,0,0
490270,1,1,1986,0,0,20,15,0,0,0,19,0,0
490271,0,1,1986,0,0,0,0,0,0,0,0,0,0
490271,1,1,1986,0,0,0,0,0,0,0,0,0,0
490272,1,1,1986,0,0,0,0,0,0,0,0,0,0
490273,1,1,1986,0,0,0,0,0,0,0,0,0,0
490274,1,1,1986,25,25,25,25,25,25,25,25,25,25
490275,1,1,1986,0,0,0,0,0,0,0,0,0,0
490276,1,1,1986,0,0,0,0,0,0,0,0,10,0
490276,2,1,1986,0,0,0,0,0,0,0,0,0,0
490277,0,1,1986,0,0,0,0,0,0,0,0,0,0
490277,1,1,1986,0,0,0,0,0,0,0,0,0,13
490278,1,1,1986,16,16,16,16,16,16,16,16,16,16
490279,1,1,1986,27,6,12,8,29,23,18,21,7,0
490280,1,1,1986,0,0,0,0,0,0,17,3,0,0
490281,1,1,1986,0,0,21,0,0,0,0,0,0,0
490282,0,1,1986,26,0,0,0,0,9,0,0,0,12
490282,1,1,1986,18,0,0,0,0,24,13,22,0,0
490283,1,1,1986,0,21,18,13,14,23,0,11,6,36
490284,0,1,1986,6,0,0,11,11,0,22,0,25,36
490284,0,2,1986,18,18,18,18,18,18,18,18,18,18
490284,1,1,1986,9,9,9,9,9,9,9,9,9,9
490285,1,1,1986,8,8,8,8,8,8,8,8,8,8
490285,2,1,1986,0,0,0,7,0,0,10,0,0,0
490286,1,1,1986,24,24,24,24,24,24,24,24,24,24
500001,1,1,1986,0,0,0,0,0,0,0,0,0,0
500001,2,1,1986,0,0,0,0,0,0,0,0,0,0
500002,1,1,1986,5,5,5,5,5,5,5,5,5,5
500002,2,1,1986,0,0,0,0,0,0,0,0,0,0
500003,0,1,1986,0,0,0,0,0,0,0,0,19,0
500003,1,1,1986,14,0,0,10,16,14,17,31,0,0
500004,1,1,1986,0,0,0,0,0,3,0,0,0,0
500004,2,1,1986,0,0,0,0,0,0,0,0,0,0
500005,0,1,1986,23,23,23,23,23,23,23,23,23,23
500005,1,1,1986,13,13,13,13,13,13,13,13,13,13
500006,1,1,1986,0,0,0,0,0,0,0,0,0,0
500006,2,1,1986,0,0,0,0,0,0,0,0,0,0
500006,3,1,1986,0,0,0,0,0,0,0,0,0,0
500007,1,1,1986,1,1,1,1,1,1,1,1,1,1
500007,2,1,1986,0,0,0,0,0,0,0,0,0,0
500008,1,1,1986,0,0,0,0,0,0,0,0,0,0
500008,2,1,1986,20,20,20,20,20,20,20,20,20,20
500009,1,1,1986,0,0,0,0,0,0,0,0,0,0
500009,2,1,1986,2,2,2,2,2,2,2,2,2,2
500010,1,1,1986,2,2,2,2,2,2,2,2,2,2
500011,1,1,1986,0,0,0,10,22,0,0,0,0,0
500011,2,1,1986,0,0,0,0,0,0,0,0,0,0
500011,3,1,1986,0,11,0,0,0,0,0,0,0,0
500012,1,1,1986,0,0,0,0,0,0,0,0,0,0
500013,1,1,1986,17,17,17,17,17,17,17,17,17,17
500014,1,1,1986,17,0,0,0,0,0,0,0,0,0
500014,2,1,1986,0,0,0,0,0,0,0,0,0,0
500015,1,1,1986,0,0,0,0,0,0,0,0,0,0
500016,1,1,1986,23,23,23,23,23,23,23,23,23,23
500017,1,1,1986,14,14,14,14,14,14,14,14,14,14
500018,1,1,1986,4,4,4,4,4,4,4,4,4,4
500019,1,1,1986,0,4,12,0,0,0,0,0,0,24
500020,1,1,1986,0,0,0,0,0,0,0,0,0,0
500020,2,1,1986,0,0,0,0,0,0,0,0,0,0
500021,1,1,1986,16,16,16,16,16,16,16,16,16,16
500022,1,1,1986,23,0,30,0,0,0,55,13,0,0
500023,1,1,1986,18,18,18,18,18,18,18,18,18,18
500024,1,1,1986,8,8,8,8,8,8,8,8,8,8
500025,1,1,1986,23,23,23,23,23,23,23,23,23,23
500026,1,1,1986,16,16,16,16,16,16,16,16,16,16
500027,1,1,1986,23,31,14,14,18,21,26,22,26,19
500028,1,1,1986,18,18,18,18,18,18,18,18,18,18
500028,2,1,1986,0,0,0,0,0,0,12,0,0,0
500029,1,1,1986,0,0,0,0,0,0,0,0,0,0
500030,1,1,1986,15,15,15,15,15,15,15,15,15,15
500030,2,1,1986,0,0,0,0,0,0,0,0,0,0
500032,0,1,1986,0,0,0,0,0,0,0,10,0,11
500032,1,1,1986,25,10,8,27,8,15,17,21,5,11
500033,0,1,1986,1,1,1,1,1,1,1,1,1,1
500033,1,1,1986,0,0,0,0,0,0,0,0,0,0
500034,1,1,1986,9,9,9,9,9,9,9,9,9,9
500035,1,1,1986,21,21,21,21,21,21,21,21,21,21
500035,2,1,1986,0,0,0,0,0,0,0,0,0,0
500036,0,1,1986,0,0,0,0,0,0,0,0,0,0
500036,1,1,1986,0,0,0,0,0,0,0,0,0,0
500037,1,1,1986,27,14,8,15,8,20,17,13,15,5
500038,1,1,1986,0,0,0,0,0,14,0,0,0,0
500039,1,1,1986,0,0,0,0,0,0,0,0,0,0
500039,2,1,1986,1,1,1,1,1,1,1,1,1,1
500039,3,1,1986,0,0,0,0,0,0,0,0,0,0
500039,4,1,1986,0,0,0,0,0,0,0,0,0,0
500040,1,1,1986,0,0,0,0,0,0,0,0,0,0
500040,2,1,1986,0,0,0,0,0,0,0,0,0,0
500041,1,1,1986,0,0,0,0,0,0,0,0,0,0
500041,2,1,1986,0,36,0,0,0,19,0,0,0,0
500042,1,1,1986,1,1,1,1,1,1,1,1,1,1
500043,1,1,1986,0,0,0,0,0,0,0,0,0,0
500043,2,1,1986,0,0,0,0,0,0,0,0,0,0
500044,1,1,1986,33,33,33,33,33,33,33,33,33,33
500045,1,1,1986,0,0,0,0,0,9,0,0,0,2
500045,2,1,1986,0,0,0,0,0,0,0,0,0,0
500046,0,1,1986,0,0,0,0,0,0,0,0,0,0
500046,1,1,1986,0,0,0,0,0,0,0,0,0,0
500047,1,1,1986,0,0,0,0,0,0,0,0,0,0
500048,1,1,1986,10,10,10,10,10,10,10,10,10,10
500049,1,1,1986,0,0,0,0,0,0,0,0,0,0
500049,2,1,1986,1,1,1,1,1,1,1,1,1,1
500050,0,1,1986,0,0,0,0,0,0,0,0,0,0
500050,1,1,1986,0,0,0,0,0,0,0,0,0,0
500051,1,1,1986,0,0,0,0,0,0,0,0,0,0
500052,1,1,1986,18,18,18,18,18,18,18,18,18,18
500053,1,1,1986,9,9,9,9,9,9,9,9,9,9
500054,1,1,1986,26,26,26,26,26,26,26,26,26,26
500055,1,1,1986,0,13,0,4,0,0,0,11,0,0
500055,2,1,1986,0,0,0,0,0,0,0,0,0,0
500055,3,1,1986,0,0,0,0,0,0,0,0,0,0
500056,1,1,1986,12,12,12,12,12,12,12,12,12,12
500056,2,1,1986,0,0,0,0,0,0,0,0,0,0
500057,1,1,1986,0,0,0,0,0,0,0,0,0,0
500057,2,1,1986,0,0,0,0,0,0,0,0,0,0
500058,1,1,1986,17,17,17,17,17,17,17,17,17,17
500059,1,1,1986,7,7,7,7,7,7,7,7,7,7
500059,2,1,1986,0,0,7,0,0,0,0,0,0,0
500060,1,1,1986,0,0,0,0,0,0,0,0,0,0
500060,2,1,1986,19,19,19,19,19,19,19,19,19,19
500061,0,1,1986,8,0,0,11,0,0,41,0,0,0
500061,1,1,1986,6,6,6,6,6,6,6,6,6,6
500062,1,1,1986,3,3,3,3,3,3,3,3,3,3
500062,2,1,1986,0,0,0,0,0,0,0,0,0,0
500063,1,1,1986,3,3,3,3,3,3,3,3,3,3
500063,2,1,1986,0,0,0,0,0,0,0,0,0,0
500064,1,1,1986,0,0,0,0,0,0,0,0,0,0
500065,1,1,1986,13,13,13,13,13,13,13,13,13,13
500066,1,1,1986,7,7,7,7,7,7,7,7,7,7
500068,1,1,1986,16,16,16,16,16,16,16,16,16,16
500069,1,1,1986,1,1,1,1,1,1,1,1,1,1
500069,2,1,1986,0,0,0,0,0,0,0,0,0,0
500070,1,1,1986,18,18,18,18,18,18,18,18,18,18
500070,2,1,1986,0,0,0,0,0,0,0,0,0,0
500071,1,1,1986,13,13,13,13,13,13,13,13,13,13
500072,1,1,1986,7,7,7,7,7,7,7,7,7,7
500073,1,1,1986,0,0,0,0,0,0,0,0,0,0
500074,1,1,1986,24,24,24,24,24,24,24,24,24,24
500075,1,1,1986,20,20,20,20,20,20,20,20,20,20
500076,1,1,1986,13,13,13,13,13,13,13,13,13,13
500077,1,1,1986,17,17,17,17,17,17,17,17,17,17
500078,1,1,1986,3,3,3,3,3,3,3,3,3,3
500079,1,1,1986,1,1,1,1,1,1,1,1,1,1
500079,2,1,1986,3,3,3,3,3,3,3,3,3,3
500080,1,1,1986,0,0,0,0,0,0,0,0,0,0
500080,2,1,1986,3,3,3,3,3,3,3,3,3,3
500081,1,1,1986,0,0,0,0,0,0,0,0,0,0
500082,0,1,1986,10,6,8,27,0,8,23,13,0,16
500082,1,1,1986,13,8,13,10,25,11,12,17,11,10
500083,0,1,1986,9,9,9,9,9,9,9,9,9,9
500083,1,1,1986,30,21,7,17,9,18,8,17,15,14
500085,1,1,1986,15,11,5,11,11,7,12,0,21,7
500085,2,1,1986,18,21,33,0,17,30,24,13,0,15
500085,3,1,1986,0,0,0,0,0,0,0,7,0,7
500086,1,1,1986,11,11,11,11,11,11,11,11,11,11
500087,1,1,1986,0,0,0,0,0,0,3,0,0,0
500087,2,1,1986,0,0,0,0,0,0,0,0,0,0
500088,1,1,1986,18,18,18,18,18,18,18,18,18,18
500089,1,1,1986,10,10,10,10,10,10,10,10,10,10
500090,1,1,1986,5,5,5,5,5,5,5,5,5,5
500091,0,1,1986,0,0,0,0,0,0,0,0,13,0
500091,1,1,1986,19,19,19,19,19,19,19,19,19,19
500092,0,1,1986,0,0,0,0,0,0,0,0,0,0
500092,1,1,1986,9,10,27,15,16,14,12,16,12,15
500093,1,1,1986,0,0,0,0,0,0,0,0,0,0
500094,1,1,1986,0,0,0,0,29,0,29,0,0,0
510001,1,1,1986,17,17,17,17,17,17,17,17,17,17
510002,1,1,1986,0,0,0,0,0,0,0,0,0,0
510003,1,1,1986,29,29,29,29,29,29,29,29,29,29
510004,1,1,1986,23,23,23,23,23,23,23,23,23,23
510005,1,1,1986,0,0,0,0,0,0,0,0,0,0
510005,2,1,1986,0,0,0,0,0,0,0,0,0,0
510006,1,1,1986,24,15,0,21,22,12,0,24,16,24