ST_CASE,VEH_NO,PER_NO,YEAR,P1,P2,P3,P4,P5,P6,P7,P8,P9,P10
510007,1,1,1986,0,0,0,0,0,0,0,0,0,0
510008,1,1,1986,0,4,0,0,0,0,0,0,0,0
510008,2,1,1986,0,0,0,0,0,0,0,0,0,0
510009,1,1,1986,0,0,0,11,0,0,0,0,0,0
510009,2,1,1986,0,0,0,9,0,0,0,0,18,0
510010,1,1,1986,0,0,0,0,0,0,0,0,0,0
510010,2,1,1986,0,0,0,0,0,0,0,0,0,0
510010,3,1,1986,0,0,0,0,0,0,0,0,0,0
510011,1,1,1986,0,0,0,0,0,0,0,0,0,0
510011,2,1,1986,0,0,0,0,0,0,0,0,0,0
510012,1,1,1986,0,0,8,0,0,0,0,0,0,0
510013,0,1,1986,0,34,28,26,25,21,50,11,17,19
510013,1,1,1986,0,5,0,0,0,0,0,0,0,0
510014,1,1,1986,0,10,0,0,0,0,14,17,0,0
510015,1,1,1986,0,0,0,0,0,0,0,0,0,0
510016,1,1,1986,0,0,0,0,0,20,0,15,0,0
510016,2,1,1986,0,0,0,0,0,0,0,0,0,0
510017,1,1,1986,16,16,16,16,16,16,16,16,16,16
510017,2,1,1986,23,0,0,0,0,0,0,0,0,0
510018,1,1,1986,0,0,0,0,0,0,0,17,0,0
510018,2,1,1986,0,0,0,0,0,0,0,0,0,0
510019,1,1,1986,20,20,20,20,20,20,20,20,20,20
510020,0,1,1986,34,34,34,34,34,34,34,34,34,34
510020,1,1,1986,8,13,0,3,19,4,4,8,13,12
510021,1,1,1986,9,9,9,9,9,9,9,9,9,9
510022,1,1,1986,14,14,14,14,14,14,14,14,14,14
510022,2,1,1986,0,0,0,0,0,0,0,0,0,0
510022,3,1,1986,9,29,13,13,4,22,14,3,32,6
510023,1,1,1986,17,25,13,7,20,18,39,25,16,25
510024,1,1,1986,23,23,23,23,23,23,23,23,23,23
510025,0,1,1986,35,35,35,35,35,35,35,35,35,35
510025,1,1,1986,0,0,0,0,0,7,0,0,0,0
510026,1,1,1986,0,0,0,0,0,0,0,19,0,0
510026,2,1,1986,0,0,0,0,0,0,0,0,0,0
510027,1,1,1986,0,0,0,0,0,0,0,0,0,0
510027,2,1,1986,0,0,0,0,0,0,0,0,0,0
510027,3,1,1986,0,0,0,0,0,0,0,0,0,0
510028,1,1,1986,0,0,0,0,0,0,0,0,0,0
510029,1,1,1986,0,0,0,0,0,0,16,0,0,0
510029,2,1,1986,0,0,0,0,0,0,0,0,0,0
510030,1,1,1986,0,0,0,0,0,0,2,0,0,0
510030,2,1,1986,0,0,0,0,0,0,0,0,0,0
510031,1,1,1986,19,19,19,19,19,19,19,19,19,19
510032,1,1,1986,28,18,23,13,8,5,6,19,10,15
510033,1,2,1986,18,18,18,18,18,18,18,18,18,18
510034,1,1,1986,0,0,0,0,0,0,0,0,0,0
510035,1,1,1986,11,23,19,23,13,10,16,10,3,27
510036,1,1,1986,0,0,0,0,0,0,0,0,0,0
510037,1,1,1986,0,0,0,0,0,0,0,0,0,0
510037,2,1,1986,0,0,0,0,0,0,0,0,0,0
510037,3,1,1986,0,0,13,0,0,0,0,0,0,10
510038,1,1,1986,19,19,19,19,19,19,19,19,19,19
510039,1,1,1986,13,13,13,13,13,13,13,13,13,13
510040,0,1,1986,27,27,27,27,27,27,27,27,27,27
510040,1,1,1986,0,0,0,0,14,0,0,0,0,7
510041,1,1,1986,0,0,0,0,0,0,0,0,0,0
510042,0,1,1986,0,0,0,0,0,0,0,0,0,0
510042,1,1,1986,0,0,0,0,0,0,0,0,0,0
510043,0,1,1986,29,29,29,29,29,29,29,29,29,29
510043,1,1,1986,0,0,0,12,0,0,0,0,0,0
510044,0,1,1986,26,26,26,26,26,26,26,26,26,26
510044,1,1,1986,0,0,16,16,0,0,20,26,0,0
510045,1,2,1986,0,16,0,0,0,0,0,0,0,0
510046,1,1,1986,0,0,0,0,0,0,0,0,0,0
510046,2,1,1986,0,0,0,0,0,0,0,0,0,0
510047,1,1,1986,0,0,0,0,0,0,0,0,0,0
510047,2,1,1986,0,0,0,0,0,0,0,0,0,0
510048,1,1,1986,0,0,0,0,0,0,0,0,0,0
510049,1,1,1986,0,0,0,0,0,0,0,0,0,0
510049,2,1,1986,0,0,0,0,0,0,0,0,0,0
510050,1,1,1986,0,0,0,0,0,0,0,0,0,0
510051,1,1,1986,31,31,31,31,31,31,31,31,31,31
510052,1,1,1986,21,21,21,21,21,21,21,21,21,21
510053,1,1,1986,0,0,0,0,0,0,0,0,0,0
510053,2,1,1986,0,0,0,0,0,0,0,0,0,0
510053,3,1,1986,0,0,0,0,0,0,0,0,0,0
510054,1,1,1986,0,0,0,0,0,0,0,0,0,0
510055,1,1,1986,0,0,0,0,0,0,0,0,0,0
510055,2,1,1986,0,0,0,0,0,0,0,0,0,0
510056,1,1,1986,14,18,16,21,3,5,24,30,9,21
510056,2,1,1986,0,0,0,0,0,0,12,0,0,0
510056,3,1,1986,0,0,0,0,0,0,0,0,0,0
510057,1,1,1986,0,0,0,0,0,0,0,0,0,0
510057,2,1,1986,0,0,0,0,0,0,0,0,0,0
510058,1,1,1986,0,0,0,0,0,0,0,0,0,0
510059,1,1,1986,24,19,13,16,32,13,26,29,36,22
510060,1,1,1986,8,8,8,8,8,8,8,8,8,8
510061,0,1,1986,0,0,0,0,0,0,0,0,0,0
510061,1,1,1986,0,15,0,0,0,0,0,0,0,0
510062,1,1,1986,0,0,0,0,0,0,0,0,0,0
510063,1,1,1986,0,0,0,0,0,0,0,0,0,0
510063,2,1,1986,0,0,0,0,0,0,0,0,0,0
510064,1,1,1986,0,0,0,0,0,0,5,0,17,0
510065,1,1,1986,8,8,8,8,8,8,8,8,8,8
510066,1,1,1986,27,27,27,27,27,27,27,27,27,27
510067,1,1,1986,13,0,16,12,20,27,6,8,28,4
510067,2,1,1986,0,0,0,0,0,0,0,0,0,0
510067,3,1,1986,0,0,3,0,0,0,0,0,0,0
510069,1,1,1986,0,0,0,0,0,0,0,0,0,0
510069,2,1,1986,0,0,0,0,15,0,0,0,0,0
510070,1,1,1986,0,0,0,0,0,0,0,0,0,0
510070,2,1,1986,0,0,0,0,0,0,0,0,0,0
510071,1,1,1986,0,0,0,0,0,0,0,0,0,0
510071,2,1,1986,0,0,0,0,0,0,0,0,0,0
510072,1,1,1986,0,0,0,0,0,0,0,0,0,0
510072,2,1,1986,0,0,0,0,0,0,0,0,0,0
510073,1,1,1986,0,0,0,0,0,0,0,0,0,0
510074,1,1,1986,0,0,0,0,0,0,0,0,0,0
510074,2,1,1986,0,0,0,0,0,14,0,0,0,0
510075,1,1,1986,0,0,0,0,0,0,0,0,0,0
510076,1,1,1986,0,0,0,0,0,0,0,0,0,0
510077,1,1,1986,0,0,0,7,0,0,0,0,0,0
510077,2,1,1986,28,28,28,28,28,28,28,28,28,28
510078,1,1,1986,0,0,0,0,0,0,0,0,0,0
510078,2,1,1986,0,0,0,0,0,0,0,0,0,0
510079,1,1,1986,0,0,0,0,0,0,0,0,0,0
510079,2,1,1986,5,0,0,0,0,0,0,0,0,0
510080,1,1,1986,12,0,18,25,36,22,28,24,24,16
510081,1,1,1986,0,0,0,0,0,0,0,0,0,0
510082,1,1,1986,10,10,10,10,10,10,10,10,10,10
510083,1,1,1986,15,15,15,15,15,15,15,15,15,15
510084,1,1,1986,27,14,18,21,8,10,17,5,14,8
510085,1,1,1986,5,0,7,0,0,6,0,0,0,0
510086,0,1,1986,34,34,34,34,34,34,34,34,34,34
510086,1,1,1986,0,0,0,0,0,0,0,0,0,0
510087,1,1,1986,19,30,8,18,0,23,12,8,7,16
510088,1,1,1986,0,0,0,0,0,0,0,0,0,0
510088,2,1,1986,0,0,0,0,0,0,0,0,0,0
510089,1,1,1986,0,0,0,0,0,0,0,0,0,0
510089,2,1,1986,0,0,0,0,0,0,0,0,0,0
510090,1,1,1986,0,0,0,0,0,0,0,0,0,0
510090,2,1,1986,0,0,0,0,0,0,0,0,0,0
510091,1,1,1986,0,0,0,0,0,0,0,0,0,0
510091,2,1,1986,0,0,0,0,0,0,0,0,0,0
510092,1,1,1986,0,0,0,0,0,0,0,0,0,0
510093,1,1,1986,0,0,0,0,0,18,0,0,0,0
510094,1,1,1986,8,8,8,8,8,8,8,8,8,8
510095,1,1,1986,11,20,25,12,13,13,14,0,24,10
510095,2,1,1986,12,8,36,12,0,19,31,10,21,14
510096,1,1,1986,25,0,17,8,12,2,17,21,23,28
510097,1,1,1986,28,28,28,28,28,28,28,28,28,28
510098,0,1,1986,22,22,22,22,22,22,22,22,22,22
510098,1,1,1986,0,0,0,0,0,0,0,0,0,0
510099,1,1,1986,0,0,0,0,0,0,0,0,0,5
510099,2,1,1986,0,0,0,0,0,0,0,0,0,0
510100,1,1,1986,0,0,0,0,0,0,0,0,0,0
510100,2,1,1986,0,0,0,0,0,0,0,0,0,0
510100,3,1,1986,0,0,0,0,0,0,0,0,0,0
510101,1,1,1986,9,9,9,9,9,9,9,9,9,9
510102,1,1,1986,0,0,0,0,0,0,0,0,0,0
510102,2,1,1986,0,0,0,0,0,0,0,0,0,0
510103,0,1,1986,0,0,0,0,0,0,0,0,0,0
510103,1,1,1986,0,0,0,0,0,0,0,0,0,0
510104,1,1,1986,0,0,0,0,0,0,0,0,0,0
510105,0,1,1986,29,29,29,29,29,29,29,29,29,29
510105,1,1,1986,5,13,5,3,13,14,2,0,15,15
510106,0,1,1986,0,0,0,0,0,0,0,0,0,0
510106,1,1,1986,0,0,0,0,0,0,0,0,0,0
510107,0,1,1986,0,0,0,0,0,0,0,0,0,0
510107,1,1,1986,11,0,0,0,18,0,0,7,4,15
510108,1,1,1986,12,12,12,12,12,12,12,12,12,12
510108,2,1,1986,0,0,0,0,0,0,0,0,0,0
510109,1,1,1986,14,12,8,9,17,0,17,7,17,11
510109,2,1,1986,0,0,0,0,0,0,0,0,0,0
510110,1,1,1986,16,16,16,16,16,16,16,16,16,16
510111,0,1,1986,0,0,0,0,0,0,0,0,0,0
510111,1,1,1986,0,0,0,7,0,0,0,0,0,0
510112,1,1,1986,0,0,0,0,0,0,0,0,0,0
510113,1,1,1986,24,24,24,24,24,24,24,24,24,24
510114,1,1,1986,10,5,6,20,6,6,4,12,4,9
510114,2,1,1986,6,13,0,0,0,0,0,0,13,0
510115,1,1,1986,12,4,20,17,5,17,28,20,15,14
510116,1,1,1986,20,20,20,20,20,20,20,20,20,20
510117,1,1,1986,10,0,4,0,0,0,0,0,0,0
510118,1,1,1986,0,0,0,0,0,0,0,0,0,0
510118,2,1,1986,0,0,0,0,0,0,0,0,0,0
510119,1,1,1986,0,0,0,0,0,0,0,0,0,0
510120,1,1,1986,0,0,0,0,0,0,0,0,0,0
510121,1,1,1986,0,0,0,0,0,0,0,0,0,0
510121,2,1,1986,0,0,0,0,0,0,0,0,0,0
510122,1,1,1986,10,0,0,0,0,0,0,0,0,0
510122,2,1,1986,0,0,0,0,0,0,0,0,0,0
510123,1,1,1986,0,0,0,0,0,0,0,0,0,0
510123,2,1,1986,0,0,0,0,0,0,0,0,0,0
510123,3,1,1986,0,0,0,0,0,0,0,0,0,0
510124,0,1,1986,0,0,0,0,0,0,0,0,0,0
510124,1,1,1986,0,0,0,0,0,0,0,0,0,0
510125,1,1,1986,0,0,0,0,16,10,9,0,0,0
510126,1,1,1986,0,0,0,0,0,0,0,14,0,0
510126,2,1,1986,0,0,0,0,0,0,0,0,0,0
510127,1,1,1986,0,0,0,0,0,0,0,0,9,11
510128,1,1,1986,0,0,10,0,0,0,0,0,0,0
510128,2,1,1986,0,0,0,0,0,0,0,0,0,0
510129,1,1,1986,13,13,13,13,13,13,13,13,13,13
510130,1,1,1986,30,30,30,30,30,30,30,30,30,30
510131,0,1,1986,0,0,0,0,0,0,0,0,0,0
510131,1,1,1986,0,0,0,0,0,0,11,4,0,0
510132,1,1,1986,0,0,0,0,0,0,0,0,0,0
510133,1,1,1986,0,0,0,0,0,0,0,0,0,0
510134,1,1,1986,13,11,15,8,6,13,14,18,32,4
510135,1,1,1986,11,16,37,10,8,16,17,16,3,9
510136,1,1,1986,33,33,33,33,33,33,33,33,33,33
510136,2,1,1986,15,0,0,0,0,0,0,0,0,26
510137,1,1,1986,15,21,32,19,0,7,10,10,11,11
510137,2,1,1986,0,30,5,16,0,20,7,11,6,24
510138,1,1,1986,0,0,0,0,0,0,0,0,0,0
510139,1,1,1986,19,19,19,19,19,19,19,19,19,19
510140,1,1,1986,0,0,0,0,0,0,0,0,0,0
510140,2,1,1986,0,0,0,0,0,0,0,0,0,0
510141,1,1,1986,0,0,0,0,0,0,0,0,0,0
510141,2,1,1986,0,14,0,0,0,0,0,0,0,0
510142,1,1,1986,0,0,0,0,0,0,0,0,0,0
510142,2,1,1986,0,0,0,0,0,0,7,0,0,0
510143,1,1,1986,8,8,8,8,8,8,8,8,8,8
510144,1,1,1986,0,0,0,0,0,0,0,0,0,0
510144,2,1,1986,0,0,0,0,0,0,0,0,0,0
510145,1,1,1986,0,0,0,0,0,16,0,0,0,0
510145,2,1,1986,0,0,0,0,0,0,0,0,0,0
510146,1,1,1986,0,0,0,0,0,0,0,0,0,0
510147,1,1,1986,16,16,16,16,16,16,16,16,16,16
510148,1,1,1986,19,19,19,19,19,19,19,19,19,19
510149,1,1,1986,0,0,0,0,0,0,0,0,0,0
510150,1,1,1986,0,0,0,0,0,0,0,0,0,0
510150,2,1,1986,2,2,2,2,2,2,2,2,2,2
510151,1,1,1986,0,0,0,0,0,0,0,5,0,0
510151,2,1,1986,0,0,0,0,0,0,3,0,0,0
510153,1,1,1986,0,0,0,0,0,0,0,0,0,0
510153,2,1,1986,0,0,0,0,0,0,0,0,0,0
510154,1,1,1986,4,4,4,4,4,4,4,4,4,4
510155,1,1,1986,0,0,0,0,0,0,0,0,0,0
510156,1,1,1986,0,0,0,0,0,0,13,0,0,0
510156,2,1,1986,4,4,4,4,4,4,4,4,4,4
510157,1,1,1986,0,0,0,0,0,0,15,0,0,0
510157,2,1,1986,0,0,0,0,0,0,0,0,0,0
510158,1,1,1986,0,0,0,0,0,0,0,0,0,0
510159,0,1,1986,0,0,0,0,0,0,0,0,0,0
510159,1,1,1986,0,10,0,0,0,0,0,0,0,0
510159,2,1,1986,0,0,0,19,18,0,5,22,0,0
510160,1,1,1986,0,0,0,0,0,0,0,0,0,0
510161,1,1,1986,11,11,11,11,11,11,11,11,11,11
510162,1,1,1986,0,0,0,0,0,0,0,0,0,0
510162,2,1,1986,0,0,0,0,0,0,0,0,0,0
510163,1,1,1986,15,15,15,15,15,15,15,15,15,15
510164,1,1,1986,0,0,0,0,0,0,0,0,0,0
510165,1,1,1986,0,0,0,0,0,0,0,0,0,0
510166,1,1,1986,19,19,19,19,19,19,19,19,19,19
510167,1,1,1986,10,5,20,17,28,14,20,6,6,24
510168,1,1,1986,21,21,21,21,21,21,21,21,21,21
510169,1,1,1986,4,7,12,13,13,10,18,4,7,0
510169,2,1,1986,0,0,0,0,0,0,0,0,7,0
510170,1,1,1986,22,22,22,22,22,22,22,22,22,22
510171,1,1,1986,16,6,7,12,32,30,14,15,15,13
510172,1,1,1986,25,25,25,25,25,25,25,25,25,25
510173,1,1,1986,0,7,0,0,0,0,0,0,0,0
510173,2,1,1986,0,0,0,0,0,0,0,0,0,0
510173,3,1,1986,0,0,0,0,0,0,0,0,0,0
510173,4,1,1986,0,0,7,0,0,0,0,12,0,18
510174,1,1,1986,0,0,0,0,0,0,0,0,0,0
510174,2,1,1986,0,0,0,0,0,0,0,0,0,0
510175,1,1,1986,0,0,0,0,0,0,0,0,0,0
510175,2,1,1986,0,0,0,0,0,0,0,0,0,0
510176,1,1,1986,0,0,0,0,0,0,0,0,0,0
510176,2,1,1986,14,0,0,0,0,0,0,0,0,0
510177,1,1,1986,24,24,24,24,24,24,24,24,24,24
510178,1,1,1986,0,0,0,0,0,0,0,0,0,0
510178,2,1,1986,0,0,0,0,0,0,0,0,0,0
510178,3,1,1986,0,0,0,0,0,0,0,0,0,0
510179,1,1,1986,10,10,10,10,10,10,10,10,10,10
510180,1,1,1986,23,23,23,23,23,23,23,23,23,23
510181,1,1,1986,0,0,0,0,0,0,5,0,0,0
510181,2,1,1986,0,0,0,0,0,0,0,0,0,0
510182,1,1,1986,0,0,0,0,0,0,0,0,0,0
510182,2,1,1986,0,0,0,0,0,0,0,0,0,0
510183,1,1,1986,18,18,18,18,18,18,18,18,18,18
510184,1,1,1986,17,10,23,13,23,24,20,23,26,29
510185,1,1,1986,0,0,0,0,0,0,0,0,0,0
510185,2,1,1986,19,19,19,19,19,19,19,19,19,19
510186,1,1,1986,0,0,0,0,0,0,0,0,0,0
510186,2,1,1986,7,7,7,7,7,7,7,7,7,7
510187,1,1,1986,0,0,0,0,0,0,0,0,0,0
510187,2,1,1986,3,3,3,3,3,3,3,3,3,3
510188,1,1,1986,0,0,0,0,0,0,0,0,0,0
510188,2,1,1986,0,0,0,0,0,0,0,0,0,0
510189,1,1,1986,17,15,12,0,0,12,2,13,16,0
510190,1,1,1986,3,0,0,0,0,0,0,13,0,0
510191,1,1,1986,0,0,0,0,0,0,0,0,0,0
510192,1,1,1986,22,13,13,19,17,24,12,13,20,26
510193,1,1,1986,19,19,19,19,19,19,19,19,19,19
510193,2,1,1986,0,0,0,0,0,0,0,0,0,0
510193,3,1,1986,0,0,0,0,0,0,0,14,0,0
510193,4,1,1986,0,0,0,0,0,0,0,0,0,0
510194,0,1,1986,0,0,0,0,0,0,0,0,0,0
510194,1,1,1986,0,0,0,0,0,3,0,0,27,13
510195,1,1,1986,2,2,2,2,2,2,2,2,2,2
510196,1,1,1986,0,0,0,0,0,0,0,0,0,0
510196,2,1,1986,0,0,0,0,0,0,0,0,0,0
510197,1,1,1986,20,20,20,20,20,20,20,20,20,20
510197,2,1,1986,0,0,0,0,0,0,0,0,0,0
510198,1,1,1986,0,0,0,0,0,0,0,0,0,0
510198,2,1,1986,0,0,0,0,0,0,0,0,10,0
510199,1,1,1986,22,22,22,22,22,22,22,22,22,22
510200,1,1,1986,13,13,13,13,13,13,13,13,13,13
510201,1,1,1986,16,16,16,16,16,16,16,16,16,16
510202,1,1,1986,25,25,25,25,25,25,25,25,25,25
510203,1,1,1986,14,14,14,14,14,14,14,14,14,14
510204,0,1,1986,0,0,0,9,0,0,0,3,0,0
510204,0,2,1986,0,16,0,0,0,0,0,0,0,5
510204,1,1,1986,0,0,0,0,0,0,0,0,0,0
510205,1,1,1986,0,0,0,0,0,0,0,0,0,0
510205,2,1,1986,42,42,42,42,42,42,42,42,42,42
510206,1,1,1986,23,23,23,23,23,23,23,23,23,23
510207,1,1,1986,18,18,18,18,18,18,18,18,18,18
510208,1,1,1986,20,20,20,20,20,20,20,20,20,20
510209,1,1,1986,0,0,0,0,0,0,0,0,0,0
510209,2,1,1986,0,0,0,0,0,0,0,0,0,0
510210,1,1,1986,12,12,12,12,12,12,12,12,12,12
510211,1,1,1986,0,4,0,0,0,0,0,0,0,26
510211,2,1,1986,0,0,0,0,0,0,0,0,0,0
510212,1,1,1986,0,0,0,0,0,0,0,0,0,0
510213,1,1,1986,0,0,0,0,0,0,0,0,0,0
510213,2,1,1986,10,19,8,17,8,24,7,20,20,28
510214,1,1,1986,0,0,0,0,0,0,0,0,0,0
510214,2,1,1986,0,0,0,0,0,0,0,0,0,0
510215,1,1,1986,21,18,16,15,29,17,25,5,28,8
510216,0,1,1986,28,28,28,28,28,28,28,28,28,28
510216,1,1,1986,0,0,0,0,0,0,0,0,0,0
510217,1,1,1986,0,0,0,0,0,0,19,0,0,0
510218,1,1,1986,3,3,3,3,3,3,3,3,3,3
510218,2,1,1986,0,0,0,0,0,0,0,0,0,0
510219,1,1,1986,39,39,39,39,39,39,39,39,39,39
510220,1,1,1986,0,0,0,0,0,0,0,0,0,0
510220,2,1,1986,0,0,0,0,0,0,0,0,0,0
510221,1,1,1986,0,0,0,0,0,0,0,0,0,0
510222,1,1,1986,0,0,0,0,0,0,0,0,0,0
510222,2,1,1986,0,0,0,0,0,0,0,0,0,0
510222,3,1,1986,0,0,0,0,0,9,0,0,0,0
510223,1,1,1986,14,14,14,14,14,14,14,14,14,14
510224,0,1,1986,0,0,0,0,0,0,0,0,0,0
510224,1,1,1986,0,0,0,0,0,0,0,0,0,0
510224,2,1,1986,0,0,0,0,0,0,0,0,0,0
510225,1,1,1986,0,0,0,0,0,0,0,0,0,0
510225,2,1,1986,0,0,0,0,0,0,0,0,0,0
510226,1,1,1986,13,13,13,13,13,13,13,13,13,13
510227,1,1,1986,31,31,31,31,31,31,31,31,31,31
510228,1,1,1986,0,10,0,0,0,0,0,0,0,0
510229,1,1,1986,0,0,0,0,0,0,0,0,0,0
510229,2,1,1986,0,0,0,0,0,0,0,0,0,0
510230,1,1,1986,0,0,0,0,0,0,0,0,0,0
510230,2,1,1986,0,0,0,0,0,0,0,0,0,0
510231,1,1,1986,18,7,21,16,22,17,21,21,19,25
510231,2,1,1986,16,23,15,7,14,7,1,19,9,9
510232,1,1,1986,16,16,16,16,16,16,16,16,16,16
510233,1,1,1986,0,0,0,0,0,0,0,0,0,0
510233,2,1,1986,0,0,0,0,0,0,0,0,0,0
510234,1,1,1986,24,24,24,24,24,24,24,24,24,24
510235,1,1,1986,0,0,0,0,0,0,0,0,0,0
510236,1,1,1986,20,20,20,20,20,20,20,20,20,20
510236,2,1,1986,25,33,14,7,16,12,27,16,6,19
510237,0,1,1986,0,0,0,0,0,0,0,0,0,0
510237,0,2,1986,0,0,0,0,0,0,0,0,0,0
510237,1,1,1986,0,31,0,14,0,29,17,0,16,0
510238,0,1,1986,0,0,0,0,0,0,0,0,0,0
510238,0,2,1986,0,27,0,0,0,0,0,0,21,0
510238,1,1,1986,0,0,0,0,0,0,0,0,0,0
510239,0,1,1986,0,0,0,0,0,0,0,0,0,0
510239,1,1,1986,0,0,0,0,0,8,0,5,0,0
510240,1,1,1986,6,3,22,0,19,19,19,23,16,0
510241,1,1,1986,0,0,0,0,0,0,0,0,0,0
510242,0,1,1986,0,0,0,0,0,0,0,0,0,0
510242,1,1,1986,3,0,0,0,0,0,20,0,0,0
510243,1,1,1986,22,22,22,22,22,22,22,22,22,22
510244,1,1,1986,0,0,0,0,0,0,0,0,0,0
510245,1,1,1986,17,17,17,17,17,17,17,17,17,17
510246,1,1,1986,21,0,0,0,0,0,0,0,0,0
510247,1,1,1986,0,0,0,0,0,0,0,0,0,0
510248,1,1,1986,13,7,17,14,4,20,6,13,30,21
510249,1,1,1986,0,0,0,0,0,0,0,0,0,0
510249,2,1,1986,0,0,0,0,0,0,0,0,0,0
510250,1,1,1986,0,0,0,0,0,0,0,0,0,0
510250,2,1,1986,0,16,11,15,0,0,9,0,14,0
510251,1,1,1986,19,19,19,19,19,19,19,19,19,19
510252,1,1,1986,5,5,5,5,5,5,5,5,5,5
510253,1,1,1986,20,29,21,23,12,13,20,26,25,39
510253,2,1,1986,0,16,0,0,0,0,0,0,0,0
510253,3,1,1986,0,0,0,0,0,0,0,0,0,0
510254,0,1,1986,0,0,0,0,0,0,0,0,0,0
510254,1,1,1986,0,0,0,0,0,0,0,0,0,0
510255,1,1,1986,5,5,5,5,5,5,5,5,5,5
510256,1,1,1986,0,0,0,0,0,0,0,0,0,0
510257,1,1,1986,0,0,0,0,0,0,0,0,0,0
510258,0,1,1986,0,25,17,22,8,34,0,15,13,22
510258,1,1,1986,0,0,0,0,0,0,0,0,0,0
510259,1,1,1986,7,21,23,16,17,0,7,16,18,0
510259,2,1,1986,0,0,0,0,0,0,0,0,0,0
510259,3,1,1986,0,0,0,0,0,0,0,0,0,0
510259,4,1,1986,0,0,0,0,0,0,0,0,0,0
510259,5,1,1986,0,0,0,19,0,0,0,0,8,0
510260,0,1,1986,29,29,29,29,29,29,29,29,29,29
510260,0,2,1986,24,21,6,31,13,8,22,14,28,21
510260,1,1,1986,0,26,25,18,19,19,2,22,19,21
510261,1,1,1986,6,6,6,6,6,6,6,6,6,6
510261,2,1,1986,0,0,0,0,0,0,0,0,0,0
510262,1,1,1986,0,0,0,0,0,0,0,0,0,0
510262,2,1,1986,0,0,0,0,0,0,0,0,0,0
510262,3,1,1986,0,0,0,0,0,0,5,8,0,0
510263,1,1,1986,0,0,0,0,0,0,0,0,0,0
510263,2,1,1986,0,0,0,0,0,0,0,0,0,0
510264,1,1,1986,0,0,0,0,0,0,0,0,0,0
510264,2,1,1986,0,0,0,0,0,0,0,0,0,0
510265,0,1,1986,0,0,0,0,0,0,0,0,0,0
510265,1,1,1986,0,0,0,0,0,0,0,0,22,0
510266,1,1,1986,13,20,17,8,13,17,23,13,15,23
510267,0,1,1986,0,0,0,0,0,0,0,0,0,0
510267,1,1,1986,10,13,16,0,17,18,14,14,9,7
510268,0,1,1986,31,31,31,31,31,31,31,31,31,31
510268,1,1,1986,0,0,0,0,0,0,0,0,0,0
510269,0,1,1986,0,26,8,0,8,12,18,0,5,0
510269,0,2,1986,0,0,0,0,0,0,0,0,0,0
510269,0,3,1986,0,0,20,0,3,0,0,7,25,0
510269,0,4,1986,0,24,10,27,3,0,0,0,0,0
510269,0,5,1986,0,0,0,0,0,0,0,0,0,0
510269,0,6,1986,1,1,1,1,1,1,1,1,1,1
510269,0,7,1986,1,1,1,1,1,1,1,1,1,1
510269,0,8,1986,2,2,2,2,2,2,2,2,2,2
510269,1,1,1986,0,0,0,0,0,0,11,0,0,0
510270,0,1,1986,27,27,27,27,27,27,27,27,27,27
510270,1,1,1986,6,0,14,0,18,0,0,0,0,0
510270,2,1,1986,0,0,0,0,0,0,0,21,0,0
510270,3,1,1986,9,0,0,0,21,11,0,0,0,0
510270,4,1,1986,0,20,0,0,0,0,0,0,0,0
510270,5,1,1986,0,0,0,0,0,0,0,0,0,0
510270,6,1,1986,0,0,0,0,0,0,0,0,0,0
510270,7,1,1986,9,14,0,30,15,0,6,0,0,36
510270,8,1,1986,10,7,16,13,3,0,25,27,16,0
510270,9,1,1986,5,3,5,13,35,0,0,0,0,0
510271,1,1,1986,18,18,18,18,18,18,18,18,18,18
510272,1,1,1986,10,10,10,10,10,10,10,10,10,10
510272,2,1,1986,0,0,0,0,0,0,0,0,0,0
510273,1,1,1986,8,12,5,0,27,0,20,5,12,0
510273,2,1,1986,0,0,0,0,0,0,0,0,0,0
510274,0,1,1986,22,22,22,22,22,22,22,22,22,22
510274,1,1,1986,0,0,24,0,0,0,0,0,0,0
510275,1,1,1986,0,0,0,0,0,0,0,0,0,0
510275,2,1,1986,0,0,0,0,0,0,0,0,0,0
510276,1,1,1986,8,0,0,0,0,0,0,0,0,0
510276,2,1,1986,19,19,19,19,19,19,19,19,19,19
510277,1,1,1986,0,0,18,0,0,0,0,0,0,0
510277,2,1,1986,0,0,0,0,0,0,0,6,0,0
510278,1,1,1986,10,10,10,10,10,10,10,10,10,10
510279,1,1,1986,7,7,7,7,7,7,7,7,7,7
510280,0,1,1986,0,0,0,0,0,0,0,0,0,0
510280,1,1,1986,0,0,0,0,0,0,0,0,0,0
510281,1,1,1986,0,5,0,0,0,0,0,0,0,0
510281,2,1,1986,0,0,0,0,0,0,0,0,0,0
510281,3,1,1986,0,0,0,0,0,0,2,0,0,0
510282,1,1,1986,25,25,25,25,25,25,25,25,25,25
510283,1,1,1986,0,0,0,0,0,0,0,0,0,0
510284,1,1,1986,16,15,17,10,16,5,9,8,29,19
510284,2,1,1986,0,0,0,0,0,0,0,0,0,0
510285,1,1,1986,29,31,14,17,18,21,0,10,24,22
510286,1,1,1986,23,6,0,0,0,0,0,0,0,11
510287,1,1,1986,18,21,0,21,0,33,32,22,22,0