ST_CASE,VEH_NO,PER_NO,YEAR,P1,P2,P3,P4,P5,P6,P7,P8,P9,P10
510288,1,1,1986,0,0,0,0,0,0,0,0,0,0
510289,1,1,1986,0,0,0,0,0,0,0,0,0,0
510289,2,1,1986,0,0,0,0,0,0,0,0,0,0
510290,1,1,1986,0,0,0,0,0,0,0,0,0,0
510290,2,1,1986,0,0,0,0,0,15,0,0,0,0
510290,3,1,1986,0,0,0,0,0,0,0,0,0,0
510292,1,1,1986,0,0,0,0,0,0,0,0,0,0
510292,2,1,1986,0,0,0,0,0,0,0,0,0,0
510293,1,3,1986,0,0,0,0,0,17,0,0,0,0
510294,1,1,1986,0,0,0,0,0,19,0,0,0,0
510295,1,1,1986,0,0,0,0,0,0,0,0,0,0
510295,2,1,1986,0,0,0,0,0,0,0,0,0,0
510296,1,1,1986,19,19,19,19,19,19,19,19,19,19
510297,1,1,1986,2,2,2,2,2,2,2,2,2,2
510297,2,1,1986,0,22,8,0,20,0,0,30,12,0
510298,1,1,1986,1,1,1,1,1,1,1,1,1,1
510298,2,1,1986,0,0,0,0,0,0,0,0,0,0
510299,1,1,1986,0,0,0,0,0,0,0,0,2,13
510300,1,1,1986,1,1,1,1,1,1,1,1,1,1
510300,2,1,1986,0,0,0,0,0,0,0,0,0,0
510301,1,1,1986,16,16,16,16,16,16,16,16,16,16
510302,1,1,1986,0,0,0,0,0,19,0,0,0,0
510302,2,1,1986,0,5,0,0,0,0,0,0,0,0
510303,1,1,1986,0,0,0,0,0,0,0,7,0,0
510304,1,1,1986,0,0,0,0,0,0,0,8,0,0
510305,1,1,1986,0,0,0,0,0,0,0,0,0,0
510305,2,1,1986,0,0,0,0,0,0,0,0,13,0
510306,1,1,1986,0,0,0,0,0,0,0,0,0,0
510306,2,1,1986,0,0,0,0,0,0,0,0,0,0
510306,3,1,1986,0,11,0,0,0,32,17,0,0,17
510307,1,1,1986,15,15,15,15,15,15,15,15,15,15
510309,1,1,1986,0,0,0,0,0,0,0,0,0,0
510310,1,1,1986,23,26,13,36,19,32,15,22,15,13
510311,1,1,1986,0,0,0,0,0,0,0,0,0,0
510311,2,1,1986,0,0,0,0,0,0,0,0,0,0
510312,1,1,1986,0,0,0,0,0,0,0,0,0,0
510312,2,1,1986,0,0,0,0,0,0,0,0,12,0
510313,1,1,1986,0,0,0,0,0,0,0,0,0,0
510313,2,1,1986,0,0,0,0,0,0,0,0,0,0
510314,1,1,1986,19,24,17,25,17,30,21,28,24,15
510314,2,1,1986,0,0,11,9,0,0,0,0,0,0
510315,1,1,1986,32,0,25,14,0,0,18,18,0,0
510316,1,1,1986,0,0,0,0,0,0,0,0,0,0
510317,1,1,1986,14,18,0,9,10,0,4,24,5,8
510318,1,1,1986,32,15,12,19,6,10,21,24,10,14
510319,1,1,1986,13,20,21,29,10,23,18,21,30,16
510319,2,1,1986,0,0,0,0,0,0,0,0,0,0
510320,1,1,1986,17,17,17,17,17,17,17,17,17,17
510321,1,1,1986,0,0,0,0,0,0,0,0,0,0
510321,2,1,1986,11,0,0,0,0,0,0,0,0,0
510322,1,1,1986,11,3,19,0,7,8,22,5,6,6
510323,1,1,1986,0,0,0,0,0,0,0,0,0,0
510323,2,1,1986,0,0,0,0,0,0,0,0,0,0
510324,1,1,1986,0,0,0,0,0,0,0,0,0,0
510324,2,1,1986,0,0,0,0,0,0,0,0,0,0
510324,3,1,1986,11,18,0,11,7,19,17,0,18,7
510325,1,1,1986,0,0,0,0,0,0,0,0,0,0
510325,2,1,1986,0,0,0,0,0,0,0,0,0,0
510325,3,1,1986,0,0,0,0,0,0,0,0,0,0
510326,1,1,1986,0,0,0,0,0,0,0,0,0,0
510326,2,1,1986,0,0,0,0,0,0,0,0,0,0
510327,1,1,1986,12,0,0,0,0,0,19,0,15,13
510328,1,1,1986,0,0,0,0,0,0,49,0,0,0
510328,2,1,1986,17,17,17,17,17,17,17,17,17,17
510330,1,1,1986,29,7,17,9,21,14,20,17,27,8
510331,0,1,1986,0,0,0,0,0,0,0,0,0,0
510331,1,1,1986,0,0,0,16,13,3,27,0,11,14
510332,1,1,1986,13,0,5,0,10,21,10,9,21,9
510333,1,1,1986,0,0,0,0,0,0,0,0,0,0
510333,2,1,1986,0,0,0,0,0,0,0,0,0,0
510334,1,1,1986,23,7,14,20,14,13,29,16,11,31
510335,1,1,1986,13,17,7,8,9,4,0,8,7,11
510335,2,1,1986,0,0,0,0,0,0,0,0,0,0
510336,1,1,1986,0,0,0,0,0,0,0,0,0,0
510336,2,1,1986,0,0,0,0,0,0,0,0,0,0
510337,1,1,1986,0,0,0,0,0,0,0,0,0,0
510338,1,1,1986,0,0,0,0,0,0,0,0,0,0
510339,1,1,1986,24,14,23,0,7,0,24,11,10,17
510340,0,1,1986,0,5,0,0,0,0,0,0,0,0
510340,1,1,1986,0,0,0,0,0,26,0,0,0,0
510341,1,1,1986,16,16,16,16,16,16,16,16,16,16
510342,1,1,1986,0,0,0,0,0,13,0,0,0,0
510342,2,1,1986,0,0,0,0,0,0,0,0,0,0
510343,1,1,1986,15,15,15,15,15,15,15,15,15,15
510344,1,1,1986,0,0,0,0,0,0,0,0,0,0
510344,2,1,1986,0,0,0,0,0,0,0,0,0,0
510345,1,1,1986,22,22,22,22,22,22,22,22,22,22
510346,1,1,1986,0,0,0,0,0,0,0,0,0,0
510346,2,1,1986,0,0,0,0,0,0,0,0,0,0
510347,0,1,1986,0,0,0,0,0,0,0,0,0,0
510347,1,1,1986,0,0,0,0,0,0,0,0,0,0
510348,1,1,1986,0,6,13,28,5,6,31,0,0,3
510349,1,1,1986,4,4,4,4,4,4,4,4,4,4
510349,2,1,1986,15,9,0,6,5,17,16,15,30,9
510350,0,1,1986,0,0,0,0,13,0,0,0,0,0
510350,1,1,1986,0,0,0,0,0,0,0,0,0,0
510351,1,1,1986,0,0,0,0,0,0,0,0,0,0
510352,1,1,1986,0,14,0,0,10,10,15,4,19,8
510352,2,1,1986,10,0,0,0,0,0,0,0,0,0
510353,1,1,1986,6,6,6,6,6,6,6,6,6,6
510354,1,1,1986,0,0,0,0,0,0,0,0,0,0
510354,2,1,1986,0,0,0,0,0,0,0,0,0,0
510357,1,1,1986,17,15,18,13,10,17,9,9,11,7
510358,1,1,1986,0,0,0,0,0,0,0,0,0,0
510358,2,1,1986,0,0,0,0,0,0,0,0,0,16
510358,3,1,1986,0,0,0,0,0,0,0,17,0,0
510359,1,1,1986,22,22,22,22,22,22,22,22,22,22
510360,1,1,1986,15,15,15,15,15,15,15,15,15,15
510361,1,1,1986,19,0,0,0,0,0,0,0,0,0
510361,2,1,1986,0,0,0,0,0,0,0,0,0,0
510362,0,1,1986,0,0,0,0,0,0,0,0,0,0
510362,1,1,1986,0,22,9,19,24,0,4,29,34,33
510363,1,1,1986,0,0,0,0,0,0,0,0,0,0
510363,2,1,1986,0,0,0,0,9,0,8,0,0,0
510364,1,1,1986,0,0,0,0,7,0,8,0,0,7
510364,2,1,1986,0,0,0,0,10,0,0,8,0,0
510364,3,1,1986,0,0,0,0,21,0,0,0,0,0
510365,0,1,1986,0,0,0,0,0,0,0,0,0,0
510365,1,1,1986,10,3,0,7,10,0,12,14,12,7
510366,1,1,1986,0,0,0,0,0,0,0,0,0,0
510367,1,1,1986,15,15,15,15,15,15,15,15,15,15
510368,1,1,1986,16,16,16,16,16,16,16,16,16,16
510369,0,1,1986,6,6,6,6,6,6,6,6,6,6
510369,1,1,1986,0,0,0,0,0,0,0,0,0,0
510370,1,1,1986,21,21,21,21,21,21,21,21,21,21
510371,0,1,1986,0,0,0,0,0,0,0,0,0,0
510371,1,1,1986,0,13,0,6,0,0,11,7,20,0
510373,1,1,1986,22,22,22,22,22,22,22,22,22,22
510374,1,1,1986,0,0,0,0,0,0,0,0,0,0
510374,2,1,1986,28,0,0,0,0,12,0,0,0,0
510375,1,1,1986,17,10,20,18,12,25,14,0,24,13
510376,1,1,1986,0,0,0,17,0,0,0,0,0,0
510376,2,1,1986,0,0,0,0,9,0,12,0,0,0
510377,0,1,1986,0,0,0,0,0,0,0,0,0,0
510377,1,1,1986,11,12,18,12,16,27,18,11,19,5
510378,1,1,1986,0,0,0,0,0,0,0,0,0,0
510378,2,1,1986,0,0,0,0,0,0,0,0,0,0
510379,1,1,1986,0,0,0,0,0,0,0,0,0,0
510380,1,1,1986,14,14,14,14,14,14,14,14,14,14
510381,1,1,1986,0,0,0,0,0,0,0,0,0,0
510381,2,1,1986,0,0,0,0,0,0,0,0,0,0
510382,1,1,1986,25,25,25,25,25,25,25,25,25,25
510383,1,1,1986,16,16,16,16,16,16,16,16,16,16
510383,2,1,1986,2,0,0,0,0,0,0,0,0,0
510384,1,1,1986,21,21,21,21,21,21,21,21,21,21
510384,2,1,1986,0,0,0,0,0,0,0,0,8,0
510385,0,1,1986,8,8,8,8,8,8,8,8,8,8
510385,1,1,1986,27,34,0,10,35,20,0,16,11,11
510386,1,1,1986,19,25,13,9,0,38,29,19,25,11
510387,1,1,1986,0,0,0,0,0,0,0,0,0,0
510387,2,1,1986,34,34,34,34,34,34,34,34,34,34
510387,3,1,1986,23,0,8,21,23,9,0,5,16,3
510387,4,1,1986,0,0,0,0,0,0,0,0,0,0
510388,1,1,1986,0,0,0,0,0,0,0,0,0,0
510388,2,1,1986,0,0,0,0,0,0,0,0,0,0
510389,1,1,1986,14,14,14,14,14,14,14,14,14,14
510390,1,1,1986,0,0,0,0,0,0,0,0,0,0
510391,1,1,1986,0,0,0,0,0,0,0,0,0,0
510391,2,1,1986,0,0,0,0,0,0,0,0,0,0
510392,1,1,1986,27,27,27,27,27,27,27,27,27,27
510393,1,2,1986,11,0,0,24,19,0,25,21,26,15
510394,1,1,1986,21,10,14,6,28,16,13,17,21,10
510394,2,1,1986,2,2,2,2,2,2,2,2,2,2
510395,1,1,1986,28,28,28,28,28,28,28,28,28,28
510396,1,1,1986,2,2,2,2,2,2,2,2,2,2
510396,2,1,1986,0,0,0,0,0,0,0,0,0,0
510397,1,1,1986,24,24,24,24,24,24,24,24,24,24
510398,1,1,1986,13,13,13,13,13,13,13,13,13,13
510399,1,1,1986,17,17,17,17,17,17,17,17,17,17
510400,1,1,1986,0,0,0,0,0,0,0,0,0,0
510401,1,1,1986,0,0,0,0,0,0,0,0,0,0
510401,2,1,1986,0,0,0,0,0,0,0,0,0,0
510402,1,1,1986,20,20,20,20,20,20,20,20,20,20
510403,1,1,1986,0,0,0,0,0,0,0,0,0,0
510404,1,1,1986,21,21,21,21,21,21,21,21,21,21
510405,1,1,1986,8,8,8,8,8,8,8,8,8,8
510406,1,1,1986,0,0,0,0,0,0,0,0,0,0
510406,2,1,1986,0,0,0,0,0,0,0,0,0,0
510407,0,1,1986,0,0,0,0,0,0,0,0,0,0
510407,1,1,1986,0,0,0,0,0,0,0,0,0,0
510408,1,1,1986,0,0,0,0,0,0,0,0,0,0
510408,2,1,1986,10,10,10,10,10,10,10,10,10,10
510409,1,1,1986,20,20,20,20,20,20,20,20,20,20
510410,1,1,1986,0,7,0,0,0,0,0,0,16,0
510411,1,1,1986,0,0,0,0,0,0,0,0,0,0
510411,2,1,1986,0,0,0,0,0,0,0,0,0,0
510412,1,1,1986,30,30,30,30,30,30,30,30,30,30
510413,0,1,1986,0,0,0,0,0,0,0,0,0,0
510413,1,1,1986,33,15,19,0,10,15,5,6,15,8
510414,1,1,1986,12,16,18,0,18,2,9,9,14,7
510415,0,1,1986,0,0,0,0,0,0,0,12,14,0
510415,1,1,1986,10,0,0,0,0,0,0,0,0,3
510416,1,1,1986,0,0,0,0,0,0,0,0,0,0
510417,1,1,1986,13,13,13,13,13,13,13,13,13,13
510418,0,1,1986,0,0,0,0,0,0,0,0,0,0
510418,1,1,1986,0,0,0,0,0,0,0,0,0,0
510419,1,1,1986,0,0,0,0,0,0,0,0,0,0
510420,0,1,1986,18,18,18,18,18,18,18,18,18,18
510420,1,1,1986,18,14,10,36,10,20,32,16,20,18
510420,2,1,1986,6,0,32,25,7,0,0,0,26,11
510421,1,1,1986,22,22,22,22,22,22,22,22,22,22
510422,1,1,1986,11,11,11,11,11,11,11,11,11,11
510423,1,2,1986,5,15,8,13,0,0,16,14,11,0
510424,1,1,1986,0,0,0,0,0,0,0,0,0,0
510424,2,1,1986,7,0,31,0,0,17,0,13,0,0
510425,1,1,1986,14,14,14,14,14,14,14,14,14,14
510425,2,1,1986,0,0,19,15,12,0,14,0,0,0
510425,3,1,1986,10,13,13,0,12,0,20,0,0,0
510426,1,1,1986,0,0,0,0,0,0,0,0,0,0
510427,1,1,1986,0,0,0,0,0,0,0,0,0,0
510427,2,1,1986,0,0,0,0,0,0,0,0,0,0
510428,1,1,1986,0,0,0,0,0,0,0,0,0,0
510428,2,1,1986,0,0,0,0,0,0,0,0,0,0
510429,1,1,1986,29,0,0,0,0,11,10,0,0,0
510429,2,1,1986,9,9,9,9,9,9,9,9,9,9
510430,1,1,1986,7,7,7,7,7,7,7,7,7,7
510431,0,1,1986,14,14,14,14,14,14,14,14,14,14
510431,1,1,1986,16,12,15,3,19,29,16,9,13,14
510432,1,1,1986,0,0,0,0,0,0,0,0,0,0
510432,2,1,1986,0,0,0,0,0,0,0,0,0,0
510433,1,1,1986,0,7,17,0,0,0,0,15,0,0
510434,1,1,1986,9,17,10,13,13,30,21,12,20,14
510435,1,1,1986,0,0,32,12,11,0,13,0,0,0
510435,2,1,1986,0,0,0,0,0,0,0,0,0,0
510436,1,1,1986,0,0,0,0,0,0,0,0,0,0
510436,2,1,1986,0,0,0,0,16,0,0,0,0,0
510437,1,1,1986,20,20,20,20,20,20,20,20,20,20
510437,2,1,1986,0,0,0,0,0,0,0,7,0,0
510438,1,1,1986,14,9,14,12,8,27,33,21,12,12
510439,0,1,1986,27,27,27,27,27,27,27,27,27,27
510439,1,1,1986,16,17,0,10,8,24,0,0,0,4
510440,1,1,1986,9,7,11,17,11,2,14,35,0,11
510441,1,1,1986,17,17,17,17,17,17,17,17,17,17
510442,1,1,1986,0,0,0,0,0,0,0,0,0,0
510442,2,1,1986,0,0,0,0,0,0,0,0,0,8
510443,1,1,1986,0,0,0,10,0,0,0,0,0,0
510443,2,1,1986,0,0,0,0,0,0,0,0,0,0
510443,3,1,1986,29,18,12,24,13,11,24,0,22,0
510444,1,1,1986,0,0,0,0,0,0,0,0,0,0
510444,2,1,1986,0,0,0,0,5,0,0,0,0,0
510445,1,1,1986,0,0,0,0,0,0,0,0,0,0
510446,1,1,1986,7,7,7,7,7,7,7,7,7,7
510447,1,1,1986,9,8,18,18,21,5,14,15,10,16
510449,1,1,1986,32,32,32,32,32,32,32,32,32,32
510449,2,1,1986,0,0,0,0,0,0,0,0,0,0
510449,3,1,1986,0,0,0,0,0,0,0,0,0,0
510450,1,1,1986,0,0,0,0,0,0,0,0,0,0
510450,2,1,1986,0,0,0,0,0,0,0,0,0,0
510451,1,1,1986,0,0,0,0,0,0,0,0,0,0
510452,1,1,1986,13,0,0,0,0,0,0,0,0,0
510452,2,1,1986,0,8,0,0,0,0,0,0,19,0
510452,3,1,1986,0,0,0,0,0,0,0,0,0,0
510453,1,1,1986,0,0,0,23,0,0,0,0,0,0
510453,2,1,1986,0,0,0,0,0,0,0,0,0,0
510453,3,1,1986,20,0,0,0,18,0,0,8,0,13
510454,1,1,1986,29,5,18,17,19,9,5,24,18,9
510455,1,1,1986,9,6,15,0,4,5,8,3,4,9
510456,1,1,1986,0,8,17,17,23,18,23,6,26,40
510457,1,1,1986,22,3,13,8,8,16,16,14,15,18
510458,1,1,1986,7,15,12,37,17,31,11,0,6,9
510459,1,1,1986,0,0,0,0,0,0,0,0,0,0
510460,1,1,1986,14,0,0,0,18,0,0,0,14,0
510460,2,1,1986,0,0,0,0,0,0,0,0,0,0
510460,3,1,1986,0,0,0,0,0,14,0,14,27,7
510460,4,1,1986,16,0,0,0,0,0,0,0,21,0
510460,5,1,1986,0,0,0,0,6,0,0,0,0,0
510461,1,1,1986,0,0,18,0,0,0,4,0,13,10
510462,1,1,1986,18,18,18,18,18,18,18,18,18,18
510463,1,1,1986,0,0,0,0,0,0,0,0,0,0
510464,1,1,1986,12,12,12,12,12,12,12,12,12,12
510465,1,1,1986,23,23,23,23,23,23,23,23,23,23
510467,1,1,1986,14,12,25,24,11,5,9,16,8,16
510467,2,1,1986,19,19,19,19,19,19,19,19,19,19
510468,1,1,1986,0,0,0,6,0,13,12,6,0,32
510468,2,1,1986,4,4,4,4,4,4,4,4,4,4
510469,1,1,1986,17,12,4,10,28,18,3,8,21,0
510471,1,1,1986,16,16,16,16,16,16,16,16,16,16
510472,1,1,1986,16,16,16,16,16,16,16,16,16,16
510473,1,1,1986,0,8,6,0,0,0,6,4,12,0
510475,0,1,1986,36,36,36,36,36,36,36,36,36,36
510475,1,1,1986,7,24,22,10,18,16,14,18,11,13
510476,0,1,1986,17,17,17,17,17,17,17,17,17,17
510476,1,1,1986,0,19,0,0,0,0,16,18,14,0
510477,1,1,1986,10,10,10,10,10,10,10,10,10,10
510478,1,1,1986,0,0,0,5,9,0,0,8,6,20
510479,1,1,1986,17,17,17,17,17,17,17,17,17,17
510480,1,1,1986,0,0,0,0,0,0,0,0,0,0
510480,2,1,1986,5,0,0,10,24,0,0,12,0,19
510481,0,1,1986,0,0,27,13,15,0,17,0,0,13
510481,1,1,1986,4,0,0,9,0,0,12,17,0,0
510482,1,1,1986,0,0,0,12,0,0,0,0,0,0
510482,2,1,1986,0,0,6,3,0,0,0,0,0,0
510483,1,1,1986,6,6,6,6,6,6,6,6,6,6
510484,1,1,1986,11,11,11,11,11,11,11,11,11,11
510485,1,1,1986,0,0,0,0,0,0,0,0,0,0
510486,1,1,1986,5,5,5,5,5,5,5,5,5,5
510487,0,1,1986,24,24,24,24,24,24,24,24,24,24
510487,1,1,1986,8,3,0,7,6,22,0,0,22,14
510488,1,1,1986,12,0,10,0,0,0,0,0,0,0
510488,2,1,1986,0,0,0,0,0,0,0,0,0,0
510488,3,1,1986,0,0,0,0,0,0,0,0,0,20
510489,1,1,1986,0,0,0,0,0,0,0,0,0,0
510490,1,1,1986,0,0,0,0,11,0,0,0,0,17
510491,1,1,1986,0,0,0,0,0,0,0,0,0,0
510492,1,1,1986,0,0,0,0,0,0,0,0,0,0
510492,2,1,1986,0,0,0,0,0,0,0,0,0,0
510493,0,1,1986,0,0,0,0,0,0,0,0,0,0
510493,1,1,1986,0,0,0,0,0,0,0,0,0,0
510494,1,1,1986,19,8,3,27,17,17,6,15,22,20
510495,0,1,1986,0,0,0,0,0,0,0,0,0,0
510495,1,1,1986,5,9,21,19,6,13,11,30,15,12
510496,1,1,1986,25,0,17,14,16,0,20,11,15,14
510497,1,1,1986,0,0,0,0,0,0,0,0,0,0
510498,1,1,1986,11,11,11,11,11,11,11,11,11,11
510499,1,1,1986,13,11,6,7,14,15,7,11,21,25
510500,0,1,1986,24,24,24,24,24,24,24,24,24,24
510500,1,1,1986,0,0,6,0,0,15,0,0,0,0
510501,1,1,1986,7,7,7,7,7,7,7,7,7,7
510502,1,1,1986,21,20,20,5,9,20,25,10,24,18
510503,1,1,1986,0,0,0,0,0,0,0,0,0,0
510503,2,1,1986,0,0,0,0,0,0,0,0,0,0
510503,3,1,1986,0,0,0,0,0,0,0,0,0,0
510504,1,1,1986,5,5,5,5,5,5,5,5,5,5
510504,2,1,1986,20,13,16,26,20,0,22,26,0,17
510504,3,1,1986,0,0,0,0,0,0,0,0,0,0
510505,1,1,1986,8,8,8,8,8,8,8,8,8,8
510506,1,1,1986,0,0,0,0,0,0,0,0,0,0
510507,1,1,1986,8,10,10,12,17,17,7,17,25,24
510508,1,1,1986,0,0,0,0,0,0,0,0,0,0
510508,2,1,1986,0,0,0,0,0,0,0,0,0,0
510509,1,1,1986,0,0,0,0,0,0,0,0,0,0
510510,1,1,1986,10,10,10,10,10,10,10,10,10,10
510511,1,1,1986,0,0,0,0,0,0,0,0,0,0
510511,2,1,1986,0,0,0,0,0,0,0,0,0,0
510512,1,1,1986,17,17,17,17,17,17,17,17,17,17
510513,0,1,1986,38,38,38,38,38,38,38,38,38,38
510513,1,1,1986,0,0,0,8,0,0,0,0,0,20
510514,1,1,1986,0,0,0,0,0,0,0,0,0,0
510514,2,1,1986,0,0,0,0,0,0,0,0,2,0
510515,1,1,1986,0,0,0,0,0,0,0,0,0,0
510515,2,1,1986,0,0,0,0,0,0,0,0,0,0
510516,1,1,1986,0,0,0,0,0,0,0,0,0,0
510516,2,1,1986,0,0,0,0,0,0,0,0,0,0
510516,3,1,1986,0,0,0,0,0,0,0,0,0,0
510516,4,1,1986,10,18,14,20,19,11,3,0,14,19
510517,1,1,1986,21,21,21,21,21,21,21,21,21,21
510518,1,1,1986,2,2,2,2,2,2,2,2,2,2
510519,1,1,1986,9,9,9,9,9,9,9,9,9,9
510520,1,1,1986,12,12,12,12,12,12,12,12,12,12
510521,1,1,1986,0,0,0,0,0,0,0,0,0,0
510521,2,1,1986,0,0,0,0,0,0,0,0,0,0
510521,3,1,1986,0,0,0,0,0,0,0,0,0,0
510521,4,1,1986,0,0,0,0,0,0,0,0,0,0
510521,5,1,1986,0,0,0,0,0,0,0,0,0,0
510522,1,1,1986,0,0,0,0,0,0,0,0,0,0
510522,2,1,1986,0,0,0,0,0,0,0,0,0,0
510522,3,1,1986,0,0,0,0,0,0,0,25,0,0
510523,1,1,1986,0,0,0,0,0,13,11,0,14,0
510524,1,1,1986,21,21,21,21,21,21,21,21,21,21
510525,1,1,1986,0,0,0,0,0,0,0,0,0,0
510525,2,1,1986,0,0,0,0,0,35,0,0,0,0
510525,3,1,1986,0,0,0,0,0,0,12,0,0,0
510526,1,1,1986,0,0,0,0,0,0,0,0,0,0
510526,2,1,1986,0,0,0,0,0,0,0,24,0,0
510526,3,1,1986,0,0,0,0,0,0,0,0,0,0
510527,0,1,1986,48,48,48,48,48,48,48,48,48,48
510527,1,1,1986,9,0,0,0,22,0,5,0,26,5
510528,1,1,1986,15,15,15,15,15,15,15,15,15,15
510529,1,1,1986,18,18,18,18,18,18,18,18,18,18
510530,1,1,1986,0,0,0,0,0,0,0,0,0,0
510530,2,1,1986,0,0,0,0,0,0,0,0,0,0
510531,1,1,1986,0,0,0,0,0,0,0,0,0,0
510531,2,1,1986,0,0,0,0,0,0,0,0,0,0
510532,0,1,1986,10,0,0,0,0,0,26,0,5,7
510532,0,2,1986,0,0,0,0,0,0,0,0,0,0
510532,0,3,1986,0,0,7,0,0,0,0,0,0,0
510532,0,4,1986,0,0,0,0,6,0,0,0,0,0
510532,1,1,1986,0,0,0,0,0,0,0,0,0,0
510533,1,1,1986,17,16,21,0,22,25,39,20,10,12
510534,1,1,1986,1,1,1,1,1,1,1,1,1,1
510535,1,1,1986,6,6,6,6,6,6,6,6,6,6
510536,1,1,1986,22,8,17,17,14,11,0,14,3,15
510536,2,1,1986,7,0,0,0,0,0,0,0,0,14
510537,1,1,1986,0,0,0,0,0,0,0,0,0,0
510537,2,1,1986,0,0,0,0,0,0,0,0,0,0
510538,1,1,1986,12,19,18,8,12,20,18,23,0,12
510538,2,1,1986,0,0,0,0,0,0,0,0,0,0
510538,3,1,1986,0,0,0,0,14,0,0,0,0,0
510539,1,1,1986,22,22,22,22,22,22,22,22,22,22
510540,1,1,1986,19,10,6,12,0,9,9,9,31,19
510541,1,1,1986,0,0,0,0,0,0,0,0,0,0
510541,2,1,1986,0,12,0,0,0,0,0,0,0,0
510542,1,1,1986,13,13,13,13,13,13,13,13,13,13
510543,1,1,1986,0,0,0,0,17,0,0,0,0,0
510543,2,1,1986,0,0,0,0,0,0,0,0,0,0
510544,0,1,1986,37,37,37,37,37,37,37,37,37,37
510544,1,1,1986,0,0,0,0,0,0,0,15,0,14
510545,0,1,1986,46,46,46,46,46,46,46,46,46,46
510545,1,1,1986,0,0,0,0,0,0,0,0,0,0
510546,1,1,1986,14,14,17,8,15,14,14,13,20,11
510547,1,1,1986,20,20,20,20,20,20,20,20,20,20
510548,1,1,1986,0,16,17,0,0,0,7,0,0,0
510549,1,1,1986,26,13,12,14,11,11,6,21,6,0
510550,0,1,1986,0,0,0,0,0,0,0,0,0,0
510550,1,1,1986,0,0,0,0,0,0,0,0,0,0
510551,1,1,1986,0,0,0,0,0,0,0,0,0,0
510551,2,1,1986,0,0,0,0,0,0,0,0,0,0
510552,1,1,1986,0,0,0,0,0,0,0,0,0,0
510553,1,1,1986,24,23,22,7,21,35,24,14,2,6
510554,1,1,1986,0,0,12,0,0,0,3,0,0,9
510555,1,1,1986,26,26,26,26,26,26,26,26,26,26
510556,1,1,1986,6,6,6,6,6,6,6,6,6,6
510557,1,1,1986,17,22,11,8,14,11,25,7,17,27
510558,1,1,1986,24,0,0,0,16,0,16,0,4,0
510558,2,1,1986,15,13,15,0,23,5,8,18,12,8
510559,0,1,1986,39,39,39,39,39,39,39,39,39,39
510559,1,1,1986,15,26,18,25,18,19,10,0,44,9
510560,1,1,1986,2,2,2,2,2,2,2,2,2,2
510560,2,1,1986,0,0,0,0,0,0,0,0,0,0
510560,3,1,1986,0,0,0,0,0,0,0,0,0,0
510561,1,1,1986,0,0,0,0,0,17,12,0,19,0
510562,1,1,1986,18,18,18,18,18,18,18,18,18,18
510562,2,1,1986,0,0,0,0,0,0,0,0,0,0
510564,1,1,1986,22,22,22,22,22,22,22,22,22,22
510565,1,1,1986,22,22,22,22,22,22,22,22,22,22
510565,2,1,1986,0,0,0,0,0,0,0,0,0,0
510566,1,1,1986,0,0,0,0,0,0,0,0,0,0
510567,1,1,1986,0,0,0,0,0,0,0,0,0,0
510567,2,1,1986,0,0,0,24,0,0,0,0,0,0
510568,1,1,1986,15,15,15,15,15,15,15,15,15,15
510569,1,1,1986,8,13,20,17,14,6,14,10,17,17
510570,1,1,1986,14,8,11,0,8,0,0,0,0,10
510571,0,1,1986,0,0,0,0,0,0,0,0,0,0
510571,1,1,1986,0,0,0,0,0,0,0,0,0,0
510571,2,1,1986,11,5,10,10,18,11,36,0,8,17
510571,3,1,1986,0,0,0,0,0,0,0,0,0,0
510571,4,1,1986,0,0,0,0,0,0,0,0,0,0
510572,1,1,1986,0,0,0,0,0,0,1,0,0,0
510572,2,1,1986,20,20,20,20,20,20,20,20,20,20
510573,1,1,1986,0,0,0,0,0,0,0,0,0,0
510573,2,1,1986,0,0,0,0,0,0,0,0,0,0
510574,1,1,1986,6,10,15,10,15,18,18,14,12,15
510575,1,1,1986,0,0,0,0,0,0,0,0,0,0
510575,2,1,1986,0,0,0,0,0,0,0,0,0,0
510576,0,1,1986,0,15,21,17,37,18,24,0,19,20
510576,1,1,1986,0,0,0,0,0,29,14,12,0,0
510578,1,1,1986,17,17,17,17,17,17,17,17,17,17
510579,1,1,1986,21,21,21,21,21,21,21,21,21,21
510580,1,1,1986,20,20,20,20,20,20,20,20,20,20
510581,1,1,1986,21,7,10,22,12,10,18,10,12,34
510582,1,1,1986,9,9,9,9,9,9,9,9,9,9
510583,1,1,1986,17,17,17,17,17,17,17,17,17,17
510584,1,1,1986,7,7,7,7,7,7,7,7,7,7
510585,1,1,1986,0,0,0,0,18,0,0,0,0,0
510585,2,1,1986,0,0,0,0,0,0,0,0,0,0