ST_CASE,VEH_NO,PER_NO,YEAR,P1,P2,P3,P4,P5,P6,P7,P8,P9,P10
530121,2,1,1986,0,0,0,0,0,0,0,0,0,0
530122,1,1,1986,0,0,0,0,0,0,0,0,0,0
530122,2,1,1986,0,0,0,0,0,0,0,0,0,0
530123,1,1,1986,0,0,0,0,0,0,0,0,0,0
530123,2,1,1986,0,0,0,0,0,0,0,0,0,0
530124,1,1,1986,0,0,0,0,0,0,0,0,0,0
530124,2,1,1986,0,0,0,0,0,0,0,0,0,0
530124,3,1,1986,0,0,0,0,0,0,0,0,0,0
530125,1,1,1986,11,11,11,11,11,11,11,11,11,11
530126,1,1,1986,0,0,12,0,0,0,0,0,12,0
530126,2,1,1986,0,0,0,0,0,0,17,10,0,0
530126,3,1,1986,0,0,0,0,0,0,0,0,0,0
530127,1,1,1986,21,21,21,21,21,21,21,21,21,21
530127,2,1,1986,16,16,16,16,16,16,16,16,16,16
530128,1,1,1986,16,16,16,16,16,16,16,16,16,16
530129,1,1,1986,0,0,0,0,0,0,0,0,0,0
530129,2,1,1986,0,0,0,0,0,0,0,0,0,0
530130,1,1,1986,41,41,41,41,41,41,41,41,41,41
530131,1,1,1986,0,0,0,0,0,0,0,0,0,0
530131,2,1,1986,0,0,0,0,0,0,0,0,0,0
530131,3,1,1986,0,0,0,0,0,0,0,0,0,0
530132,1,1,1986,25,25,25,25,25,25,25,25,25,25
530133,1,1,1986,24,24,24,24,24,24,24,24,24,24
530134,1,1,1986,15,15,15,15,15,15,15,15,15,15
530134,2,1,1986,0,0,0,0,0,0,0,0,0,0
530135,1,1,1986,0,0,0,0,0,0,0,0,0,0
530135,2,1,1986,0,0,0,0,0,0,0,0,0,0
530136,1,1,1986,0,0,0,0,0,0,0,0,0,0
530137,1,1,1986,13,13,13,13,13,13,13,13,13,13
530138,0,1,1986,19,19,19,19,19,19,19,19,19,19
530138,1,1,1986,0,0,0,0,0,0,0,0,0,0
530139,1,1,1986,9,9,9,9,9,9,9,9,9,9
530140,1,1,1986,15,15,15,15,15,15,15,15,15,15
530141,0,1,1986,0,0,0,0,0,0,0,0,0,0
530141,1,1,1986,0,0,0,0,0,0,0,0,0,0
530142,1,1,1986,17,17,17,17,17,17,17,17,17,17
530143,1,1,1986,0,0,0,0,0,0,0,0,0,0
530143,2,1,1986,0,14,6,13,0,22,0,0,11,13
530144,0,1,1986,0,0,0,0,0,0,0,0,0,0
530144,1,1,1986,14,0,0,0,0,7,19,0,0,0
530145,1,1,1986,17,17,17,17,17,17,17,17,17,17
530145,2,1,1986,0,0,0,4,0,0,0,0,0,0
530146,1,1,1986,26,26,26,26,26,26,26,26,26,26
530147,1,1,1986,0,0,0,0,0,0,12,0,0,0
530147,2,1,1986,0,0,0,0,0,0,0,0,0,0
530148,1,1,1986,0,0,0,0,0,0,0,0,0,0
530148,2,1,1986,0,0,0,0,0,0,0,0,0,0
530149,1,1,1986,20,20,20,20,20,20,20,20,20,20
530150,1,1,1986,13,13,13,13,13,13,13,13,13,13
530151,0,1,1986,16,0,26,0,23,40,0,0,0,0
530151,1,1,1986,0,0,0,0,0,0,0,0,0,0
530152,1,1,1986,8,23,0,7,0,8,0,14,16,14
530153,1,1,1986,0,0,0,0,0,0,0,0,0,0
530153,2,1,1986,1,1,1,1,1,1,1,1,1,1
530154,1,1,1986,20,20,20,20,20,20,20,20,20,20
530154,2,1,1986,0,0,0,0,0,0,0,0,0,0
530155,1,1,1986,0,0,0,0,0,0,0,0,0,0
530155,2,1,1986,17,17,17,17,17,17,17,17,17,17
530156,1,1,1986,0,0,0,0,0,0,0,0,0,0
530156,2,1,1986,0,0,0,0,0,0,0,0,0,0
530157,1,1,1986,0,0,0,0,0,0,0,0,0,0
530157,2,1,1986,18,18,18,18,18,18,18,18,18,18
530158,1,1,1986,21,21,21,21,21,21,21,21,21,21
530159,1,1,1986,15,15,15,15,15,15,15,15,15,15
530160,1,1,1986,11,11,11,11,11,11,11,11,11,11
530160,2,1,1986,0,0,0,0,0,0,0,0,0,0
530161,0,1,1986,0,0,0,0,0,0,0,0,0,0
530161,1,1,1986,0,0,0,0,0,0,0,10,0,0
530162,1,1,1986,0,0,0,0,0,0,0,0,0,0
530163,1,1,1986,0,0,0,0,0,0,0,0,0,0
530163,2,1,1986,11,0,0,0,0,0,0,0,0,0
530164,1,1,1986,0,0,0,0,0,0,0,0,0,0
530165,1,1,1986,27,27,27,27,27,27,27,27,27,27
530166,1,1,1986,0,0,0,0,0,0,0,0,0,0
530166,2,1,1986,0,0,0,0,8,0,0,0,0,0
530166,3,1,1986,0,0,0,0,0,5,0,0,0,0
530167,0,1,1986,0,0,0,0,0,0,0,0,0,0
530167,1,1,1986,0,0,11,0,0,0,0,0,0,0
530168,1,1,1986,0,0,0,0,0,0,0,0,0,0
530169,1,1,1986,23,23,23,23,23,23,23,23,23,23
530170,1,1,1986,13,13,13,13,13,13,13,13,13,13
530171,1,1,1986,28,28,28,28,28,28,28,28,28,28
530172,1,1,1986,16,16,16,16,16,16,16,16,16,16
530173,1,1,1986,0,0,0,0,0,0,0,0,0,0
530174,1,1,1986,0,0,0,0,0,0,0,0,8,0
530174,2,1,1986,0,0,0,0,0,0,0,0,0,0
530175,1,1,1986,36,36,36,36,36,36,36,36,36,36
530176,1,1,1986,19,19,19,19,19,19,19,19,19,19
530177,1,1,1986,12,12,12,12,12,12,12,12,12,12
530177,2,1,1986,4,4,4,4,4,4,4,4,4,4
530178,0,1,1986,0,0,0,9,0,0,0,0,0,0
530178,1,1,1986,0,0,0,0,0,0,0,0,0,0
530179,0,1,1986,11,11,11,11,11,11,11,11,11,11
530179,1,1,1986,0,0,0,0,18,19,0,0,12,10
530180,1,1,1986,1,1,1,1,1,1,1,1,1,1
530180,2,1,1986,11,11,11,11,11,11,11,11,11,11
530181,1,1,1986,0,0,0,0,0,0,0,0,0,0
530181,2,1,1986,0,0,0,0,0,0,0,0,0,0
530181,3,1,1986,0,0,0,0,0,0,0,0,0,0
530182,1,1,1986,5,5,5,5,5,5,5,5,5,5
530182,2,1,1986,0,0,0,0,0,0,0,0,0,0
530183,1,1,1986,21,21,21,21,21,21,21,21,21,21
530184,1,1,1986,12,12,12,12,12,12,12,12,12,12
530185,1,1,1986,46,46,46,46,46,46,46,46,46,46
530185,2,1,1986,0,0,0,0,0,0,0,0,0,0
530185,3,1,1986,0,0,0,0,0,0,0,0,5,0
530186,1,1,1986,0,0,0,0,0,0,0,0,0,0
530187,0,1,1986,0,0,0,0,0,0,0,0,0,0
530187,1,1,1986,0,0,0,0,0,0,0,0,0,0
530187,2,1,1986,0,0,0,0,0,0,0,0,0,0
530188,1,1,1986,0,0,0,0,0,0,0,0,0,0
530188,2,1,1986,19,19,19,19,19,19,19,19,19,19
530189,1,1,1986,14,14,14,14,14,14,14,14,14,14
530190,0,1,1986,14,14,14,14,14,14,14,14,14,14
530190,1,1,1986,4,4,4,4,4,4,4,4,4,4
530191,0,1,1986,0,0,0,0,0,0,0,0,0,0
530191,1,1,1986,0,0,0,0,0,0,0,0,0,0
530192,1,1,1986,0,0,0,0,0,0,0,0,0,0
530192,2,1,1986,0,0,0,0,0,0,0,0,0,0
530193,1,2,1986,16,16,16,16,16,16,16,16,16,16
530195,1,1,1986,0,0,0,0,0,0,0,0,0,0
530195,2,1,1986,16,16,16,16,16,16,16,16,16,16
530196,1,1,1986,9,9,9,9,9,9,9,9,9,9
530197,1,1,1986,0,23,28,0,0,5,0,0,0,0
530198,1,1,1986,9,9,9,9,9,9,9,9,9,9
530198,2,1,1986,10,9,13,16,31,0,14,20,8,16
530199,0,1,1986,18,18,18,18,18,18,18,18,18,18
530199,1,1,1986,0,0,0,0,0,0,0,0,0,0
530200,1,1,1986,9,9,9,9,9,9,9,9,9,9
530201,1,1,1986,0,0,0,0,0,0,0,0,0,0
530202,1,1,1986,6,6,6,6,6,6,6,6,6,6
530202,2,1,1986,4,4,4,4,4,4,4,4,4,4
530203,0,1,1986,15,15,15,15,15,15,15,15,15,15
530203,1,1,1986,10,9,19,11,34,6,15,12,0,32
530204,1,1,1986,14,14,14,14,14,14,14,14,14,14
530204,2,1,1986,0,0,0,0,0,0,0,0,0,0
530205,1,1,1986,0,0,0,0,0,0,0,0,0,0
530205,2,1,1986,0,0,0,0,0,0,0,0,0,0
530206,1,1,1986,20,20,20,20,20,20,20,20,20,20
530207,0,1,1986,0,0,0,0,0,0,0,0,0,0
530207,1,1,1986,7,7,7,7,7,7,7,7,7,7
530208,1,1,1986,19,19,19,19,19,19,19,19,19,19
530209,1,1,1986,0,0,0,0,0,0,11,0,0,0
530209,2,1,1986,16,0,25,14,21,17,5,16,0,9
530210,1,1,1986,13,13,13,13,13,13,13,13,13,13
530210,2,1,1986,2,2,2,2,2,2,2,2,2,2
530211,1,1,1986,5,5,5,5,5,5,5,5,5,5
530212,0,1,1986,24,24,24,24,24,24,24,24,24,24
530212,1,1,1986,0,0,0,0,0,0,0,0,0,0
530213,1,1,1986,29,29,29,29,29,29,29,29,29,29
530214,1,1,1986,18,18,18,18,18,18,18,18,18,18
530215,1,1,1986,0,0,0,0,0,0,0,0,0,0
530216,0,1,1986,0,0,0,0,0,0,0,0,0,0
530216,1,1,1986,0,0,0,0,0,0,0,0,0,0
530217,0,1,1986,0,0,0,0,0,0,0,0,0,0
530217,1,1,1986,0,0,0,0,0,0,0,0,0,0
530218,1,1,1986,0,0,0,0,0,0,0,0,0,0
530219,0,1,1986,22,22,22,22,22,22,22,22,22,22
530219,1,1,1986,0,0,31,17,17,0,27,0,0,48
530220,1,1,1986,13,13,13,13,13,13,13,13,13,13
530221,1,1,1986,13,13,13,13,13,13,13,13,13,13
530222,1,1,1986,0,0,0,0,0,0,0,0,7,0
530222,2,1,1986,0,0,10,0,0,0,7,0,0,0
530224,1,1,1986,0,0,0,14,0,0,10,0,0,0
530224,2,1,1986,14,14,14,14,14,14,14,14,14,14
530225,1,1,1986,0,0,0,0,0,0,0,0,0,0
530225,2,1,1986,0,0,0,0,0,0,0,0,0,0
530226,1,1,1986,0,0,0,0,0,0,0,0,0,0
530227,1,1,1986,8,8,8,8,8,8,8,8,8,8
530228,1,1,1986,9,9,9,9,9,9,9,9,9,9
530229,1,1,1986,0,0,0,0,0,0,0,0,0,0
530229,2,1,1986,0,0,0,0,0,0,0,0,0,0
530230,1,1,1986,0,0,0,0,0,0,0,0,0,0
530230,2,1,1986,0,0,0,0,0,0,0,0,0,0
530231,0,1,1986,0,0,0,0,0,0,0,0,0,0
530231,1,1,1986,0,0,0,0,0,0,0,0,0,0
530232,1,1,1986,0,0,0,0,0,0,0,0,0,0
530232,2,1,1986,0,0,0,0,0,0,0,0,0,0
530232,3,1,1986,0,0,0,0,0,0,0,0,0,0
530233,1,1,1986,0,0,0,0,0,0,0,0,0,0
530234,1,1,1986,23,23,23,23,23,23,23,23,23,23
530235,1,1,1986,0,0,0,0,0,0,0,0,0,0
530235,2,1,1986,3,3,3,3,3,3,3,3,3,3
530236,1,1,1986,0,0,0,0,0,0,0,0,0,0
530237,1,1,1986,0,0,0,0,0,0,0,0,0,0
530238,1,1,1986,0,0,0,0,0,0,0,0,0,0
530239,1,1,1986,12,12,12,12,12,12,12,12,12,12
530240,1,1,1986,10,10,10,10,10,10,10,10,10,10
530241,1,1,1986,0,0,0,0,0,0,0,0,0,0
530241,2,1,1986,0,0,0,0,0,0,0,0,0,0
530242,1,1,1986,20,6,7,39,26,7,6,22,28,13
530243,1,1,1986,0,0,0,0,8,0,0,0,0,0
530244,1,1,1986,2,2,2,2,2,2,2,2,2,2
530245,1,1,1986,0,0,0,0,0,0,0,0,0,0
530245,2,1,1986,0,0,0,0,0,0,0,0,0,0
530246,1,1,1986,0,0,0,0,0,0,0,0,0,0
530247,1,1,1986,7,7,7,7,7,7,7,7,7,7
530248,0,1,1986,19,19,19,19,19,19,19,19,19,19
530248,1,1,1986,11,11,11,11,11,11,11,11,11,11
530249,0,1,1986,0,0,0,0,0,0,0,0,0,0
530249,0,2,1986,0,0,12,21,0,0,11,0,0,0
530249,1,1,1986,0,0,0,0,0,0,0,0,0,0
530250,0,1,1986,19,19,19,19,19,19,19,19,19,19
530250,1,1,1986,7,0,0,19,17,10,16,18,0,22
530251,1,1,1986,0,0,0,27,0,0,20,0,0,0
530252,1,1,1986,13,13,13,13,13,13,13,13,13,13
530253,1,1,1986,0,0,0,0,0,0,0,0,0,0
530253,2,1,1986,29,29,29,29,29,29,29,29,29,29
530254,1,1,1986,14,14,14,14,14,14,14,14,14,14
530255,1,1,1986,10,10,10,10,10,10,10,10,10,10
530256,0,1,1986,15,0,32,10,20,20,9,23,13,30
530256,1,1,1986,16,16,16,16,16,16,16,16,16,16
530257,1,1,1986,16,16,16,16,16,16,16,16,16,16
530258,1,1,1986,12,12,12,12,12,12,12,12,12,12
530259,1,1,1986,0,0,0,0,0,0,0,0,0,0
530260,0,1,1986,0,0,0,0,0,0,0,0,0,0
530260,1,1,1986,0,0,0,0,0,0,0,0,0,0
530261,1,1,1986,0,0,0,0,0,0,0,0,0,0
530261,2,1,1986,0,0,0,0,0,0,0,0,0,0
530262,1,1,1986,0,0,0,0,0,0,0,0,0,0
530262,2,1,1986,15,15,15,15,15,15,15,15,15,15
530263,1,1,1986,0,0,5,2,0,0,8,0,0,0
530263,2,1,1986,16,16,16,16,16,16,16,16,16,16
530264,1,1,1986,10,10,10,10,10,10,10,10,10,10
530265,1,1,1986,0,0,0,0,0,0,0,0,0,0
530265,2,1,1986,0,0,0,25,15,0,0,8,0,8
530266,1,1,1986,12,12,12,12,12,12,12,12,12,12
530267,1,1,1986,24,24,24,24,24,24,24,24,24,24
530267,2,1,1986,16,15,17,15,8,29,32,27,31,11
530268,1,1,1986,0,0,0,0,0,0,0,0,0,0
530269,1,1,1986,20,20,20,20,20,20,20,20,20,20
530269,2,1,1986,0,0,0,0,0,0,5,0,0,12
530270,1,1,1986,15,15,15,15,15,15,15,15,15,15
530271,1,1,1986,0,0,0,0,0,0,0,0,0,0
530271,2,1,1986,0,0,0,0,0,0,0,0,0,0
530272,1,1,1986,0,0,0,0,0,0,0,0,0,0
530272,2,1,1986,0,0,0,0,0,0,0,0,0,0
530273,1,1,1986,21,21,21,21,21,21,21,21,21,21
530274,1,1,1986,0,0,0,0,0,0,0,0,0,4
530274,2,1,1986,0,0,0,0,0,0,0,0,0,0
530275,1,1,1986,9,9,9,9,9,9,9,9,9,9
530276,1,1,1986,0,0,0,0,0,0,0,0,0,0
530276,2,1,1986,0,0,0,0,0,0,0,0,0,0
530278,1,1,1986,9,9,9,9,9,9,9,9,9,9
530279,1,1,1986,0,0,0,0,0,0,0,0,0,0
530280,1,1,1986,5,5,5,5,5,5,5,5,5,5
530280,2,1,1986,0,0,0,0,0,0,0,0,0,0
530281,1,1,1986,0,0,0,0,0,0,0,0,0,0
530281,2,1,1986,0,0,0,20,0,0,0,0,0,0
530281,3,1,1986,0,0,0,20,0,0,0,0,0,0
530282,1,1,1986,0,0,0,0,0,0,0,0,0,0
530283,0,1,1986,0,0,0,0,0,0,0,0,0,0
530283,1,1,1986,0,0,0,0,0,0,0,0,0,0
530284,1,1,1986,0,0,0,0,0,0,0,0,0,0
530284,2,1,1986,23,23,23,23,23,23,23,23,23,23
530285,1,1,1986,11,11,11,11,11,11,11,11,11,11
530285,2,1,1986,0,0,0,0,0,0,0,0,0,0
530286,1,1,1986,0,0,0,0,0,0,0,0,0,0
530287,1,1,1986,14,14,14,14,14,14,14,14,14,14
530287,2,1,1986,30,13,14,24,9,7,23,31,6,18
530289,1,1,1986,0,0,0,0,0,0,0,0,0,0
530290,1,1,1986,6,6,6,6,6,6,6,6,6,6
530291,1,1,1986,13,13,13,13,13,13,13,13,13,13
530291,2,1,1986,0,0,0,0,0,0,0,0,0,0
530292,1,1,1986,6,6,6,6,6,6,6,6,6,6
530293,1,1,1986,0,0,0,0,0,0,0,0,0,0
530294,1,1,1986,14,14,14,14,14,14,14,14,14,14
530295,1,1,1986,17,17,17,17,17,17,17,17,17,17
530296,0,1,1986,0,0,0,12,0,0,0,0,0,0
530296,1,1,1986,0,0,0,0,0,0,0,0,13,3
530297,1,1,1986,13,13,13,13,13,13,13,13,13,13
530298,1,1,1986,10,10,10,10,10,10,10,10,10,10
530299,1,1,1986,0,0,0,0,0,0,0,0,0,0
530299,2,1,1986,0,0,0,0,0,0,0,0,0,0
530300,1,1,1986,22,22,22,22,22,22,22,22,22,22
530300,2,1,1986,0,0,0,0,0,0,0,0,0,0
530300,3,1,1986,0,0,0,0,0,0,0,0,0,0
530303,1,1,1986,17,17,17,17,17,17,17,17,17,17
530304,1,1,1986,0,0,0,0,0,0,0,0,0,0
530305,1,1,1986,0,0,0,0,0,0,0,0,0,0
530305,2,1,1986,0,0,0,0,0,0,0,0,0,0
530306,1,1,1986,8,8,8,8,8,8,8,8,8,8
530307,1,1,1986,13,9,10,3,8,12,17,18,10,14
530308,1,1,1986,12,12,12,12,12,12,12,12,12,12
530308,2,1,1986,0,0,0,0,0,0,0,0,0,0
530309,1,1,1986,0,0,0,0,0,0,0,0,0,0
530309,2,1,1986,9,9,9,9,9,9,9,9,9,9
530310,2,1,1986,16,16,16,16,16,16,16,16,16,16
530311,1,1,1986,0,0,0,0,0,0,0,0,0,0
530311,2,1,1986,9,9,9,9,9,9,9,9,9,9
530312,1,1,1986,0,0,0,0,0,0,0,0,0,0
530313,1,1,1986,7,7,7,7,7,7,7,7,7,7
530314,1,1,1986,0,0,11,0,0,0,0,0,0,0
530314,2,1,1986,0,0,0,0,0,0,0,0,0,0
530315,1,1,1986,0,0,0,0,0,0,0,0,0,0
530315,2,1,1986,0,0,0,0,0,0,0,0,0,0
530316,1,1,1986,20,20,20,20,20,20,20,20,20,20
530317,1,1,1986,0,0,30,22,17,0,12,0,20,0
530317,2,1,1986,0,0,0,0,0,0,0,0,0,0
530318,1,1,1986,23,23,23,23,23,23,23,23,23,23
530319,1,1,1986,0,0,0,0,0,0,0,0,0,0
530320,1,1,1986,11,0,0,0,0,0,0,0,0,0
530320,2,1,1986,0,0,0,0,0,0,0,0,0,0
530321,1,1,1986,0,0,0,0,0,0,0,0,0,0
530321,2,1,1986,0,0,0,15,13,0,6,0,0,0
530321,3,1,1986,0,0,0,0,0,0,0,0,0,0
530321,4,1,1986,0,0,0,0,0,0,0,0,0,0
530322,1,1,1986,0,0,0,0,0,0,0,0,0,0
530323,1,1,1986,5,5,5,5,5,5,5,5,5,5
530324,1,1,1986,3,3,3,3,3,3,3,3,3,3
530324,2,1,1986,0,0,0,0,0,0,0,0,0,0
530325,1,1,1986,15,15,15,15,15,15,15,15,15,15
530326,1,1,1986,0,0,0,0,0,0,0,0,0,0
530326,2,1,1986,0,0,0,0,0,0,0,0,0,0
530327,1,1,1986,6,6,6,6,6,6,6,6,6,6
530327,2,1,1986,2,2,2,2,2,2,2,2,2,2
530328,0,1,1986,18,18,18,18,18,18,18,18,18,18
530328,1,1,1986,0,0,0,0,0,0,0,0,0,0
530329,1,1,1986,0,0,0,0,0,0,0,0,0,0
530330,0,1,1986,21,21,21,21,21,21,21,21,21,21
530330,1,1,1986,17,17,17,17,17,17,17,17,17,17
530331,1,1,1986,21,21,21,21,21,21,21,21,21,21
530331,2,1,1986,14,14,14,14,14,14,14,14,14,14
530332,1,1,1986,0,0,0,0,0,0,0,0,0,0
530332,2,1,1986,0,0,0,0,0,0,0,0,16,0
530333,1,1,1986,0,0,0,0,0,0,0,0,0,0
530334,1,1,1986,0,0,0,0,0,0,0,0,0,0
530335,1,1,1986,12,12,12,12,12,12,12,12,12,12
530335,2,1,1986,0,0,0,0,0,0,0,0,0,0
530336,1,1,1986,0,0,0,0,0,0,0,0,0,0
530337,1,1,1986,12,12,12,12,12,12,12,12,12,12
530338,1,1,1986,0,0,0,0,0,0,10,0,0,0
530338,2,1,1986,0,0,0,0,0,0,0,0,0,0
530338,3,1,1986,0,0,0,0,0,0,0,0,0,0
530339,1,1,1986,7,7,7,7,7,7,7,7,7,7
530340,1,1,1986,2,2,2,2,2,2,2,2,2,2
530341,1,1,1986,0,0,15,0,0,0,0,0,0,0
530342,1,1,1986,0,0,0,0,0,0,0,0,0,0
530342,2,1,1986,0,0,0,0,0,0,0,0,0,0
530344,1,1,1986,0,0,0,0,0,0,0,0,0,0
530344,2,1,1986,2,2,2,2,2,2,2,2,2,2
530344,3,1,1986,0,0,0,0,0,0,0,0,0,0
530345,1,1,1986,12,12,12,12,12,12,12,12,12,12
530345,2,1,1986,9,9,9,9,9,9,9,9,9,9
530346,1,1,1986,21,27,23,11,8,30,24,23,14,0
530347,1,1,1986,16,16,16,16,16,16,16,16,16,16
530347,2,1,1986,0,0,0,0,0,0,0,0,0,0
530348,1,1,1986,0,0,0,0,0,0,0,0,0,0
530349,1,1,1986,30,30,30,30,30,30,30,30,30,30
530349,2,1,1986,0,0,0,0,0,0,0,0,0,0
530350,1,1,1986,15,15,15,15,15,15,15,15,15,15
530350,2,1,1986,0,0,0,0,0,0,0,0,0,0
530350,3,1,1986,0,0,0,0,0,0,0,0,0,0
530351,1,1,1986,20,20,20,20,20,20,20,20,20,20
530352,0,1,1986,0,0,0,0,0,0,0,0,0,0
530352,1,1,1986,0,0,0,0,0,0,0,0,0,0
530353,1,1,1986,26,26,26,26,26,26,26,26,26,26
530354,1,1,1986,18,18,18,18,18,18,18,18,18,18
530355,1,1,1986,11,11,11,11,11,11,11,11,11,11
530356,1,1,1986,12,12,12,12,12,12,12,12,12,12
530357,1,1,1986,0,0,0,0,0,0,0,0,0,0
530357,2,1,1986,0,0,0,0,0,0,0,0,0,0
530358,1,1,1986,1,1,1,1,1,1,1,1,1,1
530358,2,1,1986,0,0,0,0,0,0,0,0,0,0
530359,1,1,1986,0,0,0,0,0,0,0,0,0,0
530359,2,1,1986,14,14,14,14,14,14,14,14,14,14
530360,1,1,1986,0,0,0,0,0,0,0,0,0,0
530360,2,1,1986,0,0,0,0,0,0,0,0,0,0
530361,1,1,1986,0,0,0,0,0,0,0,0,0,0
530362,1,1,1986,0,0,0,0,0,0,0,0,0,0
530362,2,1,1986,0,0,0,0,0,0,0,0,0,0
530362,3,1,1986,0,0,0,0,0,0,0,0,0,0
530362,4,1,1986,0,0,0,0,0,0,0,0,0,0
530363,1,1,1986,0,0,0,0,0,0,15,0,0,4
530364,1,1,1986,0,0,0,0,0,0,0,0,0,0
530365,1,1,1986,12,12,12,12,12,12,12,12,12,12
530366,1,1,1986,23,23,23,23,23,23,23,23,23,23
530368,0,1,1986,13,13,13,13,13,13,13,13,13,13
530368,1,1,1986,2,14,16,5,27,22,26,18,0,7
530369,1,1,1986,17,17,17,17,17,17,17,17,17,17
530369,2,1,1986,0,0,0,0,0,0,0,0,0,0
530370,1,1,1986,0,0,0,0,0,0,0,0,0,0
530371,1,1,1986,13,13,13,13,13,13,13,13,13,13
530372,1,1,1986,22,22,22,22,22,22,22,22,22,22
530373,1,1,1986,0,0,0,0,0,0,0,0,0,0
530374,1,1,1986,9,9,9,9,9,9,9,9,9,9
530375,1,1,1986,20,20,20,20,20,20,20,20,20,20
530376,1,1,1986,0,0,0,0,0,0,0,0,0,0
530376,2,1,1986,0,0,0,0,0,0,0,0,0,0
530377,0,1,1986,0,0,0,0,0,0,0,0,0,0
530377,1,1,1986,7,0,0,5,18,0,0,0,0,5
530378,1,1,1986,22,22,22,22,22,22,22,22,22,22
530379,1,1,1986,11,11,11,11,11,11,11,11,11,11
530380,1,1,1986,0,0,0,0,0,0,0,0,0,0
530381,0,1,1986,0,0,0,0,0,0,0,0,0,0
530381,1,1,1986,0,0,0,0,0,0,0,0,0,0
530382,0,1,1986,16,16,16,16,16,16,16,16,16,16
530382,1,1,1986,0,0,0,0,0,0,0,0,0,0
530383,1,1,1986,14,14,14,14,14,14,14,14,14,14
530384,1,1,1986,0,0,0,0,0,0,0,0,0,0
530385,0,1,1986,0,0,0,11,3,0,0,0,11,0
530385,1,1,1986,22,22,22,22,22,22,22,22,22,22
530386,1,1,1986,0,0,0,0,0,0,0,0,0,0
530386,2,1,1986,0,0,0,0,0,0,0,0,0,0
530387,1,1,1986,0,0,0,0,0,0,0,0,0,0
530388,1,1,1986,27,27,27,27,27,27,27,27,27,27
530389,0,1,1986,4,4,4,4,4,4,4,4,4,4
530389,1,1,1986,0,0,0,0,0,0,0,0,0,0
530390,1,1,1986,9,9,9,9,9,9,9,9,9,9
530391,1,1,1986,1,1,1,1,1,1,1,1,1,1
530392,1,1,1986,0,0,0,0,0,0,0,0,0,0
530393,1,1,1986,0,14,0,17,0,13,0,4,0,0
530394,0,1,1986,23,23,23,23,23,23,23,23,23,23
530394,1,1,1986,0,0,0,0,0,0,0,0,0,0
530395,1,1,1986,24,24,24,24,24,24,24,24,24,24
530397,1,1,1986,14,14,14,14,14,14,14,14,14,14
530397,2,1,1986,17,6,0,11,13,15,0,15,0,0
530398,1,1,1986,0,0,0,0,0,0,0,7,0,0
530398,2,1,1986,0,0,0,0,0,0,0,0,0,0
530399,1,1,1986,0,0,0,0,0,0,0,0,0,0
530400,1,1,1986,2,2,2,2,2,2,2,2,2,2
530401,0,1,1986,20,20,20,20,20,20,20,20,20,20
530401,1,1,1986,19,10,23,0,12,26,0,13,21,8
530402,1,1,1986,12,12,12,12,12,12,12,12,12,12
530403,1,1,1986,0,0,0,0,0,0,0,0,0,0
530403,2,1,1986,0,0,0,0,0,0,0,0,0,0
530404,1,1,1986,16,3,15,0,6,25,7,11,11,7
530404,2,1,1986,0,0,0,0,0,0,0,0,0,0
530405,1,1,1986,0,0,0,0,0,0,0,0,0,0
530405,2,1,1986,0,0,0,0,0,0,0,0,0,0
530407,1,1,1986,24,24,24,24,24,24,24,24,24,24
530407,2,1,1986,0,0,0,0,0,0,0,0,0,0
530407,3,1,1986,0,0,0,0,0,0,0,0,0,0
530408,1,1,1986,30,30,30,30,30,30,30,30,30,30
530409,1,1,1986,0,0,0,0,0,0,12,0,0,0
530409,2,1,1986,0,0,0,0,0,0,0,0,0,0
530411,0,1,1986,0,0,0,0,0,0,0,0,0,0
530411,1,1,1986,17,17,17,17,17,17,17,17,17,17
530412,1,1,1986,0,0,0,0,0,0,0,0,0,0
530413,1,1,1986,18,18,18,18,18,18,18,18,18,18
530414,1,1,1986,26,26,26,26,26,26,26,26,26,26
530415,2,1,1986,14,14,14,14,14,14,14,14,14,14
530417,1,1,1986,0,0,0,0,0,0,0,0,0,0
530418,1,1,1986,21,21,21,21,21,21,21,21,21,21
530419,1,1,1986,8,8,8,8,8,8,8,8,8,8
530420,1,1,1986,26,26,26,26,26,26,26,26,26,26
530420,2,1,1986,0,0,0,0,0,0,0,0,0,0
530421,1,1,1986,16,16,16,16,16,16,16,16,16,16
530422,1,1,1986,24,24,24,24,24,24,24,24,24,24
530423,1,1,1986,0,0,0,0,0,0,0,0,21,0
530424,0,1,1986,0,0,0,0,0,0,0,0,0,0
530424,0,2,1986,0,3,0,0,0,0,0,0,0,0
530424,1,1,1986,0,0,0,0,0,0,0,0,0,0