ST_CASE,VEH_NO,PER_NO,YEAR,P1,P2,P3,P4,P5,P6,P7,P8,P9,P10
530425,0,1,1986,23,23,23,23,23,23,23,23,23,23
530425,1,1,1986,0,0,0,0,0,0,0,0,0,0
530426,1,1,1986,3,3,3,3,3,3,3,3,3,3
530427,1,1,1986,4,4,4,4,4,4,4,4,4,4
530428,0,1,1986,16,16,16,16,16,16,16,16,16,16
530428,0,2,1986,0,0,0,0,0,0,0,0,0,0
530428,1,1,1986,14,14,14,14,14,14,14,14,14,14
530429,1,1,1986,22,22,22,22,22,22,22,22,22,22
530429,2,1,1986,0,0,0,0,0,0,0,0,0,0
530430,1,1,1986,0,0,0,0,0,0,0,0,0,0
530430,2,1,1986,0,0,0,0,0,0,0,0,0,0
530431,1,1,1986,6,0,0,0,0,0,0,5,0,5
530431,2,1,1986,0,0,0,0,0,0,0,0,0,0
530432,1,1,1986,13,13,13,13,13,13,13,13,13,13
530433,1,1,1986,0,0,0,0,0,0,0,0,0,0
530433,2,1,1986,0,0,0,0,0,0,0,0,0,0
530434,1,1,1986,19,19,19,19,19,19,19,19,19,19
530435,1,1,1986,14,14,14,14,14,14,14,14,14,14
530435,2,1,1986,0,0,0,0,0,0,0,0,0,0
530436,1,1,1986,0,0,0,0,0,0,0,0,0,0
530437,1,1,1986,12,12,12,12,12,12,12,12,12,12
530438,1,1,1986,19,19,19,19,19,19,19,19,19,19
530438,2,1,1986,0,0,0,0,0,0,0,16,0,12
530439,0,1,1986,0,0,0,0,0,0,0,0,0,0
530439,1,1,1986,0,0,0,0,0,0,0,0,0,0
530441,1,1,1986,19,19,19,19,19,19,19,19,19,19
530441,2,1,1986,0,0,8,0,17,0,0,0,19,4
530442,1,1,1986,18,18,18,18,18,18,18,18,18,18
530443,1,1,1986,21,21,21,21,21,21,21,21,21,21
530444,1,1,1986,0,0,16,18,0,0,0,0,0,0
530445,0,1,1986,0,0,0,0,0,0,0,0,0,0
530445,1,1,1986,0,0,0,0,0,0,0,0,0,0
530446,1,1,1986,0,0,0,22,15,0,0,6,7,0
530447,0,1,1986,0,0,0,0,0,0,0,0,0,0
530447,1,1,1986,0,0,0,0,11,0,0,0,0,0
530448,1,1,1986,0,0,0,0,0,0,0,0,0,0
530448,2,1,1986,12,0,0,15,8,0,0,0,0,0
530449,1,1,1986,0,0,0,0,0,0,0,0,0,0
530449,2,1,1986,0,0,0,0,13,0,0,0,18,0
530449,3,1,1986,2,2,2,2,2,2,2,2,2,2
530450,1,1,1986,0,0,0,0,0,0,0,0,0,0
530451,1,1,1986,0,0,0,0,0,0,0,0,0,0
530451,2,1,1986,7,7,7,7,7,7,7,7,7,7
530452,1,1,1986,0,0,0,0,0,0,0,0,0,0
530453,1,1,1986,25,25,25,25,25,25,25,25,25,25
530454,1,1,1986,0,0,0,0,0,0,0,0,0,0
530454,2,1,1986,7,7,7,7,7,7,7,7,7,7
530455,1,1,1986,18,18,18,18,18,18,18,18,18,18
530456,1,1,1986,17,17,17,17,17,17,17,17,17,17
530457,0,1,1986,3,3,3,3,3,3,3,3,3,3
530457,1,1,1986,0,0,0,0,0,0,0,0,0,0
530459,1,1,1986,3,3,3,3,3,3,3,3,3,3
530460,1,1,1986,13,13,13,13,13,13,13,13,13,13
530460,2,1,1986,0,0,0,0,0,0,0,0,0,0
530461,1,1,1986,0,0,0,0,0,0,0,0,0,0
530461,2,1,1986,0,0,0,0,0,0,0,0,0,0
530462,1,1,1986,23,23,23,23,23,23,23,23,23,23
530463,1,1,1986,3,3,3,3,3,3,3,3,3,3
530464,1,1,1986,15,6,18,19,15,8,11,30,27,11
530465,1,1,1986,19,19,19,19,19,19,19,19,19,19
530465,2,1,1986,0,0,0,0,0,0,0,0,0,0
530466,1,1,1986,15,15,15,15,15,15,15,15,15,15
530467,1,1,1986,20,20,20,20,20,20,20,20,20,20
530468,1,1,1986,0,0,0,0,0,0,0,0,0,0
530469,1,1,1986,9,0,0,0,0,0,0,0,23,0
530470,1,1,1986,14,14,14,14,14,14,14,14,14,14
530471,1,1,1986,26,26,26,26,26,26,26,26,26,26
530472,1,1,1986,0,0,0,0,0,0,0,0,0,0
530472,2,1,1986,0,20,0,0,0,0,0,0,0,0
530473,1,1,1986,0,0,0,0,0,0,0,0,0,0
530473,2,1,1986,0,0,0,0,0,0,0,0,21,0
530474,0,1,1986,29,29,29,29,29,29,29,29,29,29
530474,1,1,1986,0,0,0,0,0,0,0,0,0,0
530475,1,1,1986,23,23,23,23,23,23,23,23,23,23
530476,1,1,1986,0,0,0,0,0,0,0,0,0,0
530476,2,1,1986,0,0,0,0,0,0,0,0,0,0
530477,1,1,1986,15,15,15,15,15,15,15,15,15,15
530477,2,1,1986,0,0,13,0,0,0,0,0,0,0
530478,1,1,1986,9,9,9,9,9,9,9,9,9,9
530479,1,1,1986,0,0,0,0,0,0,0,0,0,0
530479,2,1,1986,0,0,0,0,0,0,0,0,0,0
530479,3,1,1986,0,0,0,0,0,0,0,0,0,0
530480,0,1,1986,0,0,0,0,0,0,0,0,0,0
530480,1,1,1986,0,0,0,0,0,0,0,0,0,0
530481,1,1,1986,5,5,5,5,5,5,5,5,5,5
530481,2,1,1986,0,0,0,0,0,0,0,0,0,0
530482,1,1,1986,0,0,0,0,0,0,0,0,0,0
530482,2,1,1986,0,0,0,0,0,0,0,0,0,0
530483,1,1,1986,0,0,0,0,0,0,0,0,0,0
530483,2,1,1986,0,0,0,0,0,0,0,0,0,16
530484,1,1,1986,24,24,24,24,24,24,24,24,24,24
530485,1,1,1986,0,0,0,0,0,0,0,0,0,0
530485,2,1,1986,6,6,6,6,6,6,6,6,6,6
530486,0,1,1986,0,0,0,0,0,0,0,0,0,0
530486,1,1,1986,0,0,0,0,0,0,0,0,0,0
530487,1,1,1986,0,0,0,0,0,0,0,0,0,0
530487,2,1,1986,0,0,0,0,0,0,0,0,0,0
530487,3,1,1986,0,0,0,0,0,0,0,0,0,0
530487,4,1,1986,0,0,0,0,0,0,0,0,0,0
530487,5,1,1986,0,0,0,0,0,0,0,0,0,0
530488,1,1,1986,0,0,0,0,0,0,0,0,0,0
530488,2,1,1986,0,0,0,0,0,0,0,0,0,0
530489,0,1,1986,16,0,0,0,0,0,15,0,0,11
530489,1,1,1986,17,0,0,0,0,23,0,0,0,0
530490,1,1,1986,0,0,0,0,0,0,0,0,0,0
530490,2,1,1986,0,0,0,0,0,0,0,4,0,11
530491,1,1,1986,23,23,23,23,23,23,23,23,23,23
530492,1,1,1986,17,17,17,17,17,17,17,17,17,17
530492,2,1,1986,0,0,0,0,0,0,0,0,0,0
530493,1,1,1986,0,0,0,0,0,0,0,0,0,0
530493,2,1,1986,0,0,0,36,0,0,0,0,0,0
530494,1,1,1986,17,17,17,17,17,17,17,17,17,17
530495,1,1,1986,18,18,18,18,18,18,18,18,18,18
530496,1,1,1986,19,19,19,19,19,19,19,19,19,19
530496,2,1,1986,0,0,0,0,0,0,23,15,0,0
530496,3,1,1986,0,8,0,0,0,0,0,0,0,0
530496,4,1,1986,0,0,0,0,0,0,0,0,0,0
530497,1,1,1986,24,24,24,24,24,24,24,24,24,24
530498,1,1,1986,0,0,0,0,0,0,0,0,0,0
530498,2,1,1986,0,0,0,0,0,0,0,0,0,0
530499,1,1,1986,16,16,16,16,16,16,16,16,16,16
530500,1,1,1986,9,9,9,9,9,9,9,9,9,9
530501,1,1,1986,25,25,25,25,25,25,25,25,25,25
530502,1,1,1986,0,0,21,12,17,28,0,12,21,0
530503,1,1,1986,0,0,0,0,0,0,0,0,19,0
530504,1,1,1986,20,20,20,20,20,20,20,20,20,20
530505,1,1,1986,14,14,14,14,14,14,14,14,14,14
530505,2,1,1986,0,3,0,0,0,0,0,0,0,0
530506,1,1,1986,0,0,0,0,0,0,20,0,0,0
530506,2,1,1986,21,21,21,21,21,21,21,21,21,21
530507,1,1,1986,8,8,8,8,8,8,8,8,8,8
530508,1,1,1986,0,0,0,0,0,0,0,0,0,0
530509,1,1,1986,14,14,14,14,14,14,14,14,14,14
530510,1,1,1986,12,12,12,12,12,12,12,12,12,12
530511,1,1,1986,18,18,18,18,18,18,18,18,18,18
530512,1,1,1986,0,0,0,0,0,0,0,0,0,0
530512,2,1,1986,0,0,0,0,0,0,0,0,0,0
530512,3,1,1986,0,0,0,0,0,0,0,0,0,0
530513,1,1,1986,12,12,12,12,12,12,12,12,12,12
530513,2,1,1986,0,0,0,0,0,0,0,0,0,0
530513,3,1,1986,11,0,0,0,0,0,0,0,0,0
530514,1,1,1986,0,0,0,0,0,0,0,0,0,0
530515,1,1,1986,34,34,34,34,34,34,34,34,34,34
530516,1,1,1986,11,11,11,11,11,11,11,11,11,11
530516,2,1,1986,0,0,0,0,0,0,0,0,0,0
530517,1,1,1986,0,0,0,0,0,0,0,0,0,0
530518,1,1,1986,0,0,0,0,0,0,0,0,0,0
530518,2,1,1986,0,0,0,0,0,0,0,0,0,0
530519,0,1,1986,10,10,10,10,10,10,10,10,10,10
530519,1,1,1986,0,0,0,0,0,0,0,0,0,0
530520,0,1,1986,0,0,0,0,0,0,0,0,0,0
530520,0,2,1986,28,10,16,18,0,22,0,0,0,21
530520,1,1,1986,0,0,0,0,0,0,0,0,0,0
530521,1,1,1986,11,11,11,11,11,11,11,11,11,11
530521,2,1,1986,0,0,0,0,0,0,0,0,0,0
530521,3,1,1986,0,0,0,0,0,0,0,0,0,0
530521,4,1,1986,5,0,4,0,0,0,0,0,0,0
530521,5,1,1986,0,0,0,0,0,0,0,0,0,0
530522,1,1,1986,13,13,13,13,13,13,13,13,13,13
530523,1,1,1986,0,0,0,0,0,0,0,0,0,0
530523,2,1,1986,0,0,0,0,0,0,0,0,0,0
530523,3,1,1986,0,0,0,0,0,0,0,0,0,0
530523,4,1,1986,0,0,0,0,0,0,0,0,0,0
530525,0,1,1986,12,12,12,12,12,12,12,12,12,12
530525,1,1,1986,4,10,23,13,17,0,0,22,5,22
530526,1,1,1986,4,4,4,4,4,4,4,4,4,4
530526,2,1,1986,0,0,0,0,0,0,0,0,0,0
530527,1,1,1986,0,0,0,0,0,0,0,0,0,0
530527,2,1,1986,0,0,0,0,0,0,0,0,0,0
530527,3,1,1986,0,0,0,0,0,0,0,0,0,0
530527,4,1,1986,0,0,0,0,0,0,0,0,0,0
530528,1,1,1986,12,12,12,12,12,12,12,12,12,12
530529,1,1,1986,10,10,10,10,10,10,10,10,10,10
530530,1,1,1986,22,22,22,22,22,22,22,22,22,22
530531,1,1,1986,8,8,8,8,8,8,8,8,8,8
530531,2,1,1986,0,0,0,0,0,0,0,0,23,0
530532,1,1,1986,0,0,0,0,0,0,0,0,0,0
530533,1,1,1986,0,0,0,0,0,0,0,0,0,0
530533,2,1,1986,0,0,0,0,0,0,0,0,0,0
530534,1,1,1986,22,22,22,22,22,22,22,22,22,22
530536,1,1,1986,8,8,8,8,8,8,8,8,8,8
530537,0,1,1986,0,0,0,0,0,0,0,0,0,0
530537,1,1,1986,0,0,0,0,0,0,0,0,0,0
530538,1,1,1986,21,21,21,21,21,21,21,21,21,21
530539,1,1,1986,9,9,9,9,9,9,9,9,9,9
530540,1,1,1986,13,19,22,11,8,11,7,0,13,10
530540,2,1,1986,0,10,0,0,0,0,8,0,21,0
530541,1,1,1986,0,0,0,0,0,0,0,0,0,0
530542,1,1,1986,20,20,20,20,20,20,20,20,20,20
530543,1,1,1986,18,18,18,18,18,18,18,18,18,18
530544,0,1,1986,0,0,0,0,0,0,0,0,0,0
530544,1,1,1986,0,0,0,0,0,0,0,0,24,0
530545,0,1,1986,0,0,0,0,0,6,0,0,0,0
530545,1,1,1986,0,0,0,0,0,0,0,0,0,0
530546,0,1,1986,0,0,0,0,0,0,0,0,0,0
530546,1,1,1986,0,0,21,0,12,15,22,0,13,0
530547,1,1,1986,0,0,0,0,0,0,0,0,0,0
530547,2,1,1986,0,0,0,0,0,0,0,0,0,0
530547,3,1,1986,0,0,0,0,0,3,0,0,0,0
530548,1,1,1986,0,0,0,0,0,0,0,0,0,0
530548,2,1,1986,3,0,0,0,0,0,0,0,0,0
530548,3,1,1986,0,0,0,0,0,0,0,0,0,0
530549,0,1,1986,13,13,13,13,13,13,13,13,13,13
530549,1,1,1986,9,9,9,9,9,9,9,9,9,9
530550,1,1,1986,5,10,13,22,17,14,9,33,17,18
530551,1,1,1986,0,0,0,0,0,0,0,0,0,0
530551,2,1,1986,0,15,0,0,14,0,0,19,0,0
530552,1,1,1986,0,22,0,0,0,24,18,0,0,20
530553,1,1,1986,0,0,0,0,0,0,0,0,0,0
530554,0,1,1986,16,16,16,16,16,16,16,16,16,16
530554,1,1,1986,15,15,15,15,15,15,15,15,15,15
530555,1,1,1986,8,8,8,8,8,8,8,8,8,8
530555,2,1,1986,21,21,21,21,21,21,21,21,21,21
530556,0,1,1986,0,0,0,0,0,0,0,0,0,0
530556,1,1,1986,0,0,0,0,0,0,0,0,0,0
530556,2,1,1986,0,0,0,0,0,0,0,0,0,0
530557,1,1,1986,0,0,0,0,0,0,0,0,0,0
530557,2,1,1986,0,0,0,0,0,0,0,0,0,0
530557,3,1,1986,0,0,0,0,7,0,0,0,0,0
530557,4,1,1986,0,0,0,0,0,0,0,0,0,0
530558,1,1,1986,0,0,0,0,0,0,0,0,0,0
530559,1,1,1986,0,0,0,0,0,0,0,0,0,0
530560,0,1,1986,0,0,0,0,0,0,0,0,0,0
530560,1,1,1986,0,0,0,0,0,0,0,0,0,0
530561,1,1,1986,0,0,0,0,0,0,0,0,0,0
530561,2,1,1986,0,0,0,0,0,0,0,0,0,0
530562,1,1,1986,7,7,7,7,7,7,7,7,7,7
530563,1,1,1986,17,17,17,17,17,17,17,17,17,17
530563,2,1,1986,13,15,15,10,10,22,30,19,13,24
530564,1,1,1986,0,0,0,0,0,0,0,0,0,0
530564,2,1,1986,0,0,0,0,0,0,0,0,0,0
530565,1,1,1986,20,20,20,20,20,20,20,20,20,20
530566,1,1,1986,23,23,23,23,23,23,23,23,23,23
530567,1,1,1986,0,0,0,0,0,0,0,0,0,0
530567,2,1,1986,0,0,0,0,0,0,0,0,0,0
530568,1,1,1986,0,0,0,0,0,0,0,0,0,0
530568,2,1,1986,0,0,0,0,0,0,0,0,0,0
530569,1,1,1986,25,25,25,25,25,25,25,25,25,25
530570,1,1,1986,0,0,0,10,0,0,0,0,0,0
530570,2,1,1986,0,0,0,0,0,0,0,0,0,0
530571,1,1,1986,0,0,0,0,0,0,0,0,0,0
530571,2,1,1986,0,0,0,0,0,0,0,0,0,0
530572,1,1,1986,0,0,0,0,0,0,0,0,0,0
530573,1,1,1986,0,0,0,0,0,0,0,0,0,0
530573,2,1,1986,14,14,14,14,14,14,14,14,14,14
530574,1,1,1986,23,23,23,23,23,23,23,23,23,23
530575,1,1,1986,17,17,17,17,17,17,17,17,17,17
530576,1,1,1986,0,0,0,0,0,0,0,0,0,0
530578,1,1,1986,0,0,0,0,0,0,0,0,0,0
530578,2,1,1986,0,0,0,0,0,0,5,0,0,0
530579,1,1,1986,0,0,0,0,0,0,0,0,7,0
530579,2,1,1986,0,0,0,0,0,0,0,0,0,0
530580,1,1,1986,0,0,0,0,0,0,0,0,0,0
530580,2,1,1986,0,0,0,0,0,0,0,0,0,0
530581,0,1,1986,43,43,43,43,43,43,43,43,43,43
530581,1,1,1986,0,0,0,0,0,0,0,0,0,0
530582,1,1,1986,0,0,0,0,0,0,0,0,0,0
530582,2,1,1986,0,0,0,0,0,0,0,0,0,0
530583,1,1,1986,0,0,0,0,0,0,0,0,0,0
530583,2,1,1986,0,0,0,0,0,0,0,0,0,0
530584,1,1,1986,20,20,20,20,20,20,20,20,20,20
530586,1,1,1986,11,11,11,11,11,11,11,11,11,11
530587,0,1,1986,0,0,0,6,0,0,18,0,9,0
530587,1,1,1986,0,0,0,0,0,0,0,0,0,0
530588,1,1,1986,18,18,18,18,18,18,18,18,18,18
530588,2,1,1986,0,0,0,0,0,0,0,0,0,0
530589,1,1,1986,0,0,0,0,0,0,0,0,0,0
530589,2,1,1986,0,0,0,0,0,0,0,0,0,0
530590,1,1,1986,10,10,10,10,10,10,10,10,10,10
530591,0,1,1986,9,9,9,9,9,9,9,9,9,9
530591,1,1,1986,8,8,8,8,8,8,8,8,8,8
530592,0,1,1986,0,0,0,0,0,0,0,0,0,0
530592,1,1,1986,0,0,0,11,0,0,0,12,0,0
530594,0,1,1986,0,0,0,0,0,0,0,0,0,0
530594,1,1,1986,0,0,0,0,0,0,0,0,0,0
530595,1,1,1986,0,0,0,0,0,0,0,0,0,0
530596,1,1,1986,0,0,0,0,0,0,0,0,0,0
530596,2,1,1986,0,0,0,0,0,12,0,0,0,0
530597,1,1,1986,12,12,12,12,12,12,12,12,12,12
530598,0,1,1986,0,0,0,0,0,0,0,0,0,0
530598,1,1,1986,15,15,15,15,15,15,15,15,15,15
530599,0,1,1986,12,12,12,12,12,12,12,12,12,12
530599,1,1,1986,0,0,0,0,0,0,0,0,0,0
530600,1,1,1986,21,21,21,21,21,21,21,21,21,21
530600,2,1,1986,0,0,0,0,0,0,0,0,0,0
530601,1,1,1986,5,5,5,5,5,5,5,5,5,5
530602,1,1,1986,25,25,25,25,25,25,25,25,25,25
530602,2,1,1986,0,0,0,0,0,0,0,0,0,0
530603,1,1,1986,20,20,20,20,20,20,20,20,20,20
530603,2,1,1986,9,9,9,9,9,9,9,9,9,9
530604,1,1,1986,0,0,0,0,0,0,0,0,0,0
530605,1,1,1986,21,21,21,21,21,21,21,21,21,21
530606,1,1,1986,0,0,0,0,0,0,0,0,0,0
530606,2,1,1986,0,0,0,0,0,0,0,0,0,0
530607,1,1,1986,0,0,0,0,0,0,0,0,0,0
530607,2,1,1986,0,0,0,0,0,0,0,0,0,0
530608,0,1,1986,19,19,19,19,19,19,19,19,19,19
530608,1,1,1986,10,10,10,10,10,10,10,10,10,10
530609,1,1,1986,0,0,0,0,0,0,0,0,0,0
530610,1,1,1986,27,27,27,27,27,27,27,27,27,27
530611,1,1,1986,8,8,8,8,8,8,8,8,8,8
530612,1,1,1986,0,0,0,0,0,11,0,3,0,0
530613,1,1,1986,0,0,0,0,0,0,0,0,0,0
530613,2,1,1986,0,0,0,0,0,0,5,0,7,0
530614,1,1,1986,10,10,10,10,10,10,10,10,10,10
530614,2,1,1986,0,0,0,0,0,0,0,0,0,0
530615,0,1,1986,0,0,0,0,0,0,0,0,0,0
530615,1,1,1986,0,0,0,0,0,0,0,0,0,0
530616,1,1,1986,11,11,11,11,11,11,11,11,11,11
530616,2,1,1986,0,0,0,0,0,0,0,0,0,0
530617,1,1,1986,0,0,0,0,0,0,0,0,0,0
530618,1,1,1986,40,40,40,40,40,40,40,40,40,40
530619,1,1,1986,16,16,16,16,16,16,16,16,16,16
530620,1,1,1986,18,19,6,9,27,0,15,6,4,13
530620,2,1,1986,9,0,0,0,0,0,0,11,0,0
530621,1,1,1986,15,15,15,15,15,15,15,15,15,15
530622,1,1,1986,0,0,0,0,0,0,0,0,0,0
530622,2,1,1986,0,0,0,0,0,0,0,0,0,0
530623,1,1,1986,0,0,0,0,0,0,0,0,0,0
530624,0,1,1986,0,0,0,0,0,0,0,0,0,0
530624,1,1,1986,0,0,0,0,0,0,0,0,0,0
530625,1,1,1986,0,0,0,0,0,0,0,0,0,0
530625,2,1,1986,0,0,0,0,0,0,0,0,0,0
530626,1,1,1986,0,0,0,0,10,0,0,0,0,0
530626,2,1,1986,0,0,0,0,0,0,0,0,0,0
530627,1,1,1986,0,0,0,0,0,0,0,0,0,0
530629,0,1,1986,0,0,0,0,0,0,0,0,0,0
530629,1,1,1986,0,0,0,0,0,0,0,0,0,0
530630,1,1,1986,0,0,0,0,0,0,0,0,0,0
530631,1,1,1986,0,0,0,0,0,0,0,0,0,0
530632,1,1,1986,0,0,0,0,0,0,0,0,0,0
530632,2,1,1986,0,0,0,0,0,0,0,0,0,0
530633,1,1,1986,0,0,0,0,0,0,0,0,0,0
530633,2,1,1986,0,0,0,0,0,0,0,0,0,0
530634,1,1,1986,0,0,0,0,0,0,0,0,0,0
530634,2,1,1986,0,0,0,0,0,0,0,0,0,0
530635,1,1,1986,43,43,43,43,43,43,43,43,43,43
530636,0,1,1986,45,45,45,45,45,45,45,45,45,45
530636,1,1,1986,0,0,0,0,0,0,0,0,0,0
530637,1,1,1986,0,0,0,0,0,0,0,0,0,0
530637,2,1,1986,0,0,0,0,0,0,0,0,0,0
530638,0,1,1986,24,24,24,24,24,24,24,24,24,24
530638,1,1,1986,6,6,6,6,6,6,6,6,6,6
530639,1,1,1986,0,0,0,0,0,0,0,0,0,0
530640,1,1,1986,20,20,20,20,20,20,20,20,20,20
530640,2,1,1986,19,18,16,0,24,0,10,0,0,27
530641,1,1,1986,18,18,18,18,18,18,18,18,18,18
530642,1,1,1986,0,0,0,0,0,0,0,0,0,0
530642,2,1,1986,0,0,0,0,0,0,0,7,0,0
530643,1,1,1986,0,0,0,0,0,0,0,0,0,0
530644,1,1,1986,7,7,7,7,7,7,7,7,7,7
530644,2,1,1986,18,18,18,18,18,18,18,18,18,18
530645,1,1,1986,0,0,0,0,0,0,0,0,0,0
530645,2,1,1986,0,0,0,0,0,0,0,0,0,0
530646,1,1,1986,14,14,14,14,14,14,14,14,14,14
530647,1,1,1986,0,0,0,9,0,0,0,0,0,0
530648,1,1,1986,18,18,18,18,18,18,18,18,18,18
530648,2,1,1986,0,0,0,0,0,0,0,0,0,0
530649,1,1,1986,0,0,0,0,0,0,0,0,0,0
530649,2,1,1986,0,0,0,7,0,0,0,0,0,0
530650,1,1,1986,22,22,22,22,22,22,22,22,22,22
530651,0,1,1986,4,4,4,4,4,4,4,4,4,4
530651,1,1,1986,0,0,0,0,0,0,0,0,0,14
530652,1,1,1986,25,25,25,25,25,25,25,25,25,25
530653,1,1,1986,0,0,0,0,20,0,0,0,6,0
530654,1,1,1986,0,0,0,0,0,0,0,0,0,0
530655,1,1,1986,15,15,15,15,15,15,15,15,15,15
530655,2,1,1986,3,3,3,3,3,3,3,3,3,3
530656,1,1,1986,0,0,0,0,0,0,0,0,0,0
530656,2,1,1986,0,0,0,0,0,0,0,0,0,0
530656,3,1,1986,0,0,0,27,0,0,0,3,0,0
530657,1,1,1986,0,0,0,0,0,8,0,0,0,0
530657,2,1,1986,23,23,23,23,23,23,23,23,23,23
530658,1,1,1986,2,2,2,2,2,2,2,2,2,2
530659,1,1,1986,24,24,24,24,24,24,24,24,24,24
530659,2,1,1986,4,4,4,4,4,4,4,4,4,4
530660,0,1,1986,21,0,0,16,0,15,24,8,22,39
530660,0,2,1986,11,0,19,0,0,0,0,0,0,0
530660,0,3,1986,0,14,0,25,0,29,13,19,0,16
530660,1,1,1986,0,0,3,0,12,0,0,0,0,0
530661,1,1,1986,0,0,0,0,0,0,0,0,0,0
530662,1,1,1986,11,11,11,11,11,11,11,11,11,11
530663,1,1,1986,0,14,0,19,19,6,0,0,0,0
530664,1,1,1986,0,0,0,0,0,0,0,0,0,0
530666,1,1,1986,22,22,22,22,22,22,22,22,22,22
530666,2,1,1986,0,0,0,0,0,0,0,0,0,0
530667,1,1,1986,25,25,25,25,25,25,25,25,25,25
530668,1,1,1986,3,3,3,3,3,3,3,3,3,3
530669,1,1,1986,0,0,0,0,0,0,0,0,0,0
530670,1,1,1986,23,23,23,23,23,23,23,23,23,23
530670,2,1,1986,0,0,0,0,0,0,0,0,0,0
530671,1,1,1986,0,0,0,0,0,0,0,0,0,0
530671,2,1,1986,0,0,0,4,0,0,0,0,0,0
530672,1,1,1986,36,36,36,36,36,36,36,36,36,36
530672,2,1,1986,0,0,0,0,0,0,0,0,0,0
540001,1,1,1986,19,19,19,19,19,19,19,19,19,19
540002,1,1,1986,0,0,0,0,0,0,0,0,0,0
540002,2,1,1986,0,0,0,0,0,0,0,0,0,0
540003,1,1,1986,0,0,0,0,0,0,10,0,0,27
540004,1,1,1986,15,15,15,15,15,15,15,15,15,15
540005,1,1,1986,0,0,0,0,0,0,0,0,0,0
540006,1,1,1986,15,15,15,15,15,15,15,15,15,15
540007,1,1,1986,11,11,11,11,11,11,11,11,11,11
540008,1,1,1986,15,15,15,15,15,15,15,15,15,15
540009,0,1,1986,20,20,20,20,20,20,20,20,20,20
540009,1,1,1986,20,0,0,0,0,31,7,0,0,28
540010,1,1,1986,0,0,0,0,0,0,0,0,0,0
540011,1,1,1986,19,19,19,19,19,19,19,19,19,19
540012,1,1,1986,13,13,13,13,13,13,13,13,13,13
540013,1,1,1986,11,0,0,0,0,0,10,0,0,0
540014,1,1,1986,20,20,20,20,20,20,20,20,20,20
540015,2,1,1986,25,25,25,25,25,25,25,25,25,25
540016,1,1,1986,9,9,9,9,9,9,9,9,9,9
540017,1,1,1986,0,0,0,0,0,0,0,0,0,0
540018,1,1,1986,0,0,0,0,0,0,0,0,0,0
540018,2,1,1986,12,0,0,0,0,0,0,0,0,0
540018,3,1,1986,27,27,27,27,27,27,27,27,27,27
540019,1,1,1986,0,0,0,0,0,0,0,0,0,0
540020,1,1,1986,0,0,36,0,0,0,0,0,0,0
540020,2,1,1986,0,0,0,0,0,0,0,0,2,0
540021,1,1,1986,0,0,0,0,0,0,0,0,0,0
540022,1,1,1986,19,19,19,19,19,19,19,19,19,19
540023,1,1,1986,22,22,22,22,22,22,22,22,22,22
540024,1,1,1986,10,0,0,0,0,0,0,30,0,0
540025,1,1,1986,15,15,15,15,15,15,15,15,15,15
540025,2,1,1986,0,0,0,0,0,0,0,0,0,0
540026,1,1,1986,0,0,0,0,0,0,0,0,0,0
540026,2,1,1986,0,0,0,0,0,0,0,0,0,0
540026,3,1,1986,0,0,0,0,0,0,0,0,0,0
540027,1,1,1986,0,0,0,0,0,0,0,0,0,0
540027,2,1,1986,0,0,0,0,0,0,0,0,22,0
540029,0,1,1986,0,0,0,0,0,0,0,0,0,0
540029,1,1,1986,0,0,0,0,0,0,0,14,0,0
540030,1,1,1986,16,16,16,16,16,16,16,16,16,16
540031,1,1,1986,0,0,0,0,0,0,0,0,0,0
540031,2,1,1986,0,0,0,0,0,0,0,14,0,0
540032,1,1,1986,21,21,21,21,21,21,21,21,21,21
540033,1,1,1986,0,0,0,0,0,0,0,0,0,0
540033,2,1,1986,0,0,0,0,0,0,0,4,0,0
540034,1,1,1986,0,0,0,0,0,0,0,0,0,0
540035,1,1,1986,21,21,21,21,21,21,21,21,21,21
540035,2,1,1986,0,0,0,0,0,0,0,0,0,0
540036,1,1,1986,0,0,0,0,0,0,0,0,0,0
540036,2,1,1986,0,0,0,0,0,0,0,0,0,0
540037,1,1,1986,0,0,0,0,0,0,0,0,0,0
540037,2,1,1986,0,0,0,0,0,0,0,0,0,0
540038,1,1,1986,6,6,6,6,6,6,6,6,6,6
540039,1,1,1986,0,4,0,0,0,0,0,0,0,0
540039,2,1,1986,16,16,16,16,16,16,16,16,16,16
540040,1,1,1986,0,0,0,0,0,0,0,0,0,0
540041,1,1,1986,0,0,0,0,0,6,0,0,0,0
540041,2,1,1986,0,0,0,0,0,0,0,0,0,0
540042,1,1,1986,5,5,5,5,5,5,5,5,5,5
540042,2,1,1986,0,0,0,0,0,0,0,0,0,0
540043,1,1,1986,0,0,0,0,0,0,0,0,0,0
540043,2,1,1986,0,0,0,0,0,0,0,0,0,0
540044,1,1,1986,0,0,0,0,0,0,0,0,0,0
540044,2,1,1986,0,0,14,0,0,0,0,0,0,0