ST_CASE,VEH_NO,PER_NO,YEAR,P1,P2,P3,P4,P5,P6,P7,P8,P9,P10
540340,1,1,1986,0,0,0,0,0,0,0,0,0,0
540340,2,1,1986,0,0,0,0,0,0,0,0,0,0
540341,1,1,1986,15,0,0,0,6,0,0,0,0,0
540342,1,1,1986,22,22,22,22,22,22,22,22,22,22
540343,1,1,1986,26,26,26,26,26,26,26,26,26,26
540343,2,1,1986,0,0,0,0,0,0,0,0,0,0
540344,0,1,1986,0,0,0,0,0,0,0,0,0,0
540344,1,1,1986,0,0,0,0,20,0,9,12,0,0
540345,1,1,1986,0,0,0,0,0,0,0,0,0,0
540346,1,1,1986,0,0,0,0,0,0,0,0,0,0
540346,2,1,1986,0,0,0,0,0,0,0,0,0,0
540347,1,1,1986,14,14,14,14,14,14,14,14,14,14
540348,1,1,1986,0,6,0,30,17,12,0,0,0,5
540349,0,1,1986,0,0,0,0,0,0,0,0,0,0
540349,1,1,1986,0,0,0,0,0,0,0,0,0,0
540350,1,1,1986,22,22,22,22,22,22,22,22,22,22
540350,2,1,1986,0,0,0,0,0,0,0,0,0,0
540351,1,1,1986,0,0,0,0,0,0,0,0,0,0
540351,2,1,1986,0,0,0,0,0,0,0,0,0,0
540352,1,1,1986,27,27,27,27,27,27,27,27,27,27
540353,1,1,1986,22,22,22,22,22,22,22,22,22,22
540354,1,1,1986,0,10,0,0,0,16,0,0,0,0
540354,2,1,1986,0,0,0,0,0,9,0,0,0,0
540355,1,1,1986,0,0,0,0,0,0,0,0,0,0
540355,2,1,1986,18,0,0,0,0,0,0,0,0,0
540356,1,1,1986,20,20,20,20,20,20,20,20,20,20
540357,1,1,1986,0,0,0,0,0,0,0,0,0,0
540358,1,1,1986,0,0,0,0,0,0,0,0,0,0
540359,1,1,1986,19,19,19,19,19,19,19,19,19,19
540360,1,1,1986,18,18,18,18,18,18,18,18,18,18
540361,1,1,1986,13,11,23,36,6,18,13,18,4,21
540362,2,1,1986,0,0,0,0,0,0,0,0,0,0
540363,1,1,1986,20,22,11,14,19,18,21,7,31,21
540364,1,1,1986,18,18,18,18,18,18,18,18,18,18
540364,2,1,1986,0,0,0,0,0,0,0,0,17,0
540365,1,1,1986,0,20,0,19,0,15,17,15,22,0
540366,0,1,1986,0,0,0,0,0,0,0,0,0,0
540366,1,1,1986,0,0,0,0,0,0,0,0,0,0
540367,1,1,1986,0,0,0,0,0,0,0,0,0,0
540368,1,1,1986,0,0,0,0,0,0,0,0,0,0
540369,1,1,1986,29,34,23,16,26,21,27,31,14,18
540370,1,1,1986,0,0,0,0,0,4,0,0,0,0
540370,2,1,1986,4,4,4,4,4,4,4,4,4,4
540370,3,1,1986,0,0,0,0,13,0,0,0,0,0
540371,1,1,1986,7,0,0,0,5,6,0,0,0,0
540371,2,1,1986,0,0,0,0,0,0,0,0,0,0
540372,1,1,1986,15,0,0,19,0,30,12,14,0,0
540373,1,1,1986,0,11,9,0,0,21,0,0,9,0
540374,0,1,1986,0,0,0,0,0,0,0,0,0,0
540374,1,1,1986,19,0,15,16,13,0,10,0,7,16
540375,1,1,1986,0,0,0,0,0,0,7,20,0,0
540375,2,1,1986,0,0,0,0,0,0,0,0,0,0
540376,1,1,1986,0,0,0,0,0,0,0,0,0,0
540376,2,1,1986,0,0,0,0,0,0,0,0,0,0
540377,1,1,1986,0,0,0,0,0,0,0,0,0,0
540377,2,1,1986,0,0,0,0,0,0,0,0,0,0
540377,3,1,1986,0,0,0,0,0,0,0,0,0,0
540378,0,1,1986,0,0,0,0,0,0,0,0,0,0
540378,1,1,1986,0,0,0,0,0,0,0,3,0,0
540379,1,1,1986,25,25,25,25,25,25,25,25,25,25
540379,2,1,1986,0,0,0,0,0,0,0,0,0,0
540380,0,1,1986,0,0,0,0,0,0,0,0,0,0
540380,1,1,1986,0,0,0,0,0,0,0,0,0,0
540382,1,1,1986,0,21,21,19,0,0,8,15,0,19
540383,1,1,1986,0,0,0,17,0,0,0,0,0,14
540383,2,1,1986,8,0,11,0,0,0,0,0,0,0
540384,1,1,1986,0,0,0,0,0,0,0,0,0,0
540384,2,1,1986,0,9,0,0,0,0,0,0,0,0
540385,0,1,1986,7,7,7,7,7,7,7,7,7,7
540385,1,1,1986,0,0,0,0,0,0,0,0,0,0
540386,1,1,1986,19,19,19,19,19,19,19,19,19,19
540387,0,1,1986,0,0,0,0,0,0,0,0,0,0
540387,1,1,1986,0,0,0,4,0,0,0,0,0,0
540388,1,1,1986,0,0,0,17,0,0,0,0,0,0
540388,2,1,1986,9,9,9,9,9,9,9,9,9,9
540389,0,1,1986,0,0,0,0,0,0,0,0,0,0
540389,1,1,1986,0,0,0,0,0,0,0,0,0,0
540390,0,1,1986,17,17,17,17,17,17,17,17,17,17
540390,1,1,1986,33,21,0,6,31,0,18,4,9,11
540391,1,1,1986,0,0,0,0,0,0,0,0,0,0
540392,1,1,1986,0,23,14,0,0,0,8,3,0,0
540392,2,1,1986,14,14,14,14,14,14,14,14,14,14
540393,1,1,1986,0,0,0,0,0,0,0,0,0,0
540394,1,1,1986,0,0,0,0,0,0,0,0,0,0
540394,2,1,1986,0,0,0,0,0,0,0,0,0,0
550001,1,1,1986,21,21,21,21,21,21,21,21,21,21
550002,0,1,1986,0,0,0,5,0,0,0,0,0,0
550002,1,1,1986,0,0,0,0,0,0,0,0,0,0
550002,2,1,1986,0,0,0,0,0,0,0,0,0,0
550002,3,1,1986,0,0,0,0,0,0,0,0,0,0
550002,4,1,1986,0,0,0,0,0,0,0,0,0,0
550002,5,1,1986,0,0,0,0,0,0,0,0,0,0
550003,1,1,1986,35,10,16,22,17,15,14,16,4,10
550004,1,1,1986,0,0,0,0,0,0,0,0,0,0
550004,2,1,1986,0,0,0,0,0,0,0,0,0,0
550005,1,1,1986,0,0,0,0,0,0,0,0,0,0
550005,2,1,1986,9,9,9,9,9,9,9,9,9,9
550006,1,1,1986,0,0,0,0,0,0,0,0,0,0
550006,2,1,1986,0,0,0,0,0,0,0,0,0,0
550007,1,1,1986,0,0,0,0,0,0,0,0,0,0
550007,2,1,1986,7,7,7,7,7,7,7,7,7,7
550008,1,1,1986,0,0,0,0,0,0,0,0,0,0
550008,2,1,1986,0,0,0,0,0,0,0,0,0,0
550009,1,1,1986,0,0,0,11,0,0,0,0,0,15
550009,2,1,1986,0,0,0,0,0,0,0,0,0,0
550010,1,1,1986,0,0,0,0,0,0,0,0,0,0
550010,2,1,1986,0,0,0,0,0,0,0,0,0,0
550011,1,1,1986,0,0,0,0,0,0,0,0,0,0
550011,2,1,1986,0,0,0,0,0,0,0,0,0,0
550012,1,1,1986,0,0,0,0,0,0,0,0,0,0
550013,1,1,1986,0,0,0,0,0,0,0,0,0,0
550013,2,1,1986,0,0,0,0,0,0,0,0,0,0
550014,1,1,1986,18,0,0,0,0,0,0,0,0,0
550014,2,1,1986,0,0,0,0,0,0,0,0,0,0
550015,1,1,1986,0,0,0,0,0,0,0,0,0,0
550015,2,1,1986,0,0,0,0,0,0,0,0,0,0
550016,1,1,1986,0,0,0,0,0,0,0,0,0,0
550016,2,1,1986,0,0,0,0,0,0,0,0,0,0
550017,0,1,1986,0,0,0,0,0,0,0,0,0,0
550017,1,1,1986,0,0,0,0,0,0,0,0,0,8
550018,1,1,1986,19,19,19,19,19,19,19,19,19,19
550019,1,1,1986,0,0,0,0,0,0,0,0,0,0
550019,2,1,1986,0,0,0,0,0,0,0,0,0,0
550020,1,1,1986,20,20,20,20,20,20,20,20,20,20
550020,2,1,1986,0,0,0,0,0,0,0,0,0,0
550021,1,1,1986,18,18,18,18,18,18,18,18,18,18
550021,2,1,1986,26,26,26,26,26,26,26,26,26,26
550022,1,1,1986,0,0,0,0,0,0,0,0,0,0
550022,2,1,1986,0,0,0,13,0,23,0,0,0,0
550023,1,1,1986,8,0,0,0,10,14,0,0,0,0
550023,2,1,1986,0,0,0,0,0,0,0,0,0,0
550024,0,1,1986,0,0,0,0,0,0,0,0,0,0
550024,0,2,1986,0,0,0,0,0,0,0,0,0,0
550024,1,1,1986,6,0,2,8,17,8,9,6,14,17
550025,1,1,1986,24,24,24,24,24,24,24,24,24,24
550026,1,1,1986,11,11,11,11,11,11,11,11,11,11
550026,2,1,1986,21,21,21,21,21,21,21,21,21,21
550027,0,1,1986,12,0,0,0,0,0,0,13,0,0
550027,1,1,1986,16,0,0,0,0,0,0,0,13,0
550028,1,1,1986,27,27,27,27,27,27,27,27,27,27
550029,1,1,1986,0,0,6,0,0,0,0,0,0,0
550029,2,1,1986,0,0,0,0,0,0,0,0,0,0
550030,1,1,1986,22,22,22,22,22,22,22,22,22,22
550031,1,1,1986,0,0,0,0,0,0,0,0,0,39
550031,2,1,1986,18,15,0,0,0,0,0,0,0,0
550032,1,1,1986,0,0,0,0,0,0,0,0,0,0
550032,2,1,1986,0,0,0,0,0,0,0,0,0,0
550033,1,1,1986,0,0,0,0,0,0,0,0,0,0
550033,2,1,1986,14,14,14,14,14,14,14,14,14,14
550034,1,1,1986,0,0,0,0,11,0,0,0,0,0
550034,2,1,1986,1,1,1,1,1,1,1,1,1,1
550035,1,1,1986,24,24,24,24,24,24,24,24,24,24
550036,1,1,1986,0,0,0,0,0,0,0,0,0,0
550036,2,1,1986,0,0,0,0,0,0,0,0,0,0
550037,1,1,1986,6,0,0,0,0,0,0,0,0,0
550037,2,1,1986,0,0,0,0,0,0,0,0,0,0
550038,1,1,1986,13,13,13,13,13,13,13,13,13,13
550038,2,1,1986,20,20,20,20,20,20,20,20,20,20
550039,0,1,1986,0,0,0,0,0,0,0,0,0,0
550039,1,1,1986,0,0,0,0,0,0,0,0,0,0
550040,1,1,1986,0,0,0,21,23,0,0,0,0,0
550040,2,1,1986,24,24,24,24,24,24,24,24,24,24
550041,1,1,1986,0,0,0,0,0,0,0,0,0,0
550042,1,1,1986,0,0,0,0,0,0,0,0,0,0
550043,0,1,1986,27,33,0,9,11,18,9,24,16,11
550043,1,1,1986,0,0,0,0,0,0,0,18,0,2
550044,1,1,1986,27,27,27,27,27,27,27,27,27,27
550044,2,1,1986,12,12,12,12,12,12,12,12,12,12
550045,1,1,1986,0,0,0,0,0,0,0,0,0,0
550045,2,1,1986,0,0,0,0,0,0,0,0,0,0
550046,1,1,1986,16,19,19,13,15,18,24,26,19,9
550046,2,1,1986,0,0,4,0,0,18,0,4,0,0
550046,3,1,1986,0,0,0,0,0,0,0,0,0,0
550047,1,1,1986,0,0,0,0,0,0,0,0,0,0
550048,0,1,1986,14,14,14,14,14,14,14,14,14,14
550048,1,1,1986,0,0,0,0,0,0,0,0,0,0
550049,1,1,1986,6,32,1,7,6,5,5,47,18,17
550049,2,1,1986,8,8,8,8,8,8,8,8,8,8
550050,1,1,1986,0,0,0,0,0,0,12,0,0,0
550050,2,1,1986,31,31,31,31,31,31,31,31,31,31
550051,1,1,1986,0,0,0,0,0,0,0,0,0,0
550051,2,1,1986,0,0,0,0,0,0,0,0,0,0
550051,3,1,1986,0,0,0,0,0,0,17,0,0,0
550052,1,1,1986,0,0,0,0,0,0,0,0,0,0
550052,2,1,1986,0,0,0,0,0,0,0,0,0,0
550052,3,1,1986,0,0,0,0,0,0,0,0,0,0
550052,4,1,1986,0,0,0,0,0,0,0,0,21,0
550053,0,1,1986,5,5,5,5,5,5,5,5,5,5
550053,1,1,1986,9,9,9,9,9,9,9,9,9,9
550054,1,1,1986,0,0,0,0,0,0,0,0,0,0
550054,2,1,1986,0,0,0,0,0,0,0,0,0,0
550055,1,1,1986,0,0,0,0,0,0,0,0,0,0
550056,1,1,1986,0,0,0,0,0,0,0,0,0,0
550056,2,1,1986,24,0,0,0,0,0,0,0,0,0
550057,1,1,1986,11,11,11,11,11,11,11,11,11,11
550058,1,1,1986,19,19,19,19,19,19,19,19,19,19
550058,2,1,1986,0,0,0,0,0,21,0,0,0,0
550059,1,1,1986,19,19,19,19,19,19,19,19,19,19
550059,2,1,1986,0,0,0,0,0,0,0,0,0,0
550061,1,1,1986,4,19,17,28,0,15,22,18,21,10
550061,2,1,1986,0,0,0,0,0,0,0,0,0,0
550062,1,1,1986,0,0,0,0,0,0,0,0,0,0
550062,2,1,1986,0,0,0,0,0,0,0,0,0,0
550063,1,1,1986,0,0,0,0,13,0,0,0,6,0
550063,2,1,1986,0,0,0,0,0,0,0,0,0,0
550064,0,1,1986,19,19,19,19,19,19,19,19,19,19
550064,1,1,1986,0,0,0,0,0,0,0,18,0,0
550065,1,1,1986,0,0,0,0,0,0,0,0,0,0
550065,2,1,1986,0,0,0,0,0,0,0,0,0,0
550065,3,1,1986,0,0,0,0,0,0,0,0,0,0
550065,4,1,1986,0,0,0,0,0,0,0,0,0,0
550065,5,1,1986,0,0,0,0,0,0,0,0,0,0
550065,6,1,1986,0,0,0,0,0,0,0,0,0,0
550066,1,1,1986,0,0,0,0,0,0,0,0,0,0
550066,2,1,1986,0,0,0,0,0,0,0,0,0,0
550067,1,1,1986,20,20,20,20,20,20,20,20,20,20
550068,1,1,1986,0,0,0,0,0,0,0,0,0,0
550068,2,1,1986,0,0,0,0,0,0,0,0,0,0
550069,1,1,1986,25,0,0,0,0,0,0,0,0,0
550069,2,1,1986,2,2,2,2,2,2,2,2,2,2
550070,1,1,1986,0,0,0,0,0,0,0,0,0,0
550071,1,1,1986,22,0,0,16,0,0,0,0,39,3
550071,2,1,1986,0,0,0,0,0,0,0,0,0,0
550072,1,1,1986,0,0,0,0,0,0,0,0,0,0
550072,2,1,1986,0,0,0,0,0,0,14,0,0,0
550073,1,1,1986,0,0,0,0,0,0,0,0,0,0
550073,2,1,1986,0,0,0,0,0,0,0,0,0,0
550074,1,1,1986,0,0,0,0,0,0,0,0,0,0
550074,2,1,1986,9,9,9,9,9,9,9,9,9,9
550075,0,1,1986,0,0,0,0,0,0,0,0,0,0
550075,1,1,1986,0,0,0,0,0,0,0,0,0,0
550076,1,1,1986,0,0,0,0,0,0,0,0,0,0
550076,2,1,1986,0,5,0,0,0,0,0,0,0,0
550077,1,1,1986,6,6,6,6,6,6,6,6,6,6
550078,1,1,1986,16,16,16,16,16,16,16,16,16,16
550079,1,1,1986,20,0,0,0,0,0,0,0,0,0
550079,2,1,1986,0,0,0,0,0,0,0,0,0,0
550080,1,1,1986,22,22,22,22,22,22,22,22,22,22
550081,0,1,1986,0,0,0,0,0,0,0,0,0,0
550081,1,1,1986,0,0,0,0,0,0,0,0,0,0
550082,1,1,1986,0,0,0,0,0,0,0,0,0,6
550082,2,1,1986,1,1,1,1,1,1,1,1,1,1
550083,1,1,1986,0,0,0,0,0,0,0,0,0,0
550083,2,1,1986,0,0,0,0,0,0,0,0,0,0
550084,0,1,1986,0,0,0,0,0,0,0,0,0,0
550084,1,1,1986,0,14,0,0,0,0,0,0,0,0
550085,1,1,1986,13,13,13,13,13,13,13,13,13,13
550085,2,1,1986,0,0,0,0,0,0,0,0,0,0
550087,1,1,1986,0,0,0,0,0,0,0,0,0,0
550087,2,1,1986,0,0,0,0,0,0,0,5,0,0
550088,1,1,1986,24,24,24,24,24,24,24,24,24,24
550089,1,1,1986,0,13,17,19,0,24,23,0,24,25
550089,2,1,1986,15,16,0,8,31,8,21,3,16,23
550090,1,1,1986,11,11,11,11,11,11,11,11,11,11
550091,1,1,1986,6,0,0,0,0,0,0,0,0,18
550092,1,1,1986,27,27,27,27,27,27,27,27,27,27
550093,1,1,1986,15,4,17,5,11,6,25,7,7,11
550094,1,1,1986,0,0,0,0,0,0,0,0,0,0
550094,2,1,1986,0,0,0,0,0,0,0,0,0,0
550095,1,1,1986,0,0,0,0,0,0,0,0,0,33
550095,2,1,1986,0,0,0,0,0,0,0,0,0,0
550096,1,1,1986,24,24,24,24,24,24,24,24,24,24
550096,2,1,1986,0,0,0,0,0,0,0,0,0,0
550097,1,1,1986,27,27,27,27,27,27,27,27,27,27
550098,1,1,1986,8,6,6,6,0,0,11,12,0,20
550099,1,1,1986,0,0,0,0,0,0,0,0,0,0
550099,2,1,1986,0,0,0,0,0,0,0,0,0,0
550100,1,1,1986,0,0,0,0,0,0,0,0,0,0
550101,1,1,1986,17,17,17,17,17,17,17,17,17,17
550102,1,1,1986,20,20,20,20,20,20,20,20,20,20
550104,1,1,1986,0,0,0,0,0,0,0,0,0,0
550104,2,1,1986,0,0,0,0,0,0,0,0,0,0
550105,1,1,1986,0,0,0,0,0,0,0,0,0,0
550106,1,1,1986,0,0,0,0,0,0,0,0,0,0
550106,2,1,1986,0,0,0,0,0,0,0,0,0,0
550107,1,1,1986,23,23,23,23,23,23,23,23,23,23
550108,0,1,1986,15,15,15,15,15,15,15,15,15,15
550108,1,1,1986,12,31,6,21,13,8,13,22,14,5
550109,1,1,1986,11,11,11,11,11,11,11,11,11,11
550110,1,1,1986,0,0,0,0,0,0,0,0,0,0
550110,2,1,1986,0,0,0,0,0,0,0,0,0,0
550111,1,1,1986,8,8,8,8,8,8,8,8,8,8
550111,2,1,1986,0,0,0,0,0,0,0,0,0,0
550112,1,1,1986,21,21,21,21,21,21,21,21,21,21
550113,1,1,1986,0,0,0,0,0,0,0,0,0,0
550113,2,1,1986,19,19,19,19,19,19,19,19,19,19
550114,1,1,1986,25,25,25,25,25,25,25,25,25,25
550115,0,1,1986,34,21,0,0,21,0,26,0,0,13
550115,1,1,1986,0,0,0,0,0,14,0,0,0,0
550116,0,1,1986,0,0,0,0,0,0,0,0,0,0
550116,1,1,1986,0,0,0,0,6,0,0,0,0,0
550117,0,1,1986,0,0,0,0,0,0,0,0,0,0
550117,1,1,1986,10,7,12,12,12,13,22,5,5,11
550118,1,1,1986,21,21,21,21,21,21,21,21,21,21
550119,1,1,1986,17,17,17,17,17,17,17,17,17,17
550120,1,1,1986,8,8,8,8,8,8,8,8,8,8
550121,1,1,1986,16,6,7,13,31,9,5,3,2,22
550121,2,1,1986,23,23,23,23,23,23,23,23,23,23
550122,1,1,1986,0,0,0,0,0,0,0,0,0,0
550123,1,1,1986,2,2,2,2,2,2,2,2,2,2
550123,2,1,1986,10,0,0,13,0,13,0,0,0,0
550124,0,1,1986,0,0,0,0,0,0,0,0,0,0
550124,0,2,1986,0,0,0,0,0,0,0,0,0,0
550124,1,1,1986,0,0,0,0,0,0,0,0,0,0
550125,1,1,1986,33,33,33,33,33,33,33,33,33,33
550126,1,1,1986,0,0,0,0,0,0,0,0,0,0
550126,2,1,1986,30,30,30,30,30,30,30,30,30,30
550127,1,1,1986,0,0,0,0,0,0,0,0,0,0
550127,2,1,1986,0,0,0,0,0,0,0,0,0,0
550128,1,1,1986,31,31,31,31,31,31,31,31,31,31
550129,1,1,1986,42,17,25,23,24,0,18,24,31,25
550130,1,1,1986,0,0,0,0,0,0,0,0,0,0
550131,1,1,1986,8,0,0,0,0,0,0,0,0,0
550131,2,1,1986,0,0,0,0,0,0,0,0,0,0
550132,1,1,1986,0,0,0,0,0,12,0,0,0,0
550132,2,1,1986,19,19,19,19,19,19,19,19,19,19
550133,1,1,1986,26,26,26,26,26,26,26,26,26,26
550133,2,1,1986,0,0,0,0,0,0,0,0,0,0
550134,1,1,1986,27,27,27,27,27,27,27,27,27,27
550135,1,1,1986,0,0,0,0,0,0,0,0,0,0
550135,2,1,1986,0,0,0,0,0,0,0,0,0,0
550137,0,1,1986,20,20,20,20,20,20,20,20,20,20
550137,1,1,1986,0,0,0,0,0,0,0,17,0,16
550138,1,1,1986,9,16,26,21,15,27,39,24,39,19
550139,1,1,1986,15,15,15,15,15,15,15,15,15,15
550140,1,1,1986,0,0,0,0,12,0,0,0,0,0
550141,1,1,1986,30,30,30,30,30,30,30,30,30,30
550142,1,1,1986,25,25,25,25,25,25,25,25,25,25
550142,2,1,1986,0,0,0,0,0,0,0,0,0,0
550143,1,1,1986,0,0,0,0,0,0,0,0,0,0
550143,2,1,1986,0,0,0,0,0,0,0,6,0,0
550144,0,1,1986,25,25,25,25,25,25,25,25,25,25
550144,1,1,1986,9,24,23,43,3,14,16,10,18,0
550145,1,1,1986,0,0,0,0,0,0,0,0,0,0
550145,2,1,1986,0,0,0,0,0,0,0,0,0,0
550146,1,1,1986,25,25,25,25,25,25,25,25,25,25
550146,2,1,1986,0,0,0,0,0,0,0,0,0,0
550147,1,1,1986,6,6,6,6,6,6,6,6,6,6
550148,1,1,1986,0,0,0,0,0,0,0,0,0,0
550148,2,1,1986,0,0,21,0,0,0,0,0,0,0
550149,1,1,1986,15,15,15,15,15,15,15,15,15,15
550150,0,1,1986,0,0,0,0,0,0,0,0,0,0
550150,1,1,1986,0,0,0,0,0,0,0,0,0,0
550151,1,1,1986,27,27,27,27,27,27,27,27,27,27
550152,1,1,1986,18,18,18,18,18,18,18,18,18,18
550152,2,1,1986,0,0,0,0,0,0,0,0,0,0
550153,1,1,1986,0,0,0,0,0,0,0,0,0,0
550153,2,1,1986,0,0,0,0,0,0,0,0,0,0
550154,1,1,1986,22,22,22,22,22,22,22,22,22,22
550155,1,1,1986,0,0,0,0,0,0,0,0,0,0
550155,2,1,1986,8,8,8,8,8,8,8,8,8,8
550156,1,1,1986,19,19,19,19,19,19,19,19,19,19
550157,1,1,1986,0,0,0,0,0,0,0,34,0,0
550157,2,1,1986,0,0,0,0,0,0,0,0,0,0
550158,1,1,1986,10,10,10,10,10,10,10,10,10,10
550159,1,1,1986,32,32,32,32,32,32,32,32,32,32
550160,1,1,1986,5,19,10,0,9,0,16,11,17,7
550161,1,1,1986,20,20,20,20,20,20,20,20,20,20
550162,1,1,1986,0,0,0,0,0,0,0,0,0,0
550162,2,1,1986,0,0,0,0,11,0,0,0,22,0
550163,1,1,1986,3,8,11,31,25,13,19,7,13,19
550163,2,1,1986,0,0,0,0,0,0,0,0,0,0
550164,1,1,1986,0,0,0,0,0,0,0,0,0,0
550164,2,1,1986,0,0,0,0,0,0,0,0,0,0
550164,3,1,1986,0,0,0,0,0,0,0,0,0,0
550165,1,1,1986,0,0,0,0,0,0,0,0,27,0
550165,2,1,1986,0,0,0,0,0,0,0,0,0,0
550166,1,1,1986,24,24,24,24,24,24,24,24,24,24
550166,2,1,1986,2,2,2,2,2,2,2,2,2,2
550167,1,1,1986,10,10,10,10,10,10,10,10,10,10
550168,1,1,1986,4,5,0,15,0,0,0,0,6,0
550168,2,1,1986,0,0,0,0,0,0,0,0,0,0
550169,1,1,1986,0,0,0,0,0,0,0,0,0,0
550170,1,1,1986,15,15,15,15,15,15,15,15,15,15
550171,1,1,1986,11,11,11,11,11,11,11,11,11,11
550172,1,1,1986,0,0,0,0,0,0,0,0,0,0
550172,2,1,1986,0,0,0,0,0,0,0,0,0,0
550173,1,1,1986,0,0,0,0,0,0,0,0,0,0
550173,2,1,1986,0,0,0,0,0,0,0,0,0,0
550174,1,1,1986,0,0,0,0,0,0,0,0,0,0
550174,2,1,1986,0,0,0,0,0,0,0,0,0,0
550175,1,1,1986,0,0,0,0,0,0,0,0,0,0
550176,1,1,1986,20,20,20,20,20,20,20,20,20,20
550176,2,1,1986,0,0,0,0,0,0,0,0,0,0
550177,0,1,1986,27,27,27,27,27,27,27,27,27,27
550177,1,1,1986,0,0,0,0,0,0,0,0,0,0
550178,1,1,1986,21,21,21,21,21,21,21,21,21,21
550179,1,1,1986,18,18,18,18,18,18,18,18,18,18
550179,2,1,1986,0,0,0,0,0,0,0,0,0,0
550180,0,1,1986,14,14,14,14,14,14,14,14,14,14
550180,1,1,1986,0,0,0,0,0,0,0,3,0,0
550181,1,1,1986,0,0,0,0,0,0,0,0,0,0
550181,2,1,1986,0,0,0,0,0,0,0,0,0,0
550181,3,1,1986,0,0,0,0,0,0,0,0,0,0
550182,1,1,1986,22,22,22,22,22,22,22,22,22,22
550183,1,1,1986,22,22,22,22,22,22,22,22,22,22
550184,1,1,1986,17,17,17,17,17,17,17,17,17,17
550185,1,1,1986,13,13,13,13,13,13,13,13,13,13
550186,1,1,1986,23,23,23,23,23,23,23,23,23,23
550187,1,1,1986,15,15,15,15,15,15,15,15,15,15
550187,2,1,1986,0,0,0,0,0,0,7,0,0,0
550188,1,1,1986,0,0,0,0,0,0,0,0,0,0
550189,1,1,1986,12,12,12,12,12,12,12,12,12,12
550189,2,1,1986,10,10,10,10,10,10,10,10,10,10
550190,1,1,1986,6,6,6,6,6,6,6,6,6,6
550191,0,1,1986,30,30,30,30,30,30,30,30,30,30
550191,1,1,1986,0,0,0,0,0,0,0,0,0,0
550192,1,1,1986,0,0,0,0,0,0,0,0,0,0
550192,2,1,1986,0,0,0,6,0,13,33,0,0,0
550193,1,1,1986,18,18,17,12,16,8,7,17,0,14
550194,1,1,1986,0,0,0,0,0,0,0,0,0,0
550195,1,1,1986,20,20,20,20,20,20,20,20,20,20
550195,2,1,1986,0,0,0,0,0,0,0,0,0,0
550196,1,1,1986,0,0,0,0,0,0,0,10,0,0
550196,2,1,1986,0,0,0,0,0,0,0,0,0,0
550197,1,1,1986,0,0,0,0,8,0,0,0,0,0
550197,2,1,1986,0,0,0,0,0,0,0,0,0,0
550198,1,1,1986,13,13,13,13,13,13,13,13,13,13
550199,1,1,1986,0,0,11,0,0,0,0,0,0,0
550200,1,1,1986,7,7,7,7,7,7,7,7,7,7
550201,1,1,1986,19,19,19,19,19,19,19,19,19,19
550202,1,1,1986,11,0,0,0,0,19,8,11,0,0
550203,0,1,1986,0,23,0,0,12,15,0,0,0,2
550203,1,1,1986,0,0,0,0,0,0,0,0,0,6
550204,1,1,1986,0,0,0,0,0,0,0,0,0,0
550204,2,1,1986,14,0,9,12,0,11,0,17,0,4
550204,3,1,1986,15,9,13,5,14,7,10,0,14,13
550205,1,1,1986,0,0,0,0,0,0,0,0,0,0
550205,2,1,1986,0,0,0,0,0,0,0,0,0,0
550206,0,1,1986,0,0,0,0,0,0,0,0,0,0
550206,1,1,1986,0,0,0,0,0,0,0,0,0,0
550207,1,1,1986,0,0,0,0,0,0,0,0,0,0
550207,2,1,1986,0,0,0,0,0,0,0,0,0,0
550207,3,1,1986,0,0,0,0,0,0,0,0,0,0
550208,1,1,1986,9,9,9,9,9,9,9,9,9,9
550209,1,1,1986,14,14,14,14,14,14,14,14,14,14
550210,1,1,1986,0,0,0,0,0,0,0,0,0,0
550210,2,1,1986,0,0,0,0,0,0,0,0,0,0
550211,1,1,1986,0,0,0,0,0,0,0,0,0,0
550211,2,1,1986,0,0,0,0,0,0,0,0,0,0
550212,1,1,1986,17,17,17,17,17,17,17,17,17,17
550212,2,1,1986,27,27,27,27,27,27,27,27,27,27
550213,1,1,1986,30,30,30,30,30,30,30,30,30,30
550214,1,1,1986,0,0,0,0,0,0,0,0,0,0
550215,1,1,1986,0,0,0,0,0,0,0,0,0,0
550215,2,1,1986,11,23,12,28,20,13,24,18,24,16
550216,1,1,1986,14,12,20,36,11,24,27,8,9,3
550216,2,1,1986,0,0,0,0,0,23,0,12,0,0
550217,1,1,1986,0,0,0,0,0,0,0,0,0,0
550218,1,1,1986,29,29,29,29,29,29,29,29,29,29
550219,1,1,1986,13,18,10,19,12,22,4,17,6,16
550220,1,1,1986,0,0,0,0,0,0,0,0,0,0
550221,1,1,1986,14,14,14,14,14,14,14,14,14,14
550222,1,1,1986,31,31,31,31,31,31,31,31,31,31
550223,1,1,1986,13,13,13,13,13,13,13,13,13,13
550224,1,1,1986,16,16,16,16,16,16,16,16,16,16
550225,1,1,1986,0,0,0,0,0,0,0,0,0,0