ST_CASE,VEH_NO,PER_NO,YEAR,P1,P2,P3,P4,P5,P6,P7,P8,P9,P10
60001,1,1,1986,0,0,0,0,0,0,0,0,0,0
60002,1,1,1986,18,18,18,18,18,18,18,18,18,18
60003,1,1,1986,0,0,0,0,0,0,0,0,0,3
60003,2,1,1986,0,0,0,0,0,0,0,0,0,0
60003,3,1,1986,0,0,0,0,8,0,0,0,0,0
60004,1,1,1986,0,0,0,0,0,0,0,0,0,0
60004,2,1,1986,0,0,0,0,0,0,0,0,0,0
60005,1,1,1986,4,4,4,4,4,4,4,4,4,4
60006,1,1,1986,0,0,0,0,0,0,0,0,0,0
60006,2,1,1986,0,0,0,0,0,0,0,0,0,0
60007,0,1,1986,0,0,0,0,0,0,0,0,0,0
60007,1,1,1986,0,0,0,0,10,0,0,0,0,0
60008,1,1,1986,26,26,26,26,26,26,26,26,26,26
60008,2,1,1986,0,0,0,0,0,0,0,0,0,0
60009,1,1,1986,0,0,0,0,0,0,0,0,0,0
60009,2,1,1986,0,0,0,0,0,0,0,0,0,0
60010,1,1,1986,18,18,18,18,18,18,18,18,18,18
60011,1,1,1986,5,5,5,5,5,5,5,5,5,5
60012,0,1,1986,0,0,0,0,0,0,0,0,0,0
60012,1,1,1986,0,0,0,0,0,0,0,0,13,19
60013,0,1,1986,0,0,0,0,0,0,0,0,0,0
60013,1,1,1986,0,0,0,0,0,0,0,0,0,0
60014,1,1,1986,0,0,0,0,0,0,0,0,0,0
60015,1,1,1986,4,4,4,4,4,4,4,4,4,4
60015,2,1,1986,0,0,0,3,0,0,0,0,0,0
60016,1,1,1986,0,0,0,0,0,0,0,0,0,0
60016,2,1,1986,0,0,0,0,0,0,0,0,0,0
60016,3,1,1986,0,0,0,0,0,0,0,0,0,0
60017,1,1,1986,0,0,0,0,0,0,0,0,0,0
60018,1,1,1986,0,0,0,0,0,0,0,0,0,0
60019,1,1,1986,0,0,0,0,0,0,0,0,0,0
60020,0,1,1986,0,0,0,0,0,0,0,0,0,0
60020,1,1,1986,10,0,0,0,0,0,0,0,0,0
60021,1,1,1986,5,5,5,5,5,5,5,5,5,5
60021,2,1,1986,0,0,0,0,0,0,0,0,0,0
60022,1,1,1986,8,8,8,8,8,8,8,8,8,8
60022,2,1,1986,0,0,0,0,0,0,0,0,0,0
60023,1,1,1986,26,26,26,26,26,26,26,26,26,26
60024,1,1,1986,14,14,14,14,14,14,14,14,14,14
60025,1,1,1986,0,0,0,0,0,0,0,0,0,0
60026,0,1,1986,0,0,0,0,0,0,0,0,0,0
60026,1,1,1986,0,10,0,0,0,9,0,6,17,13
60027,1,1,1986,13,13,13,13,13,13,13,13,13,13
60028,1,1,1986,27,27,27,27,27,27,27,27,27,27
60029,1,1,1986,0,0,0,0,0,0,0,0,0,0
60029,2,1,1986,0,0,0,0,0,0,0,24,0,0
60030,1,1,1986,0,0,0,0,0,0,0,0,0,0
60030,2,1,1986,0,0,0,0,0,0,0,0,0,0
60031,1,1,1986,0,14,0,0,0,0,0,0,0,0
60031,2,1,1986,11,0,0,0,0,0,0,0,0,0
60032,1,1,1986,3,0,4,0,0,0,0,0,0,0
60033,0,1,1986,0,4,0,0,0,0,0,0,15,18
60033,0,2,1986,0,0,0,0,0,0,0,0,0,0
60033,1,1,1986,7,0,0,0,0,0,0,0,0,0
60034,1,1,1986,0,27,0,0,0,4,0,0,20,0
60035,1,1,1986,0,0,0,0,0,0,0,0,0,0
60035,2,1,1986,0,0,0,0,0,0,0,0,0,0
60036,1,1,1986,0,0,0,0,0,10,0,0,0,0
60036,2,1,1986,14,14,14,14,14,14,14,14,14,14
60037,1,1,1986,0,0,0,0,0,0,0,0,0,0
60038,1,1,1986,0,0,0,0,0,0,0,0,0,0
60038,2,1,1986,0,0,0,0,0,0,0,0,0,0
60040,0,1,1986,19,19,19,19,19,19,19,19,19,19
60040,0,2,1986,24,24,24,24,24,24,24,24,24,24
60040,1,1,1986,0,8,0,0,0,0,0,0,11,0
60041,1,1,1986,27,27,27,27,27,27,27,27,27,27
60041,2,1,1986,0,0,0,0,0,0,0,0,0,0
60042,0,1,1986,0,0,0,0,0,0,0,0,0,0
60042,1,1,1986,0,0,0,0,0,0,0,0,0,0
60043,0,1,1986,0,0,0,0,0,0,0,0,0,0
60043,1,1,1986,0,0,0,0,0,0,0,0,0,0
60044,1,1,1986,0,0,0,0,0,0,0,0,0,0
60044,2,1,1986,11,11,11,11,11,11,11,11,11,11
60045,0,1,1986,0,0,0,0,0,0,0,0,0,0
60045,1,1,1986,0,0,13,0,0,14,10,11,0,0
60045,2,1,1986,0,22,0,0,0,0,0,0,41,0
60047,1,1,1986,0,0,0,0,0,0,0,0,0,0
60048,0,1,1986,17,17,17,17,17,17,17,17,17,17
60048,0,2,1986,12,12,17,0,16,20,0,0,0,12
60048,3,1,1986,0,0,0,0,0,0,0,0,0,0
60049,1,1,1986,0,0,0,0,0,0,0,0,0,0
60050,1,1,1986,0,0,0,0,0,0,0,0,0,0
60050,2,1,1986,5,5,5,5,5,5,5,5,5,5
60051,1,1,1986,0,0,0,0,0,0,0,0,0,0
60051,2,1,1986,0,0,0,0,0,0,0,0,0,0
60052,0,1,1986,0,0,0,0,0,0,0,0,0,0
60052,1,1,1986,5,0,0,0,0,0,0,0,0,0
60053,0,1,1986,0,0,0,0,0,0,0,0,0,0
60053,1,1,1986,0,0,0,0,0,0,0,0,0,0
60054,1,1,1986,0,0,0,0,0,0,0,0,0,0
60054,2,1,1986,0,0,0,0,17,0,0,0,16,0
60055,1,1,1986,26,26,26,26,26,26,26,26,26,26
60055,2,1,1986,0,0,0,0,0,17,0,0,13,0
60056,1,1,1986,0,0,0,0,0,0,0,0,0,0
60056,2,1,1986,0,0,0,0,0,0,0,0,0,0
60057,0,1,1986,0,0,0,0,0,0,0,0,0,0
60057,1,1,1986,21,15,19,18,15,6,10,15,38,19
60058,0,1,1986,0,0,0,0,0,0,0,0,0,0
60058,1,1,1986,9,23,0,16,0,0,0,8,10,0
60058,2,1,1986,0,0,0,0,0,24,0,26,0,0
60059,1,1,1986,0,0,0,0,0,0,0,0,0,0
60059,2,1,1986,0,0,0,0,0,0,0,0,0,0
60060,1,1,1986,0,0,0,0,0,0,0,0,0,0
60060,2,1,1986,0,0,0,0,0,0,0,0,0,0
60061,1,1,1986,0,0,0,0,0,0,0,0,0,0
60061,2,1,1986,0,0,0,0,0,0,0,0,0,0
60061,3,1,1986,0,0,0,0,0,0,0,0,0,0
60062,1,1,1986,3,3,3,3,3,3,3,3,3,3
60062,2,1,1986,0,0,0,0,0,0,0,0,0,0
60063,1,1,1986,0,0,0,0,0,0,0,0,0,0
60063,2,1,1986,0,0,0,0,0,0,0,0,0,0
60064,0,1,1986,12,12,12,12,12,12,12,12,12,12
60064,1,1,1986,0,0,0,0,0,0,0,0,0,0
60065,0,1,1986,0,0,0,0,0,0,0,0,0,0
60065,1,1,1986,0,0,4,15,13,0,0,10,16,0
60066,1,1,1986,0,0,21,0,0,20,0,0,0,0
60066,2,1,1986,0,0,0,0,0,0,0,0,0,0
60066,3,1,1986,0,0,0,0,0,0,0,0,0,0
60066,4,1,1986,0,0,0,0,0,0,0,0,0,0
60067,1,1,1986,0,0,0,0,0,0,0,0,0,0
60067,2,1,1986,0,0,0,0,0,0,0,0,0,0
60068,0,1,1986,0,0,0,0,0,0,0,0,0,0
60068,1,1,1986,0,0,9,0,0,20,0,0,0,0
60069,1,1,1986,6,6,6,6,6,6,6,6,6,6
60069,2,1,1986,0,0,0,0,0,0,0,0,0,0
60070,1,1,1986,0,0,0,0,0,0,0,0,0,0
60070,2,1,1986,2,2,2,2,2,2,2,2,2,2
60071,1,1,1986,7,30,31,26,18,21,14,38,9,20
60072,0,1,1986,24,24,24,24,24,24,24,24,24,24
60072,1,1,1986,0,0,0,0,0,0,0,0,16,0
60073,1,1,1986,12,12,12,12,12,12,12,12,12,12
60074,1,1,1986,0,0,0,0,0,0,0,0,0,0
60075,0,1,1986,0,0,0,0,0,0,0,0,0,0
60075,1,1,1986,0,0,0,0,0,0,0,0,0,0
60076,1,1,1986,1,1,1,1,1,1,1,1,1,1
60076,2,1,1986,0,0,0,0,15,0,0,0,0,0
60076,3,1,1986,0,0,0,0,0,0,0,0,0,0
60076,4,1,1986,0,0,11,0,0,0,0,0,0,0
60077,1,1,1986,15,15,15,15,15,15,15,15,15,15
60078,0,1,1986,0,0,0,0,0,0,0,0,0,0
60078,0,2,1986,0,0,0,0,0,0,0,0,0,0
60078,1,1,1986,0,0,0,0,0,0,0,0,0,0
60079,1,1,1986,11,11,11,11,11,11,11,11,11,11
60080,1,1,1986,19,19,19,19,19,19,19,19,19,19
60080,2,1,1986,0,0,0,0,0,0,0,30,0,0
60081,0,1,1986,10,0,0,0,0,0,0,0,0,13
60081,1,1,1986,25,25,25,25,25,25,25,25,25,25
60081,2,1,1986,0,0,0,0,0,0,0,0,0,0
60082,0,1,1986,0,0,0,0,0,0,0,0,0,0
60082,1,1,1986,0,0,0,0,0,0,0,0,0,0
60083,1,1,1986,16,16,16,16,16,16,16,16,16,16
60083,2,1,1986,1,1,1,1,1,1,1,1,1,1
60084,1,1,1986,0,0,0,0,0,13,0,0,0,0
60085,0,1,1986,11,21,31,16,27,32,23,27,3,28
60085,1,1,1986,0,8,8,0,0,0,0,0,0,0
60086,1,1,1986,0,0,0,0,0,0,0,0,0,0
60086,2,1,1986,0,0,0,0,0,0,0,0,0,0
60087,1,1,1986,24,24,24,24,24,24,24,24,24,24
60088,1,1,1986,0,0,0,0,0,0,0,0,0,14
60088,2,1,1986,0,0,0,0,0,16,0,0,0,0
60089,0,1,1986,0,0,0,0,0,0,0,0,0,0
60089,1,1,1986,0,0,0,0,0,0,0,0,0,0
60090,1,1,1986,7,7,7,7,7,7,7,7,7,7
60091,1,1,1986,0,0,0,0,0,0,0,0,0,0
60091,2,1,1986,0,0,0,0,0,0,0,0,0,0
60092,0,1,1986,0,0,0,0,0,0,0,0,0,0
60092,1,1,1986,0,0,0,12,0,0,0,0,4,0
60093,1,1,1986,35,35,35,35,35,35,35,35,35,35
60093,2,1,1986,25,25,25,25,25,25,25,25,25,25
60094,1,1,1986,0,0,0,0,0,5,0,0,0,0
60094,2,1,1986,0,0,0,0,0,0,0,0,0,0
60094,3,1,1986,0,0,0,0,0,0,0,0,0,0
60094,4,1,1986,0,0,0,0,0,0,0,0,0,0
60095,1,1,1986,32,32,32,32,32,32,32,32,32,32
60096,0,1,1986,0,0,0,0,0,0,0,0,0,0
60096,0,2,1986,0,0,0,0,0,13,0,0,14,0
60096,1,1,1986,0,0,0,0,0,0,0,0,0,0
60097,1,1,1986,2,2,2,2,2,2,2,2,2,2
60097,2,1,1986,0,0,0,0,0,0,0,0,0,0
60098,1,1,1986,18,18,18,18,18,18,18,18,18,18
60099,1,1,1986,10,0,0,0,0,0,0,0,0,18
60099,2,1,1986,0,15,0,0,0,7,0,0,0,0
60100,1,1,1986,7,7,7,7,7,7,7,7,7,7
60101,0,1,1986,0,0,0,0,0,0,0,0,0,0
60101,1,1,1986,0,0,0,0,0,0,0,21,0,0
60102,0,1,1986,0,0,0,0,0,0,0,0,0,0
60102,1,1,1986,0,0,0,0,0,0,0,0,0,0
60103,1,1,1986,0,0,0,0,0,0,0,0,3,0
60104,0,1,1986,22,22,22,22,22,22,22,22,22,22
60104,1,1,1986,23,15,0,17,19,30,0,0,0,8
60105,1,1,1986,30,30,30,30,30,30,30,30,30,30
60105,2,1,1986,0,7,0,10,0,0,0,0,0,0
60106,1,1,1986,13,13,13,13,13,13,13,13,13,13
60107,1,1,1986,9,10,23,16,24,18,34,0,14,17
60108,1,1,1986,0,0,0,0,10,0,0,0,0,0
60108,2,1,1986,0,0,0,0,0,0,0,0,0,0
60109,1,1,1986,20,0,0,0,0,0,0,0,0,0
60109,2,1,1986,0,0,0,0,0,0,0,0,0,0
60110,1,1,1986,0,0,0,0,0,0,0,0,0,0
60110,2,1,1986,0,0,0,0,0,0,0,0,0,0
60110,3,1,1986,0,0,0,0,0,0,0,0,0,0
60111,0,1,1986,30,30,30,30,30,30,30,30,30,30
60111,1,1,1986,0,0,0,0,0,0,14,0,0,0
60112,1,1,1986,4,4,4,4,4,4,4,4,4,4
60113,1,1,1986,0,0,0,0,0,0,0,0,0,0
60114,1,1,1986,12,12,12,12,12,12,12,12,12,12
60115,1,1,1986,0,0,0,0,0,0,0,0,0,0
60116,0,1,1986,0,0,0,0,0,0,0,0,0,0
60116,1,1,1986,24,24,24,24,24,24,24,24,24,24
60117,0,1,1986,0,0,0,0,0,0,0,0,0,0
60117,1,1,1986,13,0,0,0,0,0,0,0,0,0
60118,1,1,1986,23,23,23,23,23,23,23,23,23,23
60119,1,1,1986,13,13,13,13,13,13,13,13,13,13
60119,2,1,1986,0,0,0,0,0,0,0,0,0,0
60120,0,1,1986,2,2,2,2,2,2,2,2,2,2
60120,0,2,1986,0,0,0,18,0,13,0,0,0,13
60120,1,1,1986,11,14,4,9,16,6,9,8,23,6
60121,1,1,1986,20,20,20,20,20,20,20,20,20,20
60122,1,1,1986,0,0,0,0,0,0,0,0,0,6
60122,2,1,1986,0,0,0,0,0,0,0,0,0,0
60123,1,1,1986,0,0,0,0,0,0,0,0,0,0
60123,2,1,1986,0,0,0,0,0,0,0,0,0,0
60123,3,1,1986,0,10,0,0,0,0,0,0,0,0
60124,0,1,1986,6,6,6,6,6,6,6,6,6,6
60124,0,2,1986,0,0,0,0,0,0,0,0,0,0
60124,1,1,1986,0,0,0,0,0,0,0,0,0,0
60125,0,1,1986,0,0,0,0,0,0,0,0,0,0
60125,1,1,1986,0,0,0,0,0,0,0,0,0,0
60126,0,1,1986,23,23,23,23,23,23,23,23,23,23
60126,1,1,1986,0,0,0,0,0,0,0,0,14,0
60127,1,1,1986,0,0,0,0,0,0,0,0,0,0
60128,0,1,1986,0,0,0,0,19,0,26,0,0,0
60128,1,1,1986,0,0,0,0,0,0,0,0,0,0
60129,1,1,1986,0,0,0,0,0,0,0,0,0,0
60129,2,1,1986,0,0,0,0,0,0,0,0,0,0
60130,0,1,1986,0,40,30,0,15,0,23,28,0,0
60130,1,1,1986,0,0,0,20,19,0,0,0,0,0
60131,0,1,1986,10,10,10,10,10,10,10,10,10,10
60131,1,1,1986,11,16,19,11,15,8,16,5,4,22
60132,1,1,1986,0,0,0,0,0,0,0,0,0,0
60133,1,1,1986,0,0,0,0,0,0,0,0,0,0
60133,2,1,1986,0,0,0,0,0,0,0,0,0,0
60134,0,1,1986,0,0,0,0,0,0,0,0,0,0
60134,1,1,1986,0,0,22,0,0,0,0,0,0,0
60135,1,1,1986,0,0,0,0,0,0,0,0,0,0
60135,2,1,1986,0,0,0,0,0,0,0,0,0,0
60136,1,1,1986,1,1,1,1,1,1,1,1,1,1
60136,2,1,1986,0,0,0,0,0,0,0,0,0,0
60136,3,1,1986,0,0,0,0,0,0,0,0,0,0
60136,4,1,1986,0,0,0,0,0,0,0,0,0,0
60137,1,1,1986,20,20,20,20,20,20,20,20,20,20
60138,1,1,1986,0,0,0,0,0,0,0,0,0,0
60138,2,1,1986,0,0,0,0,0,0,0,0,0,0
60139,0,1,1986,0,0,0,0,0,0,0,0,0,0
60139,1,1,1986,0,0,0,0,0,0,0,0,0,0
60140,1,1,1986,0,0,0,0,0,0,0,0,0,0
60141,1,1,1986,0,0,0,0,0,0,0,0,0,0
60141,2,1,1986,0,0,0,0,0,0,0,0,0,0
60142,1,1,1986,6,6,6,6,6,6,6,6,6,6
60143,1,1,1986,21,21,21,21,21,21,21,21,21,21
60144,1,1,1986,2,2,2,2,2,2,2,2,2,2
60145,1,1,1986,0,0,0,0,0,0,0,0,0,0
60146,0,1,1986,31,31,31,31,31,31,31,31,31,31
60146,1,1,1986,0,0,0,0,0,0,0,0,0,0
60147,1,1,1986,0,0,0,0,0,0,0,0,0,0
60147,2,1,1986,0,0,0,0,0,0,0,0,0,0
60148,1,1,1986,0,0,0,0,0,0,0,0,0,0
60148,2,1,1986,0,0,0,0,0,0,0,0,0,0
60149,1,1,1986,13,33,19,18,12,21,0,0,28,4
60150,0,1,1986,25,25,25,25,25,25,25,25,25,25
60150,1,1,1986,13,9,8,20,19,11,11,19,18,21
60151,0,1,1986,0,0,0,0,0,0,0,0,0,0
60151,1,1,1986,0,0,0,0,0,0,0,0,0,0
60152,1,1,1986,14,14,14,14,14,14,14,14,14,14
60153,0,1,1986,35,35,35,35,35,35,35,35,35,35
60153,1,1,1986,11,26,7,10,6,17,14,5,8,13
60154,1,1,1986,0,0,0,0,0,0,0,0,0,0
60154,2,1,1986,6,6,6,6,6,6,6,6,6,6
60155,1,1,1986,17,17,17,17,17,17,17,17,17,17
60156,1,1,1986,0,0,0,0,0,0,0,0,0,0
60157,0,1,1986,13,13,13,13,13,13,13,13,13,13
60157,1,1,1986,0,0,0,0,0,0,0,0,0,0
60158,1,1,1986,21,21,21,21,21,21,21,21,21,21
60159,0,1,1986,0,0,0,0,0,0,0,0,0,0
60159,0,2,1986,0,0,0,0,0,0,0,0,0,0
60159,1,1,1986,0,0,0,0,0,0,0,0,9,0
60160,1,1,1986,0,0,0,0,0,0,0,0,0,0
60160,2,1,1986,0,0,0,0,0,0,0,0,0,0
60161,1,1,1986,0,0,0,0,0,0,0,0,0,0
60161,2,1,1986,0,0,0,0,0,7,0,0,0,0
60162,1,1,1986,16,16,16,16,16,16,16,16,16,16
60162,2,1,1986,0,0,0,0,0,0,0,0,0,0
60163,1,1,1986,28,28,28,28,28,28,28,28,28,28
60164,1,1,1986,18,18,18,18,18,18,18,18,18,18
60165,0,1,1986,21,21,21,21,21,21,21,21,21,21
60165,1,1,1986,0,18,22,8,25,23,0,0,0,0
60166,1,1,1986,3,3,3,3,3,3,3,3,3,3
60167,1,1,1986,19,19,19,19,19,19,19,19,19,19
60168,1,1,1986,0,0,0,0,0,0,0,0,0,0
60168,2,1,1986,17,0,0,8,0,0,0,0,0,0
60169,0,1,1986,24,24,24,24,24,24,24,24,24,24
60169,1,1,1986,27,0,17,24,17,23,30,7,0,21
60170,0,1,1986,0,0,0,0,0,0,0,0,0,0
60170,1,1,1986,0,0,0,0,0,0,0,0,0,0
60171,1,1,1986,0,0,0,0,0,0,0,0,0,0
60171,2,1,1986,0,0,0,0,0,0,0,0,0,0
60172,0,1,1986,0,0,0,0,0,0,0,0,0,0
60172,0,2,1986,0,0,0,15,0,18,13,0,28,0
60172,1,1,1986,0,0,0,0,0,0,0,0,0,0
60173,1,1,1986,0,0,0,0,0,0,0,0,0,0
60174,1,1,1986,0,0,0,0,0,0,0,0,0,0
60174,2,1,1986,0,7,0,0,0,0,0,0,0,0
60175,1,1,1986,0,0,0,0,0,0,0,0,0,0
60175,2,1,1986,0,0,0,0,0,0,0,0,0,0
60175,3,1,1986,0,0,0,0,0,0,0,0,0,0
60175,4,1,1986,0,0,0,0,0,0,0,0,0,0
60176,1,1,1986,0,0,0,0,0,0,0,0,0,0
60176,2,1,1986,0,0,0,0,0,0,0,0,0,0
60176,3,1,1986,0,0,0,0,0,0,0,0,0,0
60177,0,1,1986,0,0,0,0,0,0,0,0,0,0
60177,1,1,1986,0,0,0,0,0,15,0,0,0,0
60178,1,1,1986,19,19,19,19,19,19,19,19,19,19
60179,1,1,1986,27,27,27,27,27,27,27,27,27,27
60180,1,1,1986,0,0,0,0,0,0,0,0,0,0
60181,1,1,1986,0,0,0,0,0,0,0,0,0,0
60181,2,1,1986,0,0,0,0,0,0,0,0,0,0
60182,0,1,1986,0,0,0,0,0,0,0,0,0,0
60182,1,1,1986,3,0,0,0,0,0,0,0,0,0
60183,1,1,1986,13,13,13,13,13,13,13,13,13,13
60183,2,1,1986,0,0,0,0,0,0,0,0,0,0
60184,0,1,1986,12,0,0,0,0,0,0,0,0,0
60184,0,2,1986,0,18,17,7,4,0,0,20,0,31
60184,0,3,1986,13,0,0,0,14,28,0,18,0,16
60184,1,1,1986,19,21,9,11,9,20,19,5,17,20
60185,1,1,1986,0,0,0,19,0,0,0,0,0,0
60185,2,1,1986,0,0,0,0,0,0,0,0,0,0
60186,0,1,1986,0,0,0,0,0,0,0,0,0,0
60186,1,1,1986,7,0,0,0,0,0,0,0,0,0
60187,1,1,1986,0,0,0,0,0,9,0,0,0,0
60187,2,1,1986,0,0,0,0,0,0,0,0,0,0
60188,1,1,1986,22,22,22,22,22,22,22,22,22,22
60189,1,1,1986,13,0,0,3,0,0,7,0,0,0
60189,2,1,1986,14,8,21,0,25,0,0,0,15,0
60190,1,1,1986,28,28,28,28,28,28,28,28,28,28
60191,1,1,1986,4,4,4,4,4,4,4,4,4,4
60191,2,1,1986,9,9,9,9,9,9,9,9,9,9
60192,1,1,1986,16,16,16,16,16,16,16,16,16,16
60193,1,1,1986,12,12,12,12,12,12,12,12,12,12
60193,2,1,1986,0,0,0,0,0,0,0,0,0,0
60193,3,1,1986,0,0,0,0,0,0,0,0,11,0
60194,1,1,1986,4,21,14,16,11,0,18,0,11,14
60195,1,1,1986,0,0,0,0,0,0,0,0,0,0
60196,1,1,1986,0,0,0,0,0,0,0,0,0,0
60197,1,1,1986,0,0,0,0,0,0,0,22,0,0
60197,2,1,1986,0,0,0,0,0,0,0,0,0,0
60198,1,1,1986,3,3,3,3,3,3,3,3,3,3
60199,1,1,1986,0,0,0,0,0,0,0,0,0,0
60199,2,1,1986,0,14,0,0,0,11,0,0,0,0
60201,1,1,1986,0,0,0,0,0,0,0,0,0,0
60201,2,1,1986,0,0,0,0,0,0,0,0,0,0
60201,3,1,1986,0,0,0,0,0,0,0,0,0,0
60202,0,1,1986,0,0,0,0,0,0,0,0,0,0
60202,1,1,1986,0,0,0,0,0,0,0,0,0,0
60203,1,1,1986,15,15,15,15,15,15,15,15,15,15
60203,2,1,1986,0,0,0,0,0,0,0,0,0,0
60204,0,1,1986,24,24,24,24,24,24,24,24,24,24
60204,1,1,1986,10,12,11,0,0,0,0,0,0,0
60205,0,1,1986,0,0,0,0,0,0,0,0,0,0
60205,1,1,1986,0,0,0,0,0,0,0,0,0,0
60206,0,1,1986,14,14,14,14,14,14,14,14,14,14
60206,1,1,1986,15,29,10,8,8,10,26,0,0,11
60206,2,1,1986,24,22,17,0,17,2,0,36,21,21
60207,1,1,1986,0,0,0,0,0,0,0,0,0,0
60207,2,1,1986,0,0,0,0,0,0,0,0,0,0
60208,1,1,1986,0,0,0,0,0,0,0,0,0,0
60208,2,1,1986,0,0,0,0,0,0,0,0,0,0
60209,0,1,1986,0,0,3,0,0,17,13,39,0,0
60209,1,1,1986,0,0,0,0,0,0,0,0,0,0
60210,1,1,1986,9,0,0,0,0,0,17,24,0,0
60211,0,1,1986,0,0,0,0,0,0,0,0,0,0
60211,1,1,1986,0,0,0,0,0,0,0,0,0,0
60212,1,1,1986,21,21,21,21,21,21,21,21,21,21
60213,1,1,1986,17,18,23,19,5,26,0,13,15,14
60214,1,1,1986,0,0,0,0,0,0,0,0,0,0
60215,1,1,1986,0,0,0,0,0,0,0,0,0,0
60216,1,1,1986,2,2,2,2,2,2,2,2,2,2
60217,1,1,1986,0,0,0,14,0,0,0,0,0,0
60218,0,1,1986,0,0,0,0,0,0,0,0,0,0
60218,1,1,1986,18,18,18,18,18,18,18,18,18,18
60219,1,1,1986,0,0,0,0,0,0,0,0,7,0
60219,2,1,1986,0,0,0,0,27,11,0,10,19,10
60220,1,1,1986,10,0,0,0,0,0,0,0,0,0
60221,1,1,1986,41,41,41,41,41,41,41,41,41,41
60222,1,1,1986,20,20,20,20,20,20,20,20,20,20
60222,2,1,1986,0,0,0,0,0,0,0,0,0,24
60223,1,1,1986,0,0,0,0,0,0,0,0,0,0
60223,2,1,1986,20,20,20,20,20,20,20,20,20,20
60224,0,1,1986,22,22,22,22,22,22,22,22,22,22
60224,1,1,1986,0,0,0,0,0,0,0,0,0,0
60225,1,1,1986,14,0,0,0,0,16,0,7,17,16
60226,0,1,1986,0,0,0,0,0,0,0,0,0,0
60226,1,1,1986,0,0,0,0,0,0,0,0,0,10
60227,1,1,1986,0,0,0,0,0,0,0,0,0,0
60227,2,1,1986,0,0,0,0,0,0,0,0,0,0
60228,1,1,1986,0,0,0,0,0,0,0,0,0,0
60228,2,1,1986,0,0,0,0,0,0,0,0,0,0
60229,1,1,1986,0,0,0,0,0,19,16,0,0,0
60229,2,1,1986,0,0,0,7,0,11,0,0,6,0
60230,0,1,1986,0,0,0,0,0,0,0,0,0,0
60230,1,1,1986,0,0,0,0,0,0,0,0,0,0
60230,2,1,1986,0,0,0,12,0,0,12,0,0,0
60231,1,1,1986,2,2,2,2,2,2,2,2,2,2
60232,1,1,1986,21,21,21,21,21,21,21,21,21,21
60233,1,1,1986,0,0,0,0,0,0,0,0,0,0
60233,2,1,1986,0,0,0,0,0,0,0,33,0,0
60234,1,1,1986,0,0,0,0,0,0,0,0,0,0
60234,2,1,1986,0,0,0,0,0,0,0,0,0,0
60235,1,1,1986,0,0,0,0,0,0,0,0,0,0
60236,1,1,1986,0,0,0,0,0,0,0,0,0,0
60237,1,1,1986,0,0,0,0,0,0,0,0,0,0
60237,2,1,1986,19,0,0,0,0,0,0,0,0,0
60238,1,1,1986,0,0,0,0,0,0,0,0,0,0
60238,2,1,1986,0,0,0,0,0,0,0,0,0,0
60239,0,1,1986,0,0,0,0,0,0,0,0,0,0
60239,1,1,1986,0,0,0,0,0,0,0,0,0,0
60240,1,1,1986,11,11,11,11,11,11,11,11,11,11
60241,0,1,1986,0,0,0,0,0,0,0,0,0,0
60241,1,1,1986,0,0,0,0,0,17,0,6,0,16
60242,1,1,1986,4,13,0,9,16,0,3,0,0,0
60242,2,1,1986,0,0,0,0,0,0,0,0,0,0
60243,0,1,1986,0,0,0,0,0,0,0,0,0,0
60243,1,1,1986,0,0,0,0,0,0,0,0,0,0
60244,1,1,1986,0,0,0,0,0,0,0,0,0,0
60244,2,1,1986,0,0,0,0,0,0,0,0,0,0
60245,1,1,1986,12,12,12,12,12,12,12,12,12,12
60245,2,1,1986,0,13,0,0,12,10,0,0,7,0
60246,1,1,1986,24,24,24,24,24,24,24,24,24,24
60247,1,1,1986,12,10,19,0,25,0,9,18,26,0
60248,1,1,1986,0,0,0,0,0,0,0,0,0,0
60249,1,1,1986,0,0,0,0,0,0,0,0,0,0
60250,1,1,1986,0,0,0,0,0,0,0,0,0,0
60251,1,1,1986,19,19,19,19,19,19,19,19,19,19
60252,1,1,1986,26,26,26,26,26,26,26,26,26,26
60253,0,1,1986,29,19,7,21,21,38,28,10,0,15
60253,1,1,1986,0,0,0,0,0,0,0,0,0,0
60254,0,1,1986,0,0,0,0,0,0,0,0,0,0
60254,1,1,1986,0,0,0,4,0,0,0,0,0,0
60255,1,1,1986,0,0,0,0,0,0,0,0,0,0
60255,2,1,1986,0,0,0,0,0,0,30,0,0,0
60256,1,1,1986,19,19,19,19,19,19,19,19,19,19
60257,1,1,1986,18,18,18,18,18,18,18,18,18,18
60258,1,1,1986,0,0,0,0,0,0,0,0,0,0
60259,0,1,1986,0,0,0,0,0,0,0,0,0,0
60259,1,1,1986,7,0,33,0,17,33,0,0,0,0
60260,1,1,1986,12,12,12,12,12,12,12,12,12,12
60261,1,1,1986,8,8,8,8,8,8,8,8,8,8
60262,1,1,1986,17,17,17,17,17,17,17,17,17,17
60263,0,1,1986,0,0,0,0,0,0,0,0,0,0
60263,1,1,1986,0,0,0,0,0,0,0,0,0,0
60265,0,1,1986,0,0,0,0,0,0,0,0,0,0
60265,1,1,1986,0,0,0,0,0,9,0,0,0,0
60266,1,1,1986,6,6,6,6,6,6,6,6,6,6
60267,1,1,1986,10,14,0,0,19,0,0,0,0,0
60268,1,1,1986,21,0,0,0,0,0,0,18,10,17
60269,1,1,1986,0,0,0,0,0,0,0,0,0,0
60269,2,1,1986,0,0,0,0,0,0,0,0,0,0
60270,1,1,1986,0,0,0,0,0,0,0,0,0,0
60270,2,1,1986,0,0,0,0,0,0,0,0,0,0
60270,3,1,1986,0,0,0,0,0,0,0,0,0,0
60271,1,1,1986,0,0,0,0,0,0,0,0,0,0
60271,2,1,1986,0,0,0,0,0,0,0,0,0,0
60272,1,1,1986,26,26,26,26,26,26,26,26,26,26
60273,1,1,1986,0,0,0,0,0,0,0,0,0,0
60273,2,1,1986,0,0,0,0,0,0,0,0,0,0
60274,0,1,1986,0,0,0,0,0,0,0,0,0,0
60274,1,1,1986,0,0,0,0,0,0,0,0,0,0
60275,1,1,1986,0,0,0,0,0,0,21,0,0,0
60275,2,1,1986,0,0,0,0,0,0,0,0,0,0
60276,1,1,1986,20,0,0,0,0,0,0,0,0,0