ST_CASE,VEH_NO,PER_NO,YEAR,P1,P2,P3,P4,P5,P6,P7,P8,P9,P10
60276,2,1,1986,5,5,5,5,5,5,5,5,5,5
60277,1,1,1986,0,0,0,0,0,0,0,0,0,0
60278,0,1,1986,29,29,29,29,29,29,29,29,29,29
60278,1,1,1986,0,0,0,0,0,0,0,0,0,0
60279,1,1,1986,19,19,19,19,19,19,19,19,19,19
60280,1,1,1986,0,0,0,0,0,0,0,0,0,0
60281,1,1,1986,0,0,0,0,0,0,0,0,0,0
60281,2,1,1986,0,0,0,0,0,0,0,0,0,0
60281,3,1,1986,0,0,0,0,0,0,0,0,0,0
60282,1,1,1986,0,0,0,0,0,0,0,0,0,0
60282,2,1,1986,0,0,0,0,0,0,0,0,0,0
60283,0,1,1986,0,0,0,0,0,0,0,0,0,0
60283,1,1,1986,0,0,0,0,0,0,0,0,0,0
60284,1,1,1986,0,0,0,0,0,0,0,0,0,0
60284,2,1,1986,0,0,0,0,0,0,0,0,0,0
60285,0,1,1986,30,30,30,30,30,30,30,30,30,30
60285,1,1,1986,0,0,0,0,0,0,0,0,0,12
60285,2,1,1986,0,31,0,0,23,0,0,0,0,0
60286,1,1,1986,0,0,0,0,0,0,0,0,0,0
60287,1,1,1986,0,0,0,0,0,0,0,0,0,0
60287,2,1,1986,0,0,0,0,0,0,0,9,0,0
60288,1,1,1986,0,0,0,0,0,0,0,0,0,0
60288,2,1,1986,0,0,0,0,0,0,22,0,0,0
60289,1,1,1986,5,5,5,5,5,5,5,5,5,5
60289,2,1,1986,0,0,0,0,0,0,0,0,0,0
60290,1,1,1986,0,0,0,0,0,0,0,0,0,0
60290,2,1,1986,0,0,0,0,0,0,0,0,0,0
60291,1,1,1986,0,9,9,10,0,5,5,0,0,0
60291,2,1,1986,0,8,0,18,10,0,0,7,0,1
60292,1,1,1986,0,0,0,0,0,0,0,0,0,0
60292,2,1,1986,0,0,0,0,0,0,0,0,0,0
60293,0,1,1986,18,18,18,18,18,18,18,18,18,18
60293,1,1,1986,0,0,0,0,0,0,0,0,0,0
60294,1,1,1986,0,0,0,0,0,0,0,0,0,0
60295,1,1,1986,0,0,0,0,0,10,12,0,0,0
60295,2,1,1986,0,0,0,0,0,0,0,0,0,0
60296,0,1,1986,0,0,0,0,0,0,0,0,0,0
60296,1,1,1986,0,0,0,0,0,0,0,0,0,0
60297,1,1,1986,31,31,31,31,31,31,31,31,31,31
60297,2,1,1986,0,0,0,0,0,0,0,0,0,0
60298,0,1,1986,23,23,23,23,23,23,23,23,23,23
60298,1,1,1986,0,0,0,0,0,7,0,0,0,0
60299,1,1,1986,44,44,44,44,44,44,44,44,44,44
60300,1,1,1986,0,0,0,0,0,0,0,0,0,0
60300,2,1,1986,0,0,0,0,7,0,0,0,0,0
60301,1,1,1986,18,18,18,18,18,18,18,18,18,18
60302,1,1,1986,0,3,0,0,0,0,0,22,15,11
60303,0,1,1986,0,0,0,0,0,0,0,0,0,0
60303,1,1,1986,0,0,0,0,0,0,0,0,0,0
60304,0,1,1986,0,0,0,0,0,0,0,0,0,0
60304,1,1,1986,18,0,0,0,0,0,0,0,0,20
60305,0,1,1986,0,0,0,0,0,0,0,0,0,0
60305,1,1,1986,0,0,0,0,0,0,0,0,0,0
60306,1,1,1986,0,0,0,0,0,0,0,0,0,0
60306,2,1,1986,0,2,0,0,0,0,0,0,0,0
60306,3,1,1986,0,0,0,0,0,0,0,0,0,0
60307,1,1,1986,0,0,0,0,0,0,0,0,0,0
60307,2,1,1986,0,8,0,0,0,0,0,0,0,0
60308,1,1,1986,0,0,0,0,0,0,0,0,0,0
60309,1,1,1986,0,0,0,0,0,0,0,0,0,0
60310,1,1,1986,30,21,0,12,0,27,18,28,23,8
60310,2,1,1986,15,15,15,15,15,15,15,15,15,15
60311,0,1,1986,0,0,0,0,0,0,0,0,0,0
60311,1,1,1986,31,0,0,0,0,0,0,0,0,0
60312,1,1,1986,19,19,19,19,19,19,19,19,19,19
60312,2,1,1986,0,0,0,0,0,0,0,0,0,0
60313,1,1,1986,15,15,15,15,15,15,15,15,15,15
60314,1,1,1986,0,0,0,0,0,0,6,0,0,0
60314,2,1,1986,0,0,0,0,0,0,0,0,0,0
60315,1,1,1986,21,28,14,30,10,18,7,9,25,8
60316,1,1,1986,0,0,0,0,0,0,0,0,0,0
60316,2,1,1986,0,0,0,0,0,0,0,0,0,0
60317,1,1,1986,0,0,0,0,0,0,0,0,0,0
60318,1,1,1986,25,25,25,25,25,25,25,25,25,25
60319,1,1,1986,0,12,0,0,0,0,0,0,0,0
60319,2,1,1986,0,0,0,0,0,0,0,0,0,0
60320,1,1,1986,0,0,0,0,0,0,0,0,0,0
60320,2,1,1986,0,0,0,0,0,0,0,0,0,0
60320,3,1,1986,0,0,0,0,0,0,0,0,0,0
60320,4,1,1986,0,0,0,0,0,0,0,0,0,0
60320,5,1,1986,0,0,0,0,0,0,0,0,0,0
60320,6,1,1986,0,0,0,0,0,0,0,0,0,0
60321,1,1,1986,0,0,0,0,0,0,0,0,0,0
60321,2,1,1986,0,0,0,0,0,0,0,0,0,0
60322,1,1,1986,23,23,23,23,23,23,23,23,23,23
60322,2,1,1986,0,0,0,0,0,0,0,0,0,0
60323,1,1,1986,13,13,13,13,13,13,13,13,13,13
60324,0,1,1986,31,31,31,31,31,31,31,31,31,31
60324,1,1,1986,0,17,22,4,0,4,0,24,41,21
60325,1,1,1986,0,0,0,0,0,0,0,0,0,0
60325,2,1,1986,0,0,0,0,0,0,0,0,0,0
60326,1,1,1986,15,15,15,15,15,15,15,15,15,15
60326,2,1,1986,0,0,0,0,0,0,0,0,0,0
60327,1,1,1986,0,0,0,0,0,0,0,0,0,0
60328,0,1,1986,0,0,0,0,0,0,0,0,0,0
60328,1,1,1986,0,0,0,8,0,0,0,0,0,0
60329,1,1,1986,12,12,12,12,12,12,12,12,12,12
60330,1,1,1986,0,0,0,0,0,0,0,0,0,0
60330,2,1,1986,0,0,0,0,0,0,0,0,0,0
60331,0,1,1986,0,0,0,0,0,0,0,0,0,0
60331,1,1,1986,0,0,0,0,0,0,0,0,0,0
60332,1,1,1986,0,0,0,0,0,0,0,0,0,0
60332,2,1,1986,0,0,0,0,0,0,0,0,0,0
60333,1,1,1986,0,0,0,0,0,0,0,0,0,0
60333,2,1,1986,0,0,0,0,0,0,0,0,0,0
60334,0,1,1986,0,0,0,0,0,0,0,0,0,0
60334,0,2,1986,0,0,0,0,0,0,0,0,0,0
60334,0,3,1986,0,0,0,0,0,0,0,0,0,0
60334,1,1,1986,0,0,0,28,0,0,0,0,0,0
60335,0,1,1986,27,27,27,27,27,27,27,27,27,27
60335,1,1,1986,0,0,0,0,0,0,0,0,0,0
60336,1,1,1986,12,12,12,12,12,12,12,12,12,12
60337,1,1,1986,20,20,20,20,20,20,20,20,20,20
60337,2,1,1986,0,0,0,0,0,0,0,0,0,0
60338,0,1,1986,0,0,0,0,0,0,0,0,0,0
60338,1,1,1986,0,0,0,0,0,0,0,0,0,0
60339,1,1,1986,0,0,0,0,0,0,0,0,0,0
60339,2,1,1986,0,0,0,0,0,0,0,0,0,0
60340,1,1,1986,16,16,16,16,16,16,16,16,16,16
60340,2,1,1986,12,12,12,12,12,12,12,12,12,12
60341,1,1,1986,0,0,0,0,0,0,0,0,0,0
60341,2,1,1986,0,0,0,0,0,0,0,0,0,0
60342,1,1,1986,21,21,21,21,21,21,21,21,21,21
60342,2,1,1986,0,9,12,0,0,0,0,0,0,0
60343,0,1,1986,0,0,0,0,0,0,0,0,0,0
60343,1,1,1986,0,0,0,0,0,0,0,0,0,0
60344,0,1,1986,0,0,0,0,0,0,0,0,0,0
60344,1,1,1986,0,0,0,0,0,0,0,0,0,0
60345,0,1,1986,19,19,19,19,19,19,19,19,19,19
60345,1,1,1986,0,0,0,0,4,0,0,0,0,0
60346,1,1,1986,0,0,0,10,0,0,0,0,0,0
60346,2,1,1986,0,0,0,0,0,0,0,0,0,0
60347,1,1,1986,0,0,0,0,0,0,0,0,0,0
60348,1,1,1986,0,0,0,0,0,0,0,0,0,0
60348,2,1,1986,0,0,0,0,0,0,0,0,0,0
60348,3,1,1986,0,0,0,0,0,0,0,0,0,0
60349,1,1,1986,34,34,34,34,34,34,34,34,34,34
60350,1,1,1986,23,23,23,23,23,23,23,23,23,23
60350,2,1,1986,11,14,14,5,18,14,6,8,5,5
60350,3,1,1986,0,0,10,0,0,0,0,0,0,0
60350,4,1,1986,0,0,0,0,0,0,0,0,0,0
60351,0,1,1986,11,11,11,11,11,11,11,11,11,11
60351,1,1,1986,0,0,0,0,0,0,0,0,0,0
60351,2,1,1986,9,0,0,0,0,0,14,0,0,0
60352,0,1,1986,0,0,0,0,0,0,0,0,0,0
60352,0,2,1986,0,0,0,0,0,25,0,16,36,13
60352,1,1,1986,0,0,0,0,12,0,0,0,0,0
60353,1,1,1986,0,0,0,0,0,0,0,0,0,0
60354,1,1,1986,0,0,0,0,0,0,0,0,6,0
60354,2,1,1986,0,0,0,0,0,0,0,0,0,0
60354,3,1,1986,0,0,0,0,0,0,0,0,0,0
60354,4,1,1986,0,0,0,0,0,0,0,0,0,0
60354,5,1,1986,0,0,0,0,7,0,0,0,0,0
60355,1,1,1986,11,11,11,11,11,11,11,11,11,11
60355,2,1,1986,0,0,0,0,0,0,0,0,0,0
60356,1,1,1986,20,20,20,20,20,20,20,20,20,20
60357,1,1,1986,10,10,10,10,10,10,10,10,10,10
60358,1,1,1986,0,0,0,0,0,0,0,0,0,0
60359,1,1,1986,0,0,0,0,0,0,0,0,0,0
60359,2,1,1986,0,0,0,0,0,0,27,0,0,0
60360,1,1,1986,0,0,0,0,0,0,0,0,0,0
60361,1,1,1986,4,4,4,4,4,4,4,4,4,4
60362,1,1,1986,0,0,0,0,0,0,0,0,0,0
60363,1,1,1986,18,18,18,18,18,18,18,18,18,18
60364,1,1,1986,0,0,0,0,0,0,0,0,0,0
60364,2,1,1986,7,0,0,0,12,0,0,0,0,14
60364,3,1,1986,0,0,0,0,0,0,0,0,0,0
60365,1,1,1986,0,0,0,0,0,0,0,0,0,20
60366,1,1,1986,0,0,0,0,0,0,0,0,0,0
60367,1,1,1986,0,0,0,0,0,0,0,0,0,0
60367,2,1,1986,0,0,0,0,0,0,0,0,0,0
60368,1,1,1986,22,19,18,20,0,9,8,14,19,3
60369,1,1,1986,0,0,0,0,0,0,0,0,0,0
60370,1,1,1986,0,0,0,0,0,0,0,0,0,0
60370,2,1,1986,0,0,0,0,0,0,0,0,0,0
60371,1,1,1986,13,13,13,13,13,13,13,13,13,13
60371,2,1,1986,0,0,0,0,0,0,0,0,0,0
60372,1,1,1986,3,3,3,3,3,3,3,3,3,3
60372,2,1,1986,0,0,0,0,0,0,0,0,0,0
60372,3,1,1986,0,0,0,0,0,0,0,0,0,0
60373,1,1,1986,9,23,14,19,13,10,4,16,15,18
60374,0,1,1986,0,0,0,0,0,0,0,0,0,0
60374,0,2,1986,5,0,0,0,0,0,0,0,0,0
60374,1,1,1986,13,18,0,0,14,0,16,28,19,13
60375,1,1,1986,0,0,0,0,0,0,0,0,0,0
60376,1,1,1986,5,5,5,5,5,5,5,5,5,5
60377,1,1,1986,0,0,0,0,9,0,0,0,0,0
60378,1,1,1986,0,0,3,13,2,0,15,8,0,0
60379,1,1,1986,0,0,0,0,0,13,0,4,0,0
60379,2,1,1986,0,0,0,0,0,0,0,0,0,0
60380,1,1,1986,0,0,0,0,0,0,0,0,9,0
60380,2,1,1986,0,0,0,0,0,0,0,0,0,0
60381,1,1,1986,12,12,12,12,12,12,12,12,12,12
60382,1,1,1986,18,18,18,18,18,18,18,18,18,18
60383,1,1,1986,0,0,0,0,6,10,0,0,0,0
60383,2,1,1986,0,0,0,0,0,0,0,0,0,0
60384,1,1,1986,0,0,0,0,0,0,0,0,0,0
60384,2,1,1986,0,0,0,0,0,0,0,0,0,0
60385,1,1,1986,19,6,4,12,11,22,15,3,9,23
60385,2,1,1986,0,0,0,0,0,0,0,0,0,0
60385,3,1,1986,0,0,0,0,0,0,0,0,0,0
60385,4,1,1986,0,0,0,0,0,0,0,0,0,0
60386,0,1,1986,0,0,0,0,0,0,0,0,0,0
60386,0,2,1986,0,0,14,0,0,0,7,19,0,10
60386,1,1,1986,17,17,17,17,17,17,17,17,17,17
60387,1,2,1986,0,0,18,23,10,0,10,0,5,18
60388,1,1,1986,14,14,14,14,14,14,14,14,14,14
60388,2,1,1986,0,0,0,0,0,0,0,0,0,0
60389,1,1,1986,0,0,0,0,0,0,0,0,0,0
60390,1,1,1986,18,18,18,18,18,18,18,18,18,18
60391,1,1,1986,19,19,19,19,19,19,19,19,19,19
60392,1,1,1986,13,13,13,13,13,13,13,13,13,13
60393,0,1,1986,12,12,12,12,12,12,12,12,12,12
60393,1,1,1986,9,28,41,18,0,0,0,12,0,0
60394,1,1,1986,0,0,0,0,0,0,0,0,0,0
60394,2,1,1986,0,0,0,0,0,0,0,0,0,0
60394,3,1,1986,0,0,0,0,0,0,0,0,0,0
60395,1,1,1986,0,0,0,0,0,0,0,0,0,0
60395,2,1,1986,0,0,0,0,0,0,0,0,0,0
60396,1,1,1986,6,6,6,6,6,6,6,6,6,6
60396,2,1,1986,0,0,0,0,0,0,0,0,0,0
60397,1,1,1986,0,0,0,0,0,0,0,0,0,0
60398,1,1,1986,15,15,15,15,15,15,15,15,15,15
60399,1,1,1986,20,20,20,20,20,20,20,20,20,20
60400,1,1,1986,0,0,0,0,0,0,0,0,0,0
60401,1,1,1986,0,0,0,0,0,0,0,0,0,0
60402,1,1,1986,0,0,0,0,0,0,0,0,0,6
60403,1,1,1986,0,0,0,0,0,0,0,8,7,0
60403,2,1,1986,0,15,0,0,0,0,0,0,18,0
60404,1,1,1986,0,0,0,0,0,0,0,0,0,0
60404,2,1,1986,0,0,0,0,0,0,0,0,0,0
60404,3,1,1986,0,0,0,0,0,0,0,0,0,0
60405,0,1,1986,0,0,0,0,0,0,0,0,0,0
60405,1,1,1986,22,22,22,22,22,22,22,22,22,22
60406,1,1,1986,0,0,0,0,0,0,0,0,0,0
60407,1,1,1986,15,15,15,15,15,15,15,15,15,15
60408,0,1,1986,3,3,3,3,3,3,3,3,3,3
60408,1,1,1986,0,18,15,8,16,26,17,0,11,17
60409,1,1,1986,0,0,0,0,0,0,0,0,0,0
60409,2,1,1986,9,9,9,9,9,9,9,9,9,9
60410,1,1,1986,21,21,21,21,21,21,21,21,21,21
60411,1,1,1986,10,10,10,10,10,10,10,10,10,10
60412,0,1,1986,0,0,0,0,0,0,0,0,0,0
60412,1,1,1986,0,0,0,0,0,0,0,0,0,0
60413,1,1,1986,22,22,22,22,22,22,22,22,22,22
60414,1,1,1986,10,10,10,10,10,10,10,10,10,10
60415,1,1,1986,0,0,0,0,0,0,0,0,0,0
60415,2,1,1986,0,8,0,0,0,0,0,0,0,0
60416,1,1,1986,0,0,0,0,0,0,0,0,0,0
60416,2,1,1986,0,0,0,7,0,0,0,0,0,0
60417,0,1,1986,2,2,2,2,2,2,2,2,2,2
60417,1,1,1986,0,0,0,11,0,0,0,0,0,0
60418,0,1,1986,2,2,2,2,2,2,2,2,2,2
60418,1,1,1986,0,0,0,0,0,0,0,0,0,0
60419,1,1,1986,0,0,0,0,0,0,0,0,0,0
60419,2,1,1986,0,0,0,0,0,0,0,0,0,0
60420,1,1,1986,0,0,0,0,0,0,0,0,0,0
60420,2,1,1986,0,0,0,0,0,0,0,0,0,0
60421,0,1,1986,26,26,26,26,26,26,26,26,26,26
60421,1,1,1986,0,0,0,0,0,0,0,0,0,0
60421,2,1,1986,0,0,0,0,0,0,0,0,0,0
60422,0,1,1986,0,0,0,0,0,0,0,0,0,0
60422,1,1,1986,0,43,0,11,6,14,0,20,25,0
60423,0,1,1986,0,0,0,0,0,0,0,0,0,0
60423,1,1,1986,0,0,0,0,0,0,0,0,0,0
60424,1,1,1986,13,13,13,13,13,13,13,13,13,13
60424,2,1,1986,15,15,15,15,15,15,15,15,15,15
60425,1,1,1986,0,0,0,0,0,0,0,0,0,0
60425,2,1,1986,0,0,0,0,0,0,0,0,0,0
60426,0,1,1986,0,0,0,0,0,0,0,0,0,0
60426,1,1,1986,0,0,11,0,0,0,0,0,0,0
60427,1,1,1986,0,0,0,0,0,0,0,0,0,0
60428,1,1,1986,6,6,6,6,6,6,6,6,6,6
60428,2,1,1986,0,11,26,0,25,0,11,0,0,8
60429,1,1,1986,0,0,0,0,0,0,0,0,0,0
60429,2,1,1986,0,0,0,0,0,0,0,0,0,0
60430,0,1,1986,0,0,22,0,35,0,0,19,0,23
60430,1,1,1986,14,14,14,14,14,14,14,14,14,14
60431,1,1,1986,33,0,0,21,21,0,29,0,20,28
60431,2,1,1986,0,0,0,0,0,0,0,0,0,0
60432,1,1,1986,0,0,0,0,0,0,0,0,0,0
60433,1,1,1986,18,18,18,18,18,18,18,18,18,18
60434,1,1,1986,18,18,18,18,18,18,18,18,18,18
60434,2,1,1986,0,0,0,0,0,0,0,0,0,0
60434,3,1,1986,0,0,0,0,0,0,0,0,0,0
60435,1,1,1986,0,0,0,0,0,0,0,0,0,0
60435,2,1,1986,0,0,0,0,0,0,0,0,0,0
60436,1,1,1986,16,16,16,16,16,16,16,16,16,16
60436,2,1,1986,0,25,11,0,19,11,15,15,15,11
60437,0,1,1986,19,19,19,19,19,19,19,19,19,19
60437,1,1,1986,0,0,0,0,0,0,0,0,0,0
60438,0,1,1986,0,0,0,0,0,0,0,0,0,0
60438,1,1,1986,15,11,0,0,14,0,0,0,0,19
60439,1,1,1986,9,9,9,9,9,9,9,9,9,9
60440,1,1,1986,0,0,0,0,0,0,0,0,0,0
60440,2,1,1986,0,0,0,0,0,0,0,0,0,0
60441,1,1,1986,0,0,0,0,0,0,0,0,0,0
60441,2,1,1986,17,17,17,17,17,17,17,17,17,17
60442,1,1,1986,11,11,11,11,11,11,11,11,11,11
60443,1,1,1986,19,19,19,19,19,19,19,19,19,19
60444,1,1,1986,19,19,19,19,19,19,19,19,19,19
60444,2,1,1986,5,0,5,0,16,0,6,0,0,0
60445,1,1,1986,0,0,20,3,18,0,0,0,0,0
60446,1,1,1986,0,0,0,0,0,0,0,0,0,0
60446,2,1,1986,0,0,7,0,0,0,0,0,0,0
60447,1,1,1986,0,0,0,0,0,0,0,0,0,0
60448,1,1,1986,0,0,0,0,0,0,0,0,0,0
60449,1,1,1986,0,0,0,0,0,0,0,0,0,0
60450,1,1,1986,24,24,24,24,24,24,24,24,24,24
60451,1,1,1986,2,2,2,2,2,2,2,2,2,2
60451,2,1,1986,0,0,0,24,0,0,0,10,0,0
60452,1,1,1986,15,15,15,15,15,15,15,15,15,15
60452,2,1,1986,0,0,0,0,0,0,0,0,0,0
60453,0,1,1986,0,0,0,0,0,0,0,15,12,0
60453,1,1,1986,0,0,0,0,0,0,0,0,0,0
60454,1,1,1986,0,0,0,0,0,0,0,0,0,0
60454,2,1,1986,4,4,4,4,4,4,4,4,4,4
60454,3,1,1986,0,10,8,0,0,0,10,0,0,0
60455,1,1,1986,12,12,12,12,12,12,12,12,12,12
60455,2,1,1986,0,0,0,0,12,0,0,0,0,0
60456,0,1,1986,0,0,0,0,0,0,0,0,0,0
60456,0,2,1986,0,7,0,0,16,13,0,0,8,24
60456,1,1,1986,0,0,14,0,0,0,0,0,0,0
60457,0,1,1986,5,5,5,5,5,5,5,5,5,5
60457,1,1,1986,15,24,0,9,17,15,30,0,32,10
60458,1,1,1986,0,0,0,0,0,0,0,0,0,0
60459,1,1,1986,0,0,0,0,0,0,0,0,5,0
60460,1,1,1986,2,2,2,2,2,2,2,2,2,2
60460,2,1,1986,0,0,0,0,0,0,0,0,0,0
60461,0,1,1986,0,0,0,0,0,0,0,0,0,0
60461,1,1,1986,0,0,0,0,0,0,0,0,0,0
60462,1,1,1986,0,0,0,10,0,0,8,0,0,0
60462,2,1,1986,0,0,0,0,0,0,0,0,0,0
60463,1,1,1986,0,0,0,0,0,0,0,0,0,0
60463,2,1,1986,0,0,0,0,0,0,0,0,0,0
60464,1,1,1986,0,0,0,0,0,0,0,0,0,0
60464,2,1,1986,0,0,0,0,0,30,0,0,0,0
60465,1,1,1986,0,0,0,0,0,0,0,0,0,0
60465,2,1,1986,0,0,0,0,0,0,0,0,0,0
60466,1,1,1986,22,22,22,22,22,22,22,22,22,22
60467,0,1,1986,0,0,0,0,0,0,0,0,0,0
60467,0,2,1986,0,0,0,0,0,0,0,0,0,0
60467,1,1,1986,0,0,0,0,0,0,0,0,0,0
60468,0,1,1986,25,0,0,9,16,0,44,0,46,16
60468,1,1,1986,0,0,0,15,0,0,17,0,13,0
60469,0,1,1986,26,26,26,26,26,26,26,26,26,26
60469,1,1,1986,0,0,0,0,0,0,0,0,0,0
60470,0,1,1986,0,0,0,0,0,0,0,0,0,0
60470,0,2,1986,0,0,0,17,0,7,0,0,3,0
60470,1,1,1986,0,4,0,0,0,0,0,0,0,0
60471,1,1,1986,0,0,0,0,0,0,0,0,0,0
60472,0,1,1986,13,13,13,13,13,13,13,13,13,13
60472,1,1,1986,0,0,0,0,0,0,0,0,0,0
60473,1,1,1986,15,15,15,15,15,15,15,15,15,15
60474,1,1,1986,0,0,0,0,0,0,0,0,0,0
60474,2,1,1986,0,0,0,0,0,0,0,0,0,0
60475,1,1,1986,13,13,13,13,13,13,13,13,13,13
60476,1,1,1986,24,24,24,24,24,24,24,24,24,24
60476,2,1,1986,0,0,0,0,0,0,0,0,0,0
60477,1,1,1986,9,0,0,0,0,0,0,0,0,0
60477,2,1,1986,0,0,0,0,0,0,0,0,0,0
60478,1,1,1986,0,0,13,12,0,0,0,0,0,0
60478,2,1,1986,0,0,0,0,0,0,0,0,0,0
60479,1,1,1986,0,0,6,0,0,0,0,0,17,0
60479,2,1,1986,0,0,0,0,0,0,0,0,25,0
60480,0,1,1986,19,19,19,19,19,19,19,19,19,19
60480,1,1,1986,24,22,23,15,0,19,0,0,27,9
60482,0,1,1986,0,0,0,0,0,0,0,0,0,0
60482,1,1,1986,0,0,0,0,0,0,0,0,0,0
60483,0,1,1986,17,17,17,17,17,17,17,17,17,17
60483,1,1,1986,0,0,0,0,0,0,0,0,0,0
60483,2,1,1986,8,12,0,12,14,13,5,13,19,14
60484,0,1,1986,0,0,0,0,0,0,0,0,0,0
60484,0,2,1986,0,0,0,0,0,0,0,0,0,0
60484,0,3,1986,0,0,7,0,0,0,0,4,0,12
60484,1,1,1986,15,15,15,15,15,15,15,15,15,15
60485,1,1,1986,0,0,0,0,0,0,8,0,0,16
60485,2,1,1986,0,0,0,0,0,0,0,0,0,0
60486,1,1,1986,0,16,22,15,18,21,11,16,17,25
60487,1,1,1986,0,0,0,0,0,0,0,0,0,0
60487,2,1,1986,0,0,0,0,0,0,0,0,0,0
60488,1,1,1986,0,0,0,0,0,0,0,0,0,0
60488,2,1,1986,0,18,0,0,0,6,0,0,0,0
60489,1,1,1986,0,0,0,0,0,0,0,0,0,0
60490,0,1,1986,0,0,0,0,0,0,0,0,0,0
60490,1,1,1986,0,0,0,0,0,0,0,0,0,0
60491,0,1,1986,0,0,0,0,0,0,0,0,0,0
60491,1,1,1986,0,0,0,0,0,0,0,0,0,0
60492,1,1,1986,9,9,9,9,9,9,9,9,9,9
60493,1,1,1986,14,14,14,14,14,14,14,14,14,14
60494,1,1,1986,0,0,0,0,0,0,0,0,0,0
60495,1,1,1986,25,25,25,25,25,25,25,25,25,25
60496,1,1,1986,17,17,17,17,17,17,17,17,17,17
60496,2,1,1986,0,0,0,0,0,0,0,0,0,0
60497,1,1,1986,9,9,9,9,9,9,9,9,9,9
60498,1,1,1986,0,0,0,0,0,0,12,0,0,0
60499,1,1,1986,13,13,13,13,13,13,13,13,13,13
60500,1,1,1986,0,0,0,0,0,0,0,0,0,0
60500,2,1,1986,0,0,0,0,0,0,0,0,0,0
60501,0,1,1986,6,6,6,6,6,6,6,6,6,6
60501,1,1,1986,0,0,0,0,0,0,0,0,9,0
60502,0,1,1986,27,27,27,27,27,27,27,27,27,27
60502,1,1,1986,0,0,0,0,0,0,21,0,0,0
60502,2,1,1986,0,0,9,16,1,0,9,7,0,0
60503,1,1,1986,0,0,0,0,0,0,0,0,0,0
60503,2,1,1986,0,0,0,0,0,0,0,0,0,0
60504,1,1,1986,14,14,14,14,14,14,14,14,14,14
60505,1,1,1986,0,0,0,0,0,0,0,0,0,0
60505,2,1,1986,0,0,0,0,0,13,19,0,0,0
60506,1,1,1986,13,13,13,13,13,13,13,13,13,13
60506,2,1,1986,0,0,0,14,0,0,0,0,0,0
60507,1,1,1986,18,18,18,18,18,18,18,18,18,18
60508,1,1,1986,22,22,22,22,22,22,22,22,22,22
60509,1,1,1986,0,0,0,0,0,0,0,0,0,0
60509,2,1,1986,0,0,0,0,0,0,0,0,0,0
60510,1,1,1986,0,0,0,0,0,0,0,0,0,0
60511,1,1,1986,25,25,25,25,25,25,25,25,25,25
60512,1,1,1986,15,15,15,15,15,15,15,15,15,15
60513,1,1,1986,15,15,15,15,15,15,15,15,15,15
60513,2,1,1986,0,0,0,0,0,0,0,0,0,0
60514,0,1,1986,0,0,16,9,20,4,26,0,27,0
60514,1,1,1986,7,0,0,0,0,0,19,0,15,13
60515,1,1,1986,14,14,14,14,14,14,14,14,14,14
60515,2,1,1986,10,10,10,10,10,10,10,10,10,10
60516,1,1,1986,13,13,13,13,13,13,13,13,13,13
60516,2,1,1986,0,0,0,0,0,0,0,0,0,0
60517,0,1,1986,0,0,0,0,0,0,0,0,0,0
60517,1,1,1986,0,6,0,0,0,0,0,0,0,0
60518,1,1,1986,0,0,0,0,0,0,0,0,0,0
60519,0,1,1986,0,0,0,0,0,0,0,0,0,0
60519,1,1,1986,0,0,1,0,0,0,0,0,0,0
60520,1,1,1986,15,15,15,15,15,15,15,15,15,15
60521,0,1,1986,25,0,0,0,0,0,0,2,0,9
60521,0,2,1986,0,0,0,0,0,0,0,0,0,0
60521,1,1,1986,0,0,0,0,0,0,0,0,0,0
60522,1,1,1986,0,0,0,0,0,0,0,0,0,0
60522,2,1,1986,0,0,0,0,0,0,0,0,0,0
60523,1,1,1986,22,22,22,22,22,22,22,22,22,22
60524,1,1,1986,11,11,11,11,11,11,11,11,11,11
60524,2,1,1986,19,23,0,0,0,10,0,2,0,0
60525,0,1,1986,0,0,0,0,0,0,0,0,0,0
60525,1,1,1986,0,0,0,0,0,0,0,0,17,0
60526,1,1,1986,0,12,0,0,0,0,0,0,0,6
60526,2,1,1986,0,0,0,0,0,0,0,0,0,0
60527,1,1,1986,0,0,0,0,0,0,0,0,0,0
60527,2,1,1986,0,0,0,0,0,0,0,0,0,0
60527,3,1,1986,0,0,0,0,0,0,0,0,0,0
60528,0,1,1986,12,22,0,0,18,24,13,0,0,0
60528,1,1,1986,15,0,13,8,21,24,12,13,16,7
60529,0,1,1986,0,0,0,0,0,0,0,0,0,0
60529,1,1,1986,0,0,0,0,0,0,0,0,0,0
60530,1,1,1986,21,21,21,21,21,21,21,21,21,21
60531,1,1,1986,18,18,13,17,8,25,1,0,14,12
60532,0,1,1986,23,23,23,23,23,23,23,23,23,23
60532,1,1,1986,0,0,0,0,0,0,0,0,0,0
60533,1,1,1986,20,20,20,20,20,20,20,20,20,20
60534,1,1,1986,0,0,0,0,0,0,0,0,0,0
60535,1,1,1986,0,0,0,0,0,0,0,0,0,0
60535,2,1,1986,0,0,0,0,0,0,0,0,0,0
60535,3,1,1986,0,0,0,0,0,0,0,0,0,0
60536,1,1,1986,15,0,0,0,0,0,0,0,9,0
60536,2,1,1986,0,0,0,0,0,18,0,0,0,0
60537,0,1,1986,0,0,0,0,0,17,0,4,0,0
60537,1,1,1986,46,12,13,0,0,14,0,21,8,18
60537,2,1,1986,0,0,0,0,0,7,0,3,0,0
60538,1,1,1986,15,15,15,15,15,15,15,15,15,15
60539,1,1,1986,13,13,13,13,13,13,13,13,13,13
60540,1,1,1986,2,2,2,2,2,2,2,2,2,2
60540,2,1,1986,23,0,27,22,26,8,9,6,28,10
60541,1,1,1986,0,0,0,0,0,0,0,0,0,0
60541,2,1,1986,0,0,0,7,0,0,0,0,0,0
60542,1,1,1986,0,3,0,0,0,19,0,0,0,0
60542,2,1,1986,0,0,0,0,0,0,0,0,0,0
60542,3,1,1986,0,0,0,0,0,0,0,0,0,8
60543,0,1,1986,3,16,0,0,11,0,0,0,24,0
60543,1,1,1986,0,0,0,0,0,0,0,0,0,0