ST_CASE,VEH_NO,PER_NO,YEAR,P1,P2,P3,P4,P5,P6,P7,P8,P9,P10
60544,1,1,1986,0,0,0,0,0,0,0,0,0,0
60544,2,1,1986,0,0,0,0,0,0,0,0,0,0
60545,0,1,1986,27,27,27,27,27,27,27,27,27,27
60545,1,1,1986,0,0,0,33,0,0,0,0,0,0
60546,1,1,1986,0,0,0,0,0,0,0,0,0,0
60547,1,1,1986,13,13,13,13,13,13,13,13,13,13
60548,1,1,1986,0,0,20,0,7,17,14,20,15,0
60549,0,1,1986,0,0,0,0,0,0,0,0,0,0
60549,1,1,1986,0,0,0,0,0,0,0,0,0,0
60550,1,1,1986,13,13,13,13,13,13,13,13,13,13
60551,1,1,1986,0,0,0,0,0,0,0,0,0,0
60552,1,1,1986,0,0,0,0,0,0,0,0,0,0
60553,1,1,1986,0,0,0,0,0,4,0,0,0,0
60553,2,1,1986,0,0,0,0,0,0,0,7,2,0
60553,3,1,1986,0,0,0,0,0,0,0,0,0,0
60554,1,1,1986,15,15,15,15,15,15,15,15,15,15
60555,1,1,1986,18,18,18,18,18,18,18,18,18,18
60556,0,1,1986,0,0,0,0,0,0,0,0,0,0
60556,1,1,1986,0,0,0,0,0,0,0,0,0,0
60557,1,1,1986,0,0,0,0,0,0,0,0,5,0
60557,2,1,1986,21,21,21,21,21,21,21,21,21,21
60558,0,1,1986,13,13,13,13,13,13,13,13,13,13
60558,1,1,1986,0,0,0,0,0,0,0,14,0,0
60559,0,1,1986,13,13,13,13,13,13,13,13,13,13
60559,1,1,1986,3,3,3,3,3,3,3,3,3,3
60560,0,1,1986,11,11,11,11,11,11,11,11,11,11
60560,1,1,1986,6,6,6,6,6,6,6,6,6,6
60561,1,1,1986,0,0,0,0,0,0,0,0,0,0
60561,2,1,1986,29,29,29,29,29,29,29,29,29,29
60562,1,1,1986,0,0,0,0,0,0,0,11,0,0
60563,0,1,1986,0,0,0,0,0,0,0,0,0,0
60563,1,1,1986,0,0,0,0,0,0,0,10,0,0
60564,1,1,1986,0,0,0,0,0,0,0,0,0,3
60564,2,1,1986,0,0,0,0,0,0,0,0,0,0
60565,1,1,1986,24,24,24,24,24,24,24,24,24,24
60566,1,1,1986,0,21,0,12,18,0,23,29,0,0
60567,0,1,1986,22,22,22,22,22,22,22,22,22,22
60567,1,1,1986,0,0,0,0,0,0,0,0,0,0
60568,1,1,1986,16,16,16,16,16,16,16,16,16,16
60568,2,1,1986,0,0,0,0,0,0,0,0,0,0
60569,0,1,1986,33,33,33,33,33,33,33,33,33,33
60569,1,1,1986,0,0,0,0,0,0,0,0,0,0
60569,2,1,1986,0,0,0,0,0,9,0,0,0,10
60570,1,1,1986,0,0,0,0,0,0,0,0,0,0
60571,1,1,1986,0,0,0,0,0,0,0,0,0,0
60571,2,1,1986,0,0,0,0,0,0,0,0,0,0
60572,1,1,1986,9,9,9,9,9,9,9,9,9,9
60573,1,1,1986,5,5,5,5,5,5,5,5,5,5
60573,2,1,1986,0,0,0,0,0,0,0,0,0,0
60573,3,1,1986,0,0,0,0,0,0,0,0,0,0
60574,1,1,1986,0,0,0,0,0,0,0,0,0,0
60575,1,1,1986,0,0,0,0,0,0,0,0,0,0
60575,2,1,1986,0,0,0,14,0,0,0,0,0,0
60575,3,1,1986,0,0,0,0,0,0,0,0,0,0
60576,1,1,1986,18,0,11,0,0,0,0,0,0,16
60577,1,1,1986,0,0,0,0,0,0,0,0,0,0
60577,2,1,1986,12,12,11,7,26,15,18,0,8,0
60578,1,1,1986,10,25,16,0,0,0,0,0,0,0
60578,2,1,1986,0,0,0,0,0,0,0,0,0,0
60579,1,1,1986,21,21,21,21,21,21,21,21,21,21
60580,1,1,1986,0,0,0,0,0,0,0,10,14,5
60581,1,1,1986,11,11,11,11,11,11,11,11,11,11
60581,2,1,1986,0,0,0,0,0,0,0,0,0,0
60582,0,1,1986,0,0,0,0,0,0,0,0,0,0
60582,1,1,1986,25,15,8,9,4,19,0,11,9,29
60583,1,1,1986,0,0,0,0,0,0,0,0,0,0
60583,2,1,1986,0,0,0,0,0,0,0,0,0,0
60585,0,1,1986,0,0,0,0,0,0,0,0,0,0
60585,1,1,1986,0,0,0,0,0,0,0,0,0,0
60586,0,1,1986,38,38,38,38,38,38,38,38,38,38
60586,1,1,1986,10,17,10,22,19,29,0,14,0,8
60587,1,1,1986,22,22,22,22,22,22,22,22,22,22
60588,1,1,1986,16,16,16,16,16,16,16,16,16,16
60588,2,1,1986,0,0,0,0,0,0,0,0,0,0
60588,3,1,1986,0,0,0,0,21,0,0,0,0,0
60589,1,1,1986,13,0,0,0,0,0,0,0,0,0
60589,2,1,1986,0,0,0,0,0,0,0,0,0,0
60589,3,1,1986,0,0,0,0,0,0,0,0,0,0
60590,0,1,1986,0,0,0,0,0,0,0,0,0,0
60590,0,2,1986,7,0,0,11,13,0,0,0,0,0
60590,1,1,1986,0,0,0,0,0,0,0,0,0,0
60591,1,1,1986,0,0,0,14,0,0,0,0,0,0
60591,2,1,1986,0,0,0,0,0,0,0,0,0,0
60592,0,1,1986,0,0,0,0,0,0,0,0,0,0
60592,1,1,1986,19,17,21,14,8,6,15,0,0,6
60593,1,1,1986,14,14,14,14,14,14,14,14,14,14
60593,2,1,1986,0,0,0,0,0,0,0,0,0,0
60594,1,1,1986,0,0,0,0,0,0,0,0,0,0
60594,2,1,1986,0,0,0,0,0,0,0,0,0,0
60595,1,1,1986,0,0,0,0,0,0,0,0,0,0
60595,2,1,1986,9,0,0,0,0,0,0,0,0,0
60595,3,1,1986,0,0,0,0,0,0,0,0,0,0
60596,1,1,1986,0,0,0,0,0,0,0,0,0,0
60596,2,1,1986,0,0,0,0,0,0,0,0,0,0
60596,3,1,1986,0,0,0,0,0,0,0,0,0,0
60596,4,1,1986,0,0,0,0,17,0,0,0,0,0
60596,5,1,1986,0,0,10,0,0,7,0,0,0,0
60597,1,1,1986,20,20,20,20,20,20,20,20,20,20
60598,0,1,1986,0,0,0,0,0,0,0,0,0,0
60599,1,1,1986,0,0,0,0,0,0,0,0,0,0
60599,2,1,1986,0,0,0,0,0,0,0,0,0,0
60600,1,1,1986,0,0,0,0,0,0,0,0,0,0
60600,2,1,1986,0,0,0,0,0,0,0,0,0,0
60601,1,1,1986,22,24,4,18,12,17,15,11,21,16
60602,0,1,1986,0,0,35,0,13,2,0,0,13,21
60602,1,1,1986,12,17,14,16,0,15,18,13,5,3
60603,1,1,1986,3,3,3,3,3,3,3,3,3,3
60604,1,1,1986,7,7,7,7,7,7,7,7,7,7
60605,1,1,1986,13,13,13,13,13,13,13,13,13,13
60605,2,1,1986,0,0,0,0,0,0,0,29,6,0
60606,0,1,1986,22,22,22,22,22,22,22,22,22,22
60606,1,1,1986,8,0,0,0,0,0,0,0,0,0
60607,1,1,1986,11,11,11,11,11,11,11,11,11,11
60607,2,1,1986,0,0,16,0,0,0,0,0,0,0
60608,1,1,1986,18,18,18,18,18,18,18,18,18,18
60609,1,1,1986,0,0,0,0,0,0,0,0,0,0
60610,1,1,1986,16,16,16,16,16,16,16,16,16,16
60610,2,1,1986,0,0,0,0,0,0,0,0,0,0
60612,0,1,1986,0,0,0,0,0,0,0,0,0,0
60612,1,1,1986,8,18,14,5,23,0,16,21,22,20
60613,0,1,1986,0,0,0,0,0,0,0,0,0,0
60613,1,1,1986,0,0,0,0,0,0,0,0,0,0
60614,1,1,1986,24,24,24,24,24,24,24,24,24,24
60614,2,1,1986,0,0,0,0,0,0,0,0,0,0
60615,0,1,1986,0,0,0,0,18,0,0,0,0,34
60615,1,1,1986,0,14,0,0,0,0,0,0,0,0
60616,0,1,1986,0,0,0,0,0,0,0,0,0,0
60616,1,1,1986,9,9,13,22,14,35,6,22,13,15
60617,1,1,1986,0,0,0,0,0,0,0,0,0,0
60617,2,1,1986,0,0,0,0,0,0,0,0,0,0
60618,0,1,1986,0,0,0,0,0,0,0,0,0,0
60618,1,1,1986,0,0,0,0,0,0,0,0,0,0
60619,0,1,1986,26,26,26,26,26,26,26,26,26,26
60619,1,1,1986,10,8,12,19,10,6,18,11,16,10
60620,1,1,1986,16,16,16,16,16,16,16,16,16,16
60620,2,1,1986,0,0,0,1,0,0,0,0,0,0
60621,1,1,1986,0,0,0,0,0,0,0,0,0,0
60621,2,1,1986,0,0,0,0,0,0,0,0,0,0
60621,3,1,1986,0,0,0,0,0,0,0,0,0,0
60622,1,1,1986,5,5,5,5,5,5,5,5,5,5
60622,2,1,1986,0,0,0,0,0,0,0,0,0,0
60623,1,1,1986,14,14,14,14,14,14,14,14,14,14
60624,0,1,1986,11,11,11,11,11,11,11,11,11,11
60624,1,1,1986,6,19,12,22,18,16,28,16,11,11
60625,1,1,1986,0,0,0,0,0,0,0,0,0,0
60625,2,1,1986,0,0,0,0,0,2,0,0,0,4
60626,0,1,1986,0,0,0,0,0,0,0,0,0,0
60626,1,1,1986,0,0,0,0,0,0,0,0,0,0
60627,1,1,1986,0,0,0,0,0,0,0,0,0,0
60628,1,1,1986,9,9,9,9,9,9,9,9,9,9
60628,2,1,1986,0,0,0,0,0,0,0,0,12,0
60629,1,1,1986,16,16,16,16,16,16,16,16,16,16
60629,2,1,1986,0,0,0,0,0,0,0,0,0,0
60630,1,1,1986,9,9,9,9,9,9,9,9,9,9
60630,2,1,1986,0,0,0,0,0,15,0,5,8,18
60631,0,1,1986,0,0,0,0,0,0,0,0,0,0
60631,1,1,1986,26,14,28,12,24,4,21,16,21,15
60632,1,1,1986,0,0,0,0,0,0,0,0,0,0
60632,2,1,1986,15,7,6,7,11,12,20,33,24,0
60633,0,1,1986,18,18,18,18,18,18,18,18,18,18
60633,1,1,1986,0,0,21,23,0,0,20,0,0,0
60634,0,1,1986,0,0,0,15,0,0,0,23,0,15
60634,1,1,1986,0,19,0,0,0,0,19,0,14,0
60635,0,1,1986,0,0,0,0,0,0,0,0,0,0
60635,1,1,1986,0,0,0,0,0,0,9,0,0,0
60636,1,1,1986,0,0,0,0,0,0,0,0,0,0
60636,2,1,1986,0,0,0,0,0,0,0,0,0,0
60637,1,1,1986,0,0,0,0,0,0,0,0,0,0
60637,2,1,1986,0,0,0,0,0,0,0,0,0,0
60638,1,1,1986,0,0,0,0,0,0,0,0,0,0
60638,2,1,1986,0,0,0,0,0,0,0,0,0,0
60638,3,1,1986,0,0,0,0,0,0,0,0,0,0
60639,1,1,1986,0,0,0,0,0,0,0,0,0,0
60639,2,1,1986,0,0,0,0,0,0,0,0,0,0
60640,1,1,1986,14,14,14,14,14,14,14,14,14,14
60640,2,1,1986,0,0,0,0,0,0,0,0,0,0
60641,1,1,1986,0,0,0,0,0,0,0,0,0,0
60641,2,1,1986,0,0,0,0,0,0,0,0,0,0
60641,3,1,1986,0,0,0,0,0,0,0,0,0,0
60642,1,1,1986,0,0,0,0,0,0,0,0,0,0
60643,1,1,1986,0,0,0,0,0,0,0,0,0,0
60644,1,1,1986,32,32,32,32,32,32,32,32,32,32
60644,2,1,1986,5,0,20,18,7,16,31,10,12,0
60645,1,1,1986,13,26,20,19,14,29,23,14,17,8
60645,2,1,1986,0,0,0,0,0,0,0,0,0,0
60646,0,1,1986,0,0,0,0,0,0,0,0,0,0
60646,1,1,1986,0,0,0,0,0,0,0,0,0,0
60647,1,1,1986,0,0,0,0,0,0,0,0,0,0
60647,2,1,1986,0,0,0,0,0,0,0,0,0,0
60647,3,1,1986,0,0,0,0,0,0,0,0,0,0
60648,1,1,1986,4,4,4,4,4,4,4,4,4,4
60649,0,1,1986,0,0,0,0,0,0,0,0,0,0
60649,2,1,1986,0,0,0,0,0,0,0,0,0,0
60649,3,1,1986,0,0,0,0,0,17,0,0,0,0
60649,4,1,1986,0,0,0,0,0,0,2,0,0,0
60650,1,1,1986,19,19,19,19,19,19,19,19,19,19
60651,1,1,1986,0,0,3,0,0,0,13,0,0,0
60651,2,1,1986,10,25,16,8,8,18,26,15,13,10
60652,1,1,1986,14,14,14,14,14,14,14,14,14,14
60653,1,1,1986,0,0,0,0,0,0,0,0,0,0
60653,2,1,1986,0,0,0,0,0,0,0,0,0,0
60654,1,1,1986,0,0,0,0,0,0,0,0,0,0
60654,2,1,1986,0,0,0,0,0,0,0,0,0,0
60655,1,1,1986,12,12,12,12,12,12,12,12,12,12
60656,1,1,1986,0,0,0,0,0,0,0,0,0,0
60656,2,1,1986,0,0,0,0,0,0,0,0,0,0
60657,1,1,1986,4,4,4,4,4,4,4,4,4,4
60657,2,1,1986,0,0,0,0,0,0,0,0,0,0
60658,1,1,1986,0,0,0,0,0,0,0,0,0,0
60658,2,1,1986,0,0,0,0,0,0,0,0,14,0
60659,1,1,1986,0,0,0,0,0,0,0,0,0,0
60659,2,1,1986,0,0,0,0,0,0,0,0,0,0
60660,1,1,1986,11,11,11,11,11,11,11,11,11,11
60661,1,1,1986,0,0,0,0,0,0,0,0,0,0
60661,2,1,1986,0,6,0,0,0,0,0,0,0,0
60661,3,1,1986,0,18,0,0,0,0,0,0,0,0
60661,4,1,1986,0,0,0,6,0,0,0,0,0,0
60662,1,1,1986,12,12,12,12,12,12,12,12,12,12
60662,2,1,1986,0,0,0,0,0,0,0,0,0,0
60663,0,1,1986,19,19,19,19,19,19,19,19,19,19
60663,1,1,1986,0,0,0,0,0,0,0,0,0,0
60664,1,1,1986,0,19,24,0,0,0,0,0,20,0
60664,2,1,1986,0,0,0,0,0,0,0,0,0,0
60665,1,1,1986,0,0,0,0,0,0,0,0,0,0
60665,2,1,1986,0,0,0,0,0,0,0,0,0,0
60666,1,1,1986,0,0,0,0,0,0,0,0,0,0
60666,2,1,1986,0,0,0,0,0,0,0,0,0,0
60667,0,1,1986,0,0,0,0,0,0,0,0,0,0
60667,1,1,1986,0,0,0,0,0,0,0,0,0,0
60668,1,1,1986,0,0,0,0,0,0,0,0,0,0
60669,0,1,1986,0,0,0,0,0,0,0,0,0,0
60669,1,1,1986,9,0,0,0,0,0,0,0,0,0
60670,1,1,1986,0,0,0,0,0,0,0,0,13,0
60671,1,1,1986,0,0,0,0,0,0,0,0,0,0
60671,2,1,1986,0,0,0,0,0,0,0,0,0,0
60672,0,1,1986,0,0,0,0,0,0,0,0,0,0
60672,1,1,1986,0,0,0,0,0,0,0,0,0,0
60673,1,1,1986,26,14,0,0,0,10,21,17,18,0
60673,2,1,1986,0,0,0,0,0,0,0,0,0,0
60674,1,1,1986,30,30,30,30,30,30,30,30,30,30
60674,2,1,1986,0,0,0,0,0,0,0,0,0,0
60675,0,1,1986,0,0,0,0,0,0,9,25,0,0
60675,1,1,1986,0,0,5,0,0,0,0,0,0,0
60676,1,1,1986,0,0,0,0,0,0,0,0,0,0
60677,1,1,1986,12,12,12,12,12,12,12,12,12,12
60677,2,1,1986,0,14,0,0,0,0,0,0,0,0
60678,0,1,1986,22,22,22,22,22,22,22,22,22,22
60678,1,1,1986,8,0,0,0,0,0,11,0,0,0
60679,1,1,1986,0,0,0,0,0,0,0,0,0,0
60679,2,1,1986,0,0,0,0,0,0,0,0,0,0
60680,1,1,1986,13,13,13,13,13,13,13,13,13,13
60681,1,1,1986,0,19,0,0,10,22,16,6,0,0
60682,1,1,1986,0,0,0,0,0,0,0,0,0,0
60683,1,1,1986,0,0,0,0,0,0,0,0,0,0
60683,2,1,1986,0,0,0,0,0,0,0,0,0,0
60684,0,1,1986,0,0,0,0,0,0,0,0,0,0
60684,1,1,1986,0,0,0,0,0,0,0,0,0,0
60686,1,1,1986,17,17,17,17,17,17,17,17,17,17
60686,2,1,1986,0,0,0,0,0,0,0,0,0,0
60686,3,1,1986,0,0,0,0,0,0,0,0,0,0
60687,1,1,1986,0,0,0,0,0,0,0,0,0,0
60688,1,1,1986,0,0,0,0,0,0,0,0,0,0
60688,2,1,1986,0,0,0,0,0,0,0,0,0,0
60688,3,1,1986,0,0,0,0,0,0,0,0,0,0
60689,0,1,1986,21,21,21,21,21,21,21,21,21,21
60689,1,1,1986,25,25,25,25,25,25,25,25,25,25
60690,0,1,1986,0,17,22,22,12,16,12,22,30,0
60690,1,1,1986,0,0,0,0,0,0,0,0,0,0
60691,1,1,1986,16,16,16,16,16,16,16,16,16,16
60691,2,1,1986,0,0,0,0,0,0,0,0,0,0
60692,1,1,1986,0,0,0,0,0,0,0,0,0,0
60693,0,1,1986,0,0,26,18,0,0,0,38,17,0
60693,0,2,1986,0,0,0,0,0,0,45,14,21,0
60693,1,1,1986,15,18,0,28,0,7,15,0,0,0
60694,1,1,1986,23,23,23,23,23,23,23,23,23,23
60694,2,1,1986,27,27,27,27,27,27,27,27,27,27
60695,1,1,1986,0,0,0,0,0,0,0,0,0,0
60695,2,1,1986,0,0,0,0,0,0,0,0,0,0
60696,1,1,1986,0,0,0,0,0,0,20,12,9,0
60696,2,1,1986,18,12,28,17,9,11,17,0,9,20
60697,1,1,1986,0,0,0,0,0,0,0,0,0,0
60698,1,1,1986,0,0,0,0,0,0,0,0,0,0
60699,0,1,1986,0,0,0,0,0,0,0,0,0,0
60699,1,1,1986,0,0,0,0,0,0,0,0,0,0
60700,1,1,1986,5,5,5,5,5,5,5,5,5,5
60700,2,1,1986,0,0,0,0,0,0,0,0,0,0
60700,3,1,1986,0,0,0,0,0,0,0,0,0,0
60700,4,1,1986,0,0,0,0,0,0,0,0,0,0
60700,5,1,1986,0,3,0,0,0,0,0,0,0,15
60700,6,1,1986,0,0,2,0,0,0,0,0,0,0
60700,7,1,1986,0,0,0,0,0,0,0,0,0,0
60700,8,1,1986,0,0,0,0,0,0,0,7,4,6
60700,9,1,1986,0,0,0,0,0,0,0,0,0,0
60700,10,1,1986,0,0,0,0,0,0,0,0,0,0
60701,0,1,1986,0,0,0,0,0,0,0,0,0,0
60701,0,2,1986,0,0,0,0,0,0,0,0,0,0
60701,1,1,1986,0,0,0,0,0,12,0,0,10,0
60702,1,1,1986,0,0,0,0,0,0,0,0,0,0
60703,0,1,1986,0,0,0,0,0,0,0,0,0,0
60703,1,1,1986,0,0,0,0,0,0,0,0,0,0
60704,1,1,1986,0,0,0,0,0,0,0,0,0,0
60704,2,1,1986,0,0,0,0,0,0,0,0,0,0
60705,1,1,1986,0,0,0,7,0,0,0,0,0,0
60706,0,1,1986,0,0,0,0,0,0,0,0,0,0
60706,1,1,1986,0,0,0,0,0,0,0,0,0,0
60706,2,1,1986,0,0,0,0,0,0,0,0,0,0
60707,1,1,1986,10,10,10,10,10,10,10,10,10,10
60708,1,1,1986,29,29,29,29,29,29,29,29,29,29
60708,2,1,1986,7,0,0,0,0,0,0,0,0,0
60709,1,1,1986,0,0,19,6,5,0,0,4,16,16
60710,1,1,1986,0,0,0,0,0,0,0,0,0,0
60711,0,1,1986,0,0,0,0,0,0,0,0,0,0
60711,1,1,1986,0,0,0,11,0,0,0,0,0,0
60712,0,1,1986,0,0,0,0,0,0,0,0,0,0
60712,1,1,1986,0,0,0,0,0,0,0,0,0,0
60713,1,1,1986,13,13,13,13,13,13,13,13,13,13
60713,2,1,1986,0,0,0,0,0,0,0,0,0,0
60714,0,1,1986,0,0,0,0,0,0,0,0,0,0
60714,1,1,1986,0,0,0,16,0,0,13,0,0,0
60715,1,1,1986,0,0,0,0,0,0,0,0,0,0
60715,2,1,1986,0,6,0,0,0,0,0,0,0,0
60716,1,1,1986,9,9,9,9,9,9,9,9,9,9
60716,2,1,1986,0,0,0,0,0,0,0,0,0,0
60717,1,1,1986,26,26,26,26,26,26,26,26,26,26
60717,2,1,1986,0,0,0,0,0,0,0,0,0,0
60718,0,1,1986,13,13,13,13,13,13,13,13,13,13
60718,1,1,1986,0,0,0,0,0,0,0,0,0,0
60719,0,1,1986,0,26,0,0,0,25,0,0,0,0
60719,1,1,1986,0,0,0,0,0,0,0,0,0,0
60720,1,1,1986,0,0,0,0,0,0,0,0,0,0
60721,1,1,1986,0,10,16,0,3,18,11,0,18,0
60721,2,1,1986,0,0,0,0,0,0,0,0,0,0
60722,1,1,1986,20,20,20,20,20,20,20,20,20,20
60722,2,1,1986,0,0,0,0,0,0,0,0,0,0
60723,1,1,1986,0,0,0,0,0,0,0,0,0,0
60723,2,1,1986,0,0,13,0,0,0,0,0,0,0
60723,3,1,1986,0,0,0,0,0,0,0,0,0,0
60724,0,1,1986,0,0,0,0,0,0,0,0,0,0
60724,1,1,1986,16,8,26,27,0,6,0,0,12,23
60725,1,1,1986,11,11,11,11,11,11,11,11,11,11
60726,1,1,1986,11,11,11,11,11,11,11,11,11,11
60726,2,1,1986,0,0,0,0,0,0,0,0,0,0
60727,1,1,1986,0,0,0,0,0,22,0,0,8,0
60727,2,1,1986,0,0,0,0,0,0,0,0,0,0
60728,1,1,1986,11,11,11,11,11,11,11,11,11,11
60729,1,1,1986,0,18,0,0,0,0,0,0,0,0
60729,2,1,1986,0,8,0,21,0,10,0,0,6,0
60729,3,1,1986,0,0,0,0,0,0,0,0,0,0
60730,1,1,1986,0,0,4,0,0,0,0,14,0,0
60730,2,1,1986,11,11,11,11,11,11,11,11,11,11
60731,1,1,1986,0,0,0,0,0,0,0,0,0,0
60731,2,1,1986,0,0,0,0,0,0,0,0,0,0
60732,1,1,1986,0,0,0,0,0,0,0,5,0,0
60732,2,1,1986,0,0,0,0,0,0,0,0,0,0
60733,1,1,1986,18,18,18,18,18,18,18,18,18,18
60734,1,1,1986,0,0,0,0,0,0,0,0,0,0
60734,2,1,1986,0,0,0,0,0,0,0,0,0,0
60735,0,1,1986,30,30,30,30,30,30,30,30,30,30
60735,1,1,1986,0,0,0,0,0,0,0,0,0,0
60735,2,1,1986,0,0,0,0,0,0,0,0,0,0
60735,3,1,1986,0,0,0,0,0,0,0,0,0,0
60736,1,1,1986,0,0,0,0,0,0,0,0,0,0
60736,2,1,1986,0,0,0,0,0,0,0,0,0,0
60736,3,1,1986,0,0,0,0,0,0,0,0,0,0
60736,4,1,1986,0,0,0,0,0,0,0,5,0,0
60738,0,1,1986,2,2,2,2,2,2,2,2,2,2
60738,1,1,1986,1,1,1,1,1,1,1,1,1,1
60739,0,1,1986,17,17,17,17,17,17,17,17,17,17
60739,0,2,1986,19,19,19,19,19,19,19,19,19,19
60739,1,1,1986,0,0,0,0,0,0,0,0,0,0
60740,1,1,1986,11,11,11,11,11,11,11,11,11,11
60741,1,1,1986,0,0,0,0,0,0,0,0,0,0
60742,1,1,1986,20,20,20,20,20,20,20,20,20,20
60743,1,1,1986,2,2,2,2,2,2,2,2,2,2
60743,2,1,1986,0,0,0,0,0,0,2,0,0,0
60744,1,1,1986,0,0,0,0,0,0,0,0,0,21
60745,1,1,1986,0,0,0,0,0,0,0,0,0,0
60745,2,1,1986,0,0,0,0,0,0,0,0,0,0
60746,1,1,1986,0,0,0,0,0,0,0,0,0,0
60747,0,1,1986,0,0,0,0,0,0,0,0,0,0
60747,1,1,1986,0,0,0,0,0,0,28,0,0,0
60748,0,1,1986,0,0,0,0,0,0,0,0,0,0
60748,1,1,1986,0,0,0,0,0,0,0,0,0,0
60749,1,1,1986,0,0,0,0,0,0,0,0,0,0
60750,0,1,1986,0,0,0,0,0,0,0,0,0,0
60750,1,1,1986,0,0,0,0,21,14,12,0,0,18
60751,1,1,1986,0,0,0,0,0,0,0,0,0,12
60751,2,1,1986,0,0,0,10,0,0,0,0,8,0
60751,3,1,1986,0,0,0,0,0,0,0,0,0,0
60752,1,1,1986,7,7,7,7,7,7,7,7,7,7
60753,1,1,1986,0,0,0,0,0,0,0,0,0,0
60753,2,1,1986,7,7,7,7,7,7,7,7,7,7
60754,1,1,1986,0,0,0,0,0,0,0,0,0,0
60755,0,1,1986,0,0,0,0,0,0,0,0,0,0
60755,1,1,1986,0,0,0,0,0,0,0,0,0,0
60756,1,1,1986,15,15,15,15,15,15,15,15,15,15
60756,2,1,1986,0,12,0,0,0,0,0,14,0,2
60757,1,1,1986,19,19,19,19,19,19,19,19,19,19
60758,1,1,1986,0,0,0,0,0,0,0,0,0,0
60759,1,1,1986,0,0,0,0,0,0,0,0,0,0
60759,2,1,1986,0,0,0,0,0,0,0,0,0,0
60760,1,1,1986,0,0,0,0,0,0,0,0,0,0
60760,2,1,1986,0,0,0,0,0,0,0,0,0,0
60761,1,1,1986,0,0,0,0,0,0,0,0,0,0
60761,2,1,1986,0,0,0,0,0,0,29,0,19,0
60762,1,1,1986,26,17,27,0,16,24,25,39,22,11
60763,0,1,1986,0,0,0,0,23,0,0,0,0,0
60763,1,1,1986,0,0,0,0,0,0,0,0,0,0
60764,1,1,1986,0,0,0,0,0,0,0,0,0,0
60765,1,1,1986,0,0,0,0,0,0,0,0,0,0
60766,1,1,1986,0,0,0,0,0,0,0,0,0,0
60766,2,1,1986,0,0,0,0,0,0,0,0,0,0
60766,3,1,1986,0,0,0,0,0,6,0,0,0,0
60767,1,1,1986,0,0,0,0,0,0,0,0,0,0
60767,2,1,1986,0,0,0,0,0,0,0,0,0,0
60768,1,1,1986,15,0,0,0,0,0,0,0,20,0
60768,2,1,1986,0,0,0,0,0,0,0,0,0,0
60769,1,1,1986,0,0,0,0,0,0,20,0,0,0
60769,2,1,1986,20,20,20,20,20,20,20,20,20,20
60770,1,1,1986,0,0,0,0,0,0,0,0,0,0
60771,1,1,1986,0,0,0,0,0,0,0,0,0,0
60772,0,1,1986,0,0,0,0,0,4,0,0,0,0
60772,1,1,1986,0,0,0,5,0,0,0,0,0,0
60772,2,1,1986,0,0,0,0,0,0,0,0,0,0
60773,1,1,1986,0,0,0,0,0,0,0,0,0,0
60773,2,1,1986,0,0,0,0,0,0,0,0,0,0
60774,0,1,1986,0,0,0,0,0,0,0,0,0,0
60774,1,1,1986,0,8,0,0,0,27,0,0,0,8
60775,0,1,1986,0,0,0,0,0,0,0,0,0,0
60775,1,1,1986,0,0,0,0,0,0,0,0,0,0
60776,1,1,1986,16,16,16,16,16,16,16,16,16,16
60777,0,1,1986,0,0,0,0,0,0,0,0,0,0
60777,1,1,1986,0,0,0,24,0,0,0,0,0,0
60778,0,1,1986,0,0,0,0,0,0,0,0,0,0
60778,1,1,1986,10,0,23,0,0,0,0,0,0,0
60779,1,1,1986,0,0,0,0,0,0,0,0,0,0
60779,2,1,1986,0,0,0,0,0,0,0,0,0,0
60780,1,1,1986,29,29,29,29,29,29,29,29,29,29
60780,2,1,1986,0,0,0,0,0,0,0,0,0,0
60780,3,1,1986,0,0,0,0,0,0,0,0,0,0
60781,1,1,1986,6,6,6,6,6,6,6,6,6,6
60781,2,1,1986,0,0,0,0,0,0,0,0,0,0
60782,1,1,1986,0,0,0,0,0,0,18,0,0,0
60782,2,1,1986,15,0,0,0,12,28,0,0,0,0
60783,1,1,1986,0,0,10,0,0,0,0,0,0,0
60783,2,1,1986,0,0,0,0,0,0,0,0,0,0
60784,1,1,1986,0,0,0,0,0,19,0,0,0,0
60784,2,1,1986,0,18,0,0,9,14,4,0,0,0
60785,1,1,1986,0,15,1,12,11,2,15,9,0,0
60785,2,1,1986,0,0,0,0,0,0,0,0,0,18
60786,1,1,1986,17,17,17,17,17,17,17,17,17,17
60787,1,1,1986,0,0,0,0,0,0,0,0,0,0
60787,2,1,1986,0,0,0,0,0,0,0,0,0,0
60788,1,1,1986,5,5,5,5,5,5,5,5,5,5
60789,1,1,1986,15,15,15,15,15,15,15,15,15,15
60790,1,1,1986,13,13,13,13,13,13,13,13,13,13
60790,2,1,1986,0,0,0,0,0,0,0,0,0,0
60791,0,1,1986,0,0,0,0,0,0,0,0,0,0
60791,1,1,1986,0,0,0,0,0,0,0,0,16,0
60792,1,1,1986,0,0,0,0,0,0,0,0,0,0
60792,2,1,1986,0,0,0,0,0,0,0,0,0,0
60793,1,1,1986,28,28,28,28,28,28,28,28,28,28
60794,1,1,1986,8,8,8,8,8,8,8,8,8,8
60796,1,1,1986,10,2,0,0,0,0,0,0,0,0
60797,1,1,1986,0,0,0,0,0,0,0,0,0,0
60797,2,1,1986,0,0,0,0,0,0,0,0,0,0
60797,3,1,1986,0,0,0,0,0,0,0,0,0,0
60798,0,1,1986,0,0,0,0,0,0,0,0,0,0
60798,1,1,1986,0,0,0,0,0,0,0,0,0,0
60799,1,1,1986,0,0,0,0,0,0,0,0,0,0
60799,2,1,1986,0,0,0,0,0,0,0,0,0,0
60800,0,1,1986,33,33,33,33,33,33,33,33,33,33
60800,1,1,1986,0,0,17,18,13,10,26,0,0,31
60801,1,1,1986,11,10,12,28,11,12,21,16,22,37
60802,0,1,1986,0,0,0,0,0,0,0,0,0,0
60802,1,1,1986,0,0,0,0,0,0,8,0,0,9
60802,2,1,1986,0,0,0,0,0,0,0,0,0,0
60802,3,1,1986,0,0,0,0,0,0,10,0,0,0
60803,1,1,1986,0,0,0,0,0,0,0,0,0,0
60804,1,1,1986,34,34,34,34,34,34,34,34,34,34