ST_CASE,VEH_NO,PER_NO,YEAR,P1,P2,P3,P4,P5,P6,P7,P8,P9,P10
60805,1,1,1986,19,19,19,19,19,19,19,19,19,19
60805,2,1,1986,5,0,0,0,0,9,0,0,0,8
60806,0,1,1986,12,12,12,12,12,12,12,12,12,12
60807,1,1,1986,20,20,20,20,20,20,20,20,20,20
60808,1,1,1986,20,20,20,20,20,20,20,20,20,20
60809,1,1,1986,31,0,6,27,0,12,9,0,0,0
60809,2,1,1986,0,0,0,0,0,0,0,0,0,0
60810,1,1,1986,18,18,18,18,18,18,18,18,18,18
60811,1,1,1986,0,0,0,0,0,0,0,0,0,0
60812,1,1,1986,0,0,0,0,0,0,0,0,0,0
60812,2,1,1986,0,0,0,0,0,0,0,0,0,0
60813,1,1,1986,16,16,16,16,16,16,16,16,16,16
60814,1,1,1986,17,0,14,8,10,9,9,2,0,40
60815,1,1,1986,0,0,0,5,0,0,0,0,0,0
60815,2,1,1986,0,0,0,0,0,0,0,0,0,0
60816,1,1,1986,17,17,17,17,17,17,17,17,17,17
60816,2,1,1986,0,0,0,0,0,0,0,0,0,0
60817,1,1,1986,32,32,32,32,32,32,32,32,32,32
60818,1,1,1986,1,1,1,1,1,1,1,1,1,1
60818,2,1,1986,13,13,13,13,13,13,13,13,13,13
60819,1,1,1986,21,21,21,21,21,21,21,21,21,21
60819,2,1,1986,0,0,0,0,0,0,0,0,0,0
60819,3,1,1986,0,0,0,0,0,9,0,0,0,0
60820,1,1,1986,10,10,10,10,10,10,10,10,10,10
60821,0,1,1986,18,18,18,18,18,18,18,18,18,18
60821,1,1,1986,0,0,0,0,14,0,0,0,0,0
60822,1,1,1986,8,8,8,8,8,8,8,8,8,8
60822,2,1,1986,0,0,11,0,10,0,0,0,0,0
60823,0,1,1986,0,0,0,0,0,0,0,0,0,0
60823,1,1,1986,0,0,0,0,0,0,0,0,0,0
60824,1,1,1986,0,0,0,0,0,0,0,0,0,0
60824,2,1,1986,0,0,0,0,0,0,0,0,0,0
60825,0,1,1986,0,0,0,0,0,0,0,0,0,0
60825,1,1,1986,0,0,0,0,0,0,0,0,0,0
60826,1,1,1986,0,0,0,0,0,0,0,0,0,0
60826,2,1,1986,0,0,0,0,0,0,0,0,0,0
60827,1,1,1986,14,15,9,13,14,6,15,5,28,23
60827,2,1,1986,0,0,0,0,0,0,0,0,0,0
60828,0,1,1986,6,6,6,6,6,6,6,6,6,6
60828,1,1,1986,0,0,0,11,0,0,0,0,0,0
60829,1,1,1986,17,17,17,17,17,17,17,17,17,17
60829,2,1,1986,0,0,0,0,0,0,0,0,0,0
60829,3,1,1986,0,0,0,0,0,0,0,0,0,0
60830,1,1,1986,10,10,10,10,10,10,10,10,10,10
60831,1,1,1986,5,5,5,5,5,5,5,5,5,5
60832,1,1,1986,0,0,0,0,0,0,0,0,0,0
60832,2,1,1986,0,0,12,0,24,0,0,0,7,0
60833,0,1,1986,0,0,0,0,0,0,0,0,0,0
60833,1,1,1986,0,0,0,0,15,0,0,0,0,0
60834,1,1,1986,0,0,0,0,0,0,0,0,0,0
60834,2,1,1986,0,0,0,0,0,0,0,0,0,0
60835,1,1,1986,26,26,26,26,26,26,26,26,26,26
60835,2,1,1986,0,0,0,0,0,0,0,0,0,0
60836,0,1,1986,0,0,0,0,0,0,0,0,0,0
60836,0,2,1986,0,0,0,0,0,0,0,0,0,0
60836,1,1,1986,0,0,0,0,0,0,0,0,0,0
60837,1,1,1986,0,0,0,0,0,0,0,0,0,0
60838,0,1,1986,13,13,13,13,13,13,13,13,13,13
60838,1,1,1986,0,0,0,0,0,20,0,14,0,10
60839,0,1,1986,0,0,0,0,0,0,8,0,0,0
60839,1,1,1986,0,0,0,0,6,0,0,0,0,0
60840,1,1,1986,0,0,0,0,0,0,0,0,0,0
60840,2,1,1986,0,0,0,0,0,0,0,0,0,0
60840,3,1,1986,0,0,0,0,0,0,0,0,0,0
60841,0,1,1986,0,0,0,0,0,0,0,0,0,0
60841,1,1,1986,13,13,13,13,13,13,13,13,13,13
60842,1,1,1986,0,9,0,0,0,0,0,0,0,0
60842,2,1,1986,0,0,0,0,0,36,0,0,0,0
60843,1,1,1986,0,0,0,0,0,0,0,0,0,0
60843,2,1,1986,0,0,0,0,0,0,0,10,0,0
60844,1,1,1986,0,0,14,0,0,17,0,10,0,0
60845,1,1,1986,12,12,12,12,12,12,12,12,12,12
60846,1,1,1986,0,0,0,0,0,0,0,0,4,0
60847,1,1,1986,0,0,0,0,0,0,0,0,0,0
60847,2,1,1986,0,0,0,0,0,0,0,0,0,0
60848,0,1,1986,0,0,0,0,0,0,0,0,0,0
60848,1,1,1986,0,0,0,0,0,0,0,0,0,0
60849,1,1,1986,14,14,14,14,14,14,14,14,14,14
60850,1,1,1986,20,20,20,20,20,20,20,20,20,20
60851,0,1,1986,2,2,2,2,2,2,2,2,2,2
60851,1,1,1986,0,0,30,12,0,7,17,0,0,0
60852,0,1,1986,0,0,0,0,0,0,0,0,0,0
60852,1,1,1986,0,0,0,0,0,0,0,11,0,0
60853,1,1,1986,0,0,0,0,0,0,0,0,0,0
60853,2,1,1986,0,0,0,0,0,0,0,0,0,0
60854,0,1,1986,0,0,0,0,0,0,0,0,0,0
60854,1,1,1986,0,0,0,0,0,0,0,0,0,0
60855,1,1,1986,16,16,16,16,16,16,16,16,16,16
60856,1,1,1986,30,30,30,30,30,30,30,30,30,30
60857,1,1,1986,0,0,0,0,0,0,0,0,0,0
60857,2,1,1986,0,0,0,0,0,0,0,0,0,0
60858,1,1,1986,14,14,14,14,14,14,14,14,14,14
60858,2,1,1986,0,0,0,0,0,0,0,0,0,0
60859,0,1,1986,19,19,19,19,19,19,19,19,19,19
60859,1,1,1986,0,0,0,0,0,0,0,0,0,0
60860,1,1,1986,0,0,0,0,0,0,0,0,0,0
60860,2,1,1986,0,0,0,0,0,0,0,0,0,0
60861,1,1,1986,20,20,20,20,20,20,20,20,20,20
60862,0,1,1986,11,11,11,11,11,11,11,11,11,11
60862,1,1,1986,0,0,0,0,0,0,3,0,0,0
60863,0,1,1986,0,0,0,0,0,0,0,0,0,0
60863,0,2,1986,0,0,0,0,0,0,0,0,0,0
60863,1,1,1986,0,0,0,0,0,0,0,0,0,0
60864,1,1,1986,13,13,13,13,13,13,13,13,13,13
60864,2,1,1986,0,0,0,0,0,0,0,0,0,0
60865,1,1,1986,23,23,23,23,23,23,23,23,23,23
60866,1,1,1986,19,19,19,19,19,19,19,19,19,19
60867,0,1,1986,0,0,12,0,0,0,0,0,0,0
60867,1,1,1986,16,0,0,0,0,0,0,0,0,0
60868,1,1,1986,12,23,13,28,5,7,14,18,7,16
60869,1,1,1986,0,0,0,0,0,0,0,0,0,0
60870,1,1,1986,23,23,23,23,23,23,23,23,23,23
60871,1,1,1986,16,16,16,16,16,16,16,16,16,16
60872,0,1,1986,0,0,0,0,0,0,0,0,0,0
60872,1,1,1986,0,0,0,0,0,0,0,0,0,0
60873,1,1,1986,0,0,0,0,0,0,0,0,0,0
60873,2,1,1986,0,0,0,0,0,0,0,0,0,0
60874,1,1,1986,0,0,18,0,0,0,0,0,0,0
60874,2,1,1986,0,0,0,0,0,0,11,0,0,6
60875,0,1,1986,0,0,0,0,0,0,0,0,0,0
60875,1,1,1986,0,0,0,0,0,0,0,0,0,0
60876,1,1,1986,19,6,9,0,0,4,9,4,16,0
60876,2,1,1986,0,0,0,0,0,0,0,0,0,0
60877,1,1,1986,0,0,0,0,0,0,0,0,0,0
60877,2,1,1986,0,0,0,0,0,0,0,0,0,0
60878,0,1,1986,0,0,0,0,0,0,0,0,0,0
60878,1,1,1986,0,0,0,0,0,0,0,8,0,0
60879,0,1,1986,0,0,0,0,0,0,5,0,0,0
60879,1,1,1986,0,0,0,0,0,0,0,0,0,0
60880,1,1,1986,0,0,0,0,0,0,0,0,0,0
60881,1,1,1986,0,0,0,0,0,0,0,0,0,0
60882,1,1,1986,0,0,0,0,0,0,0,0,0,0
60883,0,1,1986,0,41,8,0,0,10,0,0,0,0
60883,1,1,1986,16,16,16,16,16,16,16,16,16,16
60884,1,1,1986,0,0,0,0,0,0,0,0,0,0
60885,1,1,1986,13,13,13,13,13,13,13,13,13,13
60885,2,1,1986,0,0,0,0,0,0,0,11,0,0
60886,1,1,1986,0,0,0,0,0,0,0,0,0,0
60886,2,1,1986,7,7,7,7,7,7,7,7,7,7
60887,1,1,1986,5,0,0,0,0,0,0,0,0,0
60887,2,1,1986,0,0,0,0,0,0,0,0,0,0
60888,1,1,1986,0,0,0,0,0,0,0,0,0,0
60889,1,1,1986,12,12,12,12,12,12,12,12,12,12
60890,1,1,1986,17,17,17,17,17,17,17,17,17,17
60891,1,1,1986,17,17,17,17,17,17,17,17,17,17
60891,2,1,1986,0,0,0,0,0,0,0,0,0,0
60892,0,1,1986,0,0,0,0,0,0,0,0,0,0
60892,1,1,1986,11,0,10,3,0,0,0,0,0,0
60893,1,1,1986,0,0,0,0,0,0,0,0,0,0
60894,1,1,1986,0,0,0,0,0,0,0,0,0,0
60895,0,1,1986,0,0,0,0,0,0,0,0,0,0
60895,1,1,1986,0,0,0,0,7,0,0,0,0,0
60896,1,1,1986,16,16,16,16,16,16,16,16,16,16
60897,1,1,1986,0,0,0,0,0,0,0,0,0,0
60898,1,1,1986,10,10,10,10,10,10,10,10,10,10
60898,2,1,1986,0,0,0,0,0,10,0,0,0,0
60899,1,1,1986,6,6,6,6,6,6,6,6,6,6
60900,0,1,1986,0,0,0,0,0,0,0,0,0,0
60900,1,1,1986,0,0,0,0,0,0,0,0,0,0
60901,0,1,1986,0,19,0,0,0,0,0,0,0,0
60901,1,1,1986,0,0,0,0,0,0,0,0,0,0
60902,1,1,1986,0,0,0,0,11,0,0,0,0,0
60902,2,1,1986,0,0,0,0,0,0,12,0,0,0
60903,1,1,1986,0,0,0,0,0,0,0,0,0,0
60903,2,1,1986,0,0,0,0,0,0,0,0,0,0
60904,1,1,1986,0,0,0,0,0,0,0,0,0,0
60904,2,1,1986,0,0,0,0,0,0,0,0,0,0
60904,3,1,1986,0,0,0,0,0,15,6,0,0,0
60905,1,1,1986,17,17,17,17,17,17,17,17,17,17
60906,1,1,1986,16,16,16,16,16,16,16,16,16,16
60907,1,1,1986,0,0,0,0,0,0,0,0,0,0
60907,2,1,1986,0,0,0,0,0,0,0,0,0,0
60908,0,1,1986,3,3,3,3,3,3,3,3,3,3
60908,1,1,1986,0,0,0,0,0,0,0,0,0,4
60909,0,1,1986,0,0,0,0,0,0,0,0,0,0
60909,1,1,1986,0,0,0,0,12,0,0,0,0,0
60910,1,1,1986,24,24,24,24,24,24,24,24,24,24
60910,2,1,1986,0,0,0,0,0,0,0,0,0,0
60911,1,1,1986,0,0,0,0,0,0,0,0,0,0
60912,1,1,1986,5,5,5,5,5,5,5,5,5,5
60913,1,1,1986,17,17,17,17,17,17,17,17,17,17
60914,1,1,1986,21,21,21,21,21,21,21,21,21,21
60915,1,1,1986,14,14,14,14,14,14,14,14,14,14
60916,1,1,1986,0,0,0,0,0,0,0,0,0,0
60916,2,1,1986,0,0,16,0,0,0,0,0,0,0
60916,3,1,1986,0,0,0,0,0,0,0,0,0,0
60916,4,1,1986,0,0,0,0,0,0,0,0,0,0
60916,5,1,1986,4,11,0,0,0,12,0,18,15,0
60917,1,1,1986,0,0,0,20,0,0,0,0,7,14
60917,2,1,1986,0,0,0,0,0,0,0,0,0,0
60918,1,1,1986,15,15,15,15,15,15,15,15,15,15
60919,1,1,1986,0,0,0,0,0,0,0,0,0,0
60919,2,1,1986,0,0,0,0,0,0,0,0,0,0
60920,0,1,1986,0,0,0,0,0,0,0,0,0,0
60920,1,1,1986,0,0,0,0,0,0,0,0,0,0
60921,1,1,1986,9,9,9,9,9,9,9,9,9,9
60921,2,1,1986,0,25,0,0,0,0,0,0,0,0
60922,0,1,1986,0,0,0,0,0,0,0,0,0,0
60922,1,1,1986,0,0,0,18,0,0,0,0,0,0
60923,1,1,1986,22,22,22,22,22,22,22,22,22,22
60924,1,1,1986,0,0,0,0,0,0,0,0,0,0
60925,1,1,1986,27,27,27,27,27,27,27,27,27,27
60926,0,1,1986,0,0,0,0,0,0,0,0,0,0
60926,0,2,1986,0,0,0,0,0,0,0,4,0,0
60926,1,1,1986,0,0,0,0,0,0,0,0,0,0
60927,1,1,1986,10,10,10,10,10,10,10,10,10,10
60927,2,1,1986,0,0,0,0,0,0,0,0,0,0
60928,1,1,1986,12,12,12,12,12,12,12,12,12,12
60928,2,1,1986,0,0,0,0,0,0,0,0,0,0
60928,3,1,1986,0,0,8,0,0,12,0,0,0,9
60929,0,1,1986,0,0,0,0,0,0,0,0,0,0
60929,1,1,1986,3,3,3,3,3,3,3,3,3,3
60930,1,1,1986,0,0,0,0,0,0,0,0,0,0
60930,2,1,1986,0,0,0,0,0,0,0,0,0,0
60931,0,1,1986,4,4,4,4,4,4,4,4,4,4
60931,1,1,1986,0,0,0,0,0,0,0,0,0,0
60932,0,1,1986,0,0,0,0,0,0,0,0,0,0
60932,1,1,1986,0,0,0,0,0,0,0,0,0,0
60933,1,1,1986,10,10,10,10,10,10,10,10,10,10
60934,1,1,1986,21,21,21,21,21,21,21,21,21,21
60935,1,1,1986,15,15,15,15,15,15,15,15,15,15
60936,0,1,1986,0,0,0,0,0,0,0,0,0,0
60936,1,1,1986,0,0,0,0,0,0,0,0,0,0
60937,1,1,1986,0,0,0,0,0,0,0,0,0,0
60937,2,1,1986,0,0,0,0,0,0,0,0,0,0
60938,1,1,1986,0,0,0,0,0,0,0,0,0,0
60938,2,1,1986,0,0,0,0,0,0,0,0,0,0
60939,1,1,1986,6,6,6,6,6,6,6,6,6,6
60940,1,2,1986,0,0,0,0,0,0,0,0,0,0
60940,2,1,1986,0,14,0,0,0,0,0,13,0,0
60941,1,1,1986,0,0,0,0,0,0,0,0,0,0
60941,2,1,1986,0,0,0,0,0,0,0,0,0,0
60941,3,1,1986,0,0,0,0,0,0,0,0,0,0
60942,1,1,1986,7,11,0,6,12,0,0,0,0,11
60943,1,1,1986,14,14,14,14,14,14,14,14,14,14
60944,1,1,1986,0,0,0,0,0,6,0,0,0,18
60944,2,1,1986,0,0,0,0,0,0,0,0,0,0
60945,1,1,1986,12,16,14,9,11,7,8,18,20,0
60945,2,1,1986,19,19,19,19,19,19,19,19,19,19
60946,0,1,1986,0,0,0,0,0,0,0,0,0,0
60946,1,1,1986,0,0,9,0,0,23,0,0,0,0
60947,1,1,1986,27,27,27,27,27,27,27,27,27,27
60948,0,1,1986,19,19,19,19,19,19,19,19,19,19
60948,1,1,1986,0,0,0,0,0,0,0,0,12,0
60949,1,1,1986,0,0,0,0,0,0,0,0,0,0
60949,2,1,1986,19,0,0,0,0,0,0,11,0,0
60950,1,1,1986,11,11,11,11,11,11,11,11,11,11
60951,1,1,1986,10,10,10,10,10,10,10,10,10,10
60951,2,1,1986,0,0,0,0,0,0,0,12,0,9
60951,3,1,1986,0,0,0,0,0,0,0,0,0,0
60952,1,1,1986,0,0,0,0,10,15,0,17,0,0
60953,1,1,1986,23,23,23,23,23,23,23,23,23,23
60953,2,1,1986,0,0,0,0,0,0,10,0,8,0
60954,1,1,1986,23,23,23,23,23,23,23,23,23,23
60954,2,1,1986,0,0,0,0,0,11,0,0,0,0
60955,1,1,1986,3,3,3,3,3,3,3,3,3,3
60956,1,1,1986,0,7,0,0,0,0,0,0,0,0
60956,2,1,1986,0,0,0,0,0,0,0,0,0,0
60957,1,1,1986,11,15,19,10,12,23,5,12,24,11
60958,1,1,1986,11,11,11,11,11,11,11,11,11,11
60959,1,1,1986,0,0,0,0,0,0,0,0,0,21
60959,2,1,1986,0,0,0,0,0,0,0,0,0,0
60960,1,1,1986,0,0,0,0,0,0,0,0,0,0
60960,2,1,1986,0,0,0,0,0,0,0,0,3,0
60960,3,1,1986,0,0,0,0,0,0,0,0,0,0
60960,4,1,1986,0,0,0,0,0,0,0,0,0,0
60961,1,1,1986,27,16,25,0,0,0,0,0,0,0
60962,1,1,1986,0,0,0,0,0,0,0,0,0,0
60963,1,1,1986,0,0,0,0,0,0,0,0,0,0
60963,2,1,1986,0,0,0,0,0,0,0,16,0,0
60964,1,1,1986,14,14,14,14,14,14,14,14,14,14
60964,2,1,1986,0,0,0,0,0,0,0,0,0,0
60964,3,1,1986,0,0,0,0,0,0,0,0,0,0
60964,4,1,1986,0,0,0,0,0,0,0,0,0,0
60966,1,1,1986,0,7,11,0,0,21,13,13,19,9
60966,2,1,1986,13,6,16,11,17,0,11,20,7,27
60966,3,1,1986,0,0,0,0,0,0,0,0,0,0
60967,1,1,1986,8,8,8,8,8,8,8,8,8,8
60967,2,1,1986,0,0,0,0,0,0,0,0,0,0
60968,1,1,1986,20,20,20,20,20,20,20,20,20,20
60969,1,1,1986,0,0,0,0,0,0,0,0,0,0
60969,2,1,1986,0,0,0,0,0,0,0,0,0,0
60970,1,1,1986,0,0,0,0,0,0,0,0,0,0
60970,2,1,1986,8,8,8,8,8,8,8,8,8,8
60971,0,1,1986,0,0,0,0,0,0,0,0,0,17
60971,1,1,1986,0,0,0,0,0,0,0,0,0,0
60972,1,1,1986,0,0,0,0,0,0,0,0,0,0
60972,2,1,1986,20,20,20,20,20,20,20,20,20,20
60973,1,1,1986,0,0,0,0,0,0,3,0,0,0
60973,2,1,1986,0,0,0,0,0,0,0,0,0,0
60974,1,1,1986,0,0,0,0,0,0,0,0,0,0
60974,2,1,1986,0,0,0,0,0,0,0,0,0,0
60975,1,1,1986,23,23,23,23,23,23,23,23,23,23
60976,1,1,1986,11,11,11,11,11,11,11,11,11,11
60977,1,1,1986,0,0,0,0,0,0,0,0,0,0
60978,1,1,1986,0,0,0,0,0,0,0,0,0,0
60978,2,1,1986,0,0,0,0,0,0,0,0,0,0
60979,1,1,1986,0,0,0,0,0,0,0,0,6,0
60979,2,1,1986,15,15,15,15,15,15,15,15,15,15
60980,1,1,1986,3,3,3,3,3,3,3,3,3,3
60981,1,1,1986,13,13,13,13,13,13,13,13,13,13
60981,2,1,1986,0,0,0,0,7,0,0,0,0,0
60982,1,1,1986,0,0,0,0,0,0,0,0,0,0
60982,2,1,1986,22,22,22,22,22,22,22,22,22,22
60983,1,1,1986,14,9,5,0,0,11,14,0,0,5
60984,1,1,1986,0,0,0,0,0,0,0,0,0,0
60985,1,1,1986,4,4,4,4,4,4,4,4,4,4
60986,1,1,1986,2,2,2,2,2,2,2,2,2,2
60987,1,1,1986,0,0,0,0,0,0,0,0,0,0
60987,2,1,1986,0,0,0,10,30,0,0,0,0,0
60988,0,1,1986,0,0,0,0,0,0,0,0,0,0
60988,1,1,1986,0,0,0,0,0,0,0,0,0,0
60989,0,1,1986,24,24,24,24,24,24,24,24,24,24
60989,1,1,1986,0,0,0,0,0,12,0,0,0,0
60990,1,1,1986,0,0,0,0,0,0,0,0,0,0
60991,1,1,1986,0,0,0,0,0,0,0,0,0,0
60991,2,1,1986,0,0,0,0,0,0,0,0,0,0
60992,1,1,1986,16,16,16,16,16,16,16,16,16,16
60993,1,1,1986,8,8,8,8,8,8,8,8,8,8
60994,1,1,1986,11,11,11,11,11,11,11,11,11,11
60995,0,1,1986,0,0,0,0,0,0,0,0,0,0
60995,0,2,1986,0,29,0,14,10,6,11,24,27,0
60995,0,3,1986,7,21,24,0,13,0,17,14,9,0
60995,0,4,1986,0,0,0,6,14,0,8,0,8,9
60995,1,1,1986,0,0,0,0,0,0,0,0,0,0
60996,1,1,1986,6,6,6,6,6,6,6,6,6,6
60996,2,1,1986,0,0,0,0,0,0,0,0,0,0
60997,0,1,1986,0,0,0,0,0,0,0,0,0,0
60997,1,1,1986,0,0,0,0,0,0,0,0,0,9
60998,0,1,1986,16,16,16,16,16,16,16,16,16,16
60998,1,1,1986,0,0,0,0,5,0,0,0,0,0
60999,1,1,1986,0,0,0,0,0,0,0,0,0,0
61000,0,1,1986,0,0,0,0,0,0,0,0,0,0
61000,1,1,1986,0,0,0,0,0,0,0,0,0,0
61001,0,1,1986,4,4,4,4,4,4,4,4,4,4
61001,0,2,1986,0,0,0,0,0,0,0,0,0,0
61001,1,1,1986,0,0,0,0,0,0,0,0,0,0
61002,1,1,1986,0,0,14,0,22,0,0,0,0,0
61002,2,1,1986,0,0,0,0,0,0,0,0,0,0
61002,3,1,1986,0,0,0,0,0,0,0,0,0,0
61003,0,1,1986,0,0,0,0,0,0,0,0,0,0
61003,1,1,1986,0,0,0,0,0,0,0,0,0,0
61004,1,1,1986,0,0,6,0,7,14,9,10,0,18
61004,2,1,1986,0,0,0,0,9,0,0,0,0,0
61005,1,1,1986,0,0,0,0,0,0,0,0,0,0
61006,1,1,1986,8,8,8,8,8,8,8,8,8,8
61007,1,1,1986,19,19,19,19,19,19,19,19,19,19
61007,2,1,1986,1,1,1,1,1,1,1,1,1,1
61008,1,1,1986,0,0,0,0,0,0,0,0,0,0
61009,1,1,1986,0,0,0,0,0,0,0,0,0,0
61009,2,1,1986,0,0,0,0,9,0,0,0,0,0
61010,1,1,1986,0,0,0,0,0,0,0,0,0,0
61011,0,1,1986,0,0,0,0,0,0,0,0,0,0
61011,1,1,1986,0,12,2,26,16,27,14,10,9,0
61012,1,1,1986,13,13,13,13,13,13,13,13,13,13
61013,0,1,1986,25,25,25,25,25,25,25,25,25,25
61013,1,1,1986,0,0,0,0,17,0,0,0,0,0
61014,1,1,1986,24,24,0,0,0,24,15,15,16,15
61015,1,1,1986,0,0,0,0,0,0,0,0,0,0
61016,1,1,1986,0,0,0,0,0,0,0,0,0,0
61017,0,1,1986,0,0,0,0,0,0,0,0,0,0
61017,0,2,1986,0,0,0,0,0,0,0,0,0,0
61017,1,1,1986,0,0,0,0,0,0,0,0,0,0
61018,1,1,1986,0,0,0,0,0,0,0,0,0,0
61019,1,1,1986,0,0,0,0,0,0,0,0,0,0
61019,2,1,1986,0,0,0,0,0,0,0,0,0,0
61020,1,1,1986,0,0,0,0,0,0,0,0,0,0
61020,2,1,1986,5,5,5,5,5,5,5,5,5,5
61021,1,1,1986,0,0,0,0,0,0,0,0,0,0
61021,2,1,1986,0,0,0,0,0,0,0,0,0,0
61022,1,1,1986,0,0,0,0,0,0,48,0,0,0
61022,2,1,1986,15,15,15,15,15,15,15,15,15,15
61023,0,1,1986,0,0,0,0,0,0,0,0,0,0
61023,1,1,1986,0,0,0,0,0,0,0,0,0,0
61024,1,1,1986,11,11,11,11,11,11,11,11,11,11
61024,2,1,1986,0,0,0,0,0,0,0,0,0,0
61025,1,1,1986,32,32,32,32,32,32,32,32,32,32
61026,1,1,1986,5,28,0,0,0,0,0,0,0,0
61026,2,1,1986,0,0,0,0,0,0,0,0,0,0
61027,1,1,1986,0,0,0,0,16,0,0,0,0,0
61027,2,1,1986,26,0,0,0,0,0,0,0,0,0
61028,0,1,1986,0,0,0,0,0,0,0,0,0,0
61028,1,1,1986,0,0,0,0,0,0,0,0,0,0
61029,1,1,1986,0,0,0,0,0,0,0,0,0,0
61029,2,1,1986,2,25,0,0,6,11,0,0,0,0
61030,1,1,1986,0,0,0,0,0,0,0,0,0,0
61030,2,1,1986,0,13,29,11,16,14,22,18,0,12
61031,1,1,1986,0,0,0,0,0,0,0,0,0,0
61031,2,1,1986,0,0,0,0,0,0,0,0,0,0
61032,1,1,1986,0,0,0,0,0,0,0,0,0,0
61033,1,1,1986,0,0,0,0,0,0,0,0,0,0
61034,0,1,1986,0,0,0,0,0,0,0,0,0,0
61034,1,1,1986,0,0,9,0,0,0,0,0,0,0
61035,0,1,1986,25,25,25,25,25,25,25,25,25,25
61035,1,1,1986,0,0,0,12,0,0,0,14,0,7
61036,1,1,1986,18,25,15,18,19,13,8,22,14,17
61036,2,1,1986,32,8,0,29,15,0,0,0,11,17
61037,0,1,1986,0,0,0,0,0,0,0,0,0,0
61037,1,1,1986,0,0,0,0,0,0,0,0,0,0
61038,0,1,1986,0,0,0,0,0,0,0,0,0,0
61038,1,1,1986,4,4,4,4,4,4,4,4,4,4
61039,0,1,1986,27,27,27,27,27,27,27,27,27,27
61039,1,1,1986,0,24,0,0,21,0,16,17,20,0
61040,1,1,1986,0,0,0,0,0,0,0,0,0,0
61040,2,1,1986,0,0,0,0,0,0,0,0,0,0
61041,1,1,1986,0,0,0,0,0,0,0,0,0,0
61042,1,1,1986,0,0,0,0,0,0,0,0,0,0
61042,2,1,1986,0,0,0,0,0,0,6,0,0,0
61043,1,1,1986,0,0,0,0,0,0,0,0,0,0
61043,2,1,1986,0,0,0,0,0,0,0,0,0,0
61044,0,1,1986,26,26,26,26,26,26,26,26,26,26
61044,1,1,1986,0,0,0,0,0,0,11,0,2,0
61045,1,1,1986,0,0,0,0,0,0,0,0,0,0
61046,0,1,1986,8,8,8,8,8,8,8,8,8,8
61046,0,2,1986,20,3,3,7,0,0,10,9,17,0
61046,0,3,1986,3,27,14,8,6,12,8,6,0,0
61046,0,4,1986,6,15,0,0,0,0,0,12,0,14
61046,0,5,1986,0,0,0,13,0,0,6,6,0,11
61046,0,6,1986,0,8,16,0,14,0,11,15,6,0
61046,1,1,1986,0,0,0,0,0,0,0,0,0,0
61047,1,1,1986,0,0,0,0,0,0,0,0,0,0
61048,1,1,1986,12,12,12,12,12,12,12,12,12,12
61049,1,1,1986,22,22,22,22,22,22,22,22,22,22
61050,1,1,1986,0,0,0,0,0,0,0,0,0,0
61051,1,1,1986,0,0,0,0,0,0,0,0,0,0
61052,1,1,1986,35,35,35,35,35,35,35,35,35,35
61052,2,1,1986,0,0,0,0,0,0,0,0,0,0
61053,0,1,1986,39,39,39,39,39,39,39,39,39,39
61053,1,1,1986,0,0,0,0,0,0,0,0,0,0
61054,1,1,1986,22,22,22,22,22,22,22,22,22,22
61054,2,1,1986,12,0,0,0,0,10,0,0,0,5
61056,0,1,1986,10,10,10,10,10,10,10,10,10,10
61056,0,2,1986,9,0,0,0,0,0,20,6,22,13
61056,1,1,1986,0,0,14,0,0,0,0,0,0,0
61057,1,1,1986,10,10,10,10,10,10,10,10,10,10
61057,2,1,1986,0,0,0,0,0,3,0,0,0,0
61058,0,1,1986,0,0,0,0,0,0,0,0,0,0
61058,1,1,1986,0,15,0,17,0,23,0,9,6,0
61059,1,1,1986,0,0,0,0,0,0,0,0,0,0
61059,2,1,1986,0,0,0,0,0,0,0,0,0,0
61060,1,1,1986,0,0,0,0,0,0,0,0,0,0
61060,2,1,1986,0,0,0,0,0,0,0,0,0,0
61061,0,1,1986,0,0,0,0,0,0,0,0,0,0
61061,1,1,1986,4,13,17,7,16,9,20,5,26,19
61062,1,1,1986,0,0,0,21,23,0,0,0,0,18
61062,2,1,1986,0,0,13,0,0,0,0,0,0,0
61063,1,1,1986,26,26,26,26,26,26,26,26,26,26
61064,0,1,1986,0,0,0,0,0,0,0,0,0,0
61064,1,1,1986,0,0,0,0,0,0,0,0,0,0
61065,0,1,1986,0,0,0,0,0,0,0,0,0,0
61065,1,1,1986,0,0,0,0,0,0,0,0,0,0
61066,1,1,1986,18,18,18,18,18,18,18,18,18,18
61067,1,1,1986,0,0,0,0,0,0,0,0,0,0
61067,2,1,1986,0,0,0,0,0,0,0,0,0,0
61068,1,1,1986,0,0,0,0,0,0,0,0,0,0
61068,2,1,1986,0,0,0,0,0,0,0,0,0,0
61069,1,1,1986,9,9,9,9,9,9,9,9,9,9
61069,2,1,1986,0,0,0,0,0,0,0,0,0,0
61070,0,1,1986,0,0,0,0,0,0,0,0,0,0
61070,1,1,1986,0,0,0,0,16,13,0,0,0,7
61071,1,1,1986,0,0,0,0,0,0,0,0,0,0
61072,0,1,1986,12,12,12,12,12,12,12,12,12,12
61072,1,1,1986,0,0,16,0,0,5,0,0,0,0
61073,0,1,1986,0,0,0,0,0,0,0,0,0,0
61073,1,1,1986,0,0,0,0,4,0,0,0,0,0
61074,1,1,1986,19,19,19,19,19,19,19,19,19,19
61075,0,1,1986,33,33,33,33,33,33,33,33,33,33
61075,1,1,1986,0,0,0,0,8,0,0,0,0,6
61076,0,1,1986,0,0,0,0,0,0,0,0,0,0
61076,1,1,1986,30,30,30,30,30,30,30,30,30,30
61077,1,1,1986,11,11,11,11,11,11,11,11,11,11
61078,1,1,1986,6,6,6,6,6,6,6,6,6,6
61078,2,1,1986,0,0,0,0,0,0,0,13,4,4
61079,1,1,1986,16,16,16,16,16,16,16,16,16,16
61080,0,1,1986,12,0,0,36,0,7,24,9,0,0
61080,1,1,1986,0,0,0,0,0,0,0,0,0,0