ST_CASE,VEH_NO,PER_NO,YEAR,P1,P2,P3,P4,P5,P6,P7,P8,P9,P10
61081,1,1,1986,0,0,0,0,0,0,0,0,0,0
61081,2,1,1986,0,0,0,0,0,0,0,0,0,0
61082,1,1,1986,0,0,0,0,0,0,0,0,0,0
61083,1,1,1986,0,0,0,10,0,0,0,0,0,0
61083,2,1,1986,0,0,0,0,0,0,0,0,0,0
61084,1,1,1986,21,21,21,21,21,21,21,21,21,21
61085,1,1,1986,0,0,0,0,0,0,0,0,0,0
61086,1,1,1986,0,0,0,0,0,0,0,0,0,0
61087,1,1,1986,0,0,0,0,0,0,0,0,0,0
61088,1,1,1986,21,21,21,21,21,21,21,21,21,21
61088,2,1,1986,0,0,0,0,0,0,0,0,0,0
61088,3,1,1986,0,0,0,0,0,0,0,0,0,0
61089,0,1,1986,20,20,20,20,20,20,20,20,20,20
61089,1,1,1986,42,8,0,19,10,15,0,0,12,17
61089,2,1,1986,48,24,11,42,0,13,20,19,41,46
61090,1,1,1986,0,0,0,0,0,0,0,0,0,0
61090,2,1,1986,0,0,0,0,0,0,0,0,0,0
61091,1,1,1986,0,0,0,0,0,0,0,0,0,0
61092,1,1,1986,26,26,26,26,26,26,26,26,26,26
61092,2,1,1986,0,0,0,0,0,0,0,0,0,0
61093,1,1,1986,0,0,0,0,0,0,0,0,0,0
61094,1,1,1986,32,35,27,20,12,12,10,13,19,0
61095,0,1,1986,0,0,0,0,0,0,0,0,0,0
61095,1,1,1986,0,0,0,0,0,0,0,0,0,0
61096,0,1,1986,0,0,0,0,0,0,0,0,0,0
61096,1,1,1986,0,0,0,0,0,0,0,0,0,0
61097,1,1,1986,0,0,0,0,0,0,0,0,16,0
61098,0,1,1986,0,0,0,0,0,0,0,0,0,0
61098,1,1,1986,0,0,0,0,0,0,0,0,0,0
61099,1,1,1986,22,22,22,22,22,22,22,22,22,22
61099,2,1,1986,0,0,0,0,0,0,0,0,0,0
61100,1,1,1986,10,10,10,10,10,10,10,10,10,10
61101,1,1,1986,7,19,0,0,18,13,0,15,15,10
61101,2,1,1986,4,4,4,4,4,4,4,4,4,4
61102,1,1,1986,27,27,27,27,27,27,27,27,27,27
61102,2,1,1986,0,0,0,0,0,15,0,0,0,0
61103,0,1,1986,21,21,21,21,21,21,21,21,21,21
61103,1,1,1986,0,0,0,28,0,0,0,0,0,0
61104,1,1,1986,0,0,0,0,0,0,0,0,0,0
61104,2,1,1986,0,0,0,0,0,0,0,0,0,0
61104,3,1,1986,0,0,0,0,0,0,0,14,0,0
61105,1,1,1986,32,0,0,0,18,0,0,0,18,9
61106,1,1,1986,0,9,0,0,0,0,14,0,0,0
61107,1,1,1986,0,0,0,0,0,0,0,0,0,0
61108,1,1,1986,0,0,0,0,0,0,0,0,0,0
61108,2,1,1986,17,17,17,17,17,17,17,17,17,17
61109,1,1,1986,0,0,0,0,0,0,0,0,0,0
61109,2,1,1986,0,0,0,0,0,0,0,0,0,0
61110,1,1,1986,0,0,0,0,0,0,0,0,0,0
61111,0,1,1986,0,0,0,0,0,0,0,0,0,0
61111,1,1,1986,17,17,17,17,17,17,17,17,17,17
61112,1,1,1986,16,16,16,16,16,16,16,16,16,16
61113,1,1,1986,0,0,0,0,0,0,0,0,0,0
61113,2,1,1986,0,0,0,0,0,0,0,0,0,0
61114,1,1,1986,22,22,22,22,22,22,22,22,22,22
61115,1,1,1986,15,15,15,15,15,15,15,15,15,15
61116,1,1,1986,0,0,0,0,0,0,0,0,0,0
61116,2,1,1986,0,0,0,0,0,17,0,0,10,0
61117,1,1,1986,0,31,10,12,25,25,14,23,15,18
61118,1,1,1986,0,0,0,0,0,0,0,0,0,0
61119,0,1,1986,0,0,0,0,0,0,0,0,0,0
61119,1,1,1986,16,13,0,0,0,0,0,0,0,0
61120,0,1,1986,0,0,0,0,0,0,0,0,0,0
61120,1,1,1986,0,0,0,0,0,0,0,0,0,0
61121,1,1,1986,7,7,7,7,7,7,7,7,7,7
61121,2,1,1986,0,3,12,13,14,8,0,30,7,8
61122,1,1,1986,4,0,0,0,0,0,0,0,0,0
61122,2,1,1986,0,0,0,0,0,0,0,0,0,0
61123,1,1,1986,0,0,0,15,0,0,0,0,0,0
61123,2,1,1986,0,5,0,0,0,0,0,0,0,0
61124,1,1,1986,0,0,0,0,0,0,0,0,0,0
61124,2,1,1986,0,0,0,0,0,0,3,0,55,0
61125,1,1,1986,24,24,24,24,24,24,24,24,24,24
61125,2,1,1986,0,0,0,0,0,10,0,0,0,0
61125,3,1,1986,0,0,0,0,0,0,0,0,0,0
61126,0,1,1986,21,21,21,21,21,21,21,21,21,21
61126,2,1,1986,0,0,0,0,0,0,0,0,0,0
61127,0,1,1986,17,17,17,17,17,17,17,17,17,17
61127,1,1,1986,24,17,0,0,17,4,2,0,0,0
61128,1,1,1986,3,3,3,3,3,3,3,3,3,3
61129,1,1,1986,0,0,0,0,0,0,0,0,0,0
61130,1,1,1986,17,17,17,17,17,17,17,17,17,17
61131,1,1,1986,0,0,0,0,0,0,0,0,0,0
61131,2,1,1986,0,0,0,0,0,0,0,0,0,0
61132,1,1,1986,0,0,0,0,0,0,0,0,0,0
61132,2,1,1986,0,0,0,0,0,0,0,0,0,0
61133,0,1,1986,0,0,0,0,0,0,0,0,0,0
61133,1,1,1986,9,0,0,0,0,0,0,0,0,0
61134,1,1,1986,0,0,0,0,15,9,5,19,0,0
61135,1,1,1986,0,0,0,0,0,0,0,0,0,0
61135,2,1,1986,0,0,0,0,0,0,0,0,0,0
61136,0,1,1986,0,0,0,0,0,0,0,0,0,0
61136,1,1,1986,0,0,0,0,0,0,0,5,0,0
61137,0,1,1986,25,25,25,25,25,25,25,25,25,25
61137,1,1,1986,0,0,0,0,0,0,0,18,0,0
61138,1,1,1986,26,26,26,26,26,26,26,26,26,26
61139,1,1,1986,21,21,21,21,21,21,21,21,21,21
61139,2,1,1986,19,19,19,19,19,19,19,19,19,19
61140,0,1,1986,0,0,0,0,0,0,0,0,0,0
61140,1,1,1986,0,0,0,0,0,0,0,0,0,0
61140,2,1,1986,0,0,0,0,0,0,0,0,0,13
61140,3,1,1986,0,0,0,0,0,0,0,0,0,0
61141,1,1,1986,27,27,27,27,27,27,27,27,27,27
61141,2,1,1986,0,0,0,0,0,0,11,0,0,0
61142,1,1,1986,14,14,14,14,14,14,14,14,14,14
61143,1,1,1986,10,10,10,10,10,10,10,10,10,10
61144,1,1,1986,0,0,0,0,0,0,0,0,0,0
61144,2,1,1986,0,0,0,0,0,0,0,0,15,0
61145,0,1,1986,0,0,0,0,0,0,0,0,0,0
61145,1,1,1986,0,0,0,0,0,0,0,0,0,0
61146,0,1,1986,12,12,12,12,12,12,12,12,12,12
61146,1,1,1986,13,13,13,13,13,13,13,13,13,13
61147,1,1,1986,18,18,18,18,18,18,18,18,18,18
61148,1,1,1986,17,17,17,17,17,17,17,17,17,17
61149,1,1,1986,0,0,0,0,0,0,0,0,0,0
61150,1,1,1986,6,6,6,6,6,6,6,6,6,6
61151,1,1,1986,9,14,0,6,21,7,14,15,17,9
61152,1,1,1986,0,0,0,0,0,0,0,0,0,0
61153,1,1,1986,17,17,17,17,17,17,17,17,17,17
61153,2,1,1986,18,13,26,6,10,0,18,13,17,13
61154,1,1,1986,0,0,0,0,0,0,0,0,0,0
61154,2,1,1986,0,0,0,0,0,0,0,0,0,0
61155,1,1,1986,7,7,7,7,7,7,7,7,7,7
61155,2,1,1986,0,0,0,0,0,0,0,0,0,0
61156,1,1,1986,18,0,0,0,0,0,0,12,0,0
61156,2,1,1986,0,0,0,11,0,0,0,0,0,0
61157,1,1,1986,0,0,0,0,0,0,0,0,0,0
61157,2,1,1986,0,0,0,0,0,0,0,0,0,0
61158,1,1,1986,11,11,11,11,11,11,11,11,11,11
61159,1,1,1986,2,2,2,2,2,2,2,2,2,2
61160,1,1,1986,0,0,0,0,0,0,0,0,0,0
61161,0,1,1986,0,0,0,0,0,0,0,0,0,0
61161,1,1,1986,0,0,0,12,0,0,0,4,0,0
61162,1,1,1986,21,21,21,21,21,21,21,21,21,21
61163,0,1,1986,0,0,0,0,0,0,0,0,0,0
61163,1,1,1986,0,0,15,0,0,0,0,0,0,0
61164,0,1,1986,0,0,0,0,0,0,0,0,0,0
61164,1,1,1986,0,0,0,0,0,0,0,0,0,0
61165,0,1,1986,0,0,0,0,0,0,0,0,0,0
61165,0,2,1986,0,0,0,0,0,0,0,0,31,0
61165,1,1,1986,6,26,0,0,0,17,0,0,0,0
61166,1,1,1986,0,0,0,0,0,0,0,0,0,0
61166,2,1,1986,0,0,0,0,0,0,0,0,0,0
61167,1,1,1986,0,0,6,0,0,0,0,0,0,0
61167,2,1,1986,0,0,0,0,0,0,0,0,0,0
61168,0,1,1986,0,0,6,0,0,0,0,23,0,0
61168,1,1,1986,0,0,0,22,0,0,0,0,0,0
61169,0,1,1986,0,0,0,0,0,0,0,0,0,0
61169,1,1,1986,0,0,0,0,0,20,0,0,0,0
61170,0,1,1986,0,0,0,0,0,0,0,0,0,0
61170,1,1,1986,10,13,38,15,9,26,0,11,4,16
61171,1,1,1986,4,4,4,4,4,4,4,4,4,4
61172,1,1,1986,16,16,16,16,16,16,16,16,16,16
61172,2,1,1986,0,0,0,0,0,0,0,0,0,0
61173,1,1,1986,22,22,22,22,22,22,22,22,22,22
61173,2,1,1986,0,0,0,0,0,0,0,0,0,0
61174,1,1,1986,0,0,0,0,0,0,0,0,0,0
61175,1,1,1986,0,0,0,0,0,0,0,0,0,0
61175,2,1,1986,0,0,0,0,0,0,0,0,0,0
61176,1,1,1986,0,0,0,0,10,10,0,18,8,0
61177,0,1,1986,0,0,0,0,0,0,0,0,0,0
61177,1,1,1986,0,0,0,0,0,0,0,0,0,0
61178,1,1,1986,0,0,0,0,0,0,0,0,0,0
61178,2,1,1986,7,7,7,7,7,7,7,7,7,7
61179,1,1,1986,19,19,19,19,19,19,19,19,19,19
61180,1,1,1986,27,27,27,27,27,27,27,27,27,27
61180,2,1,1986,40,40,40,40,40,40,40,40,40,40
61181,1,1,1986,24,24,24,24,24,24,24,24,24,24
61182,1,1,1986,11,11,11,11,11,11,11,11,11,11
61183,1,1,1986,8,8,8,8,8,8,8,8,8,8
61184,1,1,1986,12,12,12,12,12,12,12,12,12,12
61185,1,1,1986,0,0,0,0,0,0,0,0,0,0
61186,0,1,1986,0,0,0,0,0,0,0,0,0,0
61186,1,1,1986,0,0,0,10,0,0,0,0,0,0
61187,1,1,1986,18,0,23,0,0,0,0,15,0,0
61187,2,1,1986,0,0,0,0,0,0,0,0,0,0
61188,0,1,1986,24,24,24,24,24,24,24,24,24,24
61188,1,1,1986,23,23,23,23,23,23,23,23,23,23
61189,1,1,1986,0,0,0,0,0,0,0,0,0,0
61190,1,1,1986,14,14,14,14,14,14,14,14,14,14
61191,1,1,1986,10,10,10,10,10,10,10,10,10,10
61192,1,1,1986,18,18,18,18,18,18,18,18,18,18
61193,1,1,1986,11,11,11,11,11,11,11,11,11,11
61193,2,1,1986,0,0,0,0,0,0,0,0,0,0
61194,1,1,1986,22,22,22,22,22,22,22,22,22,22
61195,1,1,1986,11,11,11,11,11,11,11,11,11,11
61195,2,1,1986,0,0,0,0,0,0,0,0,0,0
61195,3,1,1986,0,0,0,0,0,0,0,0,0,0
61196,0,1,1986,0,0,0,0,0,0,0,0,0,0
61196,1,1,1986,0,0,0,0,0,0,4,0,0,0
61197,1,1,1986,0,0,0,0,0,0,0,0,0,13
61197,2,1,1986,0,0,0,0,0,0,0,0,0,0
61197,3,1,1986,0,0,0,0,0,0,0,0,0,0
61198,1,1,1986,0,0,0,0,0,0,0,0,0,0
61199,1,1,1986,20,20,20,20,20,20,20,20,20,20
61200,1,1,1986,0,0,0,0,0,0,0,0,0,0
61200,2,1,1986,0,0,0,0,0,0,0,0,0,0
61201,1,1,1986,29,29,29,29,29,29,29,29,29,29
61202,1,1,1986,25,25,25,25,25,25,25,25,25,25
61203,1,1,1986,0,0,0,0,0,0,0,0,0,0
61203,2,1,1986,0,0,0,0,0,0,0,0,0,0
61204,1,1,1986,0,0,0,0,0,0,0,0,0,0
61205,1,1,1986,23,23,23,23,23,23,23,23,23,23
61205,2,1,1986,0,0,0,0,0,0,0,0,0,0
61206,1,1,1986,19,19,19,19,19,19,19,19,19,19
61206,2,1,1986,0,0,0,0,0,0,0,0,0,0
61206,3,1,1986,0,0,0,0,0,0,0,0,0,0
61207,0,1,1986,0,0,0,0,0,0,0,0,0,0
61207,1,1,1986,0,0,0,0,0,0,8,0,0,0
61208,0,1,1986,0,0,0,0,0,0,0,0,0,0
61208,1,1,1986,0,0,0,0,0,0,0,0,0,0
61209,1,1,1986,19,19,19,19,19,19,19,19,19,19
61209,2,1,1986,20,20,20,20,20,20,20,20,20,20
61210,1,1,1986,0,0,0,0,0,0,0,0,0,0
61211,1,1,1986,13,13,13,13,13,13,13,13,13,13
61212,1,1,1986,0,0,0,0,0,0,0,0,0,0
61212,2,1,1986,0,0,0,0,0,0,0,0,0,0
61213,1,1,1986,0,0,0,0,0,0,0,0,0,0
61214,0,1,1986,0,0,0,0,0,0,0,0,0,0
61214,1,1,1986,0,0,0,0,0,0,0,0,0,0
61215,1,1,1986,0,0,13,0,0,0,0,0,0,0
61215,2,1,1986,0,0,0,0,0,0,0,0,0,0
61216,1,1,1986,19,19,19,19,19,19,19,19,19,19
61217,0,1,1986,0,0,0,0,0,0,0,0,0,0
61217,0,2,1986,0,0,0,0,0,0,0,0,0,0
61217,1,1,1986,13,13,13,13,13,13,13,13,13,13
61218,1,1,1986,0,0,0,0,0,0,0,0,0,0
61218,2,1,1986,9,9,9,9,9,9,9,9,9,9
61219,1,1,1986,0,0,0,0,0,0,0,0,0,0
61219,2,1,1986,0,0,0,0,0,0,0,0,0,0
61221,1,1,1986,5,5,5,5,5,5,5,5,5,5
61221,2,1,1986,0,0,0,0,0,0,0,0,0,0
61222,1,1,1986,12,12,12,12,12,12,12,12,12,12
61222,2,1,1986,0,0,0,0,0,12,15,0,0,0
61223,1,1,1986,23,23,23,23,23,23,23,23,23,23
61224,1,1,1986,0,0,0,0,0,0,0,0,0,0
61224,2,1,1986,0,0,0,0,0,0,0,0,0,16
61225,0,1,1986,0,0,0,0,0,0,0,0,0,0
61225,1,1,1986,11,10,0,0,0,0,7,10,15,0
61226,0,1,1986,14,14,14,14,14,14,14,14,14,14
61226,1,1,1986,18,18,18,18,18,18,18,18,18,18
61227,1,1,1986,0,0,0,0,0,0,0,0,0,0
61228,1,1,1986,3,3,3,3,3,3,3,3,3,3
61229,1,1,1986,0,0,0,0,0,0,0,0,0,0
61230,1,1,1986,25,0,0,0,0,0,0,0,0,0
61231,1,1,1986,0,0,0,0,0,0,0,0,0,0
61232,1,1,1986,24,24,24,24,24,24,24,24,24,24
61232,2,1,1986,0,0,0,0,0,0,0,0,0,0
61232,3,1,1986,0,0,0,0,0,0,0,0,0,0
61233,1,1,1986,0,0,0,0,5,0,5,0,0,0
61233,2,1,1986,31,31,31,31,31,31,31,31,31,31
61234,1,1,1986,0,0,0,0,0,0,0,0,0,0
61234,2,1,1986,9,9,9,9,9,9,9,9,9,9
61235,1,1,1986,0,0,0,0,0,0,0,0,0,0
61235,2,1,1986,0,0,0,0,0,0,0,0,0,0
61237,1,1,1986,0,0,0,0,0,0,0,0,0,0
61237,2,1,1986,0,0,0,0,0,0,0,0,0,0
61237,3,1,1986,0,0,0,0,7,0,0,0,0,0
61238,1,1,1986,15,15,0,0,0,0,0,0,11,0
61238,2,1,1986,10,13,13,15,0,0,17,12,0,0
61239,1,1,1986,0,0,0,0,0,0,0,0,0,0
61239,2,1,1986,0,0,0,0,0,0,0,0,0,0
61240,1,1,1986,18,18,18,18,18,18,18,18,18,18
61241,1,1,1986,28,28,28,28,28,28,28,28,28,28
61242,1,1,1986,0,0,0,0,0,0,0,0,0,0
61242,2,1,1986,0,0,0,0,0,0,0,0,0,0
61243,1,1,1986,0,0,11,0,7,0,0,0,0,0
61243,2,1,1986,0,0,0,0,0,0,0,0,0,0
61243,3,1,1986,14,0,0,25,6,0,19,6,16,18
61244,0,1,1986,0,0,0,0,0,0,0,0,0,0
61244,1,1,1986,0,0,9,13,7,0,0,0,0,0
61245,1,1,1986,17,17,17,17,17,17,17,17,17,17
61246,1,1,1986,0,0,0,0,0,0,12,0,0,0
61247,1,1,1986,0,0,9,0,0,0,0,0,0,0
61247,2,1,1986,0,0,0,0,0,0,0,0,0,0
61248,1,1,1986,0,0,0,0,0,0,0,0,0,0
61248,2,1,1986,0,0,0,0,0,0,0,0,0,0
61249,1,1,1986,0,0,0,0,0,0,0,15,0,0
61249,2,1,1986,0,0,0,0,13,14,6,20,22,0
61250,1,1,1986,34,34,34,34,34,34,34,34,34,34
61251,1,1,1986,5,5,5,5,5,5,5,5,5,5
61252,1,1,1986,18,18,18,18,18,18,18,18,18,18
61253,1,1,1986,0,0,0,0,0,0,0,0,0,0
61253,2,1,1986,11,11,11,11,11,11,11,11,11,11
61254,0,1,1986,17,0,25,0,0,17,0,0,0,28
61254,1,1,1986,0,3,0,5,6,0,6,0,5,0
61255,0,1,1986,5,0,0,22,0,0,0,0,0,0
61255,1,1,1986,5,24,17,23,9,9,10,7,14,17
61256,1,1,1986,10,0,0,0,13,0,0,12,0,0
61256,2,1,1986,0,0,0,0,0,0,0,0,0,0
61257,1,1,1986,0,0,0,0,0,0,0,0,0,0
61257,2,1,1986,0,0,0,0,0,0,0,0,8,9
61258,1,1,1986,0,12,0,0,0,0,0,9,0,0
61259,1,1,1986,0,0,0,0,0,0,0,0,0,0
61259,2,1,1986,0,0,0,0,0,0,0,0,0,0
61260,1,1,1986,35,35,35,35,35,35,35,35,35,35
61261,1,1,1986,0,0,0,0,0,0,0,0,0,0
61261,2,1,1986,0,0,0,11,0,0,22,0,0,0
61261,3,1,1986,0,0,0,0,0,0,0,0,0,0
61262,0,1,1986,0,0,0,0,0,0,0,0,0,0
61262,1,1,1986,0,0,0,25,0,0,0,0,0,0
61263,0,1,1986,0,0,0,0,0,0,0,0,0,0
61263,1,1,1986,0,0,0,0,0,0,0,0,0,0
61263,2,1,1986,0,0,0,0,0,0,0,0,0,0
61264,1,1,1986,0,0,0,0,0,0,0,0,0,0
61265,1,1,1986,18,22,20,20,14,8,7,4,12,9
61265,2,1,1986,0,0,0,0,0,0,0,0,0,0
61266,1,1,1986,0,0,0,0,0,0,0,0,0,0
61266,2,1,1986,0,0,0,0,0,0,0,0,0,0
61267,0,1,1986,0,0,0,0,0,0,0,0,0,0
61267,1,1,1986,0,0,0,0,0,0,0,0,0,0
61268,1,1,1986,0,0,0,0,0,0,0,0,0,0
61268,2,1,1986,0,0,0,0,0,0,0,0,0,0
61269,1,1,1986,15,9,22,0,0,16,3,0,12,11
61269,2,1,1986,5,0,0,0,0,3,0,0,0,0
61270,1,1,1986,0,0,0,0,0,18,0,0,0,0
61271,0,1,1986,0,0,0,0,0,0,0,0,0,0
61271,1,1,1986,0,0,0,0,0,0,0,0,0,0
61272,1,1,1986,0,0,0,0,0,0,0,0,0,0
61273,1,1,1986,8,8,8,8,8,8,8,8,8,8
61274,1,1,1986,0,0,0,15,0,18,0,0,13,0
61274,2,1,1986,0,0,0,0,0,0,0,0,0,0
61274,3,1,1986,0,0,0,0,7,0,0,0,0,8
61275,0,1,1986,0,0,0,0,0,0,0,0,0,0
61275,1,1,1986,0,0,0,0,0,0,0,0,0,0
61276,0,1,1986,6,6,6,6,6,6,6,6,6,6
61276,1,1,1986,0,0,0,0,0,0,0,0,6,0
61277,0,1,1986,7,7,7,7,7,7,7,7,7,7
61277,0,2,1986,11,11,11,11,11,11,11,11,11,11
61277,1,1,1986,13,16,18,15,3,8,0,0,18,13
61278,0,1,1986,0,0,0,0,0,0,0,0,0,0
61278,1,1,1986,0,0,0,0,0,0,0,0,0,0
61279,0,1,1986,0,0,0,0,0,0,0,0,0,0
61279,1,1,1986,0,18,0,0,0,0,0,0,0,0
61280,0,1,1986,0,0,0,0,0,0,0,0,0,0
61280,1,1,1986,0,0,0,0,0,0,0,0,0,6
61281,1,1,1986,8,8,8,8,8,8,8,8,8,8
61282,1,1,1986,0,0,0,0,0,0,0,0,0,0
61282,2,1,1986,24,24,24,24,24,24,24,24,24,24
61283,1,1,1986,13,13,13,13,13,13,13,13,13,13
61283,2,1,1986,0,0,7,0,0,0,0,0,0,0
61284,1,1,1986,14,14,14,14,14,14,14,14,14,14
61285,1,1,1986,9,9,9,9,9,9,9,9,9,9
61286,1,1,1986,14,0,13,0,0,0,0,0,0,14
61287,1,1,1986,22,22,22,22,22,22,22,22,22,22
61288,1,1,1986,26,26,26,26,26,26,26,26,26,26
61289,1,1,1986,6,6,6,6,6,6,6,6,6,6
61289,2,1,1986,0,0,0,0,0,0,0,0,0,0
61290,1,1,1986,0,0,0,0,0,0,0,0,0,0
61291,1,1,1986,0,0,0,0,0,0,0,0,0,0
61291,2,1,1986,0,0,0,0,0,0,0,0,0,0
61291,3,1,1986,0,0,0,0,0,0,0,0,0,0
61291,4,1,1986,0,0,0,0,0,0,0,0,0,0
61292,1,1,1986,0,0,0,0,0,0,0,0,0,0
61292,2,1,1986,0,0,0,0,0,0,0,0,0,0
61293,2,1,1986,0,0,0,0,0,0,0,0,0,0
61294,1,1,1986,0,0,0,0,0,0,0,0,0,0
61295,1,1,1986,11,11,11,11,11,11,11,11,11,11
61295,2,1,1986,0,0,0,0,0,0,0,0,0,0
61296,1,1,1986,6,17,11,0,8,16,10,0,0,0
61297,0,1,1986,0,0,0,0,0,0,0,0,0,0
61297,0,2,1986,0,0,0,0,4,0,0,0,10,0
61297,0,3,1986,0,0,0,0,0,0,0,0,0,0
61297,1,1,1986,0,0,10,0,0,0,0,0,11,0
61297,2,1,1986,0,0,0,0,0,0,0,0,0,0
61298,1,1,1986,0,0,0,0,0,0,0,0,0,0
61299,1,1,1986,0,0,0,0,0,0,0,0,0,0
61299,2,1,1986,0,0,0,0,0,0,0,0,0,0
61300,0,1,1986,0,0,0,0,0,0,0,0,0,0
61300,1,1,1986,0,0,0,0,0,0,0,0,0,0
61301,1,1,1986,9,0,19,3,0,0,0,0,0,0
61302,0,1,1986,0,0,0,0,0,0,0,0,0,0
61302,1,1,1986,0,0,0,0,0,0,6,0,14,9
61303,0,1,1986,25,11,22,32,27,40,14,0,0,0
61303,1,1,1986,0,0,11,0,0,21,0,0,4,0
61304,1,1,1986,0,0,0,0,0,0,0,0,0,0
61305,1,1,1986,4,4,4,4,4,4,4,4,4,4
61305,2,1,1986,0,0,0,0,0,0,0,0,0,0
61306,1,1,1986,1,1,1,1,1,1,1,1,1,1
61306,2,1,1986,0,0,0,0,0,0,0,0,0,0
61307,1,1,1986,4,4,4,4,4,4,4,4,4,4
61308,1,1,1986,17,17,17,17,17,17,17,17,17,17
61309,1,1,1986,0,0,9,0,0,0,27,0,0,0
61309,2,1,1986,0,0,0,0,0,0,0,0,0,0
61309,3,1,1986,8,0,0,0,0,6,0,0,0,0
61310,1,1,1986,0,0,0,0,0,0,0,0,0,0
61311,1,1,1986,14,25,9,26,19,18,32,0,16,6
61311,2,1,1986,0,0,0,0,0,0,0,0,0,0
61312,1,1,1986,12,12,12,12,12,12,12,12,12,12
61313,1,1,1986,0,0,0,0,0,0,0,0,0,0
61313,2,1,1986,0,0,0,0,0,0,0,0,0,0
61314,0,1,1986,0,0,0,0,0,0,0,0,0,0
61314,1,1,1986,24,0,0,19,0,0,0,0,0,0
61315,1,1,1986,18,18,18,18,18,18,18,18,18,18
61316,1,1,1986,11,11,11,11,11,11,11,11,11,11
61316,2,1,1986,15,0,0,19,0,0,25,24,0,18
61317,1,1,1986,21,21,21,21,21,21,21,21,21,21
61318,1,1,1986,0,0,0,0,0,0,0,0,0,0
61318,2,1,1986,1,1,1,1,1,1,1,1,1,1
61319,1,1,1986,13,13,13,13,13,13,13,13,13,13
61319,2,1,1986,12,20,15,17,15,24,9,0,2,17
61320,1,1,1986,0,0,0,0,0,0,0,0,0,0
61320,2,1,1986,0,0,0,0,0,6,0,0,0,0
61321,0,1,1986,0,0,0,0,0,0,0,0,0,0
61321,0,2,1986,0,25,0,0,0,0,0,0,10,0
61321,1,1,1986,0,0,0,0,29,0,0,0,0,0
61322,1,1,1986,18,18,18,18,18,18,18,18,18,18
61323,1,1,1986,0,0,0,0,0,0,0,0,0,0
61323,2,1,1986,0,12,0,0,0,0,0,0,0,0
61324,0,1,1986,0,0,0,0,0,0,0,0,0,0
61324,1,1,1986,0,7,0,0,0,0,0,0,0,0
61325,1,1,1986,8,8,8,8,8,8,8,8,8,8
61326,0,1,1986,0,0,0,0,0,0,0,0,0,0
61326,1,1,1986,0,0,0,0,0,9,0,0,0,0
61327,1,1,1986,10,10,10,10,10,10,10,10,10,10
61328,1,1,1986,15,15,15,15,15,15,15,15,15,15
61329,1,1,1986,0,0,0,0,0,0,0,16,0,0
61329,2,1,1986,18,18,18,18,18,18,18,18,18,18
61330,1,1,1986,13,13,13,13,13,13,13,13,13,13
61331,1,1,1986,0,0,26,0,0,3,0,0,0,0
61332,1,1,1986,0,0,0,0,0,0,0,0,25,0
61332,2,1,1986,3,3,3,3,3,3,3,3,3,3
61333,0,1,1986,0,0,0,0,0,0,0,0,0,0
61333,1,1,1986,0,12,0,2,0,0,0,0,5,0
61334,0,1,1986,30,0,0,0,0,57,0,35,28,0
61334,1,1,1986,40,12,3,40,15,0,0,0,7,6
61335,1,1,1986,0,0,0,0,0,0,0,0,0,0
61335,2,1,1986,0,0,0,0,0,0,0,0,0,0
61336,1,1,1986,0,0,0,0,0,0,0,0,0,0
61336,2,1,1986,0,0,0,0,0,0,0,0,0,0
61337,1,1,1986,17,17,17,17,17,17,17,17,17,17
61338,1,1,1986,10,10,10,10,10,10,10,10,10,10
61339,1,1,1986,0,0,0,0,0,0,0,0,0,0
61340,1,1,1986,2,2,2,2,2,2,2,2,2,2
61341,1,1,1986,0,0,0,0,0,0,0,0,0,2
61341,2,1,1986,0,0,0,0,0,0,0,0,0,0
61342,1,1,1986,0,0,0,0,25,0,0,0,14,11
61342,2,1,1986,0,0,0,0,0,0,0,0,0,0
61343,1,1,1986,0,0,0,0,0,0,0,0,0,0
61343,2,1,1986,1,1,1,1,1,1,1,1,1,1
61344,1,1,1986,5,5,5,5,5,5,5,5,5,5
61345,1,1,1986,0,0,0,0,0,0,0,0,0,0
61345,2,1,1986,0,0,0,0,0,0,0,0,0,0
61345,3,1,1986,0,0,0,0,0,0,0,0,0,0
61346,1,1,1986,0,0,0,0,0,0,0,0,0,0
61347,1,1,1986,25,25,25,25,25,25,25,25,25,25
61348,1,1,1986,32,32,32,32,32,32,32,32,32,32
61349,1,1,1986,10,10,10,10,10,10,10,10,10,10
61350,0,1,1986,0,0,0,0,0,0,0,0,0,0
61350,1,1,1986,0,0,0,0,0,0,0,0,0,0
61351,0,1,1986,0,0,0,0,0,0,0,0,0,0
61351,1,1,1986,0,20,0,0,2,0,0,0,0,0
61352,1,1,1986,23,23,23,23,23,23,23,23,23,23
61353,1,1,1986,0,0,0,0,0,0,0,0,0,0
61354,1,1,1986,0,0,0,0,0,0,0,0,0,0
61355,1,1,1986,0,0,0,0,0,0,0,0,0,0
61355,2,1,1986,0,0,0,0,0,0,0,0,0,0
61356,1,1,1986,16,0,15,0,13,0,7,0,0,0
61356,2,1,1986,0,0,0,0,0,0,0,0,0,0
61357,1,1,1986,24,24,24,24,24,24,24,24,24,24
61358,0,1,1986,0,0,0,0,0,0,0,0,0,0
61358,1,1,1986,0,0,0,0,0,0,0,0,0,0
61359,1,1,1986,0,0,0,0,0,0,0,0,0,0
61359,2,1,1986,0,0,0,0,0,0,0,0,0,0
61359,3,1,1986,0,0,0,0,0,0,0,0,0,0
61360,1,1,1986,20,20,20,20,20,20,20,20,20,20
61361,1,1,1986,0,0,0,0,0,0,0,0,0,0
61361,2,1,1986,9,0,0,0,0,19,0,24,12,0
61361,3,1,1986,0,0,0,0,0,0,0,0,0,0
61361,4,1,1986,0,0,0,0,0,0,0,0,0,0
61361,5,1,1986,9,9,9,9,9,9,9,9,9,9
61362,0,1,1986,22,22,22,22,22,22,22,22,22,22
61362,1,1,1986,2,2,2,2,2,2,2,2,2,2
61363,1,1,1986,0,0,0,0,0,16,0,0,0,0
61364,0,1,1986,21,21,21,21,21,21,21,21,21,21