ST_CASE,VEH_NO,PER_NO,YEAR,P1,P2,P3,P4,P5,P6,P7,P8,P9,P10
61364,1,1,1986,0,0,0,0,0,0,0,0,0,0
61364,2,1,1986,14,30,0,16,0,0,0,0,0,0
61365,0,1,1986,0,0,0,0,0,0,0,0,0,0
61365,1,1,1986,0,0,0,0,0,6,0,0,0,0
61366,0,1,1986,29,29,29,29,29,29,29,29,29,29
61366,1,1,1986,0,0,0,4,0,0,3,0,14,0
61366,2,1,1986,0,0,0,0,0,0,0,10,0,0
61367,1,1,1986,0,0,0,0,0,0,4,5,0,0
61367,2,1,1986,0,0,0,0,0,0,0,0,0,0
61368,1,1,1986,0,0,0,0,0,0,0,0,0,0
61369,0,1,1986,0,0,0,0,0,0,0,0,0,0
61369,1,1,1986,0,0,0,0,0,0,0,0,7,0
61370,0,1,1986,0,0,0,0,0,0,0,0,0,0
61370,1,1,1986,20,20,20,20,20,20,20,20,20,20
61371,1,1,1986,19,19,19,19,19,19,19,19,19,19
61371,2,1,1986,0,0,0,0,0,0,0,0,0,0
61372,0,1,1986,0,0,0,0,0,0,0,0,0,0
61372,1,1,1986,0,0,0,0,0,0,0,0,0,0
61373,1,1,1986,0,0,0,0,0,9,0,0,5,0
61374,0,1,1986,0,0,0,0,0,0,0,0,0,0
61374,1,1,1986,0,0,12,0,14,0,0,0,0,0
61375,0,1,1986,17,17,17,17,17,17,17,17,17,17
61375,1,1,1986,0,22,0,19,16,23,0,13,0,9
61376,1,1,1986,24,24,24,24,24,24,24,24,24,24
61377,1,1,1986,14,14,14,14,14,14,14,14,14,14
61378,0,1,1986,10,3,0,0,17,0,0,0,0,0
61378,1,1,1986,13,12,27,25,26,0,13,21,10,17
61379,1,1,1986,0,0,0,0,0,0,0,0,0,10
61379,2,1,1986,0,0,0,0,0,0,0,0,0,0
61380,0,1,1986,0,0,0,0,0,0,0,0,0,0
61380,0,2,1986,0,0,15,0,0,0,0,0,0,14
61380,1,1,1986,0,0,13,8,15,3,0,19,0,0
61381,0,1,1986,0,0,0,0,0,0,0,0,0,0
61381,1,1,1986,0,13,0,0,0,0,0,0,0,0
61382,0,1,1986,0,0,0,0,0,0,0,0,0,0
61382,1,1,1986,0,0,20,0,0,0,14,0,0,0
61383,1,1,1986,0,0,0,0,0,0,0,0,0,0
61383,2,1,1986,0,0,0,0,0,0,0,0,0,0
61383,3,1,1986,0,0,0,0,0,0,0,0,0,0
61384,1,1,1986,0,20,21,10,13,17,25,32,16,0
61384,2,1,1986,19,25,16,12,12,17,21,12,19,13
61385,1,1,1986,6,6,6,6,6,6,6,6,6,6
61385,2,1,1986,0,0,0,0,0,0,0,0,0,0
61386,1,1,1986,19,19,19,19,19,19,19,19,19,19
61386,2,1,1986,15,15,15,15,15,15,15,15,15,15
61387,1,3,1986,17,8,5,0,12,6,13,17,16,19
61387,2,1,1986,0,0,0,0,0,0,0,0,0,0
61388,1,1,1986,15,0,13,0,0,33,0,0,12,0
61389,1,1,1986,21,21,21,21,21,21,21,21,21,21
61390,1,1,1986,16,16,16,16,16,16,16,16,16,16
61391,1,1,1986,0,0,0,0,0,0,0,0,0,0
61392,1,1,1986,9,9,9,9,9,9,9,9,9,9
61393,1,1,1986,22,22,22,22,22,22,22,22,22,22
61394,1,1,1986,30,30,30,30,30,30,30,30,30,30
61395,1,1,1986,8,8,8,8,8,8,8,8,8,8
61395,2,1,1986,0,0,0,0,20,0,12,26,0,0
61396,1,1,1986,0,0,0,0,18,0,0,0,0,0
61396,2,1,1986,19,19,19,19,19,19,19,19,19,19
61397,1,1,1986,18,18,18,18,18,18,18,18,18,18
61398,1,1,1986,6,0,4,0,13,10,22,13,0,17
61398,2,1,1986,0,0,0,0,0,0,0,0,0,0
61399,0,1,1986,2,29,0,0,0,9,0,0,0,0
61399,1,1,1986,9,19,12,17,17,8,10,6,13,11
61400,1,1,1986,11,11,11,11,11,11,11,11,11,11
61401,1,1,1986,23,23,23,23,23,23,23,23,23,23
61401,2,1,1986,0,0,0,0,0,0,0,11,0,0
61402,1,1,1986,0,0,0,0,0,0,0,0,0,0
61402,2,1,1986,0,0,0,0,13,0,0,0,0,24
61403,1,1,1986,7,7,7,7,7,7,7,7,7,7
61404,1,1,1986,8,8,8,8,8,8,8,8,8,8
61405,1,1,1986,0,0,0,0,15,0,0,0,0,0
61406,1,1,1986,0,0,0,0,0,0,0,0,0,0
61406,2,1,1986,0,0,0,0,0,0,0,0,0,0
61406,3,1,1986,0,0,0,0,0,0,0,0,0,0
61407,1,1,1986,0,0,0,0,0,0,0,0,0,0
61407,2,1,1986,8,28,12,4,0,0,0,14,19,0
61408,1,1,1986,0,9,0,0,0,0,20,0,0,0
61409,1,1,1986,0,0,0,0,0,0,0,0,0,13
61409,2,1,1986,0,0,0,0,15,0,0,0,0,0
61410,1,1,1986,0,0,0,0,0,0,0,0,0,0
61411,1,1,1986,0,0,0,0,0,0,0,0,0,0
61412,1,1,1986,0,0,0,0,0,0,0,0,0,0
61412,2,1,1986,17,17,17,17,17,17,17,17,17,17
61413,1,1,1986,0,0,0,0,0,0,0,0,0,0
61414,1,1,1986,0,0,0,0,0,0,0,0,0,0
61414,2,1,1986,0,0,0,0,0,0,0,0,0,0
61415,0,1,1986,0,0,0,0,0,0,0,0,0,0
61415,1,1,1986,0,0,0,0,0,0,0,0,0,0
61416,1,1,1986,0,0,0,0,0,0,0,0,0,0
61416,2,1,1986,0,0,0,0,0,0,0,0,0,0
61417,1,1,1986,0,0,0,0,0,0,0,0,0,0
61417,2,1,1986,0,0,0,0,0,0,0,4,0,0
61418,1,1,1986,0,0,6,0,0,0,0,0,0,0
61418,2,1,1986,0,0,0,0,0,0,0,0,0,0
61419,1,1,1986,17,17,17,17,17,17,17,17,17,17
61419,2,1,1986,13,0,0,0,13,0,0,15,0,0
61420,1,1,1986,0,20,0,0,11,0,0,0,8,0
61421,0,1,1986,13,13,13,13,13,13,13,13,13,13
61421,1,1,1986,12,0,0,0,0,0,0,9,0,0
61422,1,1,1986,0,0,0,0,0,0,0,0,0,27
61422,2,1,1986,0,0,0,0,0,0,0,14,0,0
61423,1,1,1986,0,0,0,0,0,0,0,0,0,0
61424,1,1,1986,0,0,12,7,0,0,0,0,0,0
61425,1,1,1986,26,26,26,26,26,26,26,26,26,26
61426,0,1,1986,0,0,0,0,0,0,0,0,0,0
61426,1,1,1986,0,0,0,0,0,0,0,0,0,0
61427,1,1,1986,0,0,0,0,0,0,0,0,0,0
61427,2,1,1986,0,0,0,0,0,0,0,0,0,0
61428,1,1,1986,21,21,21,21,21,21,21,21,21,21
61429,1,1,1986,0,0,0,0,0,0,0,0,0,0
61429,2,1,1986,0,14,0,5,0,0,0,0,0,0
61430,0,1,1986,0,0,0,0,0,0,0,0,0,0
61430,1,1,1986,0,0,0,0,0,0,0,0,0,0
61431,0,1,1986,19,19,19,19,19,19,19,19,19,19
61431,1,1,1986,0,0,0,0,0,0,0,0,5,0
61432,1,1,1986,0,0,0,0,0,0,0,0,0,0
61432,2,1,1986,0,0,0,0,0,0,0,0,0,0
61433,1,1,1986,29,29,29,29,29,29,29,29,29,29
61434,1,1,1986,0,0,0,0,14,0,0,0,0,0
61435,1,1,1986,0,0,13,6,17,11,0,0,10,23
61436,1,1,1986,0,0,0,0,0,0,0,0,0,0
61436,2,1,1986,0,0,0,0,0,0,0,0,0,0
61437,1,1,1986,0,0,0,0,0,0,0,0,0,0
61437,2,1,1986,0,0,0,0,0,0,0,0,0,0
61437,3,1,1986,0,0,0,0,0,0,0,0,0,0
61438,1,1,1986,0,0,0,0,0,0,0,0,0,0
61438,2,1,1986,0,0,0,0,0,0,0,0,0,0
61439,0,1,1986,34,34,34,34,34,34,34,34,34,34
61439,1,1,1986,0,0,0,0,0,10,0,0,0,0
61440,1,1,1986,0,0,0,0,0,0,0,0,0,0
61440,2,1,1986,0,0,6,17,0,0,0,0,0,0
61441,1,1,1986,24,24,24,24,24,24,24,24,24,24
61441,2,1,1986,5,0,0,0,0,0,0,0,0,0
61441,3,1,1986,0,0,0,0,0,0,0,0,4,0
61442,1,1,1986,0,20,0,12,12,14,17,0,21,0
61442,2,1,1986,28,28,28,28,28,28,28,28,28,28
61443,0,1,1986,0,0,0,0,0,0,0,0,0,0
61443,1,1,1986,0,0,0,0,0,0,0,0,0,0
61444,0,1,1986,0,0,0,0,0,0,0,0,0,0
61444,1,1,1986,0,0,0,0,0,0,0,0,0,0
61445,0,1,1986,28,28,28,28,28,28,28,28,28,28
61445,1,1,1986,0,0,25,0,0,0,0,0,0,0
61445,2,1,1986,24,15,0,5,19,23,5,35,7,5
61446,1,1,1986,0,0,0,0,0,0,0,0,0,0
61447,1,1,1986,0,0,0,0,0,0,0,0,0,0
61447,2,1,1986,0,0,0,0,0,0,0,0,0,6
61448,1,1,1986,16,16,16,16,16,16,16,16,16,16
61448,2,1,1986,0,0,0,0,0,0,0,0,0,0
61449,1,1,1986,31,31,31,31,31,31,31,31,31,31
61450,1,1,1986,0,0,0,0,0,0,0,0,0,0
61451,1,1,1986,0,0,0,0,0,0,0,0,0,0
61451,2,1,1986,0,0,0,0,0,0,0,0,0,0
61452,1,1,1986,15,15,15,15,15,15,15,15,15,15
61453,0,1,1986,0,0,0,0,0,0,0,0,0,0
61453,1,1,1986,0,0,0,0,0,0,0,0,0,0
61454,0,1,1986,28,37,0,10,0,0,20,0,8,0
61454,1,1,1986,0,0,0,0,0,0,0,0,0,0
61455,1,1,1986,0,0,0,0,0,0,0,0,0,0
61455,2,1,1986,0,0,0,0,0,0,0,0,0,0
61456,1,1,1986,0,0,0,0,0,0,0,0,0,0
61457,1,1,1986,0,12,0,0,0,0,0,0,0,11
61457,2,1,1986,9,9,9,9,9,9,9,9,9,9
61458,1,1,1986,4,4,4,4,4,4,4,4,4,4
61459,1,1,1986,22,22,22,22,22,22,22,22,22,22
61460,1,1,1986,0,0,0,0,0,0,0,0,0,0
61461,1,1,1986,17,17,17,17,17,17,17,17,17,17
61461,2,1,1986,0,0,0,0,0,0,0,0,0,0
61462,1,1,1986,0,0,0,0,0,0,0,0,0,0
61463,1,1,1986,25,25,25,25,25,25,25,25,25,25
61464,0,1,1986,30,30,30,30,30,30,30,30,30,30
61464,1,1,1986,25,45,20,26,3,0,0,45,21,10
61465,0,1,1986,0,0,0,0,0,0,0,0,0,0
61465,1,1,1986,0,0,0,0,0,0,0,0,0,0
61466,1,1,1986,5,5,5,5,5,5,5,5,5,5
61466,2,1,1986,32,14,15,17,3,6,0,15,14,0
61467,1,1,1986,0,0,0,0,0,0,0,0,0,0
61467,2,1,1986,0,0,0,0,0,0,0,0,0,0
61468,1,1,1986,12,12,12,12,12,12,12,12,12,12
61469,1,1,1986,0,0,0,0,0,0,0,0,0,0
61470,0,1,1986,15,15,15,15,15,15,15,15,15,15
61470,1,1,1986,0,0,0,0,0,0,21,0,10,0
61471,1,1,1986,13,13,13,13,13,13,13,13,13,13
61471,2,1,1986,0,0,0,0,0,0,0,0,0,0
61472,0,1,1986,33,33,33,33,33,33,33,33,33,33
61472,1,1,1986,14,9,16,23,13,15,12,18,12,8
61473,0,1,1986,0,0,0,0,0,0,0,0,0,0
61473,1,1,1986,0,0,0,0,0,0,0,0,9,0
61474,1,1,1986,0,0,0,13,0,0,0,0,0,0
61474,2,1,1986,0,24,0,0,8,0,0,0,0,11
61475,0,1,1986,17,17,17,17,17,17,17,17,17,17
61475,1,1,1986,15,24,6,13,32,10,15,18,10,0
61476,1,1,1986,0,0,0,0,0,0,0,0,0,0
61477,1,1,1986,0,0,0,0,0,0,0,0,0,0
61477,2,1,1986,0,0,0,0,0,0,0,0,0,0
61478,1,1,1986,0,0,0,0,0,0,0,0,0,0
61479,1,1,1986,10,10,10,10,10,10,10,10,10,10
61479,2,1,1986,30,30,30,30,30,30,30,30,30,30
61480,0,1,1986,0,0,0,0,0,0,0,0,0,0
61480,0,2,1986,0,0,0,0,0,0,0,0,0,0
61480,1,1,1986,0,0,0,0,0,0,0,0,0,0
61481,1,1,1986,0,0,0,0,0,0,0,0,0,0
61481,2,1,1986,5,5,5,5,5,5,5,5,5,5
61482,1,1,1986,15,15,15,15,15,15,15,15,15,15
61482,2,1,1986,0,7,5,0,0,0,14,0,0,0
61483,1,1,1986,0,0,0,0,20,19,0,0,0,0
61484,1,1,1986,0,0,0,0,0,0,0,0,0,0
61484,2,1,1986,0,0,10,0,0,0,0,0,12,0
61485,1,1,1986,0,0,0,0,0,0,0,0,0,0
61485,2,1,1986,0,0,0,0,0,0,0,0,0,0
61486,0,1,1986,0,2,0,18,0,0,0,0,16,20
61486,1,1,1986,0,0,0,0,0,0,0,0,0,0
61486,2,1,1986,0,0,0,0,0,0,0,0,0,0
61487,1,1,1986,19,19,19,19,19,19,19,19,19,19
61488,1,1,1986,0,0,0,0,0,0,0,0,0,0
61489,1,1,1986,21,20,22,13,9,17,6,16,6,0
61489,2,1,1986,0,0,0,0,0,0,0,0,0,0
61490,1,1,1986,0,0,0,0,0,0,0,0,0,0
61490,2,1,1986,0,0,0,0,0,0,0,0,0,0
61491,1,1,1986,0,0,0,0,0,0,0,0,0,0
61491,2,1,1986,0,0,0,0,0,0,0,12,0,0
61491,3,1,1986,0,0,0,0,0,0,0,0,0,0
61492,1,1,1986,0,0,14,0,0,0,0,0,0,0
61492,2,1,1986,0,0,0,0,0,0,0,0,0,0
61493,1,1,1986,0,0,0,0,0,0,19,0,0,0
61493,2,1,1986,0,0,0,0,0,0,0,0,0,0
61494,0,1,1986,0,0,0,0,0,0,0,0,0,0
61494,1,1,1986,0,0,0,0,0,0,0,0,0,0
61495,1,1,1986,22,22,22,22,22,22,22,22,22,22
61496,1,1,1986,28,28,28,28,28,28,28,28,28,28
61496,2,1,1986,0,0,0,0,0,0,0,19,0,0
61497,1,1,1986,0,0,0,0,0,0,0,0,0,0
61497,2,1,1986,18,18,18,18,18,18,18,18,18,18
61498,0,1,1986,0,0,18,0,0,28,17,0,4,7
61498,1,1,1986,0,0,0,0,0,0,0,0,0,0
61499,1,1,1986,2,3,0,18,10,18,0,20,26,18
61499,2,1,1986,0,0,0,0,0,0,0,0,0,0
61500,1,1,1986,14,14,14,14,14,14,14,14,14,14
61501,1,1,1986,0,0,0,0,0,0,0,0,0,0
61502,0,1,1986,0,0,0,13,0,0,0,0,0,0
61502,0,2,1986,0,0,0,0,0,0,0,0,0,0
61502,1,1,1986,11,11,11,11,11,11,11,11,11,11
61503,1,1,1986,8,8,8,8,8,8,8,8,8,8
61503,2,1,1986,5,5,5,5,5,5,5,5,5,5
61503,3,1,1986,0,0,0,0,0,6,10,0,0,17
61504,1,1,1986,0,0,0,0,0,0,0,0,0,0
61505,1,1,1986,13,13,13,13,13,13,13,13,13,13
61506,1,1,1986,18,18,18,18,18,18,18,18,18,18
61507,1,1,1986,4,4,4,4,4,4,4,4,4,4
61507,2,1,1986,7,0,0,0,22,0,0,0,0,0
61508,1,1,1986,0,0,0,0,0,0,0,0,0,0
61509,1,1,1986,0,0,0,0,0,0,0,0,0,0
61509,2,1,1986,0,0,0,0,0,0,8,0,0,0
61510,0,1,1986,12,0,0,6,18,0,0,0,0,0
61510,1,1,1986,0,0,0,0,0,0,0,0,0,0
61511,1,1,1986,18,18,18,18,18,18,18,18,18,18
61512,1,1,1986,9,9,9,9,9,9,9,9,9,9
61512,2,1,1986,15,0,19,0,0,14,0,0,0,0
61513,1,1,1986,17,17,17,17,17,17,17,17,17,17
61514,1,1,1986,0,0,0,0,0,0,0,0,0,0
61514,2,1,1986,8,0,0,0,0,0,0,0,6,0
61515,1,1,1986,0,0,0,0,0,0,0,0,0,0
61516,1,1,1986,0,0,0,0,0,0,0,0,0,0
61516,2,1,1986,0,0,0,0,0,0,0,0,0,0
61516,3,1,1986,16,0,0,0,0,0,6,0,0,0
61516,4,1,1986,0,0,0,0,0,0,0,0,0,0
61516,5,1,1986,0,0,0,0,0,18,0,0,0,0
61517,1,1,1986,7,7,7,7,7,7,7,7,7,7
61518,1,1,1986,16,14,0,12,0,18,4,0,37,21
61519,1,1,1986,19,19,19,19,19,19,19,19,19,19
61519,2,1,1986,0,0,0,0,0,0,0,0,0,0
61520,0,1,1986,8,8,8,8,8,8,8,8,8,8
61520,1,1,1986,14,35,15,66,23,11,6,21,22,35
61521,1,1,1986,7,7,7,7,7,7,7,7,7,7
61522,1,1,1986,11,11,11,11,11,11,11,11,11,11
61522,2,1,1986,0,0,0,0,0,0,0,0,0,0
61523,1,1,1986,20,20,20,20,20,20,20,20,20,20
61524,0,1,1986,21,0,0,0,0,23,0,0,0,0
61524,1,1,1986,0,0,0,0,0,0,0,0,0,0
61525,1,1,1986,15,15,15,15,15,15,15,15,15,15
61526,0,1,1986,0,0,0,0,0,0,0,0,0,0
61526,1,1,1986,0,0,9,9,0,0,0,0,0,16
61527,1,1,1986,0,0,0,7,0,14,0,0,0,0
61528,1,1,1986,16,16,16,16,16,16,16,16,16,16
61528,2,1,1986,0,0,0,0,0,0,0,0,0,0
61529,1,1,1986,17,18,13,30,22,15,16,15,0,37
61530,1,1,1986,0,0,0,0,0,0,0,0,0,0
61531,0,1,1986,2,2,2,2,2,2,2,2,2,2
61531,1,1,1986,11,11,11,11,11,11,11,11,11,11
61532,1,1,1986,18,18,18,18,18,18,18,18,18,18
61533,1,1,1986,16,16,16,16,16,16,16,16,16,16
61534,1,1,1986,0,0,0,6,11,8,22,27,11,0
61535,1,1,1986,0,0,0,0,0,0,0,0,0,0
61535,2,1,1986,0,0,0,0,0,0,0,0,0,0
61535,3,1,1986,0,0,0,0,0,0,0,0,0,0
61536,0,1,1986,0,0,0,0,0,0,0,0,0,0
61536,1,1,1986,0,0,0,0,0,0,15,0,0,0
61537,1,1,1986,23,23,23,23,23,23,23,23,23,23
61537,2,1,1986,0,0,0,0,0,0,3,0,0,54
61538,1,1,1986,6,6,6,6,6,6,6,6,6,6
61539,1,1,1986,6,6,6,6,6,6,6,6,6,6
61539,2,1,1986,0,0,0,0,0,0,0,0,0,0
61540,0,1,1986,6,0,0,5,0,10,0,0,0,0
61540,1,1,1986,15,15,15,15,15,15,15,15,15,15
61541,1,1,1986,0,0,0,14,0,0,6,0,0,5
61542,0,1,1986,17,17,17,17,17,17,17,17,17,17
61542,1,1,1986,26,13,5,9,13,0,9,27,0,23
61543,1,1,1986,15,8,8,23,9,0,18,22,19,3
61543,2,1,1986,0,0,0,0,0,0,0,0,0,0
61544,1,1,1986,18,18,18,18,18,18,18,18,18,18
61544,2,1,1986,9,9,9,9,9,9,9,9,9,9
61545,0,1,1986,0,0,0,0,0,0,0,0,0,0
61545,1,1,1986,0,6,0,0,0,0,0,0,0,0
61546,1,1,1986,10,10,10,10,10,10,10,10,10,10
61547,1,1,1986,0,0,0,0,0,0,0,0,0,0
61548,0,1,1986,0,0,0,0,0,0,0,0,0,0
61548,1,1,1986,0,0,0,0,0,0,0,0,0,0
61549,1,1,1986,26,26,26,26,26,26,26,26,26,26
61550,0,1,1986,0,0,0,0,0,0,0,0,0,0
61550,1,1,1986,0,0,0,0,0,0,0,14,0,0
61551,1,1,1986,0,0,0,0,0,0,0,0,0,0
61551,2,1,1986,0,0,0,0,0,0,0,0,0,0
61552,0,1,1986,0,0,0,0,0,0,0,0,0,0
61552,1,1,1986,0,0,0,0,0,0,0,0,0,0
61553,0,1,1986,32,32,32,32,32,32,32,32,32,32
61553,1,1,1986,13,13,13,13,13,13,13,13,13,13
61554,0,1,1986,0,0,0,0,0,0,0,0,0,0
61554,1,1,1986,0,0,0,0,0,0,0,0,0,0
61555,0,1,1986,26,26,26,26,26,26,26,26,26,26
61555,1,1,1986,0,0,4,0,0,0,0,0,0,0
61556,1,1,1986,18,18,18,18,18,18,18,18,18,18
61557,0,1,1986,0,0,0,0,0,6,0,0,0,9
61557,1,1,1986,0,0,8,11,0,0,0,0,0,0
61558,1,1,1986,0,10,0,0,0,0,0,0,0,0
61558,2,1,1986,0,0,0,0,0,0,0,0,0,17
61559,1,1,1986,0,0,0,0,0,0,0,0,0,0
61559,2,1,1986,0,0,0,0,0,0,0,0,0,0
61560,0,1,1986,0,0,0,0,0,0,0,0,0,0
61560,1,1,1986,0,24,10,20,19,22,26,0,27,21
61561,1,1,1986,0,0,0,0,0,0,0,0,0,0
61561,2,1,1986,16,21,9,14,17,15,21,12,20,11
61562,1,1,1986,22,22,22,22,22,22,22,22,22,22
61563,0,1,1986,23,23,23,23,23,23,23,23,23,23
61563,1,1,1986,21,0,23,0,0,0,15,11,0,0
61564,0,1,1986,0,0,0,0,0,0,0,0,0,0
61564,1,1,1986,0,0,0,0,0,0,0,0,0,0
61565,1,1,1986,0,0,0,0,0,0,0,0,0,0
61566,1,1,1986,0,0,0,0,0,0,0,0,0,0
61567,1,1,1986,1,1,1,1,1,1,1,1,1,1
61568,0,1,1986,0,0,0,0,0,0,0,0,0,0
61568,1,1,1986,14,14,14,14,14,14,14,14,14,14
61569,1,1,1986,2,2,2,2,2,2,2,2,2,2
61570,0,1,1986,0,0,0,0,0,0,0,0,0,0
61570,0,2,1986,0,0,0,0,0,0,0,0,0,0
61570,1,1,1986,18,18,18,18,18,18,18,18,18,18
61571,1,1,1986,0,0,0,0,0,0,0,0,0,0
61571,2,1,1986,0,0,0,0,0,0,0,0,0,0
61572,1,1,1986,0,0,0,0,0,0,0,0,0,0
61573,1,1,1986,0,0,0,0,0,0,0,0,0,0
61573,2,1,1986,0,0,0,0,0,0,0,0,0,0
61574,1,1,1986,0,0,0,0,0,0,0,0,0,0
61574,2,1,1986,0,0,0,0,0,0,0,0,0,0
61575,1,1,1986,0,0,0,0,0,0,0,0,0,0
61575,2,1,1986,0,0,0,0,0,0,0,0,0,0
61576,1,1,1986,15,15,15,15,15,15,15,15,15,15
61577,0,1,1986,0,0,0,0,0,0,0,0,0,0
61577,1,1,1986,2,2,2,2,2,2,2,2,2,2
61578,1,1,1986,11,11,11,11,11,11,11,11,11,11
61578,2,1,1986,0,0,0,0,0,0,0,0,0,0
61579,1,1,1986,0,0,0,0,0,0,13,0,0,0
61579,2,1,1986,0,0,0,0,0,0,0,0,0,0
61580,0,1,1986,0,0,7,18,0,0,9,0,4,0
61580,1,1,1986,12,12,12,12,12,12,12,12,12,12
61581,1,1,1986,20,20,20,20,20,20,20,20,20,20
61582,1,1,1986,26,13,0,0,23,5,25,20,15,8
61583,1,1,1986,7,0,0,0,0,0,0,0,0,0
61583,2,1,1986,0,0,0,0,0,0,0,0,0,0
61584,1,1,1986,0,0,21,0,0,14,0,8,0,0
61584,2,1,1986,0,0,0,0,0,0,0,0,0,0
61585,1,1,1986,18,18,18,18,18,18,18,18,18,18
61586,0,1,1986,14,14,14,14,14,14,14,14,14,14
61586,1,1,1986,0,0,8,0,0,0,0,0,0,0
61587,0,1,1986,0,26,0,32,40,26,20,20,0,0
61587,1,1,1986,0,25,0,13,0,0,0,0,0,0
61588,1,1,1986,23,23,23,23,23,23,23,23,23,23
61589,1,1,1986,17,17,17,17,17,17,17,17,17,17
61590,1,1,1986,0,0,0,14,0,0,0,0,0,0
61590,2,1,1986,0,0,0,0,0,0,0,0,0,0
61591,1,1,1986,12,12,12,12,12,12,12,12,12,12
61592,1,1,1986,13,0,5,0,0,0,0,0,0,0
61592,2,1,1986,0,0,0,0,0,0,0,0,0,0
61592,3,1,1986,0,0,0,0,16,0,0,0,0,0
61593,1,1,1986,11,11,11,11,11,11,11,11,11,11
61593,2,1,1986,11,0,0,0,0,0,0,0,0,0
61594,1,1,1986,0,15,4,9,0,0,0,0,0,0
61594,2,1,1986,0,0,11,0,0,0,0,0,0,0
61594,3,1,1986,4,0,0,0,0,0,0,0,0,0
61595,1,1,1986,20,20,20,20,20,20,20,20,20,20
61595,2,1,1986,0,0,0,0,0,0,0,0,0,0
61596,0,1,1986,0,0,0,0,0,0,0,0,0,0
61596,1,1,1986,7,0,0,0,0,0,0,0,0,0
61597,0,1,1986,0,0,0,0,0,0,0,0,0,0
61597,1,1,1986,0,0,0,0,0,0,0,0,0,0
61597,2,1,1986,0,0,0,0,0,0,0,0,0,0
61598,1,1,1986,0,9,0,0,0,0,22,0,0,0
61598,2,1,1986,0,0,0,0,0,0,0,0,0,0
61599,1,1,1986,0,0,0,0,0,0,0,0,0,0
61599,2,1,1986,0,0,0,0,0,0,0,0,0,0
61600,1,1,1986,20,20,20,20,20,20,20,20,20,20
61601,1,1,1986,7,7,7,7,7,7,7,7,7,7
61602,1,1,1986,0,0,0,0,0,0,0,0,0,0
61603,0,1,1986,0,0,0,0,0,0,0,0,0,0
61603,0,2,1986,0,0,0,0,0,0,0,0,0,0
61603,1,1,1986,0,0,0,0,0,0,0,0,0,0
61604,1,1,1986,12,12,12,12,12,12,12,12,12,12
61604,2,1,1986,0,0,0,0,0,0,0,0,0,0
61605,1,1,1986,0,4,0,0,0,0,0,0,0,0
61605,2,1,1986,0,0,0,0,0,8,0,0,0,0
61606,0,1,1986,0,0,0,0,0,0,0,0,0,0
61606,1,1,1986,0,0,0,0,0,0,0,0,0,0
61607,0,1,1986,0,0,0,0,0,0,0,0,0,0
61607,1,1,1986,0,0,0,0,0,0,0,0,0,0
61608,1,1,1986,10,10,10,10,10,10,10,10,10,10
61608,2,1,1986,0,0,0,0,0,0,14,0,0,0
61609,1,1,1986,0,0,0,0,0,0,0,0,0,0
61609,2,1,1986,0,0,0,0,0,0,0,0,0,0
61610,1,1,1986,14,14,14,14,14,14,14,14,14,14
61610,2,1,1986,0,0,0,0,0,0,0,0,0,0
61610,3,1,1986,0,0,0,0,0,0,7,0,0,0
61610,4,1,1986,0,0,0,0,0,0,0,0,0,0
61610,5,1,1986,0,0,0,6,0,0,0,0,0,0
61611,1,1,1986,1,0,0,0,15,12,0,0,12,7
61611,2,1,1986,0,0,0,0,0,0,0,0,0,0
61612,1,1,1986,0,0,0,0,0,0,0,0,0,0
61612,2,1,1986,25,25,25,25,25,25,25,25,25,25
61613,1,1,1986,21,21,21,21,21,21,21,21,21,21
61614,0,1,1986,0,0,0,0,0,0,0,0,0,0
61614,1,1,1986,0,0,21,0,0,0,0,0,0,0
61614,2,1,1986,0,0,0,0,0,0,0,0,0,0
61615,1,1,1986,16,16,16,16,16,16,16,16,16,16
61616,1,1,1986,0,0,0,0,0,15,0,0,0,0
61616,2,1,1986,0,0,0,0,0,0,0,0,0,0
61617,1,1,1986,14,0,0,0,0,0,0,16,0,0
61617,2,1,1986,0,0,0,0,0,0,0,4,0,0
61618,1,1,1986,0,0,0,0,0,0,0,0,0,0
61618,2,1,1986,0,0,0,0,0,0,0,0,0,0
61619,1,1,1986,0,0,0,0,0,0,0,0,0,0
61619,2,1,1986,18,18,18,18,18,18,18,18,18,18
61620,1,1,1986,0,9,0,0,0,0,0,0,0,8
61621,1,1,1986,0,0,0,0,0,0,0,0,0,0
61622,1,1,1986,0,0,0,0,0,0,0,0,0,0
61622,2,1,1986,0,0,0,0,0,0,0,0,0,0
61623,1,1,1986,0,0,0,0,0,0,0,0,0,0
61623,2,1,1986,0,0,0,0,0,5,0,0,0,0
61624,0,1,1986,0,0,0,0,0,0,0,0,0,0
61624,1,1,1986,0,0,0,0,0,0,0,0,2,0
61625,0,1,1986,10,10,10,10,10,10,10,10,10,10
61625,1,1,1986,0,0,0,0,0,0,0,0,0,0
61626,1,1,1986,6,6,6,6,6,6,6,6,6,6
61627,1,1,1986,14,14,14,14,14,14,14,14,14,14
61627,2,1,1986,0,19,0,0,0,0,0,4,0,0
61628,1,1,1986,18,18,18,18,18,18,18,18,18,18
61628,2,1,1986,0,0,0,0,0,0,6,0,0,0
61629,0,1,1986,0,0,0,0,0,0,0,0,0,0
61629,1,1,1986,0,0,0,0,9,0,0,0,0,16
61630,1,1,1986,0,0,0,0,0,0,0,0,0,0
61631,1,1,1986,10,10,10,10,10,10,10,10,10,10
61631,2,1,1986,0,0,0,0,0,0,0,0,0,0
61632,1,1,1986,13,13,13,13,13,13,13,13,13,13
61632,2,1,1986,0,0,0,0,0,0,0,0,0,0
61633,1,1,1986,0,0,0,0,0,0,0,0,0,0
61634,1,1,1986,7,7,7,7,7,7,7,7,7,7
61634,2,1,1986,0,0,0,0,0,0,0,0,0,0
61635,1,1,1986,0,0,0,0,0,0,0,0,0,0
61636,0,1,1986,0,0,0,0,0,0,0,0,0,0