ST_CASE,VEH_NO,PER_NO,YEAR,P1,P2,P3,P4,P5,P6,P7,P8,P9,P10
61636,1,1,1986,0,0,0,0,0,0,0,0,0,0
61637,1,1,1986,0,0,0,0,0,0,0,0,0,0
61637,2,1,1986,0,0,0,0,0,0,0,0,0,0
61637,3,1,1986,0,0,0,0,0,0,0,0,0,0
61638,1,1,1986,0,0,0,0,0,0,0,0,0,0
61638,2,1,1986,0,0,0,0,0,0,0,0,0,0
61639,1,1,1986,0,0,0,0,0,0,0,0,0,0
61640,0,1,1986,0,0,0,0,0,0,0,0,0,0
61640,1,1,1986,21,9,0,0,0,0,0,15,0,0
61641,1,1,1986,13,13,13,13,13,13,13,13,13,13
61642,1,1,1986,14,14,14,14,14,14,14,14,14,14
61643,1,1,1986,0,0,0,0,0,0,0,0,0,0
61643,2,1,1986,0,0,0,0,0,0,0,0,0,0
61643,3,1,1986,0,0,0,0,0,0,0,0,0,0
61644,1,1,1986,24,24,24,24,24,24,24,24,24,24
61645,1,1,1986,0,0,0,0,0,0,0,0,0,0
61645,2,1,1986,0,0,0,0,0,0,0,0,0,0
61646,1,1,1986,0,0,0,0,0,0,0,0,0,0
61646,2,1,1986,0,0,0,0,0,0,0,0,0,0
61646,3,1,1986,7,0,0,0,0,0,0,8,0,0
61647,1,1,1986,0,0,0,0,0,0,0,0,0,0
61648,1,1,1986,0,0,0,0,0,0,0,0,0,0
61649,1,1,1986,27,27,27,27,27,27,27,27,27,27
61650,1,1,1986,0,0,0,0,0,0,0,0,18,0
61650,2,1,1986,0,0,0,0,0,0,0,0,0,0
61651,1,1,1986,17,17,17,17,17,17,17,17,17,17
61651,2,1,1986,4,0,0,13,10,0,0,0,0,0
61652,1,1,1986,7,9,10,5,13,13,22,16,22,12
61653,0,1,1986,0,0,0,0,0,0,0,0,0,0
61653,1,1,1986,0,0,0,0,0,0,0,0,0,0
61654,1,1,1986,0,0,0,0,0,0,0,0,0,0
61654,2,1,1986,0,0,0,15,0,0,0,0,0,0
61655,1,1,1986,34,34,34,34,34,34,34,34,34,34
61655,2,1,1986,0,0,0,0,0,0,0,0,7,0
61656,1,1,1986,0,0,0,0,0,0,0,0,0,0
61656,2,1,1986,0,0,0,0,0,0,0,0,0,0
61657,0,1,1986,0,0,0,0,0,0,0,0,0,0
61657,1,1,1986,0,0,0,0,0,25,0,0,0,0
61658,1,1,1986,2,2,2,2,2,2,2,2,2,2
61658,2,1,1986,24,24,24,24,24,24,24,24,24,24
61659,1,1,1986,21,21,21,21,21,21,21,21,21,21
61660,1,1,1986,6,6,6,6,6,6,6,6,6,6
61661,1,1,1986,0,0,0,0,0,0,0,0,0,0
61661,2,1,1986,0,0,0,0,0,0,0,0,0,0
61662,0,1,1986,0,0,0,0,0,0,0,0,0,0
61662,1,1,1986,0,0,0,10,5,0,0,0,5,0
61663,1,1,1986,0,0,0,0,0,0,0,0,0,0
61664,1,1,1986,15,15,15,15,15,15,15,15,15,15
61664,2,1,1986,22,0,0,0,0,0,0,0,0,0
61665,1,1,1986,19,19,19,19,19,19,19,19,19,19
61666,0,1,1986,0,0,0,0,0,0,0,0,0,0
61666,1,1,1986,0,0,0,0,0,0,0,0,0,0
61667,1,1,1986,0,0,0,0,0,0,0,0,0,0
61667,2,1,1986,0,0,0,0,0,0,0,0,0,0
61668,1,1,1986,10,0,24,0,0,0,18,0,11,0
61669,1,1,1986,0,12,0,0,0,0,0,21,0,0
61669,2,1,1986,0,0,0,0,0,0,0,0,0,0
61670,1,1,1986,0,0,0,0,0,0,0,0,0,0
61670,2,1,1986,0,0,0,0,0,0,0,0,0,0
61671,0,1,1986,0,0,0,0,0,0,0,0,0,0
61671,1,1,1986,0,0,0,0,0,0,0,0,0,0
61672,0,1,1986,0,0,0,0,0,0,0,0,0,0
61672,1,1,1986,9,22,0,0,0,0,0,0,0,0
61673,1,1,1986,0,12,7,10,5,3,29,17,16,10
61674,0,1,1986,0,0,0,0,0,0,0,0,0,0
61674,1,1,1986,0,0,0,6,0,0,0,0,0,0
61675,1,1,1986,0,26,12,30,0,14,17,18,12,14
61676,1,1,1986,0,0,0,0,0,0,0,0,0,0
61676,2,1,1986,0,0,0,0,0,0,0,0,0,0
61677,0,1,1986,0,16,20,0,23,2,0,0,0,0
61677,1,1,1986,0,0,0,0,0,0,0,0,0,0
61678,1,1,1986,0,0,0,0,0,0,0,0,0,0
61678,2,1,1986,0,0,0,0,0,0,0,0,0,0
61679,1,1,1986,15,15,15,15,15,15,15,15,15,15
61679,2,1,1986,0,0,0,0,0,0,0,0,0,0
61680,1,1,1986,9,9,9,9,9,9,9,9,9,9
61680,2,1,1986,8,8,8,8,8,8,8,8,8,8
61681,0,1,1986,0,12,0,0,16,0,0,0,0,0
61681,1,1,1986,7,0,0,19,15,0,0,16,10,0
61682,1,1,1986,13,14,36,12,0,14,13,18,0,19
61683,0,1,1986,0,0,0,0,0,0,0,0,0,0
61683,1,1,1986,3,3,3,3,3,3,3,3,3,3
61684,1,1,1986,25,25,25,25,25,25,25,25,25,25
61685,1,1,1986,0,0,0,0,0,0,0,0,0,0
61686,1,1,1986,19,25,14,24,11,16,6,17,14,20
61687,1,1,1986,0,0,0,0,0,0,0,0,0,0
61687,2,1,1986,0,0,0,0,0,0,0,19,0,0
61688,1,1,1986,0,0,0,0,0,0,0,0,0,0
61688,2,1,1986,0,0,0,0,0,0,0,0,0,0
61689,0,1,1986,30,30,30,30,30,30,30,30,30,30
61689,1,1,1986,0,0,0,0,0,0,0,0,0,0
61690,1,1,1986,12,12,12,12,12,12,12,12,12,12
61691,0,1,1986,0,0,0,0,0,0,0,0,0,0
61691,1,1,1986,0,0,0,0,0,0,0,0,0,0
61692,0,1,1986,9,0,35,11,0,0,12,7,17,0
61692,1,1,1986,0,7,0,0,0,8,6,0,0,0
61693,1,1,1986,3,3,3,3,3,3,3,3,3,3
61694,1,1,1986,0,0,0,0,0,0,0,0,0,0
61695,1,1,1986,28,28,28,28,28,28,28,28,28,28
61696,0,1,1986,8,8,8,8,8,8,8,8,8,8
61696,0,2,1986,0,0,0,0,0,0,0,0,0,0
61696,1,1,1986,0,0,0,0,0,0,0,14,0,0
61697,0,1,1986,23,23,23,23,23,23,23,23,23,23
61697,1,1,1986,0,0,0,0,0,0,0,0,0,0
61698,1,1,1986,15,0,20,0,13,0,15,16,0,0
61698,2,1,1986,0,0,0,0,0,0,0,0,0,0
61699,0,1,1986,17,17,17,17,17,17,17,17,17,17
61699,1,1,1986,19,19,19,19,19,19,19,19,19,19
61700,1,1,1986,13,10,5,0,13,21,17,10,15,9
61701,1,1,1986,8,8,8,8,8,8,8,8,8,8
61701,2,1,1986,0,0,0,0,0,0,0,0,0,0
61702,1,1,1986,11,11,11,11,11,11,11,11,11,11
61703,1,1,1986,32,32,32,32,32,32,32,32,32,32
61704,1,1,1986,11,11,11,11,11,11,11,11,11,11
61705,1,1,1986,12,0,0,0,10,0,0,0,0,0
61706,1,1,1986,0,0,0,0,0,0,0,0,0,0
61707,1,1,1986,0,0,0,0,0,0,0,0,0,0
61707,2,1,1986,0,0,0,0,0,0,0,0,0,0
61708,1,1,1986,15,15,15,15,15,15,15,15,15,15
61709,1,1,1986,10,10,10,10,10,10,10,10,10,10
61709,2,1,1986,1,1,1,1,1,1,1,1,1,1
61710,1,1,1986,34,18,16,23,22,13,0,27,21,12
61711,1,1,1986,16,16,16,16,16,16,16,16,16,16
61712,1,1,1986,0,0,0,0,0,0,0,0,0,0
61712,2,1,1986,0,0,0,0,0,0,0,0,0,0
61713,0,1,1986,0,0,0,0,0,0,0,0,0,0
61713,1,1,1986,0,0,0,0,9,0,19,15,0,0
61714,1,1,1986,5,5,5,5,5,5,5,5,5,5
61714,2,1,1986,8,8,8,8,8,8,8,8,8,8
61715,0,1,1986,0,0,0,0,0,0,0,0,0,0
61715,1,1,1986,27,27,27,27,27,27,27,27,27,27
61716,1,1,1986,3,3,3,3,3,3,3,3,3,3
61717,1,1,1986,23,23,23,23,23,23,23,23,23,23
61718,1,1,1986,0,0,0,0,0,0,0,0,0,0
61719,1,1,1986,4,4,4,4,4,4,4,4,4,4
61720,1,1,1986,3,3,3,3,3,3,3,3,3,3
61721,1,1,1986,17,17,17,17,17,17,17,17,17,17
61722,1,1,1986,19,15,16,24,0,19,0,20,12,11
61723,1,1,1986,0,0,0,0,0,0,0,0,0,0
61723,2,1,1986,0,0,0,0,0,0,0,0,0,0
61724,1,1,1986,0,0,0,0,0,0,0,0,0,0
61724,2,1,1986,0,0,0,0,0,0,0,0,20,0
61724,3,1,1986,0,0,0,0,0,0,0,0,0,0
61725,1,1,1986,10,10,10,10,10,10,10,10,10,10
61726,1,1,1986,0,0,0,0,0,0,0,0,0,0
61727,0,1,1986,0,0,0,0,0,0,0,0,0,0
61727,1,1,1986,0,0,0,0,0,9,0,0,0,0
61728,1,1,1986,0,0,0,0,0,0,0,0,0,0
61728,2,1,1986,0,0,0,0,0,0,0,0,0,0
61729,1,1,1986,9,9,9,9,9,9,9,9,9,9
61729,2,1,1986,7,0,0,0,0,0,0,0,21,0
61730,1,1,1986,0,0,0,0,0,0,0,0,0,0
61731,0,1,1986,0,0,0,0,0,0,0,0,0,0
61731,1,1,1986,16,16,16,16,16,16,16,16,16,16
61731,2,1,1986,0,0,0,0,0,0,0,0,0,0
61732,1,1,1986,19,19,19,19,19,19,19,19,19,19
61732,2,1,1986,0,0,0,0,0,0,0,0,0,0
61733,1,1,1986,16,16,16,16,16,16,16,16,16,16
61734,1,1,1986,0,0,0,0,0,0,0,0,0,0
61734,2,1,1986,0,0,0,0,0,0,0,0,0,0
61735,1,1,1986,0,0,0,0,0,0,0,0,0,0
61735,2,1,1986,0,0,0,0,0,0,0,0,0,0
61736,1,1,1986,0,0,0,0,0,0,0,0,0,0
61736,2,1,1986,0,0,15,3,11,8,23,11,5,13
61737,1,1,1986,0,0,0,0,0,0,0,0,9,0
61737,2,1,1986,10,10,10,10,10,10,10,10,10,10
61738,1,1,1986,16,16,16,16,16,16,16,16,16,16
61739,1,1,1986,0,0,0,0,0,0,0,0,0,0
61739,2,1,1986,0,0,0,0,0,0,0,0,0,0
61740,0,1,1986,0,0,0,0,0,0,0,0,0,0
61740,1,1,1986,0,0,0,0,0,0,0,0,0,0
61741,1,1,1986,23,23,23,23,23,23,23,23,23,23
61741,2,1,1986,0,0,0,0,0,0,0,0,0,0
61743,1,1,1986,0,0,23,0,0,12,0,16,0,0
61743,2,1,1986,0,0,0,0,0,0,0,0,0,0
61744,0,1,1986,0,0,0,0,0,0,0,0,0,0
61744,1,1,1986,0,0,13,0,0,0,0,0,0,0
61745,1,1,1986,21,21,21,21,21,21,21,21,21,21
61746,1,1,1986,0,0,0,0,0,0,0,0,0,0
61747,0,1,1986,0,0,0,0,0,0,0,0,0,0
61747,1,1,1986,0,0,0,0,0,0,0,0,0,0
61748,1,1,1986,0,0,0,0,0,0,0,0,0,0
61749,1,1,1986,0,0,0,0,0,0,0,0,0,0
61749,2,1,1986,0,0,0,0,0,0,0,0,0,0
61749,3,1,1986,0,0,0,11,0,10,0,0,0,0
61749,4,1,1986,0,0,0,0,0,0,0,0,0,0
61750,0,1,1986,0,0,0,0,0,25,0,0,0,0
61750,1,1,1986,0,0,0,0,0,0,0,0,0,0
61751,1,1,1986,15,15,15,15,15,15,15,15,15,15
61752,1,1,1986,0,0,0,0,0,0,0,0,0,0
61753,1,1,1986,9,9,9,9,9,9,9,9,9,9
61753,2,1,1986,0,0,0,0,0,0,0,0,0,0
61754,1,1,1986,0,0,0,0,0,0,0,0,0,0
61755,1,1,1986,0,0,0,0,0,0,0,0,0,0
61755,2,1,1986,0,0,0,0,0,0,0,0,0,0
61755,3,1,1986,0,0,0,0,0,0,0,0,0,0
61756,1,1,1986,0,0,0,0,0,0,0,0,0,0
61756,2,1,1986,0,0,0,0,0,0,7,0,0,0
61756,3,1,1986,0,0,0,0,0,0,0,0,0,0
61757,1,1,1986,2,2,2,2,2,2,2,2,2,2
61758,1,1,1986,0,0,0,0,0,0,0,0,0,0
61759,1,1,1986,4,10,12,19,24,43,0,0,0,0
61760,1,1,1986,0,0,0,0,0,0,0,0,0,0
61760,2,1,1986,0,0,0,0,0,0,0,0,0,0
61761,1,1,1986,10,10,10,10,10,10,10,10,10,10
61761,2,1,1986,16,0,0,4,17,7,12,0,7,7
61762,1,1,1986,4,4,4,4,4,4,4,4,4,4
61763,1,1,1986,0,0,0,0,0,0,0,0,0,0
61763,2,1,1986,22,22,22,22,22,22,22,22,22,22
61764,1,1,1986,0,0,0,0,0,0,5,0,0,14
61765,0,1,1986,29,29,29,29,29,29,29,29,29,29
61765,1,1,1986,22,22,22,22,22,22,22,22,22,22
61766,1,1,1986,18,18,18,18,18,18,18,18,18,18
61767,0,1,1986,28,28,28,28,28,28,28,28,28,28
61767,1,1,1986,13,9,19,6,17,0,0,9,6,11
61768,1,1,1986,4,4,4,4,4,4,4,4,4,4
61768,2,1,1986,0,0,0,0,22,7,0,0,0,0
61769,1,1,1986,0,0,0,0,0,0,0,0,0,0
61770,1,1,1986,19,19,19,19,19,19,19,19,19,19
61771,1,1,1986,0,0,18,16,0,0,13,0,4,16
61772,0,1,1986,0,0,0,0,0,0,0,0,0,0
61772,1,1,1986,0,0,0,0,5,0,0,0,0,0
61773,1,1,1986,0,0,0,0,0,0,0,0,0,0
61774,1,1,1986,0,0,0,0,0,0,0,0,0,0
61774,2,1,1986,0,0,0,0,0,0,0,0,0,0
61775,1,1,1986,11,11,11,11,11,11,11,11,11,11
61776,1,1,1986,2,2,2,2,2,2,2,2,2,2
61776,2,1,1986,0,0,0,0,10,0,13,38,0,0
61777,0,1,1986,0,0,0,0,0,0,0,0,0,0
61777,1,1,1986,0,0,0,0,0,0,0,0,0,0
61778,0,1,1986,0,0,0,0,0,0,0,0,0,0
61778,1,1,1986,0,25,15,2,27,7,0,19,16,14
61779,1,1,1986,0,0,0,0,0,0,0,0,0,0
61779,2,1,1986,0,0,0,0,0,0,0,7,0,0
61780,1,1,1986,15,15,15,15,15,15,15,15,15,15
61780,2,1,1986,0,0,0,0,0,0,0,0,0,0
61780,3,1,1986,0,0,0,0,0,0,0,0,0,0
61781,1,1,1986,3,3,3,3,3,3,3,3,3,3
61781,2,1,1986,0,0,0,0,0,0,0,15,17,0
61782,1,1,1986,0,0,0,0,0,0,0,0,0,0
61783,1,1,1986,0,0,0,0,0,0,0,0,0,0
61783,2,1,1986,0,0,0,0,0,0,0,0,0,0
61784,1,1,1986,0,0,0,0,0,0,0,0,0,0
61784,2,1,1986,0,0,0,0,0,0,0,0,0,0
61785,0,1,1986,0,0,0,0,0,0,0,0,0,0
61785,1,1,1986,0,0,0,0,0,0,0,0,0,0
61786,1,1,1986,7,0,0,0,0,0,29,0,0,0
61786,2,1,1986,0,0,0,0,0,0,0,0,0,0
61787,1,1,1986,22,22,22,22,22,22,22,22,22,22
61788,1,1,1986,12,12,12,12,12,12,12,12,12,12
61789,1,1,1986,0,0,0,0,0,0,0,0,0,0
61790,1,1,1986,20,20,20,20,20,20,20,20,20,20
61791,1,1,1986,20,20,20,20,20,20,20,20,20,20
61791,2,1,1986,0,0,0,0,0,17,0,0,14,0
61792,0,1,1986,0,0,0,0,0,0,0,0,0,0
61792,1,1,1986,0,0,0,3,0,0,0,7,6,0
61793,1,1,1986,17,17,17,17,17,17,17,17,17,17
61794,1,1,1986,10,0,0,0,0,0,17,0,0,0
61794,2,1,1986,5,5,5,5,5,5,5,5,5,5
61795,1,1,1986,20,31,17,33,21,15,23,20,22,13
61796,1,1,1986,18,18,18,18,18,18,18,18,18,18
61797,1,1,1986,0,0,0,0,0,0,0,0,0,0
61797,2,1,1986,0,0,0,0,0,0,0,0,0,0
61798,0,1,1986,0,0,0,0,0,0,0,0,0,0
61798,1,1,1986,0,0,0,0,0,0,0,0,0,0
61799,1,1,1986,0,0,0,0,0,0,0,0,0,0
61799,2,1,1986,0,0,0,0,0,0,0,0,0,0
61800,1,1,1986,23,23,23,23,23,23,23,23,23,23
61800,2,1,1986,0,0,0,0,0,0,0,0,0,0
61801,1,1,1986,0,0,0,0,14,0,0,0,15,18
61802,1,1,1986,13,13,13,13,13,13,13,13,13,13
61803,0,1,1986,0,0,0,0,0,0,0,0,0,0
61803,1,1,1986,0,0,0,0,0,0,0,0,0,0
61804,1,1,1986,21,21,21,21,21,21,21,21,21,21
61804,2,1,1986,0,0,0,0,0,0,0,0,0,0
61805,1,1,1986,0,0,0,0,0,0,0,0,0,0
61806,0,1,1986,0,0,0,0,0,0,0,0,0,0
61806,1,1,1986,0,0,0,0,0,0,0,0,0,0
61807,1,1,1986,0,0,0,38,0,0,0,0,0,0
61807,2,1,1986,0,0,0,0,14,0,0,0,0,0
61808,1,1,1986,0,0,0,0,0,0,0,0,0,0
61808,2,1,1986,0,0,0,0,0,0,0,0,0,0
61809,1,1,1986,0,0,0,0,0,0,0,0,0,0
61809,2,1,1986,0,0,0,0,0,0,0,0,0,0
61810,1,1,1986,0,0,0,0,0,0,0,0,0,0
61811,1,1,1986,16,16,16,16,16,16,16,16,16,16
61812,1,1,1986,16,16,16,16,16,16,16,16,16,16
61813,1,1,1986,5,5,5,5,5,5,5,5,5,5
61813,2,1,1986,0,0,0,0,0,0,0,0,0,0
61814,0,1,1986,0,0,0,0,0,0,0,0,0,0
61814,1,1,1986,0,0,0,0,0,0,0,0,0,0
61815,0,1,1986,0,0,0,0,0,0,0,0,0,0
61815,1,1,1986,0,0,0,0,0,0,0,0,0,0
61816,0,1,1986,0,0,0,0,0,0,0,0,0,0
61816,1,1,1986,0,0,0,0,0,0,0,0,0,0
61817,1,1,1986,0,0,0,0,0,0,0,0,0,0
61817,2,1,1986,0,0,0,0,0,0,0,0,0,0
61818,1,1,1986,17,17,17,17,17,17,17,17,17,17
61819,0,1,1986,0,0,0,0,0,0,0,0,0,0
61819,0,2,1986,0,0,0,0,0,0,0,0,0,0
61819,0,3,1986,0,0,0,0,0,0,0,0,0,0
61819,0,4,1986,14,0,0,0,0,11,0,0,0,8
61819,0,5,1986,0,0,0,0,0,0,0,0,0,0
61819,1,1,1986,27,27,27,27,27,27,27,27,27,27
61820,1,1,1986,4,4,4,4,4,4,4,4,4,4
61820,2,1,1986,0,0,0,0,0,0,0,0,0,0
61821,1,1,1986,8,8,8,8,8,8,8,8,8,8
61821,2,1,1986,0,0,0,0,0,6,0,0,0,0
61821,3,1,1986,0,0,0,0,15,0,0,15,0,0
61821,4,1,1986,0,0,0,0,0,0,0,0,0,0
61821,5,1,1986,0,9,0,17,0,0,0,0,0,0
61822,1,1,1986,31,31,31,31,31,31,31,31,31,31
61823,0,1,1986,17,17,17,17,17,17,17,17,17,17
61823,1,1,1986,0,0,0,0,0,0,0,0,11,0
61824,1,1,1986,0,0,0,0,0,0,0,0,0,0
61825,0,1,1986,24,24,24,24,24,24,24,24,24,24
61825,1,1,1986,17,24,19,13,22,36,28,17,36,18
61826,1,1,1986,18,18,18,18,18,18,18,18,18,18
61826,2,1,1986,0,0,0,0,0,0,0,0,0,0
61827,1,1,1986,0,0,25,0,27,0,19,0,13,0
61828,1,1,1986,0,10,0,0,0,20,9,9,0,0
61828,2,1,1986,0,0,0,0,0,0,0,0,0,0
61829,1,1,1986,0,0,0,0,0,0,0,0,0,0
61829,2,1,1986,0,0,0,0,0,0,0,0,0,0
61830,1,1,1986,0,0,0,0,0,0,0,0,0,0
61831,1,1,1986,0,0,0,0,0,0,0,0,0,0
61832,1,1,1986,0,0,0,0,0,0,0,0,0,0
61833,1,1,1986,28,28,28,28,28,28,28,28,28,28
61834,1,1,1986,0,0,0,0,0,0,0,0,11,14
61834,2,1,1986,0,0,9,0,0,0,0,0,0,0
61835,1,1,1986,27,27,27,27,27,27,27,27,27,27
61835,2,1,1986,0,0,0,0,0,0,0,0,0,0
61836,0,1,1986,0,0,0,0,0,0,4,10,0,0
61836,1,1,1986,0,13,0,15,0,0,23,10,0,8
61837,0,1,1986,0,0,0,0,0,0,0,0,0,0
61837,1,1,1986,0,0,0,0,0,0,0,0,0,0
61838,0,1,1986,31,31,31,31,31,31,31,31,31,31
61838,1,1,1986,0,0,0,0,0,0,8,0,0,0
61839,1,1,1986,0,9,0,8,0,0,0,0,0,0
61840,1,1,1986,0,0,0,0,0,0,0,0,0,0
61841,1,1,1986,31,8,15,39,24,20,21,18,14,2
61842,1,1,1986,12,12,12,12,12,12,12,12,12,12
61843,1,1,1986,0,0,0,0,0,0,0,0,0,0
61844,1,1,1986,0,0,0,0,0,0,0,0,3,0
61845,1,1,1986,0,0,0,0,0,0,0,0,0,0
61846,0,1,1986,0,0,0,0,0,0,0,0,0,0
61846,1,1,1986,0,0,0,0,0,0,0,0,0,0
61847,0,1,1986,0,0,0,0,0,0,0,0,0,0
61847,1,1,1986,0,0,0,0,0,9,0,0,0,0
61848,0,1,1986,0,0,0,0,0,0,0,0,0,0
61848,1,1,1986,0,0,0,0,0,0,0,0,0,0
61849,1,1,1986,0,0,17,0,0,0,0,0,0,0
61850,0,1,1986,0,16,13,0,13,0,0,13,0,0
61850,1,1,1986,0,0,0,0,0,0,0,0,0,0
61851,1,1,1986,0,0,0,0,0,0,0,0,0,0
61851,2,1,1986,0,0,0,0,0,0,0,0,0,0
61852,1,1,1986,0,0,0,0,0,0,0,0,0,0
61852,2,1,1986,0,0,21,0,0,0,0,0,0,0
61853,0,1,1986,0,0,0,0,0,0,0,0,0,0
61853,1,1,1986,0,0,0,24,0,0,0,0,16,0
61854,0,1,1986,27,17,15,12,16,30,31,19,5,26
61854,1,1,1986,0,0,0,0,0,0,0,0,0,0
61855,1,1,1986,15,15,15,15,15,15,15,15,15,15
61856,1,1,1986,0,0,0,0,0,0,0,0,0,0
61856,2,1,1986,0,0,16,0,0,0,0,0,0,0
61857,1,1,1986,3,3,3,3,3,3,3,3,3,3
61857,2,1,1986,0,0,0,0,0,0,0,0,0,0
61857,3,1,1986,0,0,0,0,0,0,0,0,0,0
61858,0,1,1986,0,0,0,0,0,0,0,0,0,0
61858,1,1,1986,0,0,0,0,0,0,0,0,0,0
61859,1,1,1986,0,0,0,0,0,0,0,0,0,0
61860,1,1,1986,15,15,15,15,15,15,15,15,15,15
61860,2,1,1986,0,0,0,0,0,0,0,0,0,0
61861,1,1,1986,14,14,14,14,14,14,14,14,14,14
61862,1,1,1986,31,31,31,31,31,31,31,31,31,31
61863,1,1,1986,0,0,0,0,0,0,0,0,0,0
61863,2,1,1986,0,0,0,0,0,0,0,0,0,0
61864,1,1,1986,0,0,0,0,0,0,0,0,0,0
61865,0,1,1986,0,0,0,0,0,0,0,0,0,0
61865,1,1,1986,0,0,0,0,0,0,0,0,0,0
61866,0,1,1986,0,0,0,0,0,0,0,0,0,0
61866,1,1,1986,0,0,0,0,0,0,0,12,0,0
61867,1,1,1986,0,0,0,0,0,0,0,0,0,0
61867,2,1,1986,26,26,26,26,26,26,26,26,26,26
61867,3,1,1986,0,0,0,0,0,0,0,0,0,0
61868,1,1,1986,0,0,0,0,0,0,0,0,0,0
61868,2,1,1986,0,0,0,0,0,0,0,0,0,0
61869,1,1,1986,8,8,8,8,8,8,8,8,8,8
61870,0,1,1986,0,0,0,0,0,0,0,0,0,0
61870,1,1,1986,0,0,0,17,0,0,0,0,0,0
61871,0,1,1986,0,0,0,0,0,0,0,0,0,0
61871,1,1,1986,0,0,0,0,9,0,0,0,0,6
61871,2,1,1986,0,0,0,0,0,6,0,0,0,0
61872,1,1,1986,0,0,0,0,0,0,0,0,0,0
61873,1,1,1986,20,12,18,21,29,12,0,15,17,20
61873,2,1,1986,21,21,21,21,21,21,21,21,21,21
61874,1,1,1986,9,9,9,9,9,9,9,9,9,9
61875,1,1,1986,0,0,0,0,0,0,0,0,0,0
61876,1,1,1986,0,0,0,0,0,0,0,0,7,0
61876,2,1,1986,11,11,11,11,11,11,11,11,11,11
61877,1,1,1986,14,14,14,14,14,14,14,14,14,14
61878,1,1,1986,6,6,6,6,6,6,6,6,6,6
61879,1,1,1986,12,12,12,12,12,12,12,12,12,12
61880,1,1,1986,9,9,9,9,9,9,9,9,9,9
61881,1,1,1986,12,12,12,12,12,12,12,12,12,12
61882,1,1,1986,7,7,7,7,7,7,7,7,7,7
61883,1,1,1986,0,0,0,0,0,0,0,0,0,0
61884,1,1,1986,0,0,0,0,0,0,0,0,0,0
61884,2,1,1986,0,0,0,0,0,0,0,0,9,0
61884,3,1,1986,0,0,0,0,0,0,0,0,0,0
61885,1,1,1986,0,0,0,0,0,0,0,0,0,0
61885,2,1,1986,0,0,0,0,0,0,0,0,0,0
61886,1,1,1986,0,0,0,0,0,0,0,0,0,0
61886,2,1,1986,0,0,0,0,0,0,0,0,0,0
61887,1,1,1986,13,13,13,13,13,13,13,13,13,13
61887,2,1,1986,0,0,0,0,0,0,0,0,0,0
61888,1,1,1986,0,0,0,0,0,0,0,0,0,0
61889,1,1,1986,1,1,1,1,1,1,1,1,1,1
61889,2,1,1986,22,0,0,0,0,0,0,0,0,3
61890,1,1,1986,0,0,0,0,5,0,0,0,0,0
61891,1,1,1986,0,0,0,0,0,0,0,0,0,0
61891,2,1,1986,0,0,0,0,0,0,0,0,0,0
61892,0,1,1986,0,0,0,0,0,0,0,0,0,0
61892,1,1,1986,0,0,0,0,0,0,0,0,0,0
61893,1,1,1986,0,0,0,0,0,0,0,0,0,0
61894,1,1,1986,0,0,0,0,0,0,0,0,0,0
61894,2,1,1986,0,0,0,0,0,0,0,0,0,0
61895,1,1,1986,0,0,0,0,0,0,0,0,0,0
61895,2,1,1986,9,9,9,9,9,9,9,9,9,9
61896,0,1,1986,0,0,0,0,0,0,0,0,0,0
61896,1,1,1986,10,10,10,10,10,10,10,10,10,10
61897,1,1,1986,21,21,21,21,21,21,21,21,21,21
61897,2,1,1986,0,0,0,0,0,0,0,0,0,0
61898,1,1,1986,0,0,0,0,0,0,0,0,0,0
61899,1,1,1986,23,23,23,23,23,23,23,23,23,23
61899,2,1,1986,0,0,0,0,0,0,0,0,0,0
61899,3,1,1986,0,0,0,4,0,0,0,0,0,0
61899,4,1,1986,0,0,0,0,0,0,0,0,0,0
61900,1,1,1986,0,0,0,0,0,0,0,0,0,0
61900,2,1,1986,0,0,0,0,0,0,0,0,0,0
61901,1,1,1986,0,12,0,0,0,0,0,0,0,0
61901,2,1,1986,15,15,15,15,15,15,15,15,15,15
61902,1,1,1986,0,0,0,0,0,0,0,0,0,0
61902,2,1,1986,0,0,0,0,0,0,0,0,0,0
61903,1,1,1986,0,0,0,0,0,0,0,0,0,0
61903,2,1,1986,0,0,0,0,0,0,0,0,0,0
61904,1,1,1986,0,0,0,0,0,0,0,0,0,0
61906,1,1,1986,0,0,0,0,0,0,0,0,0,0
61906,2,1,1986,0,0,0,0,0,0,0,0,0,0
61907,1,1,1986,0,0,0,0,0,0,0,0,0,0
61907,2,1,1986,0,0,0,0,0,0,0,0,0,27
61908,1,1,1986,0,0,0,0,0,0,0,0,0,0
61909,1,1,1986,39,39,39,39,39,39,39,39,39,39
61910,1,1,1986,12,0,0,0,20,10,0,0,0,0
61911,1,1,1986,16,0,5,0,0,0,0,5,0,0
61911,2,1,1986,0,0,0,0,0,0,0,0,0,12
61912,1,1,1986,0,0,0,0,0,0,0,0,0,0
61912,2,1,1986,0,0,0,0,0,0,0,0,0,0
61913,1,1,1986,14,14,14,14,14,14,14,14,14,14
61914,1,1,1986,21,21,21,21,21,21,21,21,21,21
61915,1,1,1986,0,0,0,0,0,0,0,0,0,0
61915,2,1,1986,0,0,0,0,0,0,0,0,0,0
61916,1,1,1986,0,0,0,0,8,0,0,0,0,0
61916,2,1,1986,0,0,0,0,0,0,0,0,0,0
61917,1,1,1986,0,0,0,0,0,0,0,0,0,0
61917,2,1,1986,0,0,0,0,0,0,0,0,0,0
61918,0,1,1986,0,0,0,0,0,0,0,0,0,0
61918,1,1,1986,0,0,0,0,0,0,0,0,0,0
61919,1,1,1986,20,13,0,6,15,17,0,0,9,0
61920,1,1,1986,21,0,8,0,0,15,0,10,0,0
61921,1,1,1986,0,0,0,0,0,0,0,0,0,0
61922,1,1,1986,23,23,23,23,23,23,23,23,23,23
61923,0,1,1986,0,0,0,0,0,0,0,0,0,0
61923,1,1,1986,0,0,0,0,0,0,0,0,0,0
61924,1,1,1986,9,0,0,4,20,0,18,0,0,0
61925,1,1,1986,0,0,0,0,0,0,0,0,0,0
61925,2,1,1986,0,0,0,0,26,0,0,0,0,0
61926,1,1,1986,0,0,0,0,0,0,0,0,0,0
61926,2,1,1986,0,0,0,0,0,0,0,0,0,0