ST_CASE,VEH_NO,PER_NO,YEAR,P1,P2,P3,P4,P5,P6,P7,P8,P9,P10
61927,0,1,1986,0,0,0,0,0,0,0,0,0,0
61927,1,1,1986,0,0,0,0,0,0,0,0,0,0
61928,1,1,1986,0,0,0,0,0,0,0,0,0,0
61928,2,1,1986,0,0,0,0,0,0,0,0,0,0
61929,0,1,1986,0,0,0,0,0,0,0,0,0,0
61929,1,1,1986,0,0,3,18,13,0,0,0,0,0
61930,0,1,1986,0,0,0,0,0,0,0,0,0,0
61930,1,1,1986,11,11,11,11,11,11,11,11,11,11
61931,1,1,1986,18,18,18,18,18,18,18,18,18,18
61932,1,1,1986,0,0,0,0,0,0,0,0,0,0
61932,2,1,1986,0,0,0,0,0,0,0,0,0,0
61932,3,1,1986,13,0,0,0,0,0,0,0,0,0
61932,4,1,1986,5,5,5,5,5,5,5,5,5,5
61933,1,1,1986,15,15,15,15,15,15,15,15,15,15
61934,1,1,1986,0,0,0,0,0,0,0,0,0,0
61935,1,1,1986,13,13,13,13,13,13,13,13,13,13
61936,1,1,1986,6,6,6,6,6,6,6,6,6,6
61937,1,1,1986,13,13,13,13,13,13,13,13,13,13
61938,1,1,1986,3,3,3,3,3,3,3,3,3,3
61938,2,1,1986,0,0,0,0,0,0,0,0,0,0
61939,1,1,1986,0,0,0,0,0,0,0,0,0,0
61940,1,1,1986,13,13,13,13,13,13,13,13,13,13
61941,1,1,1986,20,20,20,20,20,20,20,20,20,20
61941,2,1,1986,14,0,0,0,0,0,0,0,0,0
61942,1,1,1986,3,3,3,3,3,3,3,3,3,3
61943,1,1,1986,0,0,0,0,0,0,0,0,0,0
61943,2,1,1986,0,0,0,0,0,0,0,0,0,0
61944,1,1,1986,0,0,0,0,0,0,0,0,0,0
61944,2,1,1986,0,0,0,0,0,0,0,0,0,0
61945,1,1,1986,0,0,0,0,0,0,0,0,0,0
61945,2,1,1986,0,0,0,0,0,0,0,0,0,0
61946,1,1,1986,0,0,0,0,0,0,0,0,0,0
61947,1,1,1986,8,8,8,8,8,8,8,8,8,8
61947,2,1,1986,0,0,0,0,0,0,0,0,7,0
61948,1,1,1986,0,8,5,0,0,0,0,0,0,0
61949,1,1,1986,3,3,3,3,3,3,3,3,3,3
61950,0,1,1986,0,0,0,0,0,0,0,0,0,0
61950,1,1,1986,0,0,0,0,0,0,0,0,0,0
61951,0,1,1986,0,0,11,17,0,0,0,0,12,0
61951,1,1,1986,22,22,22,22,22,22,22,22,22,22
61952,1,1,1986,0,0,0,0,0,0,0,0,0,0
61952,2,1,1986,0,0,0,0,0,0,0,0,0,0
61953,0,1,1986,0,0,0,0,0,0,0,0,0,0
61953,1,1,1986,0,0,0,0,14,0,0,0,0,0
61954,1,1,1986,23,23,23,23,23,23,23,23,23,23
61955,0,1,1986,28,28,28,28,28,28,28,28,28,28
61955,1,1,1986,0,0,16,0,13,11,0,0,17,13
61956,1,1,1986,0,0,0,0,0,0,5,0,0,9
61956,2,1,1986,0,0,0,0,0,0,0,0,0,0
61957,1,1,1986,19,19,19,19,19,19,19,19,19,19
61958,1,1,1986,10,10,10,10,10,10,10,10,10,10
61959,0,1,1986,1,1,1,1,1,1,1,1,1,1
61959,1,1,1986,0,0,0,0,0,0,0,0,0,0
61959,2,1,1986,0,0,0,0,0,0,0,0,0,0
61960,0,1,1986,25,25,25,25,25,25,25,25,25,25
61960,1,1,1986,0,0,25,0,0,0,0,0,0,0
61961,1,1,1986,19,19,19,19,19,19,19,19,19,19
61962,1,1,1986,0,16,20,18,25,0,17,0,0,11
61963,1,1,1986,23,23,23,23,23,23,23,23,23,23
61964,1,1,1986,22,22,22,22,22,22,22,22,22,22
61965,1,1,1986,19,19,19,19,19,19,19,19,19,19
61966,0,1,1986,0,0,0,0,0,0,0,0,0,0
61966,1,1,1986,0,0,0,0,0,0,0,0,0,0
61967,1,1,1986,8,8,8,8,8,8,8,8,8,8
61968,1,1,1986,0,0,0,0,0,0,0,0,0,0
61968,2,1,1986,0,0,0,0,0,0,0,0,0,0
61969,1,1,1986,13,13,13,13,13,13,13,13,13,13
61970,1,1,1986,6,24,7,22,8,11,6,16,14,3
61971,1,1,1986,3,3,3,3,3,3,3,3,3,3
61971,2,1,1986,0,0,4,0,0,0,0,0,0,0
61972,1,1,1986,17,17,17,17,17,17,17,17,17,17
61973,0,2,1986,0,17,16,5,19,0,12,0,0,16
61973,1,1,1986,0,0,0,0,0,0,0,0,0,0
61974,1,1,1986,8,8,8,8,8,8,8,8,8,8
61975,1,1,1986,0,0,0,0,0,0,0,12,0,0
61975,2,1,1986,0,0,0,0,0,0,0,0,0,0
61976,1,1,1986,0,0,16,0,0,13,0,0,0,0
61977,1,1,1986,0,0,0,0,0,0,0,0,0,0
61978,0,1,1986,0,0,0,0,0,0,0,0,0,0
61978,1,1,1986,0,0,0,0,0,0,0,0,0,0
61979,1,1,1986,0,0,0,0,0,0,0,0,0,0
61979,2,1,1986,0,13,0,0,0,0,0,0,0,0
61980,1,1,1986,28,28,28,28,28,28,28,28,28,28
61981,1,1,1986,10,8,14,15,16,12,13,9,21,14
61982,1,1,1986,0,0,0,0,0,0,0,0,0,0
61983,0,1,1986,0,0,0,0,0,0,0,0,0,0
61983,1,1,1986,18,0,16,0,10,0,0,0,8,4
61984,1,1,1986,6,6,6,6,6,6,6,6,6,6
61985,1,1,1986,27,27,27,27,27,27,27,27,27,27
61986,1,1,1986,0,0,0,0,0,0,8,0,8,0
61987,1,1,1986,20,9,2,14,25,14,16,14,14,9
61987,2,1,1986,7,7,7,7,7,7,7,7,7,7
61988,1,1,1986,12,12,12,12,12,12,12,12,12,12
61988,2,1,1986,0,0,0,0,0,0,0,0,0,0
61989,1,1,1986,16,16,16,16,16,16,16,16,16,16
61990,1,1,1986,4,4,4,4,4,4,4,4,4,4
61991,1,1,1986,20,20,20,20,20,20,20,20,20,20
61992,0,1,1986,0,0,0,0,0,0,0,0,0,0
61992,1,1,1986,10,11,15,4,10,14,16,15,19,14
61993,1,1,1986,10,10,10,10,10,10,10,10,10,10
61994,1,1,1986,9,9,9,9,9,9,9,9,9,9
61994,2,1,1986,0,0,0,0,0,0,0,0,0,0
61994,3,1,1986,0,0,0,0,0,19,0,0,0,0
61994,4,1,1986,0,0,0,10,12,0,0,0,0,0
61995,1,1,1986,0,0,0,0,0,0,0,0,0,0
61995,2,1,1986,0,0,0,0,0,0,0,0,0,0
61995,3,1,1986,0,0,0,0,0,0,0,0,0,0
61996,1,1,1986,19,19,19,19,19,19,19,19,19,19
61997,1,1,1986,0,0,0,0,0,0,0,0,0,0
61997,2,1,1986,0,0,0,0,0,0,0,0,0,0
61998,1,1,1986,7,7,7,7,7,7,7,7,7,7
61999,1,1,1986,0,0,0,8,22,0,0,0,0,0
62000,1,1,1986,17,17,17,17,17,17,17,17,17,17
62001,0,1,1986,0,0,0,0,0,0,0,0,0,0
62001,1,1,1986,0,0,0,0,0,0,0,0,0,0
62002,1,1,1986,5,5,5,5,5,5,5,5,5,5
62003,0,1,1986,26,10,39,16,15,13,22,22,15,27
62003,1,1,1986,2,2,2,2,2,2,2,2,2,2
62004,0,1,1986,0,0,0,0,0,0,0,0,0,0
62004,1,1,1986,0,0,0,0,0,0,0,0,0,0
62005,1,1,1986,0,0,0,0,0,0,0,0,0,0
62005,2,1,1986,0,0,0,0,0,0,0,0,0,0
62006,0,1,1986,0,0,0,0,0,0,0,0,0,0
62006,1,1,1986,0,20,21,22,17,33,16,6,2,21
62007,1,1,1986,19,19,19,19,19,19,19,19,19,19
62008,1,1,1986,20,11,20,22,39,9,7,39,12,25
62009,1,1,1986,0,0,0,0,0,0,0,0,0,0
62009,2,1,1986,0,22,28,14,0,0,0,0,8,19
62010,0,1,1986,0,0,0,0,0,0,0,16,0,11
62010,1,1,1986,0,0,0,0,0,18,0,17,0,7
62011,1,1,1986,23,23,23,23,23,23,23,23,23,23
62012,1,1,1986,0,0,0,22,0,0,0,0,0,0
62013,1,1,1986,20,20,20,20,20,20,20,20,20,20
62014,0,1,1986,14,14,14,14,14,14,14,14,14,14
62014,1,1,1986,23,33,0,12,9,0,2,0,16,19
62015,1,1,1986,0,0,0,0,0,0,0,0,0,0
62015,2,1,1986,0,4,0,0,6,0,0,0,0,12
62016,1,1,1986,0,0,0,12,9,0,0,4,0,0
62017,1,1,1986,0,0,0,0,0,0,0,0,0,0
62018,0,1,1986,27,27,27,27,27,27,27,27,27,27
62018,1,1,1986,0,0,0,0,0,0,0,0,0,0
62019,1,1,1986,9,9,9,9,9,9,9,9,9,9
62019,2,1,1986,0,0,0,0,0,0,0,0,0,13
62020,1,1,1986,22,22,22,22,22,22,22,22,22,22
62020,2,1,1986,0,0,0,0,0,0,0,0,0,0
62021,1,1,1986,0,0,0,0,0,0,0,0,0,0
62022,1,1,1986,12,12,12,12,12,12,12,12,12,12
62023,1,1,1986,25,25,25,25,25,25,25,25,25,25
62024,1,1,1986,27,27,27,27,27,27,27,27,27,27
62024,2,1,1986,0,0,0,0,0,0,0,0,0,0
62024,3,1,1986,0,0,0,0,0,0,0,0,0,0
62025,1,1,1986,0,0,0,0,0,0,0,0,0,0
62025,2,1,1986,0,0,0,0,0,0,0,0,0,0
62026,1,1,1986,49,49,49,49,49,49,49,49,49,49
62026,2,1,1986,0,0,0,0,0,0,0,0,0,0
62027,1,1,1986,0,0,0,0,0,0,0,0,0,0
62028,1,1,1986,0,0,0,0,0,0,0,0,0,0
62028,2,1,1986,62,62,62,62,62,62,62,62,62,62
62029,1,1,1986,0,0,0,0,0,0,0,0,0,0
62029,2,1,1986,0,0,0,19,0,10,15,0,10,0
62029,3,1,1986,0,0,0,0,0,0,0,0,0,0
62030,1,1,1986,0,0,0,0,0,0,0,0,0,0
62031,1,1,1986,0,0,0,0,0,0,0,0,0,0
62031,2,1,1986,0,0,0,0,8,0,0,0,0,0
62032,0,1,1986,19,25,12,30,16,29,0,0,0,56
62032,1,1,1986,0,0,0,0,8,22,0,13,0,13
62033,0,1,1986,5,5,5,5,5,5,5,5,5,5
62033,1,1,1986,0,0,0,0,4,0,0,0,0,0
62034,0,1,1986,0,0,0,0,0,0,0,0,0,0
62034,1,1,1986,0,0,0,0,0,0,0,0,0,0
62035,0,1,1986,0,0,0,0,0,0,0,0,0,0
62035,0,2,1986,0,0,0,0,0,0,0,0,0,0
62035,1,1,1986,0,0,0,0,0,0,0,0,0,0
62036,1,1,1986,0,0,0,0,0,0,0,0,0,0
62037,1,1,1986,4,0,0,14,24,0,0,15,0,0
62038,1,1,1986,57,57,57,57,57,57,57,57,57,57
62038,2,1,1986,0,0,0,0,0,0,0,0,0,0
62039,1,1,1986,0,0,0,0,0,0,0,0,0,0
62040,1,1,1986,4,4,4,4,4,4,4,4,4,4
62040,2,1,1986,0,0,0,0,0,0,0,0,0,0
62040,3,1,1986,0,0,0,0,0,0,0,0,0,0
62041,1,1,1986,0,0,0,0,0,0,0,0,0,0
62041,2,1,1986,0,0,0,0,0,0,0,0,0,14
62042,1,1,1986,22,22,22,22,22,22,22,22,22,22
62042,2,1,1986,4,4,4,4,4,4,4,4,4,4
62043,1,1,1986,0,10,17,14,16,0,20,20,6,26
62044,1,1,1986,13,13,13,13,13,13,13,13,13,13
62045,1,1,1986,0,0,0,0,0,0,0,0,0,0
62046,1,1,1986,0,0,0,0,0,0,0,0,0,0
62046,2,1,1986,22,22,22,22,22,22,22,22,22,22
62047,1,1,1986,7,7,7,7,7,7,7,7,7,7
62047,2,1,1986,4,4,4,4,4,4,4,4,4,4
62048,1,1,1986,0,0,0,0,0,0,0,0,0,0
62049,1,1,1986,5,5,5,5,5,5,5,5,5,5
62049,2,1,1986,18,0,0,0,0,0,0,0,0,0
62050,1,1,1986,0,19,11,20,19,18,8,13,8,11
62051,1,1,1986,0,0,0,0,0,0,0,0,0,0
62052,1,1,1986,0,0,0,5,0,0,0,0,3,0
62052,2,1,1986,0,0,0,0,0,0,0,0,0,0
62053,0,1,1986,0,0,0,0,0,0,0,0,0,0
62053,1,1,1986,0,0,0,0,0,0,0,0,0,0
62054,1,1,1986,0,0,0,0,0,0,0,0,0,0
62054,2,1,1986,0,0,0,0,0,0,0,0,0,0
62055,0,1,1986,0,0,0,0,0,0,0,0,0,0
62055,1,1,1986,17,2,5,29,18,14,0,15,25,7
62056,1,1,1986,0,0,0,0,0,0,0,0,0,0
62056,2,1,1986,8,17,5,9,6,9,3,13,5,20
62057,1,1,1986,13,13,13,13,13,13,13,13,13,13
62058,1,1,1986,25,25,25,25,25,25,25,25,25,25
62058,2,1,1986,7,7,7,7,7,7,7,7,7,7
62059,1,1,1986,0,0,0,0,0,0,0,0,0,0
62059,2,1,1986,0,0,9,0,0,14,7,9,0,11
62060,1,1,1986,19,19,19,19,19,19,19,19,19,19
62061,1,1,1986,0,0,0,0,0,0,0,0,0,0
62062,0,1,1986,0,0,0,0,0,0,0,0,0,0
62062,1,1,1986,0,0,0,0,0,0,0,0,0,0
62063,0,1,1986,24,24,24,24,24,24,24,24,24,24
62063,1,1,1986,0,0,0,0,0,0,0,0,0,0
62064,1,1,1986,0,0,0,0,0,0,0,0,0,0
62065,1,1,1986,0,0,0,0,0,0,0,0,0,0
62065,2,1,1986,0,0,0,0,0,0,0,0,0,0
62065,3,1,1986,0,0,0,0,0,0,0,0,0,21
62065,4,1,1986,0,0,0,0,0,0,0,0,0,0
62066,1,1,1986,0,0,0,0,0,0,0,0,0,0
62066,2,1,1986,0,0,0,0,0,0,0,0,0,0
62067,0,1,1986,0,0,0,0,0,0,0,0,0,0
62067,1,1,1986,0,0,0,0,0,15,0,0,0,0
62068,1,1,1986,0,0,0,0,0,0,0,0,0,0
62069,1,1,1986,15,15,15,15,15,15,15,15,15,15
62069,2,1,1986,0,0,0,0,0,0,0,0,20,0
62070,1,1,1986,10,10,10,10,10,10,10,10,10,10
62070,2,1,1986,0,0,0,0,0,0,0,0,0,0
62070,3,1,1986,0,0,0,0,0,0,0,0,0,0
62071,1,1,1986,29,29,29,29,29,29,29,29,29,29
62071,2,1,1986,0,0,0,0,0,0,0,0,0,0
62072,1,1,1986,0,0,0,0,0,0,0,0,0,0
62073,0,1,1986,0,0,0,6,1,12,31,0,5,12
62073,1,1,1986,0,0,0,0,0,0,0,0,0,0
62073,2,1,1986,0,11,0,0,0,0,0,0,0,0
62074,1,1,1986,0,0,0,0,0,0,0,0,0,0
62074,2,1,1986,0,0,0,0,0,0,0,0,0,0
62075,0,1,1986,0,0,0,0,0,0,0,0,0,0
62075,1,1,1986,0,0,0,0,0,0,0,0,0,0
62076,1,1,1986,20,20,20,20,20,20,20,20,20,20
62077,0,1,1986,30,25,43,13,0,36,18,11,20,25
62077,1,1,1986,0,0,0,0,0,0,0,0,0,0
62078,1,1,1986,22,22,22,22,22,22,22,22,22,22
62079,0,1,1986,0,0,0,0,0,0,0,0,0,0
62079,1,1,1986,0,0,0,0,0,12,0,0,0,0
62080,0,1,1986,7,7,7,7,7,7,7,7,7,7
62080,1,1,1986,0,6,12,0,0,0,15,0,0,0
62081,1,1,1986,9,9,9,9,9,9,9,9,9,9
62081,2,1,1986,4,4,4,4,4,4,4,4,4,4
62082,1,1,1986,17,17,17,17,17,17,17,17,17,17
62083,1,1,1986,25,25,25,25,25,25,25,25,25,25
62084,1,1,1986,16,16,16,16,16,16,16,16,16,16
62085,1,1,1986,0,0,0,0,0,0,0,0,0,0
62086,1,1,1986,6,6,6,6,6,6,6,6,6,6
62086,2,1,1986,0,0,0,0,0,0,0,0,0,0
62087,1,1,1986,7,7,7,7,7,7,7,7,7,7
62087,2,1,1986,0,0,0,0,0,0,0,0,0,18
62088,1,1,1986,8,8,8,8,8,8,8,8,8,8
62088,2,1,1986,0,0,0,0,0,0,0,0,0,0
62089,1,1,1986,0,0,3,32,0,10,0,0,0,0
62090,1,1,1986,5,5,5,5,5,5,5,5,5,5
62090,2,1,1986,0,0,0,0,0,0,0,0,0,0
62091,1,1,1986,4,4,4,4,4,4,4,4,4,4
62091,2,1,1986,0,0,0,0,0,0,0,0,0,0
62092,1,1,1986,0,0,0,0,0,0,0,0,0,0
62092,2,1,1986,0,0,0,0,0,0,0,0,0,0
62092,3,1,1986,0,0,0,0,0,0,0,0,0,0
62093,1,1,1986,0,0,0,0,0,0,0,0,0,0
62094,1,1,1986,26,26,26,26,26,26,26,26,26,26
62095,1,1,1986,0,0,0,0,0,0,0,0,0,0
62096,1,1,1986,0,0,0,0,0,0,0,0,8,0
62096,2,1,1986,14,14,14,14,14,14,14,14,14,14
62097,1,1,1986,17,17,17,17,17,17,17,17,17,17
62098,1,1,1986,36,36,36,36,36,36,36,36,36,36
62098,2,1,1986,0,0,0,0,0,0,0,0,0,0
62099,1,1,1986,7,0,0,18,0,8,0,0,0,0
62099,2,1,1986,0,9,0,10,0,0,14,3,35,19
62100,1,1,1986,24,24,24,24,24,24,24,24,24,24
62100,2,1,1986,0,17,0,11,0,0,0,0,0,0
62100,3,1,1986,0,0,0,0,0,0,0,0,0,0
62101,1,1,1986,6,6,6,6,6,6,6,6,6,6
62101,2,1,1986,0,0,0,0,0,0,0,0,0,0
62102,1,1,1986,26,26,26,26,26,26,26,26,26,26
62103,1,1,1986,7,7,7,7,7,7,7,7,7,7
62104,1,1,1986,0,0,0,0,0,0,0,0,0,0
62104,2,1,1986,6,0,0,0,0,6,0,0,0,0
62105,1,1,1986,0,0,0,0,0,0,0,0,0,0
62105,2,1,1986,0,15,0,0,0,0,0,0,0,0
62106,1,1,1986,18,18,18,18,18,18,18,18,18,18
62107,0,1,1986,0,0,0,0,0,0,0,0,0,0
62107,1,1,1986,0,0,0,0,0,0,0,0,0,0
62108,1,1,1986,23,23,23,23,23,23,23,23,23,23
62109,1,1,1986,17,17,17,17,17,17,17,17,17,17
62110,1,1,1986,21,21,21,21,21,21,21,21,21,21
62110,2,1,1986,13,13,13,13,13,13,13,13,13,13
62111,1,1,1986,15,15,15,15,15,15,15,15,15,15
62112,1,1,1986,7,7,7,7,7,7,7,7,7,7
62112,2,1,1986,0,0,0,0,0,0,0,11,0,0
62113,1,1,1986,17,17,17,17,17,17,17,17,17,17
62114,1,1,1986,9,9,9,9,9,9,9,9,9,9
62114,2,1,1986,0,0,0,0,0,0,0,0,0,0
62115,1,1,1986,11,11,11,11,11,11,11,11,11,11
62116,1,1,1986,11,11,11,11,11,11,11,11,11,11
62117,1,1,1986,0,0,0,0,0,0,0,0,0,0
62117,2,1,1986,0,0,0,0,0,0,0,0,0,0
62118,1,1,1986,0,0,0,0,0,4,0,8,0,0
62119,1,1,1986,18,18,18,18,18,18,18,18,18,18
62120,1,1,1986,22,22,22,22,22,22,22,22,22,22
62121,1,1,1986,7,0,14,8,0,11,8,11,0,0
62121,2,1,1986,29,29,29,29,29,29,29,29,29,29
62122,1,1,1986,0,0,0,0,0,0,0,0,0,0
62122,2,1,1986,0,0,0,0,0,0,0,15,0,0
62123,0,1,1986,8,0,21,0,0,13,0,8,0,0
62123,1,1,1986,17,17,17,17,17,17,17,17,17,17
62124,1,1,1986,16,16,16,16,16,16,16,16,16,16
62124,2,1,1986,0,0,0,0,0,0,0,0,0,0
62125,0,1,1986,0,0,0,0,0,0,0,0,0,0
62125,1,1,1986,18,18,18,18,18,18,18,18,18,18
62126,1,1,1986,13,13,13,13,13,13,13,13,13,13
62127,1,1,1986,0,0,0,0,0,0,0,0,0,0
62128,1,1,1986,0,0,0,0,17,14,0,0,0,0
62128,2,1,1986,0,0,0,0,0,0,8,0,0,0
62129,1,1,1986,15,15,15,15,15,15,15,15,15,15
62130,1,1,1986,11,11,11,11,11,11,11,11,11,11
62131,1,1,1986,0,0,0,0,0,0,0,0,0,0
62132,0,1,1986,0,0,0,0,0,0,0,0,0,0
62132,1,1,1986,0,3,0,0,0,9,0,0,0,0
62133,0,1,1986,9,9,9,9,9,9,9,9,9,9
62133,1,1,1986,0,0,12,0,0,0,0,0,21,0
62134,1,1,1986,3,3,3,3,3,3,3,3,3,3
62135,0,1,1986,0,0,0,0,0,0,0,0,0,0
62135,1,1,1986,0,0,0,0,0,0,0,0,0,0
62136,1,1,1986,26,26,26,26,26,26,26,26,26,26
62136,2,1,1986,0,0,0,0,0,0,0,0,0,0
62136,3,1,1986,0,0,0,0,0,0,0,0,0,13
62137,1,1,1986,0,0,0,0,0,0,0,0,0,0
62138,1,1,1986,19,19,19,19,19,19,19,19,19,19
62138,2,1,1986,0,0,0,0,0,0,0,0,0,0
62139,1,1,1986,23,23,23,23,23,23,23,23,23,23
62139,2,1,1986,0,0,0,0,0,4,0,12,0,0
62140,1,1,1986,0,0,0,0,0,0,0,0,0,0
62140,2,1,1986,4,4,4,4,4,4,4,4,4,4
62141,1,1,1986,0,0,0,0,0,0,0,0,0,0
62141,2,1,1986,0,0,0,0,0,0,0,0,0,0
62142,0,1,1986,0,0,0,0,0,0,0,0,0,0
62142,1,1,1986,16,5,0,0,0,0,0,0,0,0
62143,1,1,1986,0,0,12,0,0,0,0,6,0,0
62143,2,1,1986,0,0,0,0,0,0,0,0,0,0
62144,1,1,1986,15,15,15,15,15,15,15,15,15,15
62145,0,1,1986,0,0,0,0,0,0,0,0,0,0
62145,1,1,1986,0,0,0,0,17,0,0,0,0,0
62146,1,1,1986,13,13,13,13,13,13,13,13,13,13
62146,2,1,1986,0,8,0,0,0,0,0,0,0,0
62147,1,1,1986,8,8,8,8,8,8,8,8,8,8
62147,2,1,1986,0,0,0,0,0,0,0,0,0,0
62148,0,1,1986,0,0,0,0,0,0,0,0,0,0
62148,1,1,1986,0,0,0,0,0,0,0,0,0,0
62149,1,1,1986,0,0,0,0,0,0,0,0,0,0
62150,1,1,1986,0,0,0,0,0,0,0,0,0,0
62150,2,1,1986,0,0,0,0,0,0,0,0,0,0
62151,1,1,1986,0,0,0,0,0,0,0,0,0,0
62152,1,1,1986,12,12,12,12,12,12,12,12,12,12
62153,1,1,1986,0,0,0,0,0,0,0,0,0,0
62153,2,1,1986,0,0,0,0,0,0,0,0,0,0
62154,1,1,1986,14,14,14,14,14,14,14,14,14,14
62154,2,1,1986,0,0,0,0,0,0,0,0,0,0
62155,1,1,1986,0,0,0,0,0,0,0,0,0,0
62156,1,1,1986,0,0,0,0,0,0,0,0,0,0
62156,2,1,1986,0,0,0,0,0,0,0,0,0,0
62157,0,1,1986,25,25,25,25,25,25,25,25,25,25
62157,1,1,1986,15,18,0,0,14,0,20,22,24,7
62158,1,1,1986,0,0,0,0,0,0,0,0,0,0
62158,2,1,1986,24,24,24,24,24,24,24,24,24,24
62160,1,1,1986,0,0,0,0,0,14,0,0,0,0
62161,1,1,1986,0,0,0,0,0,0,0,0,0,0
62161,2,1,1986,0,0,0,0,0,0,0,0,0,0
62162,0,1,1986,0,0,0,0,0,0,0,0,0,0
62162,0,2,1986,15,14,0,0,12,5,0,0,0,9
62162,1,1,1986,0,0,0,0,0,0,0,0,0,0
62163,1,1,1986,13,13,13,13,13,13,13,13,13,13
62164,1,1,1986,0,0,0,0,0,0,0,0,0,0
62164,2,1,1986,0,0,0,0,0,0,0,0,0,0
62165,0,1,1986,0,0,0,0,0,0,0,0,0,0
62165,1,1,1986,0,0,0,0,0,0,0,0,0,0
62166,0,1,1986,0,0,0,0,0,3,0,10,16,0
62166,1,1,1986,0,0,0,0,0,0,0,0,0,15
62167,0,1,1986,0,0,0,0,0,0,0,0,0,0
62167,1,1,1986,0,0,0,0,0,0,0,0,0,0
62168,0,1,1986,0,0,0,0,0,0,0,0,0,0
62168,1,1,1986,0,0,0,0,0,8,0,0,0,0
62169,1,1,1986,27,27,27,27,27,27,27,27,27,27
62170,1,1,1986,10,10,10,10,10,10,10,10,10,10
62171,0,1,1986,0,0,0,0,0,0,0,0,0,0
62171,1,1,1986,0,15,0,9,11,0,0,0,0,0
62172,1,1,1986,16,16,16,16,16,16,16,16,16,16
62173,1,1,1986,0,0,0,0,0,0,0,0,0,0
62173,2,1,1986,0,0,0,0,0,0,0,0,0,0
62174,1,1,1986,18,18,18,18,18,18,18,18,18,18
62174,2,1,1986,0,0,0,0,0,0,0,0,0,0
62175,0,1,1986,0,0,0,0,0,0,0,0,0,0
62175,0,2,1986,0,0,10,0,7,0,0,0,0,0
62175,1,1,1986,0,0,0,0,0,0,0,0,0,0
62175,2,1,1986,0,0,0,0,0,0,0,0,0,0
62176,1,1,1986,0,0,0,0,0,0,0,0,0,0
62176,2,1,1986,0,0,0,0,0,0,0,0,0,0
62177,1,1,1986,0,0,0,0,0,0,0,0,0,0
62177,2,1,1986,0,0,0,0,0,0,0,0,0,0
62178,1,1,1986,0,0,0,0,0,0,0,0,0,0
62178,2,1,1986,0,0,0,0,0,0,0,0,0,0
62179,0,1,1986,15,0,0,18,0,0,7,0,0,19
62179,0,2,1986,0,22,0,9,20,0,7,9,15,0
62179,1,1,1986,0,0,0,0,0,0,0,0,0,0
62180,1,1,1986,13,13,13,13,13,13,13,13,13,13
62180,2,1,1986,0,0,0,0,0,0,0,0,0,0
62180,3,1,1986,0,0,0,0,0,0,0,0,0,0
62181,1,1,1986,0,0,0,0,0,0,0,0,0,0
62182,1,1,1986,0,0,0,0,0,0,0,0,0,0
62182,2,1,1986,16,0,0,0,0,0,0,0,0,0
62183,1,1,1986,0,0,0,0,0,0,0,0,0,0
62183,2,1,1986,0,0,0,0,0,0,0,0,0,0
62184,1,1,1986,24,24,24,24,24,24,24,24,24,24
62185,1,1,1986,16,16,16,16,16,16,16,16,16,16
62186,1,1,1986,16,16,16,16,16,16,16,16,16,16
62186,2,1,1986,0,0,0,0,0,0,0,4,0,0
62187,1,1,1986,23,23,23,23,23,23,23,23,23,23
62187,2,1,1986,0,0,0,0,0,0,0,0,0,0
62188,0,1,1986,0,0,0,0,0,0,0,0,0,0
62188,1,1,1986,8,2,12,17,18,15,19,15,19,17
62189,1,1,1986,9,10,8,11,18,15,12,10,16,5
62189,2,1,1986,0,0,0,0,0,0,0,0,0,0
62190,1,1,1986,0,0,0,0,0,0,0,0,0,0
62191,1,1,1986,0,0,0,0,0,0,0,0,0,0
62192,1,1,1986,7,0,0,0,0,0,19,0,0,0
62193,1,1,1986,26,26,26,26,26,26,26,26,26,26
62194,1,1,1986,0,0,0,0,0,0,0,0,0,0
62194,2,1,1986,18,0,9,0,0,0,0,0,0,0
62195,1,1,1986,0,0,0,0,0,0,0,0,0,0
62195,2,1,1986,0,0,0,0,21,0,0,0,0,0
62196,1,1,1986,5,5,5,5,5,5,5,5,5,5
62197,1,1,1986,19,19,19,19,19,19,19,19,19,19
62198,1,1,1986,23,23,23,23,23,23,23,23,23,23
62198,2,1,1986,0,0,0,0,0,14,0,0,0,0
62199,1,1,1986,17,17,17,17,17,17,17,17,17,17
62200,1,1,1986,12,0,0,7,0,0,14,0,0,0
62200,2,1,1986,6,6,6,6,6,6,6,6,6,6
62201,1,1,1986,25,25,25,25,25,25,25,25,25,25
62202,0,1,1986,0,0,0,0,0,0,0,0,0,0
62202,1,1,1986,14,24,9,0,0,18,29,27,5,23
62202,2,1,1986,0,0,0,14,0,0,0,0,0,0
62203,1,1,1986,0,0,0,0,0,0,0,0,0,0
62203,2,1,1986,0,0,0,0,15,0,0,0,0,0
62204,1,1,1986,27,27,27,27,27,27,27,27,27,27
62205,1,1,1986,0,12,0,0,0,0,29,0,0,0
62205,2,1,1986,0,6,0,0,0,0,0,0,0,0
62206,1,1,1986,0,0,0,0,0,0,0,0,0,0
62206,2,1,1986,0,25,0,0,0,0,7,21,4,8
62207,1,1,1986,15,0,18,16,26,27,13,12,39,14
62208,1,1,1986,10,10,10,10,10,10,10,10,10,10
62208,2,1,1986,0,0,0,0,0,0,0,0,0,0
62209,1,1,1986,22,22,22,22,22,22,22,22,22,22
62210,1,1,1986,20,20,20,20,20,20,20,20,20,20
62211,0,1,1986,0,0,0,0,0,0,0,0,0,0
62211,1,1,1986,0,6,4,13,0,33,0,0,0,9
62212,0,1,1986,0,0,0,0,0,0,0,0,0,0
62212,1,1,1986,0,0,0,0,0,0,0,0,0,0
62213,1,1,1986,7,7,7,7,7,7,7,7,7,7
62214,1,1,1986,9,9,9,9,9,9,9,9,9,9
62215,1,1,1986,0,0,0,0,0,0,0,0,0,0
62216,1,1,1986,0,0,0,0,0,0,0,0,0,0