ST_CASE,VEH_NO,PER_NO,YEAR,P1,P2,P3,P4,P5,P6,P7,P8,P9,P10
62217,1,1,1986,0,0,0,0,0,0,0,0,0,0
62218,0,1,1986,0,0,0,0,0,0,0,0,0,0
62218,1,1,1986,0,0,0,0,0,0,0,0,0,0
62220,0,1,1986,13,13,13,13,13,13,13,13,13,13
62220,0,2,1986,0,9,7,21,0,22,6,14,29,18
62220,1,1,1986,0,0,0,0,0,0,0,0,0,0
62221,1,1,1986,0,0,0,0,0,0,0,0,0,0
62222,1,1,1986,15,15,15,15,15,15,15,15,15,15
62223,0,1,1986,11,11,11,11,11,11,11,11,11,11
62223,1,1,1986,6,15,0,0,6,0,0,0,0,0
62224,1,1,1986,0,0,0,0,0,0,0,0,0,0
62225,1,1,1986,8,8,8,8,8,8,8,8,8,8
62226,1,1,1986,0,0,0,0,0,0,0,0,0,0
62227,1,1,1986,0,0,0,0,0,0,0,0,0,0
62228,1,1,1986,18,18,18,18,18,18,18,18,18,18
62229,1,1,1986,0,0,0,0,0,0,0,0,0,0
62230,0,1,1986,0,0,0,0,0,0,0,0,0,0
62230,1,1,1986,0,8,0,9,13,14,19,0,10,38
62231,1,1,1986,0,0,0,0,0,0,0,0,0,0
62231,2,1,1986,0,0,0,0,0,0,0,0,0,0
62232,1,1,1986,11,11,11,11,11,11,11,11,11,11
62233,0,1,1986,0,0,0,0,0,0,0,0,0,0
62233,1,1,1986,0,0,0,0,0,0,0,0,0,0
62234,1,1,1986,15,15,15,15,15,15,15,15,15,15
62234,2,1,1986,0,0,0,0,0,0,0,0,0,10
62234,3,1,1986,0,0,0,0,0,0,0,0,0,0
62234,4,1,1986,0,10,0,0,0,0,0,0,0,0
62235,1,1,1986,30,30,30,30,30,30,30,30,30,30
62236,1,1,1986,0,0,0,0,0,0,0,0,0,0
62236,2,1,1986,4,0,0,0,0,0,0,0,0,0
62237,0,1,1986,0,0,0,0,0,0,0,0,0,0
62237,1,1,1986,0,0,0,0,0,0,0,0,0,0
62238,1,1,1986,0,0,0,0,0,0,0,0,0,0
62238,2,1,1986,0,0,0,0,0,0,0,0,0,0
62238,3,1,1986,0,0,0,0,0,0,0,0,0,0
62239,1,1,1986,0,0,0,0,0,0,0,0,0,0
62240,1,1,1986,0,0,0,0,0,0,0,0,0,0
62240,2,1,1986,0,0,0,0,0,0,0,0,0,0
62241,0,1,1986,0,0,0,0,0,0,0,0,0,0
62241,1,1,1986,0,0,0,0,0,0,0,0,0,0
62242,1,1,1986,0,0,0,0,0,0,0,0,0,0
62242,2,1,1986,0,0,0,0,0,0,0,0,0,0
62243,1,1,1986,0,0,0,0,0,0,0,0,0,0
62244,1,1,1986,25,25,25,25,25,25,25,25,25,25
62245,0,1,1986,0,0,0,0,0,0,0,0,0,0
62245,1,1,1986,0,0,0,0,0,0,0,0,0,0
62246,0,1,1986,0,0,0,0,0,0,0,0,0,0
62246,1,1,1986,0,5,0,0,0,0,0,0,0,0
62248,1,1,1986,17,17,17,17,17,17,17,17,17,17
62248,2,1,1986,0,0,0,0,0,0,0,0,0,0
62248,3,1,1986,13,0,0,0,0,0,5,0,0,0
62249,1,1,1986,14,14,14,14,14,14,14,14,14,14
62250,1,1,1986,11,11,11,11,11,11,11,11,11,11
62250,2,1,1986,10,10,10,10,10,10,10,10,10,10
62251,1,1,1986,13,20,20,21,5,23,34,22,12,15
62251,2,1,1986,21,0,13,8,30,37,10,10,15,13
62251,3,1,1986,8,0,7,0,0,0,0,0,0,0
62252,1,1,1986,0,0,0,0,0,0,0,0,0,0
62252,2,1,1986,0,0,0,0,0,0,0,0,0,0
62253,1,1,1986,0,0,0,0,0,0,0,0,0,0
62254,0,1,1986,0,0,0,0,0,0,0,0,0,0
62254,1,1,1986,0,0,2,0,0,0,0,0,0,0
62255,1,1,1986,0,0,0,0,0,0,2,0,0,0
62256,1,1,1986,16,16,16,16,16,16,16,16,16,16
62256,2,1,1986,0,0,0,0,0,0,0,0,0,0
62257,1,1,1986,0,0,0,0,0,0,0,0,0,0
62257,2,1,1986,0,0,0,0,0,0,0,0,0,0
62258,1,1,1986,4,4,4,4,4,4,4,4,4,4
62258,2,1,1986,0,0,0,0,0,0,0,0,0,0
62259,1,1,1986,19,19,19,19,19,19,19,19,19,19
62260,1,1,1986,5,5,5,5,5,5,5,5,5,5
62261,1,1,1986,13,13,13,13,13,13,13,13,13,13
62262,1,1,1986,11,0,17,3,15,28,12,16,8,20
62263,1,1,1986,11,11,11,11,11,11,11,11,11,11
62264,1,1,1986,9,9,9,9,9,9,9,9,9,9
62265,1,1,1986,13,13,13,13,13,13,13,13,13,13
62266,1,1,1986,0,0,0,0,0,0,0,0,0,0
62267,1,1,1986,9,0,0,0,0,0,9,0,0,0
62268,1,1,1986,25,25,25,25,25,25,25,25,25,25
62269,1,1,1986,17,17,17,17,17,17,17,17,17,17
62270,1,1,1986,0,0,0,0,0,0,0,0,0,0
62271,1,1,1986,9,9,9,9,9,9,9,9,9,9
62272,1,1,1986,15,10,5,10,8,20,10,22,9,15
62273,1,1,1986,0,0,0,0,0,0,0,0,0,0
62274,1,1,1986,0,0,0,0,0,0,0,0,0,0
62275,1,1,1986,14,14,14,14,14,14,14,14,14,14
62276,1,1,1986,4,4,4,4,4,4,4,4,4,4
62276,2,1,1986,0,0,18,0,0,0,0,0,0,0
62277,1,1,1986,0,0,0,0,0,0,0,0,0,0
62278,0,1,1986,0,0,0,0,0,0,0,0,0,0
62278,1,1,1986,0,0,27,0,0,0,13,10,0,0
62279,1,1,1986,0,0,0,0,0,0,0,0,0,0
62279,2,1,1986,0,0,0,0,3,0,0,0,0,0
62280,0,1,1986,0,0,0,0,0,0,0,0,0,0
62280,1,1,1986,31,11,22,25,8,9,5,22,12,19
62281,1,1,1986,0,0,0,0,0,0,0,0,0,0
62282,1,1,1986,15,15,15,15,15,15,15,15,15,15
62282,2,1,1986,4,0,0,0,0,0,0,0,0,0
62283,0,1,1986,0,0,0,0,0,0,0,0,0,0
62283,1,1,1986,24,20,0,0,18,0,0,0,0,0
62284,1,1,1986,15,15,15,15,15,15,15,15,15,15
62285,1,1,1986,13,13,13,13,13,13,13,13,13,13
62286,1,1,1986,0,0,0,0,0,0,0,0,0,0
62287,0,1,1986,0,0,0,0,0,0,0,0,0,0
62287,1,1,1986,0,0,0,0,0,0,0,0,0,0
62288,1,1,1986,0,0,0,0,0,0,0,0,0,0
62288,2,1,1986,0,0,0,0,0,0,0,0,0,0
62289,0,1,1986,0,0,0,0,0,0,0,0,0,0
62289,1,1,1986,0,0,0,0,0,0,0,0,0,0
62290,1,1,1986,10,44,15,9,25,21,16,41,11,24
62291,1,1,1986,28,12,19,12,24,20,16,21,17,17
62291,2,1,1986,0,0,0,0,0,0,0,0,0,0
62292,1,1,1986,0,0,0,0,0,13,0,24,21,8
62293,1,1,1986,4,4,4,4,4,4,4,4,4,4
62293,2,1,1986,0,0,0,0,0,0,0,0,0,0
62294,1,1,1986,0,0,0,0,0,0,0,0,0,0
62294,2,1,1986,14,0,26,11,0,31,17,5,21,17
62295,1,1,1986,26,26,26,26,26,26,26,26,26,26
62296,1,1,1986,15,15,15,15,15,15,15,15,15,15
62297,0,1,1986,0,0,0,0,0,0,0,0,0,0
62297,1,1,1986,0,0,0,0,0,0,0,0,0,0
62298,1,1,1986,15,15,15,15,15,15,15,15,15,15
62298,2,1,1986,0,0,10,0,24,7,0,5,15,6
62298,3,1,1986,0,0,0,0,0,0,0,0,0,0
62298,4,1,1986,0,0,0,0,16,0,0,6,0,0
62298,5,1,1986,0,0,0,0,0,0,0,0,0,0
62299,1,1,1986,7,7,7,7,7,7,7,7,7,7
62300,1,1,1986,2,2,2,2,2,2,2,2,2,2
62301,0,1,1986,0,0,0,0,0,0,0,0,0,0
62301,1,1,1986,0,0,0,0,0,0,0,0,0,23
62302,1,1,1986,19,19,19,19,19,19,19,19,19,19
62303,1,1,1986,0,0,0,0,0,0,0,0,0,0
62303,2,1,1986,0,0,0,0,0,0,0,0,0,0
62304,1,1,1986,0,0,0,0,0,0,0,0,0,0
62304,2,1,1986,0,0,0,0,0,0,0,0,0,0
62305,1,1,1986,0,0,0,0,0,0,0,0,0,0
62305,2,1,1986,0,0,0,0,0,0,0,0,0,0
62306,0,1,1986,0,0,0,0,0,0,0,0,0,0
62306,1,1,1986,0,0,0,8,0,0,0,0,0,19
62307,1,1,1986,16,16,16,16,16,16,16,16,16,16
62308,1,1,1986,0,0,0,0,0,0,0,0,0,0
62308,2,1,1986,0,0,0,0,0,0,0,0,0,0
62309,1,1,1986,0,0,0,0,0,0,0,0,0,0
62309,2,1,1986,0,0,0,0,0,0,0,0,0,0
62310,1,1,1986,0,0,0,0,0,0,0,0,0,0
62311,1,1,1986,0,0,0,0,0,0,0,0,0,0
62311,2,1,1986,0,15,0,10,0,0,0,0,0,0
62313,1,1,1986,21,21,21,21,21,21,21,21,21,21
62314,1,1,1986,0,21,0,21,0,1,0,0,26,11
62314,2,1,1986,0,0,0,0,0,0,0,0,0,0
62315,1,1,1986,0,0,0,0,0,0,0,0,0,0
62316,1,1,1986,7,16,11,0,0,0,0,0,0,0
62317,1,1,1986,0,0,0,0,6,0,18,0,0,0
62318,1,1,1986,23,0,48,5,0,0,0,3,9,0
62319,0,1,1986,0,0,0,0,6,0,25,0,0,0
62319,1,1,1986,0,0,0,0,0,0,0,0,0,0
62320,1,1,1986,0,0,0,0,0,0,0,0,0,0
62321,1,1,1986,0,0,0,0,0,0,0,0,0,0
62321,2,1,1986,0,0,0,0,0,0,0,0,0,0
62322,0,1,1986,0,0,0,0,0,0,0,0,0,0
62322,1,1,1986,0,0,0,0,0,0,0,0,0,0
62323,1,1,1986,0,0,0,0,0,0,0,0,0,0
62323,2,1,1986,0,0,0,0,0,0,0,0,0,6
62324,1,1,1986,0,0,0,0,0,0,0,0,0,0
62324,2,1,1986,0,0,0,0,0,0,0,0,0,0
62325,1,1,1986,18,17,30,0,8,0,0,29,0,17
62326,1,1,1986,30,20,14,13,0,0,0,0,0,16
62327,1,1,1986,0,0,0,0,0,0,0,0,0,0
62328,1,1,1986,0,0,0,0,0,0,0,0,0,0
62328,2,1,1986,0,0,0,0,0,0,0,0,0,0
62329,0,1,1986,0,0,0,0,0,0,0,0,0,0
62329,1,1,1986,0,0,0,0,0,0,0,0,0,0
62330,0,1,1986,0,0,0,0,0,0,0,0,0,0
62330,1,1,1986,0,0,0,0,0,0,0,0,0,0
62331,1,1,1986,4,4,4,4,4,4,4,4,4,4
62332,1,1,1986,0,0,0,0,0,0,0,0,0,0
62333,1,1,1986,18,18,18,18,18,18,18,18,18,18
62334,1,1,1986,20,16,14,29,0,10,13,25,16,25
62335,1,1,1986,0,0,0,0,17,0,0,0,0,0
62335,2,1,1986,8,0,18,30,19,0,0,0,7,15
62336,0,1,1986,0,0,0,0,0,0,0,0,0,0
62336,1,1,1986,0,0,0,16,0,0,0,0,0,0
62337,1,1,1986,21,21,21,21,21,21,21,21,21,21
62337,2,1,1986,0,0,0,0,0,0,0,0,0,0
62338,1,1,1986,5,0,0,0,0,0,0,0,0,0
62339,1,1,1986,12,12,12,12,12,12,12,12,12,12
62340,0,1,1986,0,0,0,0,0,0,0,0,0,0
62340,1,1,1986,0,0,0,0,0,0,0,0,0,0
62341,1,1,1986,7,7,7,7,7,7,7,7,7,7
62341,2,1,1986,0,0,11,0,0,0,0,0,0,0
62342,1,1,1986,15,10,16,25,3,0,2,37,13,9
62343,0,1,1986,32,32,32,32,32,32,32,32,32,32
62343,1,1,1986,15,0,0,16,0,0,34,8,0,0
62344,1,1,1986,20,20,20,20,20,20,20,20,20,20
62345,1,1,1986,0,0,0,0,0,0,0,0,0,0
62346,1,1,1986,0,10,0,0,9,29,0,0,21,0
62347,0,1,1986,0,0,0,0,0,0,0,0,0,0
62347,1,1,1986,0,0,0,0,0,0,0,0,0,0
62348,1,1,1986,3,3,3,3,3,3,3,3,3,3
62348,2,1,1986,11,11,11,11,11,11,11,11,11,11
62349,1,1,1986,3,3,3,3,3,3,3,3,3,3
62350,1,1,1986,0,0,0,0,0,0,0,0,0,0
62351,0,1,1986,13,13,13,13,13,13,13,13,13,13
62351,1,1,1986,0,0,0,0,4,0,0,0,0,0
62352,0,1,1986,0,0,0,0,0,0,0,0,0,0
62352,1,1,1986,0,0,0,0,0,16,6,0,0,14
62353,1,1,1986,15,15,15,15,15,15,15,15,15,15
62354,0,1,1986,0,0,0,0,0,0,0,0,0,0
62354,1,1,1986,0,0,0,0,0,0,0,0,0,0
62355,0,1,1986,0,0,0,0,0,0,0,0,0,0
62355,1,1,1986,0,0,0,0,0,0,0,0,0,0
62356,1,1,1986,33,33,33,33,33,33,33,33,33,33
62357,0,1,1986,16,16,16,16,16,16,16,16,16,16
62357,1,1,1986,0,0,0,0,0,0,0,0,0,0
62358,0,1,1986,0,0,0,0,0,0,0,0,0,0
62358,1,1,1986,0,15,4,0,8,9,0,0,20,15
62359,1,1,1986,0,0,0,0,0,0,0,0,0,0
62360,1,1,1986,0,0,0,0,0,0,0,0,0,0
62361,1,1,1986,0,0,0,0,0,0,0,0,0,0
62361,2,1,1986,0,0,0,0,0,0,0,0,0,0
62361,3,1,1986,0,0,0,0,0,0,0,0,0,0
62362,1,1,1986,0,0,0,0,0,0,0,0,0,0
62362,2,1,1986,0,0,0,0,0,0,0,0,0,0
62363,0,1,1986,0,0,0,0,0,0,0,0,0,0
62363,0,2,1986,0,0,0,0,0,0,0,0,0,0
62363,1,1,1986,0,0,0,0,0,0,0,0,0,13
62364,1,1,1986,5,5,5,5,5,5,5,5,5,5
62364,2,1,1986,0,0,0,0,0,0,0,0,0,0
62365,1,1,1986,0,0,0,0,0,0,0,0,0,0
62366,1,1,1986,0,0,0,0,0,0,0,0,0,0
62366,2,1,1986,0,0,0,0,0,17,10,0,0,0
62367,1,1,1986,0,0,0,0,0,0,0,0,0,0
62368,0,1,1986,0,0,0,0,0,0,0,0,0,0
62368,1,1,1986,0,0,24,19,0,0,0,0,0,0
62369,1,1,1986,0,0,0,0,0,0,0,0,0,0
62370,1,1,1986,12,12,12,12,12,12,12,12,12,12
62371,1,1,1986,0,0,0,0,0,0,0,0,0,0
62372,1,1,1986,8,8,8,8,8,8,8,8,8,8
62373,0,1,1986,0,0,0,0,0,0,0,0,0,0
62373,1,1,1986,0,0,0,0,0,0,0,0,0,0
62374,0,1,1986,0,0,0,0,0,0,0,0,0,0
62374,1,1,1986,0,0,0,0,0,0,0,15,0,0
62375,1,1,1986,0,0,0,0,0,0,0,0,0,0
62375,2,1,1986,0,0,0,0,0,0,0,0,0,0
62376,0,1,1986,11,11,11,11,11,11,11,11,11,11
62376,1,1,1986,0,14,0,0,0,0,0,0,0,0
62377,1,1,1986,28,28,28,28,28,28,28,28,28,28
62378,1,1,1986,7,7,7,7,7,7,7,7,7,7
62379,1,1,1986,0,0,0,0,0,0,0,0,0,0
62380,1,1,1986,0,0,0,0,0,0,0,0,0,0
62380,2,1,1986,0,0,0,0,0,0,0,0,0,0
62381,1,1,1986,0,0,0,0,0,0,0,0,0,0
62382,1,1,1986,6,6,6,6,6,6,6,6,6,6
62383,1,1,1986,0,0,0,0,0,0,0,0,0,0
62383,2,1,1986,0,0,0,0,0,0,0,0,0,0
62384,1,1,1986,0,0,0,0,0,0,0,0,0,0
62384,2,1,1986,9,5,0,0,0,0,4,5,0,0
62385,1,1,1986,29,29,29,29,29,29,29,29,29,29
62386,1,1,1986,22,22,22,22,22,22,22,22,22,22
62387,0,1,1986,0,0,0,0,0,0,0,0,0,0
62387,1,1,1986,0,0,0,0,0,0,0,14,0,0
62388,1,1,1986,16,16,16,16,16,16,16,16,16,16
62388,2,1,1986,0,0,0,0,0,0,0,0,0,0
62389,1,1,1986,8,8,8,8,8,8,8,8,8,8
62390,1,1,1986,5,5,5,5,5,5,5,5,5,5
62391,1,1,1986,0,0,0,0,0,0,0,0,0,0
62391,2,1,1986,0,0,0,0,0,0,0,0,0,0
62392,1,1,1986,16,0,11,0,12,12,0,0,21,8
62393,1,1,1986,0,0,0,0,0,0,0,0,0,0
62394,1,1,1986,10,10,10,10,10,10,10,10,10,10
62395,1,1,1986,14,8,18,13,8,30,25,22,11,19
62396,1,1,1986,0,0,0,0,0,0,0,0,0,0
62396,2,1,1986,0,0,0,0,0,0,0,0,0,0
62397,1,1,1986,0,0,0,0,0,0,0,0,0,0
62397,2,1,1986,0,7,0,0,9,0,0,0,0,0
62398,1,1,1986,18,18,18,18,18,18,18,18,18,18
62398,2,1,1986,0,0,0,0,0,0,0,0,0,0
62399,1,1,1986,11,15,24,22,0,19,17,15,0,40
62400,1,1,1986,0,0,0,0,0,0,0,0,0,0
62401,0,1,1986,0,0,0,0,0,0,0,0,0,0
62401,1,1,1986,18,15,37,13,15,10,6,2,21,2
62402,0,1,1986,0,0,0,0,0,0,0,0,0,0
62402,1,1,1986,18,0,0,22,0,0,0,0,0,0
62403,2,1,1986,0,0,0,0,0,0,0,0,0,0
62404,0,1,1986,12,0,20,17,10,15,17,0,11,8
62404,0,2,1986,36,8,0,0,13,8,13,0,19,10
62404,1,1,1986,24,0,21,10,7,0,14,0,9,12
62405,1,1,1986,3,3,3,3,3,3,3,3,3,3
62406,1,1,1986,6,6,6,6,6,6,6,6,6,6
62407,1,1,1986,0,0,0,0,0,0,0,0,0,0
62407,2,1,1986,0,0,0,0,0,0,0,0,0,0
62407,3,1,1986,0,0,0,0,0,12,0,0,0,0
62407,4,1,1986,0,0,0,0,2,0,0,0,0,0
62408,1,1,1986,0,0,0,0,0,0,0,0,0,0
62409,1,1,1986,14,14,14,14,14,14,14,14,14,14
62409,2,1,1986,9,9,9,9,9,9,9,9,9,9
62410,0,1,1986,0,0,0,0,0,0,0,0,0,0
62410,1,1,1986,0,0,0,0,0,5,0,0,0,0
62411,0,1,1986,0,0,0,0,0,0,0,0,0,0
62411,1,1,1986,0,0,0,0,0,9,0,0,0,0
62412,1,1,1986,4,4,4,4,4,4,4,4,4,4
62413,1,1,1986,28,28,28,28,28,28,28,28,28,28
62413,2,1,1986,18,18,18,18,18,18,18,18,18,18
62414,0,1,1986,0,0,0,0,0,0,0,0,0,0
62414,1,1,1986,0,0,0,0,0,0,0,0,0,0
62415,1,1,1986,15,15,15,15,15,15,15,15,15,15
62416,0,1,1986,0,0,0,0,0,0,0,0,0,0
62416,1,1,1986,0,0,0,0,0,0,0,0,0,0
62417,0,1,1986,0,0,0,0,0,0,0,0,0,0
62417,0,2,1986,0,0,0,0,0,0,0,0,0,0
62417,1,1,1986,19,19,19,19,19,19,19,19,19,19
62418,0,1,1986,0,0,0,0,0,0,0,0,0,0
62418,1,1,1986,0,0,0,0,0,0,0,18,0,0
62419,1,1,1986,24,15,0,0,12,15,0,0,0,0
62420,1,1,1986,0,0,0,0,0,0,0,0,0,0
62420,2,1,1986,0,0,0,0,0,0,0,0,0,0
62421,1,1,1986,16,16,16,16,16,16,16,16,16,16
62421,2,1,1986,24,0,30,0,0,0,20,0,0,0
62422,1,1,1986,12,12,12,12,12,12,12,12,12,12
62423,1,1,1986,31,31,31,31,31,31,31,31,31,31
62424,1,1,1986,0,0,0,0,0,0,0,0,0,0
62425,1,1,1986,0,0,0,0,0,0,0,0,0,0
62425,2,1,1986,0,0,0,0,0,16,0,0,0,0
62426,1,1,1986,4,4,4,4,4,4,4,4,4,4
62426,2,1,1986,0,0,0,0,0,0,0,0,0,0
62427,1,1,1986,0,0,0,0,0,2,0,0,0,0
62428,1,1,1986,0,0,0,0,0,0,0,0,0,0
62428,2,1,1986,11,11,11,11,11,11,11,11,11,11
62429,1,1,1986,22,22,22,22,22,22,22,22,22,22
62430,0,1,1986,17,17,17,17,17,17,17,17,17,17
62430,1,1,1986,0,0,8,0,23,0,0,0,21,0
62431,1,1,1986,0,0,0,0,0,0,0,0,0,0
62432,1,1,1986,2,2,2,2,2,2,2,2,2,2
62433,0,1,1986,20,20,20,20,20,20,20,20,20,20
62433,1,1,1986,7,12,17,17,28,0,27,11,26,0
62434,1,1,1986,22,22,22,22,22,22,22,22,22,22
62434,2,1,1986,0,0,0,0,0,0,0,0,0,0
62435,1,1,1986,0,0,0,0,0,0,0,0,0,0
62436,1,1,1986,0,0,0,0,0,0,0,0,0,0
62436,2,1,1986,22,22,22,22,22,22,22,22,22,22
62437,1,1,1986,0,0,0,0,0,0,0,0,0,0
62437,2,1,1986,0,0,0,0,0,0,0,0,0,0
62438,1,1,1986,0,0,0,0,0,0,0,0,0,0
62438,2,1,1986,2,2,2,2,2,2,2,2,2,2
62439,0,1,1986,0,0,0,0,0,0,0,0,0,0
62439,1,1,1986,11,13,0,31,30,15,0,14,0,0
62440,1,1,1986,0,0,9,0,0,0,0,0,0,0
62440,2,1,1986,0,0,0,0,0,0,0,0,0,0
62441,1,1,1986,0,12,29,19,24,14,14,29,13,26
62442,1,1,1986,16,16,16,16,16,16,16,16,16,16
62443,1,1,1986,0,0,0,0,0,0,0,0,0,0
62443,2,1,1986,0,0,0,0,0,0,0,0,0,0
62444,1,1,1986,25,25,25,25,25,25,25,25,25,25
62444,2,1,1986,0,0,0,0,0,0,0,0,0,0
62444,3,1,1986,0,0,0,0,0,0,0,0,0,0
62445,1,1,1986,25,25,25,25,25,25,25,25,25,25
62446,0,1,1986,0,0,17,17,0,0,0,27,0,24
62446,1,1,1986,0,0,0,0,0,0,0,8,0,0
62447,1,1,1986,0,0,0,0,0,0,0,14,0,0
62448,1,1,1986,0,0,0,0,0,0,0,0,0,0
62449,1,1,1986,0,0,0,0,0,0,0,0,0,0
62449,2,1,1986,0,0,0,0,0,0,0,0,0,0
62450,1,1,1986,22,22,22,22,22,22,22,22,22,22
62451,0,1,1986,22,22,22,22,22,22,22,22,22,22
62451,1,1,1986,0,0,0,0,0,0,0,0,0,7
62452,0,1,1986,14,14,14,14,14,14,14,14,14,14
62452,1,1,1986,0,0,0,0,0,0,0,0,0,0
62453,1,1,1986,0,0,0,0,0,0,0,0,0,0
62453,2,1,1986,4,0,0,0,6,7,0,5,0,0
62454,1,1,1986,11,19,15,0,9,34,17,20,11,12
62454,2,1,1986,0,0,0,0,0,0,0,0,0,0
62455,1,1,1986,0,0,0,0,0,0,0,0,0,0
62456,1,1,1986,14,14,14,14,14,14,14,14,14,14
62456,2,1,1986,29,29,29,29,29,29,29,29,29,29
62457,1,1,1986,0,0,0,0,0,0,0,0,0,0
62457,2,1,1986,26,17,5,0,15,0,4,0,0,18
62458,0,1,1986,0,0,0,0,0,0,0,0,0,0
62458,1,1,1986,25,16,0,0,0,0,0,0,0,0
62459,1,1,1986,0,0,0,0,0,0,0,0,0,0
62460,0,1,1986,0,0,0,0,0,0,0,0,0,0
62460,0,2,1986,0,0,0,0,0,0,0,0,0,0
62460,0,3,1986,0,0,0,0,0,0,0,0,0,0
62460,1,1,1986,0,0,0,0,16,0,0,0,0,0
62461,0,1,1986,13,13,13,13,13,13,13,13,13,13
62461,1,1,1986,13,0,25,9,28,24,0,0,0,0
62462,1,1,1986,24,24,24,24,24,24,24,24,24,24
62462,2,1,1986,0,0,0,0,0,0,0,0,16,0
62463,1,1,1986,0,10,0,22,0,17,18,0,0,0
62464,1,1,1986,0,0,0,6,0,0,0,0,0,0
62465,1,1,1986,0,0,0,0,0,0,0,0,0,0
62465,2,1,1986,0,0,0,0,0,0,0,0,0,0
62466,1,1,1986,0,0,0,0,0,0,0,0,0,0
62466,2,1,1986,0,0,0,0,0,0,0,0,0,0
62466,3,1,1986,0,0,3,0,0,0,0,0,0,0
62467,1,1,1986,23,23,23,23,23,23,23,23,23,23
62468,1,1,1986,0,16,0,6,0,0,9,21,0,9
62469,1,1,1986,7,7,7,7,7,7,7,7,7,7
62470,0,1,1986,0,0,0,0,0,0,0,0,0,0
62470,1,1,1986,0,0,0,0,0,0,0,0,0,0
62471,1,1,1986,14,14,14,14,14,14,14,14,14,14
62472,1,1,1986,0,0,3,0,0,0,0,0,0,0
62472,2,1,1986,0,0,0,0,0,0,0,0,0,0
62473,1,1,1986,0,0,0,0,0,0,0,0,0,0
62473,2,1,1986,0,0,0,0,0,0,0,12,0,0
62474,1,1,1986,12,27,0,0,0,0,0,11,21,0
62474,2,1,1986,13,0,0,0,20,0,21,18,0,10
62475,1,1,1986,13,0,0,0,0,0,0,0,0,0
62476,0,1,1986,0,0,0,0,3,0,0,0,0,0
62476,1,1,1986,0,0,0,0,0,0,0,0,0,0
62477,1,1,1986,14,14,14,14,14,14,14,14,14,14
62477,2,1,1986,0,0,0,0,0,0,0,0,0,0
62478,1,1,1986,0,0,0,0,0,0,0,0,0,0
62479,0,1,1986,0,0,8,0,8,0,0,11,28,6
62479,1,1,1986,0,10,0,2,0,0,0,0,6,7
62480,0,1,1986,13,13,13,13,13,13,13,13,13,13
62480,1,1,1986,13,0,4,0,20,22,17,0,23,0
62481,1,1,1986,4,4,4,4,4,4,4,4,4,4
62482,1,1,1986,20,0,0,20,23,7,0,0,0,0
62483,1,1,1986,0,0,0,0,0,0,0,0,0,0
62483,2,1,1986,25,0,0,0,0,0,0,0,4,0
62483,3,1,1986,0,0,0,0,0,18,0,13,0,0
62484,1,1,1986,0,0,0,0,0,0,0,0,0,0
62484,2,1,1986,0,0,0,0,0,0,0,0,0,0
62485,1,1,1986,0,0,0,0,0,28,0,0,0,0
62485,2,1,1986,18,0,25,32,13,30,0,24,15,9
62486,1,1,1986,29,29,29,29,29,29,29,29,29,29
62486,2,1,1986,0,0,0,0,0,0,0,0,0,0
62487,1,1,1986,14,14,14,14,14,14,14,14,14,14
62488,1,1,1986,15,15,15,15,15,15,15,15,15,15
62489,1,1,1986,16,0,0,0,0,0,0,0,0,0
62490,1,1,1986,18,18,18,18,18,18,18,18,18,18
62490,2,1,1986,0,0,0,0,0,0,0,0,0,0
62491,1,1,1986,0,0,0,0,0,0,0,0,0,0
62491,2,1,1986,0,0,0,0,0,0,0,0,0,0
62492,0,1,1986,0,0,0,0,0,0,0,0,0,0
62492,1,1,1986,14,0,0,0,0,0,0,0,0,0
62493,0,1,1986,0,0,0,0,0,0,0,0,0,0
62493,1,1,1986,0,0,0,12,20,0,0,14,0,0
62494,1,1,1986,0,0,0,0,0,0,0,0,0,0
62495,1,1,1986,11,23,25,13,10,11,0,0,0,0
62495,2,1,1986,0,0,0,0,0,0,0,0,0,0
62496,1,1,1986,0,0,0,7,0,0,0,0,0,0
62496,2,1,1986,0,0,0,0,0,0,0,0,0,0
62497,1,1,1986,11,11,11,11,11,11,11,11,11,11
62498,1,1,1986,22,22,22,22,22,22,22,22,22,22
62499,1,1,1986,9,25,8,32,8,4,8,11,9,11
62499,2,1,1986,7,0,0,0,0,0,0,0,0,0
62500,1,1,1986,3,15,8,8,35,10,26,14,14,16
62501,0,1,1986,0,0,0,0,0,0,0,0,0,0
62501,1,1,1986,0,0,0,0,0,0,0,0,0,0
62502,1,1,1986,0,0,0,0,0,0,0,0,0,0
62503,0,1,1986,0,0,0,0,0,0,0,0,0,0
62503,1,1,1986,0,0,0,0,0,0,0,0,0,0
62504,1,1,1986,2,16,0,0,4,0,18,4,17,14
62504,2,1,1986,0,0,0,0,0,0,0,0,14,0
62505,0,1,1986,0,0,0,0,0,0,0,0,0,0
62505,1,1,1986,0,0,0,0,0,0,0,0,21,0
62506,1,1,1986,0,0,0,0,0,0,0,0,0,0
62506,2,1,1986,0,0,0,0,0,0,0,0,0,0
62507,1,1,1986,0,11,0,0,0,0,0,0,0,0
62507,2,1,1986,0,0,0,7,0,0,0,0,0,0
62508,1,1,1986,21,21,21,21,21,21,21,21,21,21
62508,2,1,1986,0,0,0,0,0,0,0,0,0,0
62509,1,1,1986,11,11,11,11,11,11,11,11,11,11
62509,2,1,1986,0,0,0,0,0,0,0,0,0,0
62510,1,1,1986,0,0,0,0,0,0,0,0,0,0
62511,1,1,1986,0,0,0,0,0,0,0,0,0,0
62511,2,1,1986,7,0,0,0,0,0,0,0,0,19
62512,1,1,1986,14,14,14,14,14,14,14,14,14,14
62513,1,1,1986,0,0,0,0,0,0,0,0,0,0
62514,1,1,1986,19,19,19,19,19,19,19,19,19,19
62515,0,1,1986,0,0,0,0,0,0,0,0,0,0
62515,1,1,1986,0,0,28,0,0,18,11,11,0,0
62516,1,1,1986,24,24,24,24,24,24,24,24,24,24
62517,1,1,1986,4,17,10,12,5,19,11,13,0,11
62518,1,1,1986,0,0,0,0,0,0,0,0,0,0