ST_CASE,VEH_NO,PER_NO,YEAR,P1,P2,P3,P4,P5,P6,P7,P8,P9,P10
62519,1,1,1986,21,21,21,21,21,21,21,21,21,21
62520,1,1,1986,0,0,0,0,0,0,0,0,0,0
62520,2,1,1986,0,0,0,0,0,0,0,0,0,0
62521,1,1,1986,15,15,15,15,15,15,15,15,15,15
62522,1,1,1986,20,20,20,20,20,20,20,20,20,20
62523,1,1,1986,0,0,0,0,0,0,0,0,0,0
62524,1,1,1986,18,18,18,18,18,18,18,18,18,18
62525,1,1,1986,0,0,0,0,0,0,0,0,0,0
62526,1,1,1986,0,0,0,0,0,0,0,0,0,0
62527,1,1,1986,0,0,0,0,0,0,0,0,0,0
62527,2,1,1986,0,0,0,0,0,0,0,0,0,0
62528,0,1,1986,20,20,20,20,20,20,20,20,20,20
62528,1,1,1986,16,0,39,0,13,17,13,6,13,26
62529,1,1,1986,11,11,11,11,11,11,11,11,11,11
62530,1,1,1986,22,22,22,22,22,22,22,22,22,22
62531,1,1,1986,8,8,8,8,8,8,8,8,8,8
62531,2,1,1986,0,0,0,0,0,0,0,0,0,0
62532,1,1,1986,14,14,14,14,14,14,14,14,14,14
62533,0,1,1986,9,25,0,0,0,7,0,0,8,15
62533,0,2,1986,4,4,4,4,4,4,4,4,4,4
62533,0,3,1986,12,0,0,0,0,0,0,0,0,0
62533,1,1,1986,0,0,0,0,0,0,0,0,0,0
62534,1,1,1986,10,10,10,10,10,10,10,10,10,10
62534,2,1,1986,10,10,10,10,10,10,10,10,10,10
62534,3,1,1986,0,0,0,0,0,0,0,0,0,0
62535,1,1,1986,0,0,0,0,0,8,0,0,0,0
62535,2,1,1986,2,2,2,2,2,2,2,2,2,2
62536,1,1,1986,18,18,18,18,18,18,18,18,18,18
62536,2,1,1986,0,0,0,0,19,0,0,0,0,0
62537,0,1,1986,0,0,0,0,0,0,0,0,0,0
62537,1,1,1986,0,0,0,0,0,0,0,0,0,0
62538,1,1,1986,7,7,7,7,7,7,7,7,7,7
62538,2,1,1986,0,0,0,11,0,0,0,0,0,0
62539,1,1,1986,20,20,20,20,20,20,20,20,20,20
62540,1,1,1986,0,2,0,0,0,0,0,0,18,28
62540,2,1,1986,3,3,3,3,3,3,3,3,3,3
62541,1,1,1986,0,0,0,0,0,0,0,0,0,0
62541,2,1,1986,0,0,22,0,0,0,0,0,0,0
62542,1,1,1986,0,0,0,0,0,0,0,0,0,0
62542,2,1,1986,0,0,0,0,3,0,0,0,0,0
62543,1,1,1986,10,10,10,10,10,10,10,10,10,10
62544,1,1,1986,10,10,10,10,10,10,10,10,10,10
62545,1,1,1986,8,8,8,8,8,8,8,8,8,8
62546,1,1,1986,7,7,7,7,7,7,7,7,7,7
62546,2,1,1986,0,0,0,0,0,0,0,7,0,0
62547,1,1,1986,0,0,0,0,0,0,0,0,0,0
62547,2,1,1986,9,9,9,9,9,9,9,9,9,9
62548,1,1,1986,10,10,10,10,10,10,10,10,10,10
62548,2,1,1986,0,0,0,0,0,0,0,0,0,0
62549,1,1,1986,21,21,21,21,21,21,21,21,21,21
62549,2,1,1986,0,0,0,0,0,0,0,0,0,0
62549,3,1,1986,0,0,26,0,0,15,0,11,0,0
62550,0,1,1986,0,0,0,0,0,0,0,0,0,0
62550,0,2,1986,0,0,9,0,18,14,0,0,0,15
62550,1,1,1986,0,0,8,14,5,21,25,0,0,0
62551,1,1,1986,0,0,0,0,0,11,0,0,0,0
62551,2,1,1986,0,0,0,0,0,0,0,0,0,0
62552,0,1,1986,0,0,0,0,0,0,0,0,0,0
62552,1,1,1986,7,7,7,7,7,7,7,7,7,7
62553,1,1,1986,0,0,0,0,0,0,0,0,0,0
62553,2,1,1986,29,14,42,20,34,36,46,7,9,13
62554,0,1,1986,7,7,7,7,7,7,7,7,7,7
62554,2,1,1986,0,8,0,15,36,0,0,0,0,0
62555,0,1,1986,0,0,0,0,0,0,0,0,0,0
62555,1,1,1986,18,18,18,18,18,18,18,18,18,18
62556,1,1,1986,0,0,0,0,0,0,0,0,0,0
62556,2,1,1986,14,14,14,14,14,14,14,14,14,14
62557,1,1,1986,22,22,22,22,22,22,22,22,22,22
62558,1,1,1986,0,16,24,12,15,11,6,8,12,0
62558,2,1,1986,0,0,0,0,0,0,0,0,0,0
62559,1,1,1986,18,18,18,18,18,18,18,18,18,18
62560,1,1,1986,1,1,1,1,1,1,1,1,1,1
62561,1,1,1986,0,0,0,0,0,0,0,0,0,0
62562,0,1,1986,0,0,0,0,0,0,0,0,0,0
62562,1,1,1986,0,0,0,0,4,0,0,0,0,0
62563,1,1,1986,6,6,6,6,6,6,6,6,6,6
62564,1,1,1986,22,22,22,22,22,22,22,22,22,22
62565,1,1,1986,21,21,21,21,21,21,21,21,21,21
62565,2,1,1986,0,0,0,0,0,0,0,0,0,0
62566,1,1,1986,4,4,4,4,4,4,4,4,4,4
62566,2,1,1986,0,0,0,0,0,0,0,0,0,0
62567,1,1,1986,0,0,0,0,14,0,0,0,0,0
62567,2,1,1986,0,0,0,0,0,0,0,0,0,0
62568,1,1,1986,0,0,0,0,0,0,0,0,0,2
62569,1,1,1986,0,0,0,0,0,0,0,0,0,0
62569,2,1,1986,0,0,0,0,0,0,0,0,0,0
62570,1,1,1986,17,17,17,17,17,17,17,17,17,17
62571,1,1,1986,0,0,0,0,0,0,0,0,0,0
62571,2,1,1986,0,0,0,10,0,0,0,0,0,0
62572,0,1,1986,0,0,0,0,0,0,0,0,0,0
62572,1,1,1986,0,0,0,0,0,0,0,0,0,0
62573,1,1,1986,17,17,17,17,17,17,17,17,17,17
62574,0,1,1986,0,0,0,0,0,0,0,0,0,0
62574,1,1,1986,0,0,0,0,0,0,0,0,0,0
62575,1,1,1986,5,5,5,5,5,5,5,5,5,5
62576,1,1,1986,9,9,9,9,9,9,9,9,9,9
62577,1,1,1986,0,26,9,23,10,19,13,29,0,5
62577,2,1,1986,28,28,28,28,28,28,28,28,28,28
62578,1,1,1986,26,26,26,26,26,26,26,26,26,26
62578,2,1,1986,0,0,0,0,0,0,0,6,0,0
62578,3,1,1986,0,0,22,0,0,0,0,0,0,0
62579,1,1,1986,7,7,7,7,7,7,7,7,7,7
62580,1,1,1986,25,25,25,25,25,25,25,25,25,25
62581,1,1,1986,3,3,3,3,3,3,3,3,3,3
62582,0,1,1986,0,0,0,0,0,0,0,0,0,0
62582,1,1,1986,0,0,0,21,0,0,0,0,0,0
62582,2,1,1986,0,0,7,0,0,0,0,0,0,0
62583,1,1,1986,0,0,0,19,0,13,0,0,5,0
62584,1,1,1986,6,6,6,6,6,6,6,6,6,6
62584,2,1,1986,0,0,0,0,0,0,0,0,0,0
62585,1,1,1986,0,0,0,0,0,0,0,0,0,15
62585,2,1,1986,0,0,0,0,0,0,0,0,0,0
62586,0,1,1986,0,0,0,0,0,0,0,0,0,0
62586,1,1,1986,0,0,0,0,0,6,0,0,17,0
62587,1,1,1986,25,25,25,25,25,25,25,25,25,25
62588,1,1,1986,11,11,11,11,11,11,11,11,11,11
62589,1,1,1986,0,0,0,0,0,0,0,0,0,0
62589,2,1,1986,0,0,0,0,0,0,0,0,0,0
62590,1,1,1986,0,0,0,0,0,0,0,0,0,0
62591,1,1,1986,23,18,28,20,20,14,17,18,15,17
62591,2,1,1986,0,0,0,0,12,0,0,0,0,0
62592,1,1,1986,23,23,23,23,23,23,23,23,23,23
62592,2,1,1986,0,4,0,0,0,0,0,0,0,0
62592,3,1,1986,0,0,0,0,0,0,0,0,0,0
62593,1,1,1986,5,5,5,5,5,5,5,5,5,5
62593,2,1,1986,0,0,0,0,16,0,0,0,0,0
62594,1,1,1986,0,0,0,0,0,0,0,0,0,0
62594,2,1,1986,22,19,3,0,8,13,27,9,6,7
62595,0,1,1986,15,15,15,15,15,15,15,15,15,15
62595,1,1,1986,0,0,0,0,0,0,0,10,36,0
62596,1,1,1986,0,0,0,0,0,0,0,0,0,0
62596,2,1,1986,0,0,0,0,0,0,0,0,0,0
62597,1,1,1986,10,0,0,0,12,0,0,0,0,0
62597,2,1,1986,6,0,0,5,0,0,0,0,0,7
62598,1,1,1986,2,2,2,2,2,2,2,2,2,2
62598,2,1,1986,0,0,0,0,0,0,0,0,0,0
62599,1,1,1986,0,0,0,0,0,0,0,0,0,0
62600,1,1,1986,18,18,18,18,18,18,18,18,18,18
62601,1,1,1986,27,27,27,27,27,27,27,27,27,27
62602,0,1,1986,19,19,19,19,19,19,19,19,19,19
62602,1,1,1986,0,0,0,0,0,0,0,0,0,0
62603,1,1,1986,22,22,22,22,22,22,22,22,22,22
62604,0,1,1986,0,0,0,0,0,0,0,0,0,0
62604,1,1,1986,0,0,0,0,0,0,0,0,0,0
62605,1,1,1986,0,0,0,0,0,0,0,0,0,0
62605,2,1,1986,27,22,18,0,0,0,0,0,7,0
62606,0,1,1986,0,0,0,0,0,0,0,0,0,11
62606,1,1,1986,15,15,15,15,15,15,15,15,15,15
62607,0,1,1986,0,0,0,0,0,0,0,0,0,0
62607,1,1,1986,0,0,0,0,0,0,0,0,0,0
62608,1,1,1986,13,13,13,13,13,13,13,13,13,13
62608,2,1,1986,0,0,0,0,0,0,0,0,0,0
62609,1,1,1986,15,20,26,28,11,5,11,19,6,24
62610,1,1,1986,11,11,11,11,11,11,11,11,11,11
62611,1,1,1986,10,10,10,10,10,10,10,10,10,10
62612,1,1,1986,0,0,0,0,0,0,0,0,0,0
62613,1,1,1986,2,2,2,2,2,2,2,2,2,2
62613,2,1,1986,10,0,0,0,0,0,14,0,0,0
62614,1,1,1986,0,0,0,0,0,0,0,0,0,0
62615,0,1,1986,0,0,0,0,0,0,0,0,0,0
62615,1,1,1986,0,0,0,0,0,0,0,0,0,0
62616,1,1,1986,0,0,0,0,0,0,0,0,0,0
62617,1,1,1986,8,12,30,22,0,13,10,21,30,13
62617,2,1,1986,3,3,3,3,3,3,3,3,3,3
62618,1,1,1986,27,27,27,27,27,27,27,27,27,27
62619,1,1,1986,17,17,17,17,17,17,17,17,17,17
62620,0,1,1986,0,0,0,0,0,0,0,0,0,0
62620,1,1,1986,0,0,0,0,0,0,13,0,0,11
62621,1,1,1986,10,10,10,10,10,10,10,10,10,10
62622,1,1,1986,13,13,13,13,13,13,13,13,13,13
62623,1,1,1986,0,0,0,0,12,0,4,0,0,0
62624,1,1,1986,19,19,19,19,19,19,19,19,19,19
62625,1,1,1986,14,14,14,14,14,14,14,14,14,14
62626,1,1,1986,15,15,15,15,15,15,15,15,15,15
62627,1,1,1986,25,25,25,25,25,25,25,25,25,25
62628,1,1,1986,0,0,0,0,0,0,0,0,0,0
62629,1,1,1986,8,8,8,8,8,8,8,8,8,8
62630,0,1,1986,0,0,0,0,0,0,0,0,0,0
62630,1,1,1986,0,0,0,0,0,0,0,0,0,0
62631,1,1,1986,7,7,7,7,7,7,7,7,7,7
62632,0,1,1986,0,0,0,0,0,0,0,0,0,0
62633,1,1,1986,0,0,0,18,0,0,0,0,0,0
62634,1,1,1986,4,4,4,4,4,4,4,4,4,4
62634,2,1,1986,0,0,0,0,0,0,0,0,0,0
62635,0,1,1986,8,8,8,8,8,8,8,8,8,8
62635,1,1,1986,0,0,0,0,0,0,0,0,0,0
62635,2,1,1986,0,0,0,0,0,0,0,0,0,0
62635,3,1,1986,0,0,0,0,0,0,0,0,0,0
62636,1,1,1986,8,8,8,8,8,8,8,8,8,8
62636,2,1,1986,0,0,0,0,0,0,0,0,0,0
62637,1,1,1986,19,19,19,19,19,19,19,19,19,19
62638,1,1,1986,5,5,5,5,5,5,5,5,5,5
62639,0,1,1986,0,0,0,0,0,0,0,0,0,0
62639,1,1,1986,13,17,4,12,9,17,10,6,6,10
62640,1,1,1986,0,0,0,0,0,0,0,0,0,0
62640,2,1,1986,0,0,18,0,0,0,0,24,0,0
62641,1,1,1986,28,28,28,28,28,28,28,28,28,28
62641,2,1,1986,0,0,0,0,0,0,0,0,0,0
62641,3,1,1986,11,0,0,11,0,0,0,0,0,12
62641,4,1,1986,0,0,0,0,0,0,0,0,0,0
62642,1,1,1986,12,12,12,12,12,12,12,12,12,12
62643,1,1,1986,8,8,8,8,8,8,8,8,8,8
62643,2,1,1986,0,0,8,0,0,0,0,0,0,0
62643,3,1,1986,0,0,0,0,0,0,0,0,0,0
62644,0,1,1986,23,23,23,23,23,23,23,23,23,23
62644,1,1,1986,3,25,20,27,11,20,4,23,24,9
62645,1,1,1986,0,0,0,0,0,10,0,0,0,0
62645,2,1,1986,0,0,0,0,0,0,0,0,0,0
62646,1,1,1986,0,0,0,0,0,0,0,0,0,0
62646,2,1,1986,0,0,0,0,0,0,0,0,0,0
62647,1,1,1986,0,0,0,0,0,0,0,0,0,0
62647,2,1,1986,0,0,0,0,0,0,0,0,0,0
62648,1,1,1986,9,9,9,9,9,9,9,9,9,9
62649,1,1,1986,14,14,14,14,14,14,14,14,14,14
62650,1,1,1986,25,25,25,25,25,25,25,25,25,25
62651,1,1,1986,17,17,17,17,17,17,17,17,17,17
62652,1,1,1986,18,18,18,18,18,18,18,18,18,18
62653,1,1,1986,0,0,0,0,0,0,0,0,0,0
62654,1,1,1986,0,0,0,0,0,0,0,10,0,0
62655,1,1,1986,0,0,10,14,0,0,0,18,0,0
62656,1,1,1986,29,29,29,29,29,29,29,29,29,29
62657,1,1,1986,7,7,7,7,7,7,7,7,7,7
62658,1,1,1986,0,0,0,0,0,0,0,0,0,0
62659,1,1,1986,0,0,0,0,0,0,0,0,0,0
62660,1,1,1986,33,33,33,33,33,33,33,33,33,33
62661,1,1,1986,0,0,0,0,0,0,0,0,0,0
62662,1,1,1986,0,0,0,0,0,0,0,0,0,0
62662,2,1,1986,0,0,0,0,0,0,0,0,0,0
62663,1,1,1986,0,0,0,0,14,0,0,0,0,0
62664,1,1,1986,0,0,3,18,0,0,6,13,0,0
62664,2,1,1986,0,0,0,0,0,0,0,0,0,0
62665,1,1,1986,7,7,7,7,7,7,7,7,7,7
62666,1,1,1986,19,19,19,19,19,19,19,19,19,19
62667,0,1,1986,29,29,29,29,29,29,29,29,29,29
62667,1,1,1986,12,9,12,3,21,23,7,17,30,12
62668,1,1,1986,8,8,8,8,8,8,8,8,8,8
62669,1,1,1986,16,16,16,16,16,16,16,16,16,16
62670,1,1,1986,0,0,0,0,0,0,0,0,0,0
62671,1,1,1986,10,10,10,10,10,10,10,10,10,10
62671,2,1,1986,0,0,0,0,0,0,0,0,0,0
62672,1,1,1986,0,0,0,0,12,16,0,0,0,0
62673,1,1,1986,0,0,0,0,0,0,0,0,0,0
62673,2,1,1986,0,0,0,0,0,0,0,0,0,0
62674,1,1,1986,0,0,0,0,0,0,0,0,0,0
62675,1,1,1986,0,0,0,0,0,0,0,0,0,0
62675,2,1,1986,0,0,0,0,0,0,0,0,0,0
62675,3,1,1986,0,0,0,0,0,0,0,0,0,0
62676,1,1,1986,0,0,0,0,0,0,0,0,0,0
62677,1,1,1986,0,0,0,0,0,0,11,0,0,0
62678,1,1,1986,15,15,15,15,15,15,15,15,15,15
62679,1,1,1986,12,12,12,12,12,12,12,12,12,12
62680,0,1,1986,0,0,0,0,0,0,0,0,0,0
62680,1,1,1986,0,14,8,0,0,0,0,0,0,0
62681,1,1,1986,23,23,23,23,23,23,23,23,23,23
62682,1,1,1986,22,22,22,22,22,22,22,22,22,22
62683,1,1,1986,37,37,37,37,37,37,37,37,37,37
62684,1,1,1986,10,26,16,22,5,17,16,21,9,11
62685,1,1,1986,16,16,16,16,16,16,16,16,16,16
62686,0,1,1986,0,0,0,0,0,0,0,0,0,0
62686,1,1,1986,0,0,0,0,0,0,0,0,0,0
62687,0,1,1986,0,0,0,0,0,0,0,0,0,0
62687,1,1,1986,0,0,0,0,0,0,0,0,0,0
62688,1,1,1986,0,0,0,0,0,0,0,0,0,0
62688,2,1,1986,0,0,0,0,0,0,10,0,0,0
62689,1,1,1986,0,0,0,0,0,0,0,0,0,0
62689,2,1,1986,0,0,0,0,0,0,0,0,0,0
62690,1,1,1986,0,0,0,0,0,0,0,0,0,0
62690,2,1,1986,0,0,0,0,0,17,0,0,0,0
62690,3,1,1986,3,3,3,3,3,3,3,3,3,3
62691,0,2,1986,0,0,0,0,0,0,0,0,0,0
62691,0,3,1986,18,0,9,0,28,0,0,0,0,0
62691,1,1,1986,0,0,0,34,0,16,11,0,0,0
62692,1,1,1986,24,24,24,24,24,24,24,24,24,24
62692,2,1,1986,4,4,4,4,4,4,4,4,4,4
62693,1,1,1986,0,0,0,0,0,0,0,0,0,0
62693,2,1,1986,0,0,0,0,0,0,0,0,0,0
62694,1,1,1986,19,19,19,19,19,19,19,19,19,19
62694,2,1,1986,0,0,0,0,0,0,0,0,0,24
62695,1,1,1986,8,8,8,8,8,8,8,8,8,8
62695,2,1,1986,0,0,0,0,9,0,0,46,10,0
62696,0,1,1986,0,0,0,0,0,0,0,0,0,0
62696,1,1,1986,25,21,8,14,23,12,17,18,9,25
62697,1,1,1986,0,0,0,0,0,0,0,0,0,0
62697,2,1,1986,0,0,0,0,0,0,0,0,0,0
62697,3,1,1986,0,0,0,0,0,0,0,0,0,0
62698,0,1,1986,0,0,0,0,0,0,0,0,0,0
62698,0,2,1986,0,19,0,0,0,9,0,0,16,0
62698,1,1,1986,20,20,20,20,20,20,20,20,20,20
62699,0,1,1986,0,0,0,0,0,0,0,0,0,0
62699,1,1,1986,28,28,28,28,28,28,28,28,28,28
62700,0,1,1986,0,0,0,0,0,0,0,0,0,0
62700,1,1,1986,23,23,23,23,23,23,23,23,23,23
62701,1,1,1986,18,18,18,18,18,18,18,18,18,18
62701,2,1,1986,0,0,14,0,0,0,0,10,0,0
62702,1,1,1986,14,14,14,14,14,14,14,14,14,14
62703,1,1,1986,0,0,0,0,0,0,0,0,0,0
62703,2,1,1986,8,8,8,8,8,8,8,8,8,8
62704,1,1,1986,15,15,15,15,15,15,15,15,15,15
62705,1,1,1986,0,0,0,0,0,0,0,0,0,0
62705,2,1,1986,0,0,0,0,0,0,0,0,0,0
62706,0,1,1986,3,3,3,3,3,3,3,3,3,3
62706,0,2,1986,0,0,0,0,0,0,0,0,0,0
62706,1,1,1986,0,0,0,12,0,0,0,10,7,15
62706,2,1,1986,22,3,27,20,23,3,20,13,36,24
62707,1,1,1986,0,0,0,0,0,0,0,0,0,0
62708,0,1,1986,0,0,0,0,0,0,0,0,0,0
62708,1,1,1986,18,18,18,18,18,18,18,18,18,18
62709,1,1,1986,15,9,4,10,15,18,0,12,11,15
62710,0,1,1986,0,0,0,0,0,0,0,0,0,0
62710,1,1,1986,0,0,0,0,0,0,0,0,0,0
62711,1,1,1986,2,2,2,2,2,2,2,2,2,2
62712,1,1,1986,0,0,0,0,0,0,0,0,0,0
62713,1,1,1986,10,10,10,10,10,10,10,10,10,10
62714,1,1,1986,4,4,4,4,4,4,4,4,4,4
62715,0,1,1986,0,0,0,0,0,0,0,0,0,0
62715,1,1,1986,0,0,0,0,0,0,0,0,0,0
62716,0,1,1986,0,0,0,0,0,0,0,0,0,0
62716,1,1,1986,0,0,0,0,0,0,0,0,0,0
62717,1,1,1986,0,0,4,0,0,0,0,0,0,0
62717,2,1,1986,0,0,0,0,0,0,0,0,0,0
62718,1,1,1986,16,16,16,16,16,16,16,16,16,16
62718,2,1,1986,0,0,0,0,0,0,0,0,0,0
62718,3,1,1986,0,0,0,0,0,0,0,0,0,0
62719,1,1,1986,0,0,0,0,0,0,0,0,0,0
62720,0,1,1986,0,0,0,0,0,0,0,0,0,0
62720,1,1,1986,0,0,0,0,0,12,0,0,0,0
62720,2,1,1986,0,0,0,0,0,0,0,0,0,0
62720,3,1,1986,0,0,0,0,0,0,0,11,0,0
62721,1,1,1986,18,18,18,18,18,18,18,18,18,18
62721,2,1,1986,0,0,0,0,0,0,0,0,9,0
62721,3,1,1986,0,0,0,0,0,0,0,0,0,0
62722,0,1,1986,0,0,0,0,0,0,0,0,0,0
62722,1,1,1986,0,0,0,0,0,0,0,0,0,0
62723,0,1,1986,19,19,19,19,19,19,19,19,19,19
62723,1,1,1986,0,0,0,11,0,0,0,0,0,0
62724,0,1,1986,17,17,17,17,17,17,17,17,17,17
62724,1,1,1986,5,5,5,5,5,5,5,5,5,5
62725,1,1,1986,14,14,14,14,14,14,14,14,14,14
62726,1,1,1986,11,11,11,11,11,11,11,11,11,11
62727,1,1,1986,7,7,7,7,7,7,7,7,7,7
62728,0,1,1986,21,21,21,21,21,21,21,21,21,21
62728,1,1,1986,0,0,0,0,0,0,0,0,0,0
62729,1,1,1986,24,24,24,24,24,24,24,24,24,24
62730,1,1,1986,3,3,3,3,3,3,3,3,3,3
62731,1,1,1986,0,0,0,0,0,0,0,0,0,0
62731,2,1,1986,8,0,11,0,5,0,9,8,23,20
62731,3,1,1986,0,0,7,0,0,0,0,7,0,10
62732,1,1,1986,0,0,0,0,0,0,0,0,0,0
62732,2,1,1986,16,16,16,16,16,16,16,16,16,16
62733,1,1,1986,0,0,0,0,0,0,0,0,0,0
62733,2,1,1986,9,9,9,9,9,9,9,9,9,9
62734,1,1,1986,1,1,1,1,1,1,1,1,1,1
62734,2,1,1986,0,0,0,0,0,0,0,0,0,0
62735,1,1,1986,16,16,16,16,16,16,16,16,16,16
62735,2,1,1986,0,0,11,0,0,0,0,0,0,0
62736,1,1,1986,15,15,15,15,15,15,15,15,15,15
62736,2,1,1986,0,0,0,7,0,0,7,0,0,0
62736,3,1,1986,10,0,0,0,16,0,0,0,0,0
62736,4,1,1986,0,0,0,0,0,0,0,0,0,0
62737,1,1,1986,5,15,0,0,0,17,10,12,6,21
62737,2,1,1986,6,6,6,6,6,6,6,6,6,6
62738,1,1,1986,9,9,9,9,9,9,9,9,9,9
62738,2,1,1986,14,14,14,14,14,14,14,14,14,14
62739,1,1,1986,44,44,44,44,44,44,44,44,44,44
62739,2,1,1986,0,0,0,0,0,0,0,0,0,0
62740,1,1,1986,0,0,21,0,0,0,0,0,0,0
62740,2,1,1986,0,0,0,0,0,0,0,0,0,0
62740,3,1,1986,0,9,0,0,0,0,0,0,0,23
62741,1,1,1986,3,11,23,19,26,15,6,0,15,35
62742,1,1,1986,9,0,0,0,0,0,0,0,0,0
62742,2,1,1986,0,0,0,0,0,0,0,0,0,0
62743,1,1,1986,0,0,0,0,0,0,0,0,0,0
62743,2,1,1986,0,0,0,0,0,0,0,0,0,0
62743,3,1,1986,0,0,0,0,0,0,0,0,0,0
62744,1,1,1986,27,27,27,27,27,27,27,27,27,27
62744,2,1,1986,0,0,0,0,0,0,0,0,0,0
62745,1,1,1986,0,0,0,0,0,0,0,0,0,0
62745,2,1,1986,0,0,0,0,0,0,0,0,0,0
62745,3,1,1986,0,0,0,0,0,0,0,0,0,0
62746,1,1,1986,19,21,13,16,24,37,30,8,9,23
62747,1,1,1986,0,0,6,0,0,15,0,0,0,0
62748,1,1,1986,0,0,0,0,0,0,0,0,0,0
62749,1,1,1986,26,26,26,26,26,26,26,26,26,26
62750,1,1,1986,0,0,0,0,0,0,0,0,0,0
62751,0,1,1986,22,22,22,22,22,22,22,22,22,22
62751,1,1,1986,10,0,0,0,0,0,0,16,0,0
62752,1,1,1986,18,18,18,18,18,18,18,18,18,18
62753,1,1,1986,0,0,0,0,0,0,0,0,0,0
62754,1,1,1986,0,0,0,0,0,0,0,0,0,0
62754,2,1,1986,0,0,0,0,0,0,0,0,0,0
62755,1,1,1986,0,0,0,0,0,0,0,0,0,0
62756,1,1,1986,0,0,0,0,0,0,10,17,14,0
62756,2,1,1986,0,14,0,0,0,0,0,0,0,0
62757,1,1,1986,0,4,0,0,0,0,0,0,0,0
62757,2,1,1986,0,0,0,0,0,0,0,0,0,0
62758,1,1,1986,0,0,0,0,0,11,0,0,0,0
62758,2,1,1986,0,0,0,0,0,0,0,0,0,0
62758,3,1,1986,8,0,0,0,0,0,0,0,0,0
62759,1,1,1986,33,33,33,33,33,33,33,33,33,33
62759,2,1,1986,0,0,0,0,0,0,0,0,0,0
62759,3,1,1986,0,0,0,0,0,0,0,0,0,0
62760,1,1,1986,0,0,0,0,0,0,0,0,0,0
62760,2,1,1986,0,14,0,17,0,0,0,0,0,13
62761,1,1,1986,9,0,8,0,0,0,0,24,0,0
62761,2,1,1986,0,0,0,0,0,0,17,0,0,0
62762,1,1,1986,0,0,0,0,0,0,0,0,0,0
62762,2,1,1986,16,0,0,7,0,28,0,12,0,0
62763,1,1,1986,0,0,0,0,0,0,0,0,0,0
62764,1,1,1986,24,24,24,24,24,24,24,24,24,24
62765,1,1,1986,22,22,22,22,22,22,22,22,22,22
62766,1,1,1986,15,15,15,15,15,15,15,15,15,15
62767,1,1,1986,3,3,3,3,3,3,3,3,3,3
62768,1,1,1986,27,27,27,27,27,27,27,27,27,27
62769,1,1,1986,21,21,21,21,21,21,21,21,21,21
62770,1,1,1986,0,0,0,0,0,0,0,0,0,0
62771,1,1,1986,20,20,20,20,20,20,20,20,20,20
62772,1,1,1986,15,15,15,15,15,15,15,15,15,15
62773,1,1,1986,0,0,0,0,0,0,0,0,0,0
62774,1,1,1986,23,23,23,23,23,23,23,23,23,23
62775,1,1,1986,0,0,0,0,0,0,0,0,0,0
62776,1,1,1986,0,0,0,0,0,0,0,0,0,0
62777,1,1,1986,0,0,0,0,0,0,0,0,0,0
62778,1,1,1986,0,0,0,0,0,0,0,0,0,0
62779,1,1,1986,24,24,24,24,24,24,24,24,24,24
62780,1,1,1986,36,36,36,36,36,36,36,36,36,36
62781,1,1,1986,0,0,0,0,0,0,0,0,0,0
62782,1,1,1986,3,3,3,3,3,3,3,3,3,3
62782,2,1,1986,10,10,4,21,15,17,9,26,21,4
62783,1,1,1986,0,0,0,12,0,6,9,0,0,0
62783,2,1,1986,0,0,0,0,0,0,0,0,0,0
62784,1,1,1986,8,8,8,8,8,8,8,8,8,8
62784,2,1,1986,0,0,0,0,0,0,0,0,0,0
62785,1,1,1986,0,0,0,0,0,0,0,0,0,0
62785,2,1,1986,0,0,0,0,0,0,0,0,0,0
62786,0,1,1986,0,0,0,0,0,0,0,0,0,0
62786,1,1,1986,0,0,0,0,0,0,0,0,0,0
62787,1,1,1986,0,0,0,0,0,0,0,0,0,0
62787,2,1,1986,0,0,0,0,0,0,0,0,0,0
62787,3,1,1986,0,0,0,0,0,0,0,0,0,0
62787,4,1,1986,0,0,0,0,0,0,0,0,0,0
62787,5,1,1986,0,0,0,0,0,0,0,0,0,0
62788,1,1,1986,0,0,0,0,0,0,0,0,0,0
62788,2,1,1986,0,0,0,0,0,0,0,0,0,0
62789,1,1,1986,25,25,25,25,25,25,25,25,25,25
62789,2,1,1986,0,0,0,0,0,0,0,0,0,0
62790,1,1,1986,2,2,2,2,2,2,2,2,2,2
62790,2,1,1986,5,5,5,5,5,5,5,5,5,5
62791,1,1,1986,0,0,16,0,0,0,0,0,0,0
62791,2,1,1986,20,20,20,20,20,20,20,20,20,20
62792,1,1,1986,0,0,0,0,0,0,0,0,0,0
62792,2,1,1986,17,0,6,0,0,0,0,0,5,20
62793,1,1,1986,0,0,0,0,0,0,0,0,0,0
62793,2,1,1986,0,0,0,0,0,0,0,0,0,0
62794,1,1,1986,0,0,0,0,0,0,0,0,0,0
62794,2,1,1986,0,0,0,0,0,0,6,0,6,0
62795,0,1,1986,25,25,25,25,25,25,25,25,25,25
62795,1,1,1986,32,13,17,24,31,26,16,8,16,5
62795,2,1,1986,0,0,0,22,0,17,0,0,0,17
62796,0,1,1986,0,0,0,0,0,0,0,0,0,0
62796,1,1,1986,0,0,0,0,0,0,0,0,0,0
62797,1,1,1986,0,0,0,0,0,0,0,0,0,0
62797,2,1,1986,0,0,0,0,0,0,0,0,0,0
62798,1,1,1986,16,16,16,16,16,16,16,16,16,16
62799,0,1,1986,0,0,0,0,0,0,0,0,0,0
62799,1,1,1986,20,17,11,15,15,3,7,22,4,12
62800,1,1,1986,22,22,22,22,22,22,22,22,22,22
62801,1,1,1986,8,8,8,8,8,8,8,8,8,8
62802,0,1,1986,12,12,12,12,12,12,12,12,12,12
62802,1,1,1986,0,0,0,0,0,9,7,0,13,0
62803,1,1,1986,0,0,5,0,0,0,0,0,0,13
62804,1,1,1986,33,33,33,33,33,33,33,33,33,33