ST_CASE,VEH_NO,PER_NO,YEAR,P1,P2,P3,P4,P5,P6,P7,P8,P9,P10
62805,1,1,1986,11,11,11,11,11,11,11,11,11,11
62806,1,1,1986,2,2,2,2,2,2,2,2,2,2
62807,1,1,1986,0,0,0,0,0,0,0,0,0,0
62808,1,1,1986,18,18,18,18,18,18,18,18,18,18
62809,1,1,1986,1,1,1,1,1,1,1,1,1,1
62810,1,1,1986,13,13,13,13,13,13,13,13,13,13
62811,1,1,1986,26,26,26,26,26,26,26,26,26,26
62812,1,1,1986,10,10,10,10,10,10,10,10,10,10
62813,1,1,1986,19,0,0,0,18,0,0,0,0,0
62813,2,1,1986,0,0,0,14,0,0,0,0,0,0
62814,1,1,1986,0,0,0,0,0,0,0,0,0,0
62814,2,1,1986,0,0,0,0,0,0,0,0,0,4
62815,1,1,1986,0,0,0,0,0,0,0,0,0,0
62815,2,1,1986,0,0,0,0,2,13,0,0,0,0
62816,0,1,1986,0,0,0,0,0,0,0,0,0,0
62816,1,1,1986,0,0,0,0,0,0,0,0,0,0
62817,1,1,1986,0,0,0,0,0,0,0,0,0,0
62817,2,1,1986,0,0,0,0,0,0,0,0,0,0
62818,0,1,1986,0,0,0,0,0,0,0,0,0,0
62818,1,1,1986,3,7,0,3,0,0,0,0,0,0
62819,1,1,1986,0,0,0,0,0,0,0,0,0,0
62819,2,1,1986,25,11,22,2,17,8,17,4,0,30
62820,1,1,1986,0,0,0,0,0,0,0,0,0,0
62820,2,1,1986,0,0,0,0,0,0,0,0,0,0
62820,3,1,1986,0,0,0,0,0,0,0,0,0,0
62820,4,1,1986,0,0,0,0,0,0,0,0,0,0
62820,5,1,1986,0,0,0,0,0,0,0,0,0,0
62821,1,1,1986,28,28,28,28,28,28,28,28,28,28
62821,2,1,1986,11,0,0,15,0,0,0,0,0,0
62822,1,1,1986,24,24,24,24,24,24,24,24,24,24
62822,2,1,1986,0,0,0,0,0,0,5,0,0,0
62823,1,1,1986,0,0,0,11,0,0,0,0,0,0
62823,2,1,1986,11,8,0,0,0,6,0,0,0,8
62824,1,1,1986,0,0,0,0,0,0,0,0,0,0
62824,2,1,1986,0,0,0,0,0,0,0,0,0,0
62825,1,1,1986,4,4,4,4,4,4,4,4,4,4
62825,2,1,1986,0,0,0,0,0,0,0,0,0,0
62826,1,1,1986,0,0,0,0,0,0,0,0,0,0
62826,2,1,1986,0,0,0,0,0,0,0,0,0,0
62827,1,1,1986,22,22,22,22,22,22,22,22,22,22
62827,2,1,1986,0,0,0,0,0,14,8,0,0,0
62828,1,1,1986,27,27,27,27,27,27,27,27,27,27
62828,2,1,1986,0,6,0,0,0,0,0,9,0,3
62829,1,1,1986,0,0,0,0,5,21,0,0,0,7
62829,2,1,1986,0,0,0,0,0,0,0,0,0,0
62829,3,1,1986,29,0,0,0,0,0,0,0,0,0
62830,1,1,1986,0,0,0,0,0,0,0,0,0,0
62830,2,1,1986,0,0,0,0,0,0,0,0,0,0
62831,1,1,1986,15,15,15,15,15,15,15,15,15,15
62831,2,1,1986,0,0,0,0,0,0,0,0,0,0
62831,3,1,1986,0,0,0,0,0,0,0,0,0,0
62832,1,1,1986,15,15,15,15,15,15,15,15,15,15
62833,1,1,1986,19,19,19,19,19,19,19,19,19,19
62833,2,1,1986,13,13,13,13,13,13,13,13,13,13
62834,0,1,1986,8,8,8,8,8,8,8,8,8,8
62834,1,1,1986,0,0,8,25,15,17,18,0,0,18
62835,1,2,1986,14,14,14,14,14,14,14,14,14,14
62836,1,1,1986,12,12,12,12,12,12,12,12,12,12
62837,1,1,1986,20,20,20,20,20,20,20,20,20,20
62838,1,1,1986,0,0,0,0,0,0,0,0,0,0
62838,2,1,1986,0,0,0,0,0,0,0,0,0,0
62839,1,1,1986,4,4,4,4,4,4,4,4,4,4
62839,2,1,1986,0,0,0,0,0,0,0,0,0,0
62840,1,1,1986,0,0,0,0,0,0,0,0,0,0
62841,1,1,1986,0,0,0,0,0,0,0,0,0,0
62842,1,1,1986,13,13,13,13,13,13,13,13,13,13
62843,1,1,1986,9,9,9,9,9,9,9,9,9,9
62844,1,1,1986,12,12,12,12,12,12,12,12,12,12
62844,2,1,1986,0,13,7,12,4,0,0,29,12,0
62845,0,1,1986,0,0,0,0,0,0,0,0,0,0
62845,1,1,1986,0,0,0,0,0,0,0,0,0,0
62846,0,1,1986,0,0,0,0,0,0,0,0,0,0
62846,0,2,1986,0,0,0,0,0,0,0,0,0,0
62846,1,1,1986,0,0,0,0,0,0,0,0,0,0
62847,1,1,1986,12,2,11,10,0,0,14,15,0,0
62847,2,1,1986,0,0,0,0,0,0,0,0,0,0
62848,1,1,1986,0,0,0,0,0,0,0,0,0,0
62848,2,1,1986,0,0,0,0,0,0,0,0,0,0
62848,3,1,1986,0,0,0,0,0,0,0,0,0,0
62849,1,1,1986,0,0,0,0,0,0,0,0,0,0
62849,2,1,1986,0,0,0,0,0,0,0,0,0,0
62850,1,1,1986,19,19,19,19,19,19,19,19,19,19
62850,2,1,1986,0,0,0,0,0,0,0,0,0,0
62851,1,1,1986,5,5,5,5,5,5,5,5,5,5
62851,2,1,1986,0,0,0,0,0,4,0,0,0,0
62852,1,1,1986,1,1,1,1,1,1,1,1,1,1
62852,2,1,1986,0,0,11,0,0,0,0,0,0,14
62853,1,1,1986,4,4,4,4,4,4,4,4,4,4
62854,1,1,1986,23,23,23,23,23,23,23,23,23,23
62855,1,1,1986,0,15,0,22,8,4,26,0,0,0
62856,1,1,1986,14,14,14,14,14,14,14,14,14,14
62857,1,1,1986,3,18,0,0,0,10,16,10,17,0
62858,1,1,1986,0,0,0,0,0,0,0,0,0,0
62859,1,1,1986,2,2,2,2,2,2,2,2,2,2
62859,2,1,1986,5,9,9,13,32,14,11,2,14,16
62860,1,1,1986,17,17,17,17,17,17,17,17,17,17
62860,2,1,1986,0,0,0,0,0,0,0,0,0,0
62861,1,1,1986,24,24,24,24,24,24,24,24,24,24
62862,1,1,1986,0,0,0,0,0,0,0,0,0,0
62862,2,1,1986,0,0,0,0,0,0,0,0,0,0
62862,3,1,1986,0,0,0,0,0,0,0,0,0,0
62862,4,1,1986,0,0,0,0,0,0,0,0,0,0
62863,1,1,1986,3,3,3,3,3,3,3,3,3,3
62863,2,1,1986,0,0,0,0,0,0,0,0,0,0
62864,1,1,1986,0,0,0,0,0,0,0,15,0,0
62865,1,1,1986,0,0,0,0,0,0,0,0,0,0
62866,1,1,1986,0,9,0,0,8,12,0,0,0,0
62867,1,1,1986,4,4,4,4,4,4,4,4,4,4
62868,1,1,1986,7,7,7,7,7,7,7,7,7,7
62869,0,1,1986,13,13,13,13,13,13,13,13,13,13
62869,1,1,1986,13,0,0,0,23,0,0,7,0,20
62869,2,1,1986,4,10,21,0,8,7,27,27,18,10
62869,3,1,1986,8,0,0,0,17,0,0,14,0,0
62870,1,1,1986,12,25,18,11,28,0,17,15,23,22
62871,1,1,1986,0,0,0,0,0,0,0,0,0,0
62871,2,1,1986,0,0,0,0,0,0,0,0,0,0
62872,1,1,1986,19,4,8,23,3,11,8,12,0,17
62873,1,1,1986,0,0,0,0,0,0,0,0,0,0
62873,2,1,1986,0,0,0,0,0,0,0,0,0,0
62874,1,1,1986,0,0,0,0,0,0,10,0,0,0
62875,0,1,1986,0,0,0,0,0,0,8,0,0,0
62875,1,1,1986,0,0,0,0,0,0,0,0,0,0
62876,1,1,1986,0,0,0,0,0,12,0,18,0,10
62877,1,1,1986,0,0,0,0,0,0,0,0,0,0
62877,2,1,1986,0,0,0,0,0,0,0,0,0,0
62878,1,1,1986,0,0,0,0,4,0,0,0,0,0
62879,1,1,1986,0,0,0,0,0,0,0,0,0,0
62879,2,1,1986,0,0,0,0,0,0,0,0,0,0
62879,3,1,1986,0,0,0,0,0,0,0,0,0,0
62880,1,1,1986,0,0,0,18,0,0,0,0,0,0
62881,0,1,1986,0,0,0,0,0,0,0,0,10,11
62881,1,1,1986,12,5,20,25,0,17,0,0,9,11
62882,1,1,1986,0,0,0,0,0,0,0,0,0,0
62882,2,1,1986,0,0,0,0,0,0,0,0,0,0
62883,1,1,1986,0,0,0,0,0,0,0,0,0,0
62883,2,1,1986,0,0,0,0,0,0,0,0,0,0
62884,1,1,1986,0,0,0,0,0,0,0,0,0,0
62884,2,1,1986,0,0,0,21,0,0,0,0,0,0
62884,3,1,1986,0,0,0,0,0,0,0,0,0,0
62885,1,1,1986,0,0,0,0,0,0,0,0,0,0
62885,2,1,1986,3,3,3,3,3,3,3,3,3,3
62885,3,1,1986,0,0,0,0,0,0,0,0,0,0
62885,4,1,1986,0,0,0,0,0,0,0,0,0,0
62886,1,1,1986,6,6,6,6,6,6,6,6,6,6
62887,1,1,1986,0,0,0,0,0,0,0,0,0,0
62888,0,1,1986,0,0,0,0,0,0,0,0,0,0
62888,1,1,1986,0,0,0,0,0,0,0,0,0,3
62889,1,1,1986,0,0,9,0,11,17,16,20,13,0
62889,2,1,1986,0,0,0,0,0,0,0,0,0,0
62890,1,1,1986,0,0,0,0,0,0,0,0,0,0
62891,1,1,1986,0,0,0,0,0,0,0,0,0,0
62891,2,1,1986,0,0,0,0,0,0,0,0,0,0
62892,1,1,1986,19,19,19,19,19,19,19,19,19,19
62892,2,1,1986,0,0,0,0,0,0,0,0,0,0
62892,3,1,1986,0,0,0,0,0,0,0,0,0,0
62893,1,1,1986,18,18,18,18,18,18,18,18,18,18
62894,0,1,1986,0,0,0,0,0,0,0,0,0,0
62894,1,1,1986,0,0,0,0,0,0,0,0,0,0
62895,1,1,1986,0,0,0,0,0,0,0,0,0,0
62895,2,1,1986,0,0,0,0,0,0,0,0,0,0
62896,1,1,1986,19,19,19,19,19,19,19,19,19,19
62896,2,1,1986,0,0,0,0,0,0,0,0,0,0
62897,0,1,1986,17,17,17,17,17,17,17,17,17,17
62897,1,1,1986,0,0,0,0,0,0,0,10,10,0
62898,1,1,1986,0,11,0,0,0,0,0,0,0,0
62898,2,1,1986,0,0,0,0,0,0,0,0,0,0
62899,1,1,1986,6,6,6,6,6,6,6,6,6,6
62899,2,1,1986,0,0,0,0,0,0,11,12,0,11
62900,1,1,1986,0,0,0,0,0,0,0,0,0,0
62900,2,1,1986,0,0,0,0,0,0,0,0,0,0
62900,3,1,1986,0,0,13,0,0,0,0,0,0,0
62901,1,1,1986,10,10,10,10,10,10,10,10,10,10
62901,2,1,1986,0,0,0,0,0,0,0,0,0,0
62902,1,1,1986,0,0,0,0,0,0,0,0,0,0
62902,2,1,1986,21,0,0,15,0,0,8,0,0,29
62903,1,1,1986,0,0,0,0,0,0,0,0,0,0
62903,2,1,1986,0,0,0,0,0,0,0,0,0,0
62904,0,1,1986,0,0,0,0,0,0,0,0,0,0
62904,1,1,1986,0,0,0,0,0,0,0,0,0,0
62905,1,1,1986,0,7,6,13,13,10,0,4,0,19
62905,2,1,1986,0,0,0,0,0,0,0,0,0,0
62906,1,1,1986,15,15,15,15,15,15,15,15,15,15
62906,2,1,1986,7,9,43,9,0,24,11,14,25,20
62907,1,1,1986,0,0,0,0,0,0,0,0,0,0
62907,2,1,1986,0,0,0,0,0,0,0,0,0,0
62908,1,1,1986,20,22,39,12,19,36,22,12,30,0
62909,1,1,1986,7,10,24,20,16,8,10,13,16,12
62910,1,1,1986,0,0,0,0,0,0,0,0,0,0
62911,1,1,1986,0,0,0,0,0,0,0,0,0,0
62912,1,1,1986,12,12,12,12,12,12,12,12,12,12
62913,1,1,1986,14,14,14,14,14,14,14,14,14,14
62914,1,1,1986,13,13,13,13,13,13,13,13,13,13
62915,1,1,1986,0,0,0,0,0,0,0,0,0,0
62916,1,1,1986,14,14,14,14,14,14,14,14,14,14
62917,1,1,1986,3,3,3,3,3,3,3,3,3,3
62918,1,1,1986,4,0,0,0,0,0,0,0,0,0
62919,1,1,1986,0,0,0,0,0,0,0,0,0,0
62920,1,1,1986,19,19,19,19,19,19,19,19,19,19
62921,1,1,1986,17,17,17,17,17,17,17,17,17,17
62922,1,1,1986,28,28,28,28,28,28,28,28,28,28
62923,1,1,1986,8,8,8,8,8,8,8,8,8,8
62924,1,1,1986,20,20,20,20,20,20,20,20,20,20
62925,1,1,1986,20,25,0,23,33,13,11,0,28,29
62926,1,1,1986,6,6,6,6,6,6,6,6,6,6
62927,1,1,1986,5,13,0,10,11,0,10,23,0,0
62928,1,1,1986,0,0,0,0,0,0,0,0,0,0
62929,1,1,1986,22,22,22,22,22,22,22,22,22,22
62930,1,1,1986,3,3,3,3,3,3,3,3,3,3
62931,1,1,1986,0,0,0,0,0,0,0,0,0,0
62932,1,1,1986,21,21,21,21,21,21,21,21,21,21
62933,1,1,1986,13,13,13,13,13,13,13,13,13,13
62934,1,1,1986,11,11,11,11,11,11,11,11,11,11
62934,2,1,1986,0,0,0,0,0,0,0,0,0,0
62935,1,1,1986,14,14,14,14,14,14,14,14,14,14
62935,2,1,1986,0,0,0,22,0,0,0,0,0,20
62936,1,1,1986,15,15,15,15,15,15,15,15,15,15
62937,0,1,1986,0,0,0,0,0,0,0,0,0,0
62937,1,1,1986,0,0,0,0,0,0,0,0,0,0
62938,1,1,1986,0,0,0,0,0,0,0,0,0,0
62938,2,1,1986,0,0,0,0,0,0,0,0,0,0
62939,1,1,1986,10,10,10,10,10,10,10,10,10,10
62940,1,1,1986,13,13,13,13,13,13,13,13,13,13
62940,2,1,1986,0,0,0,0,0,0,0,0,0,0
62941,1,2,1986,0,0,0,0,0,0,0,0,0,0
62942,0,1,1986,0,0,0,0,0,0,0,0,0,0
62942,1,1,1986,0,0,0,20,0,0,0,0,18,0
62943,1,1,1986,0,0,0,7,0,0,0,0,0,0
62943,2,1,1986,0,0,0,0,0,0,0,0,0,0
62944,1,1,1986,15,15,15,15,15,15,15,15,15,15
62944,2,1,1986,16,29,20,8,8,23,25,32,22,6
62945,1,1,1986,7,7,7,7,7,7,7,7,7,7
62946,1,1,1986,10,10,10,10,10,10,10,10,10,10
62946,2,1,1986,0,0,0,0,0,0,0,0,0,0
62947,1,1,1986,15,15,15,15,15,15,15,15,15,15
62948,0,1,1986,0,0,0,0,0,0,0,0,0,0
62948,1,1,1986,0,0,0,0,0,0,0,0,14,0
62949,0,1,1986,0,0,0,0,0,0,0,0,0,0
62949,1,1,1986,15,15,15,15,15,15,15,15,15,15
62950,0,1,1986,5,5,5,5,5,5,5,5,5,5
62950,0,2,1986,0,33,0,15,30,0,13,14,9,27
62950,1,1,1986,0,0,0,6,0,0,0,0,6,12
62951,1,1,1986,21,21,21,21,21,21,21,21,21,21
62951,2,1,1986,0,3,0,0,0,0,0,0,0,5
62952,1,1,1986,5,5,5,5,5,5,5,5,5,5
62953,1,1,1986,29,29,29,29,29,29,29,29,29,29
62954,1,1,1986,29,11,12,6,26,21,7,25,0,10
62954,2,1,1986,0,0,0,0,0,0,0,0,0,0
62955,1,1,1986,22,23,33,18,16,8,21,10,18,16
62956,1,1,1986,20,20,20,20,20,20,20,20,20,20
62957,1,1,1986,14,19,10,12,19,16,14,22,10,33
62958,0,1,1986,0,0,0,0,0,0,0,0,0,0
62958,1,1,1986,0,2,0,0,0,0,0,0,0,0
62959,1,1,1986,20,20,20,20,20,20,20,20,20,20
62960,1,1,1986,0,0,0,0,0,0,0,0,0,0
62960,2,1,1986,0,0,0,0,0,0,0,0,0,0
62960,3,1,1986,0,0,0,0,0,0,0,0,0,0
62961,1,1,1986,21,21,21,21,21,21,21,21,21,21
62962,1,1,1986,0,0,0,0,0,0,0,0,0,0
62963,1,1,1986,22,22,22,22,22,22,22,22,22,22
62964,1,1,1986,0,14,26,13,12,15,25,0,0,33
62965,1,1,1986,14,10,28,2,15,5,45,16,26,27
62965,2,1,1986,2,29,0,21,8,0,27,0,14,7
62966,1,1,1986,9,9,9,9,9,9,9,9,9,9
62966,2,1,1986,0,0,0,0,0,11,0,0,0,0
62966,3,1,1986,0,12,0,0,0,0,0,0,0,0
62967,1,1,1986,10,10,10,10,10,10,10,10,10,10
62968,0,1,1986,0,0,0,0,0,0,0,0,0,0
62968,1,1,1986,0,0,0,0,0,0,0,0,0,0
62969,1,1,1986,0,0,0,0,0,0,0,0,0,0
62971,1,1,1986,22,22,22,22,22,22,22,22,22,22
62972,1,1,1986,28,28,28,28,28,28,28,28,28,28
62972,2,1,1986,3,3,3,3,3,3,3,3,3,3
62973,0,1,1986,15,15,15,15,15,15,15,15,15,15
62973,1,1,1986,0,0,0,0,0,0,0,0,0,0
62974,1,1,1986,29,29,29,29,29,29,29,29,29,29
62975,0,1,1986,0,0,0,0,0,0,0,0,0,0
62975,1,1,1986,12,12,12,12,12,12,12,12,12,12
62975,2,1,1986,0,0,0,0,0,0,0,0,0,0
62976,1,1,1986,5,5,5,5,5,5,5,5,5,5
62976,2,1,1986,0,0,0,0,0,0,0,0,0,0
62977,1,1,1986,2,2,2,2,2,2,2,2,2,2
62977,2,1,1986,0,0,0,0,0,0,0,0,0,3
62977,3,1,1986,0,5,0,0,0,5,16,0,0,0
62977,4,1,1986,0,0,0,0,9,0,6,0,0,0
62978,1,1,1986,18,18,18,18,18,18,18,18,18,18
62978,2,1,1986,0,0,0,0,0,0,0,0,0,0
62978,3,1,1986,0,0,0,0,0,0,0,0,0,0
62979,1,1,1986,0,12,0,0,0,0,0,0,0,0
62979,2,1,1986,0,0,0,0,0,0,0,0,0,0
62980,1,1,1986,0,0,0,0,0,0,0,0,0,0
62980,2,1,1986,0,0,0,15,0,0,0,0,0,0
62981,1,1,1986,0,0,0,0,0,0,0,0,0,0
62981,2,1,1986,0,0,0,0,0,0,12,8,0,0
62981,3,1,1986,0,0,0,0,0,0,0,0,0,0
62981,4,1,1986,0,0,0,0,8,0,13,18,0,0
62982,0,1,1986,7,7,7,7,7,7,7,7,7,7
62982,1,1,1986,0,0,7,0,0,0,0,0,20,0
62983,0,1,1986,0,0,15,0,0,11,0,0,13,6
62983,0,2,1986,0,0,0,0,0,8,8,0,0,14
62983,1,1,1986,0,0,0,0,0,0,0,0,0,0
62983,2,1,1986,0,12,0,0,0,0,0,0,0,0
62984,1,1,1986,0,13,18,8,16,0,11,0,0,0
62984,2,1,1986,0,0,0,0,0,0,0,0,0,0
62985,1,1,1986,0,0,0,0,0,0,0,0,0,0
62985,2,1,1986,12,12,12,12,12,12,12,12,12,12
62986,1,1,1986,16,16,16,16,16,16,16,16,16,16
62987,0,1,1986,0,0,23,20,27,23,0,0,0,0
62987,1,1,1986,12,12,15,9,0,28,24,19,2,0
62988,1,1,1986,0,0,0,0,0,0,0,0,0,0
62989,1,1,1986,15,43,0,0,0,0,22,0,16,0
62989,2,1,1986,0,0,0,0,0,0,0,7,0,0
62990,1,1,1986,8,8,8,8,8,8,8,8,8,8
62991,1,1,1986,22,22,22,22,22,22,22,22,22,22
62992,1,1,1986,0,0,0,0,0,0,22,0,0,0
62993,1,1,1986,0,0,0,0,0,0,0,0,0,0
62994,0,1,1986,0,0,0,0,0,0,0,0,0,0
62994,1,1,1986,0,0,0,0,0,0,0,0,0,0
62995,0,1,1986,0,0,0,0,0,0,0,0,0,0
62995,1,1,1986,0,0,0,0,15,0,0,0,0,0
62996,1,1,1986,28,28,28,28,28,28,28,28,28,28
62997,0,1,1986,40,40,40,40,40,40,40,40,40,40
62997,1,1,1986,0,0,0,0,0,0,0,0,0,0
62997,2,1,1986,0,0,0,5,0,0,0,0,0,0
62998,1,1,1986,0,0,0,0,0,0,0,0,0,0
62999,1,1,1986,0,0,0,0,0,0,0,0,0,0
62999,2,1,1986,0,0,0,0,0,0,0,0,0,0
63000,1,1,1986,10,10,10,10,10,10,10,10,10,10
63000,2,1,1986,0,0,0,0,0,0,0,0,0,0
63001,1,1,1986,0,0,0,0,0,0,0,0,0,0
63002,1,1,1986,0,0,0,0,0,0,0,0,0,0
63002,2,1,1986,0,0,0,0,0,0,0,0,0,0
63003,1,1,1986,0,24,0,16,9,0,7,15,0,14
63003,2,1,1986,0,0,0,3,0,0,0,0,0,0
63004,0,1,1986,34,18,27,37,33,12,24,0,4,0
63004,0,2,1986,0,0,12,0,10,0,20,0,7,20
63004,0,3,1986,14,0,15,0,26,0,20,9,30,14
63004,1,1,1986,7,9,0,0,0,0,0,24,0,0
63004,2,1,1986,26,36,11,0,13,0,0,21,15,3
63005,0,1,1986,0,0,18,17,14,12,0,0,19,12
63005,1,1,1986,11,30,14,6,13,27,16,0,3,9
63006,1,1,1986,0,0,0,0,0,0,0,0,0,0
63006,2,1,1986,14,0,0,0,0,0,0,0,0,0
63007,0,1,1986,0,19,5,0,0,12,6,17,10,10
63007,0,2,1986,0,0,0,0,0,0,0,0,0,0
63007,1,1,1986,0,0,4,0,0,0,0,0,0,0
63008,1,1,1986,0,0,0,0,0,0,0,0,0,0
63008,2,1,1986,0,0,0,0,0,0,0,0,0,0
63009,1,1,1986,0,0,0,0,0,0,0,0,0,0
63009,2,1,1986,0,0,0,0,0,0,0,0,0,0
63010,0,1,1986,0,0,0,0,0,0,5,0,0,0
63010,1,1,1986,0,0,0,0,0,0,0,0,0,0
63011,0,1,1986,14,14,14,14,14,14,14,14,14,14
63011,1,1,1986,16,13,19,10,8,19,23,18,38,27
63012,1,1,1986,0,0,0,0,0,0,0,0,0,0
63012,2,1,1986,0,0,0,0,0,0,0,0,0,0
63014,1,1,1986,0,0,0,0,0,0,0,0,0,0
63015,1,1,1986,18,18,18,18,18,18,18,18,18,18
63016,1,1,1986,0,0,0,0,0,0,0,0,0,0
63017,1,1,1986,9,9,9,9,9,9,9,9,9,9
63018,1,1,1986,14,14,14,14,14,14,14,14,14,14
63019,0,1,1986,37,16,12,17,16,20,24,13,28,0
63019,1,1,1986,12,0,31,0,41,0,0,9,15,18
63020,0,1,1986,26,26,26,26,26,26,26,26,26,26
63020,1,1,1986,0,0,0,0,0,0,0,0,15,0
63022,0,1,1986,21,21,21,21,21,21,21,21,21,21
63022,1,1,1986,8,0,0,0,0,0,0,0,0,0
63023,0,1,1986,29,29,29,29,29,29,29,29,29,29
63023,1,1,1986,11,15,21,5,24,11,6,16,9,24
63024,1,1,1986,0,0,0,0,0,0,0,0,0,0
63025,0,1,1986,29,29,29,29,29,29,29,29,29,29
63025,1,1,1986,0,0,0,0,0,0,0,0,0,0
63026,0,1,1986,13,13,13,13,13,13,13,13,13,13
63026,1,1,1986,0,0,0,0,0,0,4,0,0,0
63027,0,1,1986,0,0,25,15,17,35,12,0,0,0
63027,1,1,1986,12,16,19,19,26,10,39,7,8,0
63028,0,1,1986,10,10,10,10,10,10,10,10,10,10
63028,1,1,1986,0,0,0,0,0,0,0,0,0,0
63029,1,1,1986,17,17,17,17,17,17,17,17,17,17
63030,0,1,1986,0,0,0,0,0,0,0,0,0,0
63030,1,1,1986,0,0,0,0,0,0,0,0,0,0
63031,1,1,1986,0,0,0,0,0,0,0,0,0,0
63032,0,1,1986,0,0,0,0,0,0,0,0,0,0
63032,1,1,1986,32,20,27,40,19,9,0,0,12,2
63033,1,1,1986,0,25,13,16,6,16,0,23,23,24
63033,2,1,1986,0,11,4,35,22,25,23,7,8,6
63034,1,1,1986,0,0,0,0,0,0,0,0,0,0
63034,2,1,1986,0,0,0,0,0,2,0,0,0,0
63035,1,1,1986,0,0,0,0,0,0,0,0,0,0
63035,2,1,1986,13,13,13,13,13,13,13,13,13,13
63036,1,1,1986,11,8,15,21,17,18,15,9,10,16
63036,2,1,1986,0,0,0,0,0,0,0,0,0,0
63037,1,1,1986,14,14,14,14,14,14,14,14,14,14
63038,0,1,1986,43,12,21,7,0,17,31,5,19,0
63038,1,1,1986,0,0,0,0,0,0,24,0,0,0
63039,1,1,1986,0,10,0,0,0,0,0,0,0,0
63040,1,1,1986,0,0,0,0,0,0,0,0,0,0
63040,2,1,1986,0,0,0,0,0,0,0,0,0,0
63040,3,1,1986,0,0,0,0,0,0,0,0,0,0
63041,1,1,1986,0,0,0,0,0,0,0,0,0,0
63042,1,1,1986,0,0,0,0,0,0,0,0,0,0
63043,1,1,1986,0,0,0,0,0,0,0,0,0,0
63043,2,1,1986,0,0,0,0,0,0,0,0,0,0
63044,1,1,1986,16,16,16,16,16,16,16,16,16,16
63044,2,1,1986,0,0,0,0,0,0,0,0,0,0
63045,1,1,1986,27,27,27,27,27,27,27,27,27,27
63046,1,1,1986,21,21,21,21,21,21,21,21,21,21
63046,2,1,1986,0,0,0,0,0,0,0,0,0,0
63047,1,1,1986,0,11,0,0,0,0,0,0,0,0
63048,1,1,1986,0,0,0,0,0,0,0,0,0,0
63049,1,1,1986,18,18,18,18,18,18,18,18,18,18
63050,1,1,1986,0,0,0,0,0,0,0,0,0,0
63051,0,1,1986,0,0,0,0,0,0,0,0,0,0
63051,1,1,1986,25,25,25,25,25,25,25,25,25,25
63052,1,1,1986,18,15,20,16,16,20,11,6,10,16
63052,2,1,1986,0,0,0,0,0,0,0,0,0,0
63053,0,1,1986,40,40,40,40,40,40,40,40,40,40
63053,1,1,1986,0,0,0,0,0,0,0,0,0,0
63054,0,1,1986,0,6,12,20,11,0,11,0,13,26
63054,1,1,1986,19,19,19,19,19,19,19,19,19,19
63054,2,1,1986,0,7,0,0,0,0,0,0,0,0
63055,1,1,1986,30,30,30,30,30,30,30,30,30,30
63056,1,1,1986,0,5,0,15,0,0,0,0,0,0
63057,0,1,1986,22,20,27,14,24,28,7,11,14,25
63057,1,1,1986,14,14,14,14,14,14,14,14,14,14
63057,2,1,1986,0,0,0,0,0,0,15,0,0,0
63058,1,1,1986,0,0,0,0,0,0,0,0,0,0
63058,2,1,1986,0,0,0,0,0,0,0,0,0,0
63059,1,1,1986,0,0,0,0,0,0,0,0,0,0
63059,2,1,1986,0,0,0,0,0,18,0,0,0,0
63060,1,1,1986,0,0,8,3,0,0,0,1,0,0
63060,2,1,1986,9,9,9,9,9,9,9,9,9,9
63060,3,1,1986,0,3,0,0,0,4,0,0,0,13
63060,4,1,1986,0,3,4,0,0,0,0,0,0,0
63061,1,1,1986,0,0,0,0,0,0,0,0,0,0
63061,2,1,1986,0,0,0,0,0,0,0,0,0,0
63062,1,1,1986,0,0,0,0,0,0,0,0,0,0
63062,2,1,1986,0,0,36,17,0,0,0,0,0,0
63063,1,1,1986,0,0,0,0,0,0,0,0,0,0
63064,1,1,1986,10,10,10,10,10,10,10,10,10,10
63065,1,1,1986,0,0,0,0,0,0,0,0,0,0
63066,1,1,1986,0,0,0,0,0,0,0,0,0,0
63066,2,1,1986,0,13,0,0,0,0,0,0,0,10
63067,1,1,1986,10,10,10,10,10,10,10,10,10,10
63068,1,1,1986,22,22,22,22,22,22,22,22,22,22
63068,2,1,1986,15,11,21,19,23,19,6,9,24,22
63069,0,1,1986,30,30,30,30,30,30,30,30,30,30
63069,1,1,1986,15,17,13,22,31,12,5,9,15,23
63070,1,1,1986,15,15,15,15,15,15,15,15,15,15
63070,2,1,1986,11,9,14,7,0,11,8,19,10,23
63071,0,1,1986,0,0,0,0,0,0,0,0,0,0
63071,1,1,1986,0,6,0,0,0,0,0,0,0,0
63072,1,1,1986,6,6,6,6,6,6,6,6,6,6
63073,1,1,1986,17,17,17,17,17,17,17,17,17,17
63074,0,1,1986,0,0,0,0,0,0,0,0,0,0
63074,1,1,1986,0,0,0,0,0,0,0,0,0,0
63075,0,1,1986,25,25,25,25,25,25,25,25,25,25
63075,1,1,1986,0,0,0,0,0,0,0,0,0,0
63076,1,1,1986,0,0,0,0,0,0,0,0,0,0
63076,2,1,1986,0,0,0,0,11,0,0,0,0,0
63077,1,1,1986,13,13,13,13,13,13,13,13,13,13
63077,2,1,1986,0,0,0,0,0,0,0,0,0,0
63078,1,1,1986,6,6,6,6,6,6,6,6,6,6
63079,0,1,1986,0,0,0,0,0,0,0,0,0,0
63079,1,1,1986,5,0,16,15,0,0,0,0,20,6
63080,0,1,1986,19,19,19,19,19,19,19,19,19,19
63080,1,1,1986,0,0,23,0,0,23,8,2,0,11
63081,1,1,1986,0,0,0,0,0,0,0,0,0,0
63081,2,1,1986,0,0,0,0,0,0,0,0,0,0
63082,1,1,1986,0,0,0,0,11,10,11,0,19,0
63082,2,1,1986,12,0,0,0,0,0,0,0,23,0