ST_CASE,VEH_NO,PER_NO,YEAR,P1,P2,P3,P4,P5,P6,P7,P8,P9,P10
63368,1,1,1986,5,5,5,5,5,5,5,5,5,5
63369,1,1,1986,0,17,0,0,0,15,0,0,0,0
63370,0,1,1986,11,11,11,11,11,11,11,11,11,11
63370,1,1,1986,0,0,0,0,0,0,0,0,0,0
63371,1,1,1986,32,32,32,32,32,32,32,32,32,32
63372,1,1,1986,0,0,0,0,0,0,0,0,0,0
63373,0,1,1986,7,7,7,7,7,7,7,7,7,7
63373,1,1,1986,0,0,0,0,0,0,0,0,0,0
63374,1,1,1986,18,0,23,13,6,17,8,11,19,22
63375,1,1,1986,0,0,0,0,0,0,0,0,0,0
63376,1,1,1986,13,13,13,13,13,13,13,13,13,13
63377,1,1,1986,0,0,0,0,0,0,0,0,0,0
63378,1,1,1986,0,0,0,0,0,0,0,0,0,0
63379,0,1,1986,0,0,0,0,0,0,0,0,0,0
63379,1,1,1986,15,16,5,18,11,17,16,28,15,0
63380,1,1,1986,0,0,0,0,0,0,0,0,0,0
63381,1,1,1986,0,0,0,0,0,0,0,0,0,0
63382,1,1,1986,29,29,29,29,29,29,29,29,29,29
63383,1,1,1986,13,13,13,13,13,13,13,13,13,13
63384,1,1,1986,24,24,24,24,24,24,24,24,24,24
63384,2,1,1986,0,0,0,0,14,0,0,0,0,0
63385,1,1,1986,0,0,0,0,0,3,6,0,0,0
63385,2,1,1986,0,0,0,0,0,0,0,0,0,0
63386,1,1,1986,0,0,0,0,0,0,0,0,0,0
63386,2,1,1986,0,0,0,0,0,0,0,0,0,0
63387,1,1,1986,15,15,15,15,15,15,15,15,15,15
63387,2,1,1986,0,0,0,0,0,0,0,0,0,0
63387,3,1,1986,0,0,0,0,8,0,0,0,0,0
63387,4,1,1986,0,0,0,0,0,0,0,0,0,0
63388,1,1,1986,25,25,25,25,25,25,25,25,25,25
63389,1,1,1986,0,0,0,0,0,0,0,0,0,0
63390,1,1,1986,11,0,0,0,0,0,0,0,0,0
63390,2,1,1986,6,6,6,6,6,6,6,6,6,6
63391,1,1,1986,0,0,0,0,0,0,0,0,0,0
63391,2,1,1986,17,17,17,17,17,17,17,17,17,17
63392,0,1,1986,0,0,0,0,0,0,0,0,0,0
63392,1,1,1986,0,0,0,0,0,0,0,0,0,0
63393,1,1,1986,18,18,18,18,18,18,18,18,18,18
63394,1,1,1986,0,0,0,0,0,0,0,15,0,0
63394,2,1,1986,0,0,0,13,0,0,0,0,0,0
63395,1,1,1986,7,7,7,7,7,7,7,7,7,7
63395,2,1,1986,0,0,0,0,0,0,0,0,0,0
63395,3,1,1986,0,0,0,0,12,0,0,0,0,0
63396,1,1,1986,23,23,23,23,23,23,23,23,23,23
63397,1,1,1986,11,11,11,11,11,11,11,11,11,11
63397,2,1,1986,0,0,0,0,0,0,0,0,0,0
63398,0,1,1986,0,0,0,0,0,0,0,0,0,0
63398,1,1,1986,0,4,22,7,0,0,0,25,0,0
63399,1,1,1986,0,0,0,0,0,0,0,0,0,4
63399,2,1,1986,0,0,0,0,0,0,0,0,0,0
63400,1,1,1986,0,0,0,0,0,0,0,0,0,0
63400,2,1,1986,0,7,0,0,0,0,0,0,0,0
63401,1,1,1986,16,16,16,16,16,16,16,16,16,16
63401,2,1,1986,0,0,0,0,0,0,0,0,0,0
63402,1,1,1986,28,28,28,28,28,28,28,28,28,28
63402,2,1,1986,0,0,0,0,0,0,0,0,0,0
63403,1,1,1986,0,0,0,0,0,0,0,0,0,0
63403,2,1,1986,0,0,0,0,0,0,0,0,0,0
63404,1,1,1986,0,0,0,0,0,0,0,0,0,0
63404,2,1,1986,0,0,13,0,0,0,0,16,0,0
63405,1,1,1986,0,0,0,0,0,0,16,0,3,0
63405,2,1,1986,0,0,0,10,0,0,0,0,15,0
63406,1,1,1986,0,0,0,0,0,0,0,0,0,0
63406,2,1,1986,0,0,0,0,0,0,0,0,0,0
63407,1,1,1986,16,16,16,16,16,16,16,16,16,16
63407,2,1,1986,0,12,0,0,0,0,0,0,0,0
63408,1,1,1986,15,15,15,15,15,15,15,15,15,15
63408,2,1,1986,0,0,0,0,0,0,14,0,0,0
63409,1,1,1986,0,0,0,0,0,0,0,0,0,0
63409,2,1,1986,0,0,0,0,0,0,0,0,13,6
63410,1,1,1986,0,0,0,0,0,0,0,0,0,0
63410,2,1,1986,0,0,0,0,0,0,0,0,0,0
63411,1,1,1986,0,0,0,0,0,0,0,0,0,0
63411,2,1,1986,0,0,0,0,0,0,0,0,0,0
63412,1,1,1986,6,6,6,6,6,6,6,6,6,6
63412,2,1,1986,0,0,0,0,0,0,0,0,0,0
63412,3,1,1986,0,0,0,0,0,0,0,0,0,0
63413,1,1,1986,16,16,16,16,16,16,16,16,16,16
63414,1,1,1986,24,24,24,24,24,24,24,24,24,24
63414,2,1,1986,0,0,0,0,0,0,0,0,0,0
63415,1,1,1986,0,0,0,0,0,0,0,0,0,0
63415,2,1,1986,5,5,5,5,5,5,5,5,5,5
63416,1,1,1986,4,4,4,4,4,4,4,4,4,4
63416,2,1,1986,0,0,0,0,0,0,0,0,0,0
63416,3,1,1986,0,0,0,0,0,0,0,0,0,0
63417,0,1,1986,0,0,0,0,0,0,0,0,0,0
63417,0,2,1986,0,0,19,0,0,0,0,0,19,3
63417,2,1,1986,0,0,0,0,0,0,0,0,0,0
63418,1,1,1986,0,0,0,0,0,0,0,0,0,0
63418,2,1,1986,17,0,2,0,0,0,0,0,0,0
63419,1,1,1986,0,0,0,0,0,0,0,0,0,0
63419,2,1,1986,0,0,9,0,0,0,0,0,0,0
63420,0,1,1986,0,0,0,0,0,0,0,0,0,0
63420,1,1,1986,0,0,0,0,0,0,0,0,0,0
63421,0,1,1986,0,0,0,0,0,0,0,0,0,0
63421,1,1,1986,15,27,0,20,0,0,0,4,0,18
63422,1,1,1986,17,17,17,17,17,17,17,17,17,17
63423,1,1,1986,0,0,0,0,0,0,0,0,0,0
63424,0,1,1986,0,0,0,0,0,0,0,0,0,0
63424,1,1,1986,0,0,0,0,0,0,0,0,0,0
63425,0,1,1986,38,6,47,5,9,23,33,19,16,18
63425,1,1,1986,0,0,0,0,0,0,0,0,0,0
63426,0,1,1986,0,0,0,0,0,0,0,0,0,0
63426,1,1,1986,0,0,0,0,0,0,0,0,0,0
63427,0,1,1986,0,0,0,0,0,0,0,0,0,0
63427,1,1,1986,0,0,0,0,0,0,9,0,0,0
63428,0,1,1986,23,23,23,23,23,23,23,23,23,23
63428,1,1,1986,0,0,0,0,0,0,0,0,0,0
63429,1,1,1986,19,19,19,19,19,19,19,19,19,19
63430,1,1,1986,21,21,21,21,21,21,21,21,21,21
63431,0,1,1986,12,12,12,12,12,12,12,12,12,12
63431,1,1,1986,23,0,0,0,0,0,0,0,0,0
63432,1,1,1986,0,0,0,0,0,0,0,0,0,0
63433,1,1,1986,17,19,9,14,10,20,19,26,19,6
63434,0,1,1986,0,0,0,0,0,0,0,0,0,0
63434,1,1,1986,0,0,0,0,0,0,0,0,0,0
63435,0,1,1986,0,0,0,0,0,0,0,0,0,0
63435,1,1,1986,19,5,25,6,40,11,0,22,11,16
63436,1,1,1986,20,20,20,20,20,20,20,20,20,20
63437,0,1,1986,0,0,0,0,0,0,0,0,0,0
63437,1,1,1986,0,0,0,0,0,0,0,7,0,0
63438,0,1,1986,0,0,0,0,0,0,0,0,0,0
63438,1,1,1986,0,0,0,0,0,0,0,0,0,0
63439,1,1,1986,28,28,28,28,28,28,28,28,28,28
63440,1,1,1986,10,10,10,10,10,10,10,10,10,10
63441,1,1,1986,23,23,23,23,23,23,23,23,23,23
63441,2,1,1986,12,12,12,12,12,12,12,12,12,12
63442,1,1,1986,0,0,0,0,0,0,0,0,0,0
63442,2,1,1986,0,0,0,0,0,0,0,0,0,0
63443,1,1,1986,0,0,0,0,0,0,0,0,0,0
63443,2,1,1986,0,0,0,0,0,0,0,0,0,0
63443,3,1,1986,0,0,0,0,13,0,0,0,0,0
63444,1,1,1986,0,0,8,0,0,0,13,0,0,0
63444,2,1,1986,0,0,0,0,0,0,0,0,0,0
63445,1,1,1986,22,22,22,22,22,22,22,22,22,22
63446,1,1,1986,19,19,19,19,19,19,19,19,19,19
63447,1,1,1986,0,2,13,0,19,10,0,10,20,21
63447,2,1,1986,0,0,0,0,0,0,0,0,0,0
63448,1,1,1986,0,0,8,0,0,0,0,0,8,0
63448,2,1,1986,0,0,0,0,0,0,0,0,0,6
63449,1,1,1986,0,0,0,0,12,0,0,0,0,0
63449,2,1,1986,0,0,0,6,0,0,0,0,0,0
63450,1,1,1986,8,8,8,8,8,8,8,8,8,8
63450,2,1,1986,0,7,0,0,0,0,0,0,0,0
63451,1,1,1986,0,0,0,0,0,0,0,0,0,0
63451,2,1,1986,0,0,0,0,0,0,0,0,0,0
63451,3,1,1986,5,0,0,0,0,0,0,0,0,7
63452,1,1,1986,0,0,0,0,0,0,0,0,0,0
63452,2,1,1986,0,0,0,0,0,0,0,0,0,0
63453,0,1,1986,0,0,0,0,0,0,0,0,0,0
63453,1,1,1986,13,13,13,13,13,13,13,13,13,13
63454,1,1,1986,0,0,0,0,0,0,0,0,0,0
63454,2,1,1986,0,0,0,0,0,0,0,20,0,0
63454,3,1,1986,0,0,0,0,0,0,0,0,0,0
63454,4,1,1986,0,0,0,0,0,0,0,0,0,0
63455,1,1,1986,23,23,23,23,23,23,23,23,23,23
63455,2,1,1986,0,0,0,0,0,0,0,0,0,0
63456,1,1,1986,0,0,0,4,0,0,0,0,0,0
63456,2,1,1986,0,0,0,0,0,0,0,0,0,0
63457,1,1,1986,25,25,25,25,25,25,25,25,25,25
63457,2,1,1986,0,0,0,0,0,0,0,0,0,0
63458,1,1,1986,0,0,0,0,0,0,0,0,0,0
63458,2,1,1986,3,3,3,3,3,3,3,3,3,3
63458,3,1,1986,11,0,0,0,0,21,21,0,14,21
63459,1,1,1986,0,0,0,0,0,0,0,0,0,0
63459,2,1,1986,0,0,0,0,0,0,0,0,0,0
63460,0,1,1986,43,0,7,0,0,0,20,18,21,16
63460,1,1,1986,0,0,0,0,0,0,0,15,0,0
63461,1,1,1986,0,0,0,0,0,0,0,0,0,0
63461,2,1,1986,0,0,0,0,0,0,0,0,0,0
63462,1,1,1986,0,0,0,0,0,0,0,0,0,0
63463,1,1,1986,14,14,14,14,14,14,14,14,14,14
63464,1,1,1986,0,0,0,0,0,0,0,0,0,0
63464,2,1,1986,0,0,0,0,0,0,0,0,0,0
63464,3,1,1986,0,0,0,0,0,0,0,0,0,0
63465,1,1,1986,14,14,14,14,14,14,14,14,14,14
63465,2,1,1986,14,17,17,21,28,27,4,10,22,13
63465,3,1,1986,0,0,0,0,0,0,0,0,0,0
63466,1,1,1986,18,18,18,18,18,18,18,18,18,18
63466,2,1,1986,17,0,0,0,19,0,0,0,0,6
63467,1,1,1986,0,0,0,0,0,0,0,0,0,0
63468,1,1,1986,0,0,0,0,0,0,0,0,0,0
63469,1,1,1986,10,10,10,10,10,10,10,10,10,10
63470,0,1,1986,0,0,0,0,0,0,0,0,0,0
63470,0,2,1986,11,0,23,12,0,37,0,0,18,0
63470,1,1,1986,17,0,25,0,32,0,21,0,0,0
63471,0,1,1986,16,16,16,16,16,16,16,16,16,16
63471,1,1,1986,0,8,0,0,0,10,0,0,9,0
63472,1,1,1986,13,13,13,13,13,13,13,13,13,13
63473,1,1,1986,11,11,11,11,11,11,11,11,11,11
63474,1,1,1986,20,20,20,20,20,20,20,20,20,20
63475,1,1,1986,0,0,0,0,0,0,0,0,0,0
63475,2,1,1986,0,0,0,0,0,0,0,0,14,0
63476,1,1,1986,0,0,0,0,0,0,0,0,0,0
63476,2,1,1986,0,0,0,0,0,0,0,0,0,19
63477,1,1,1986,2,2,2,2,2,2,2,2,2,2
63478,1,1,1986,0,0,0,0,0,0,0,0,0,0
63479,1,1,1986,22,22,22,22,22,22,22,22,22,22
63479,2,1,1986,0,0,0,0,0,0,0,0,0,0
63480,0,1,1986,27,27,27,27,27,27,27,27,27,27
63480,1,1,1986,23,23,23,23,23,23,23,23,23,23
63481,1,1,1986,0,0,0,0,0,0,0,0,0,0
63482,1,1,1986,0,0,0,0,0,0,0,0,0,0
63483,1,1,1986,20,20,20,20,20,20,20,20,20,20
63484,1,1,1986,0,0,30,0,0,0,13,0,0,0
63485,1,1,1986,0,0,0,0,0,0,0,0,0,0
63486,1,1,1986,22,22,22,22,22,22,22,22,22,22
63487,1,1,1986,0,0,0,0,0,0,0,0,0,0
63488,1,1,1986,0,0,0,0,0,0,0,0,0,0
63488,2,1,1986,0,0,0,0,0,0,0,0,0,0
63489,1,1,1986,0,0,0,0,0,0,0,0,0,0
63490,1,1,1986,0,0,14,0,0,0,0,0,0,11
63490,2,1,1986,0,0,0,0,0,0,0,0,0,0
63491,1,1,1986,23,23,23,23,23,23,23,23,23,23
63491,2,1,1986,0,0,0,0,0,0,0,0,0,0
63491,3,1,1986,0,0,0,0,0,0,0,0,0,0
63492,0,1,1986,13,13,13,13,13,13,13,13,13,13
63492,1,1,1986,0,6,0,0,0,0,3,0,0,0
63492,3,1,1986,0,0,0,0,0,0,0,0,0,0
63492,4,1,1986,0,13,0,0,0,12,9,0,0,0
63493,1,1,1986,0,0,0,0,0,0,0,0,0,0
63493,2,1,1986,0,0,0,0,0,0,0,0,0,0
63494,1,1,1986,0,0,0,0,0,0,0,0,0,0
63494,2,1,1986,0,0,0,0,0,0,0,0,0,0
63495,1,1,1986,18,18,18,18,18,18,18,18,18,18
63495,2,1,1986,0,0,0,0,0,0,0,0,0,0
63496,1,1,1986,0,0,0,0,0,0,0,0,0,0
63497,1,1,1986,0,0,0,0,0,0,0,0,0,0
63497,2,1,1986,0,0,0,0,0,0,0,0,0,0
63498,1,1,1986,0,22,18,10,30,0,0,0,0,0
63498,2,1,1986,20,20,20,20,20,20,20,20,20,20
63499,1,1,1986,0,0,0,0,0,0,0,0,0,0
63499,2,1,1986,0,0,0,0,0,9,0,0,0,0
63499,3,1,1986,0,0,0,0,0,0,0,0,0,0
63500,1,1,1986,0,0,0,0,0,0,0,0,0,0
63500,2,1,1986,0,0,0,0,0,0,0,0,0,0
63500,3,1,1986,0,0,0,0,0,0,0,0,0,0
63501,1,1,1986,25,25,25,25,25,25,25,25,25,25
63501,2,1,1986,0,6,14,0,0,0,0,5,0,0
63502,1,1,1986,7,7,7,7,7,7,7,7,7,7
63503,1,1,1986,0,0,0,0,0,0,0,0,0,0
63503,2,1,1986,0,0,0,0,0,0,0,0,0,0
63504,1,1,1986,0,0,0,0,0,0,0,0,0,0
63504,2,1,1986,0,0,0,0,0,0,0,0,0,0
63505,1,1,1986,0,0,0,0,0,0,0,0,0,0
63505,2,1,1986,0,0,0,0,0,0,0,0,0,0
63506,0,1,1986,0,0,0,0,0,0,0,0,0,0
63506,1,1,1986,0,0,0,0,0,0,0,0,0,0
63507,1,1,1986,0,0,0,0,0,0,0,0,0,0
63507,2,1,1986,0,0,0,0,0,0,0,0,0,0
63508,1,1,1986,0,0,0,0,0,0,0,0,0,0
63508,2,1,1986,0,0,0,0,17,0,0,0,0,0
63509,1,1,1986,21,21,21,21,21,21,21,21,21,21
63509,2,1,1986,5,10,0,0,0,0,0,0,0,0
63509,3,1,1986,0,0,0,0,0,0,0,0,0,0
63510,1,1,1986,13,0,0,0,0,0,0,0,0,0
63510,2,1,1986,0,0,0,0,0,0,0,0,0,0
63510,3,1,1986,0,0,6,0,26,0,15,0,0,14
63511,1,1,1986,0,0,0,0,0,0,0,0,0,0
63511,2,1,1986,2,2,2,2,2,2,2,2,2,2
63511,3,1,1986,0,0,0,0,9,0,0,0,0,0
63512,1,1,1986,0,0,0,0,0,0,0,0,0,0
63513,1,1,1986,0,0,0,0,0,0,0,0,0,0
63513,2,1,1986,0,0,0,0,0,0,0,0,0,0
63513,3,1,1986,0,0,0,0,0,0,0,3,0,0
63514,1,1,1986,11,11,11,11,11,11,11,11,11,11
63514,2,1,1986,0,0,0,0,0,0,0,0,0,0
63515,1,1,1986,0,0,0,0,0,0,0,0,0,0
63515,2,1,1986,0,0,0,0,0,0,0,0,0,0
63516,1,1,1986,15,15,15,15,15,15,15,15,15,15
63517,1,1,1986,0,0,0,0,0,0,0,0,0,0
63517,2,1,1986,0,0,0,0,0,0,0,0,0,0
63518,1,1,1986,5,5,5,5,5,5,5,5,5,5
63518,2,1,1986,0,0,0,0,0,0,0,0,0,0
63519,1,1,1986,0,0,0,0,0,0,0,0,0,0
63519,2,1,1986,0,0,0,0,0,0,0,0,0,0
63519,3,1,1986,0,0,0,0,0,0,0,0,0,0
63519,4,1,1986,0,0,0,0,0,0,0,0,0,2
63520,1,1,1986,0,0,0,0,0,0,0,0,0,0
63521,0,1,1986,0,0,0,0,0,0,0,0,0,0
63521,1,1,1986,0,16,0,16,25,22,0,0,0,0
63522,0,1,1986,16,16,16,16,16,16,16,16,16,16
63522,1,1,1986,16,12,12,10,13,12,12,22,3,15
63523,1,1,1986,21,21,21,21,21,21,21,21,21,21
63524,1,1,1986,21,21,21,21,21,21,21,21,21,21
63525,1,1,1986,19,7,21,13,12,25,19,27,0,35
63526,1,1,1986,14,14,14,14,14,14,14,14,14,14
63527,1,1,1986,18,20,12,12,3,13,9,13,6,24
63527,2,1,1986,16,16,16,16,16,16,16,16,16,16
63527,3,1,1986,7,16,19,18,18,13,19,0,12,18
63528,1,1,1986,0,0,0,6,0,0,0,0,0,0
63529,0,1,1986,0,0,0,0,0,0,0,0,0,0
63529,1,1,1986,0,0,0,0,0,0,0,0,0,0
63530,0,1,1986,9,9,9,9,9,9,9,9,9,9
63530,1,1,1986,0,14,0,6,8,0,7,0,14,0
63531,1,1,1986,20,20,20,20,20,20,20,20,20,20
63532,0,1,1986,0,0,0,0,0,0,0,0,0,0
63532,1,1,1986,0,0,0,0,0,0,0,0,0,0
63533,0,1,1986,0,0,0,0,0,0,0,0,0,0
63533,1,1,1986,0,0,0,0,0,0,0,0,0,0
63534,0,1,1986,0,0,27,23,0,0,0,0,0,0
63534,1,1,1986,0,0,0,0,0,0,0,0,0,0
63535,1,1,1986,0,0,0,0,0,0,0,0,0,0
63536,0,1,1986,0,0,0,0,0,0,0,0,0,0
63536,1,1,1986,0,12,0,15,0,0,12,0,0,0
63537,1,1,1986,0,0,0,0,0,0,0,0,0,0
63538,0,1,1986,0,0,0,0,0,0,0,0,0,0
63538,1,1,1986,0,0,0,0,0,0,0,0,0,0
63539,1,1,1986,0,0,0,0,0,0,0,0,0,0
63540,1,2,1986,26,26,26,26,26,26,26,26,26,26
63541,0,1,1986,0,0,0,0,0,0,0,0,0,0
63541,1,1,1986,0,0,0,0,0,0,0,0,0,0
63542,0,1,1986,3,3,3,3,3,3,3,3,3,3
63542,1,1,1986,9,9,9,9,9,9,9,9,9,9
63543,0,1,1986,0,0,0,0,0,0,0,0,0,0
63543,1,1,1986,0,0,0,0,0,0,0,0,0,0
63544,1,1,1986,15,15,15,15,15,15,15,15,15,15
63545,1,1,1986,18,18,18,18,18,18,18,18,18,18
63546,1,1,1986,22,22,22,22,22,22,22,22,22,22
63547,1,1,1986,13,13,13,13,13,13,13,13,13,13
63548,1,1,1986,26,26,26,26,26,26,26,26,26,26
63549,0,1,1986,0,0,0,0,0,0,0,0,0,0
63549,1,1,1986,0,0,0,0,0,0,0,0,0,0
63550,1,1,1986,13,13,13,13,13,13,13,13,13,13
63551,1,1,1986,21,25,33,26,10,6,7,23,9,26
63552,0,1,1986,0,0,0,0,0,0,0,0,0,0
63552,1,1,1986,0,0,0,8,0,0,0,0,0,0
63553,0,1,1986,0,2,0,0,0,0,0,0,0,0
63553,1,1,1986,0,0,0,0,0,0,0,0,0,0
63554,1,1,1986,17,13,12,17,4,14,4,6,15,21
63554,2,1,1986,4,4,4,4,4,4,4,4,4,4
63555,1,1,1986,12,12,12,12,12,12,12,12,12,12
63556,1,1,1986,2,2,2,2,2,2,2,2,2,2
63557,1,1,1986,22,22,22,22,22,22,22,22,22,22
63558,1,1,1986,0,0,0,0,0,0,0,0,0,0
63558,2,1,1986,0,0,0,0,0,0,0,0,0,0
63559,1,1,1986,0,0,0,0,0,0,0,0,0,0
63559,2,1,1986,0,0,0,0,0,0,0,0,0,0
63559,3,1,1986,3,0,0,0,0,0,0,0,0,0
63559,4,1,1986,0,0,0,0,0,8,0,0,0,6
63560,1,1,1986,21,21,21,21,21,21,21,21,21,21
63560,2,1,1986,0,0,0,16,0,0,29,0,11,0
63561,1,1,1986,13,13,13,13,13,13,13,13,13,13
63561,2,1,1986,6,2,0,0,0,0,0,11,0,0
63562,0,1,1986,43,43,43,43,43,43,43,43,43,43
63562,1,1,1986,0,0,0,0,0,0,0,0,17,6
63562,2,1,1986,0,0,0,0,0,0,0,0,0,0
63563,2,1,1986,8,8,8,8,8,8,8,8,8,8
63564,1,1,1986,5,5,5,5,5,5,5,5,5,5
63564,2,1,1986,13,7,22,5,19,22,14,10,7,19
63565,1,1,1986,0,0,0,0,0,0,0,0,0,0
63565,2,1,1986,5,2,19,0,0,0,0,0,0,0
63566,1,1,1986,15,15,15,15,15,15,15,15,15,15
63566,2,1,1986,0,0,0,0,0,0,0,0,0,0
63567,1,1,1986,18,18,18,18,18,18,18,18,18,18
63567,2,1,1986,0,0,0,0,0,0,0,0,0,0
63568,1,1,1986,0,0,0,0,0,7,0,0,0,0
63568,2,1,1986,24,24,24,24,24,24,24,24,24,24
63569,1,1,1986,6,6,6,6,6,6,6,6,6,6
63569,2,1,1986,0,0,0,0,0,0,0,0,0,0
63570,1,1,1986,29,0,0,0,0,0,0,0,0,0
63570,2,1,1986,14,14,14,14,14,14,14,14,14,14
63571,0,1,1986,11,11,11,11,11,11,11,11,11,11
63571,1,1,1986,24,0,19,0,14,0,0,0,15,0
63571,2,1,1986,0,0,0,0,0,0,11,0,0,0
63572,1,1,1986,16,16,16,16,16,16,16,16,16,16
63573,1,1,1986,0,0,0,0,0,0,0,0,0,0
63573,2,1,1986,0,0,0,0,0,0,0,0,0,0
63574,1,1,1986,16,16,16,16,16,16,16,16,16,16
63575,1,1,1986,9,15,25,0,3,14,32,11,21,5
63575,2,1,1986,0,0,0,0,0,0,0,0,0,0
63576,1,1,1986,0,0,0,0,0,12,8,0,0,4
63576,2,1,1986,13,0,46,9,13,19,27,19,17,0
63577,1,1,1986,0,0,0,0,0,0,0,0,0,0
63577,2,1,1986,0,0,0,0,0,0,0,0,0,0
63577,3,1,1986,0,0,0,0,0,0,0,0,0,0
63577,4,1,1986,0,0,0,0,0,0,0,0,0,0
63577,5,1,1986,0,0,0,0,0,0,0,0,0,0
63578,1,1,1986,21,21,21,21,21,21,21,21,21,21
63578,2,1,1986,0,0,8,0,0,0,0,11,14,0
63579,1,1,1986,23,23,23,23,23,23,23,23,23,23
63580,1,1,1986,24,24,24,24,24,24,24,24,24,24
63581,1,1,1986,9,19,7,27,21,7,33,4,21,24
63581,2,1,1986,0,0,0,0,0,0,0,0,0,0
63582,1,1,1986,14,14,14,14,14,14,14,14,14,14
63582,2,1,1986,0,0,0,0,0,0,0,0,0,0
63583,1,1,1986,6,21,8,3,7,10,8,0,16,19
63583,2,1,1986,0,0,0,0,0,0,0,0,0,0
63584,1,1,1986,8,8,8,8,8,8,8,8,8,8
63584,2,1,1986,0,0,0,0,0,0,0,0,0,0
63585,0,1,1986,0,0,0,0,0,0,0,0,0,0
63585,1,1,1986,0,0,19,0,10,0,0,0,0,0
63586,0,1,1986,0,0,0,0,0,0,0,0,0,0
63586,1,1,1986,0,0,0,0,0,0,0,0,0,0
63587,1,1,1986,0,0,0,0,0,0,0,0,0,0
63587,2,1,1986,0,0,0,0,0,0,0,0,0,0
63588,1,1,1986,30,30,30,30,30,30,30,30,30,30
63588,2,1,1986,0,0,0,0,0,0,0,8,0,0
63589,1,1,1986,4,4,4,4,4,4,4,4,4,4
63589,2,1,1986,0,0,0,0,0,0,0,0,0,0
63590,1,1,1986,0,0,0,0,0,0,0,0,0,0
63590,2,1,1986,0,0,0,0,0,0,0,0,0,0
63591,1,1,1986,20,20,20,20,20,20,20,20,20,20
63592,1,1,1986,25,25,25,25,25,25,25,25,25,25
63593,1,1,1986,0,0,0,0,0,0,0,0,0,0
63593,2,1,1986,0,0,0,0,0,0,0,0,0,0
63594,1,1,1986,0,0,0,0,0,0,0,0,0,0
63594,2,1,1986,0,0,8,0,0,15,0,0,0,0
63595,1,1,1986,0,0,0,0,0,0,0,0,0,0
63595,2,1,1986,0,0,0,17,0,0,0,0,0,0
63596,1,1,1986,0,0,0,0,0,0,0,0,0,0
63597,1,1,1986,25,14,14,14,9,11,21,32,26,23
63597,2,1,1986,14,7,24,11,24,14,12,21,0,15
63598,1,1,1986,9,0,2,14,0,0,0,0,0,0
63599,1,1,1986,0,0,0,0,0,0,0,0,0,0
63599,2,1,1986,0,0,0,0,0,0,0,0,0,0
63600,1,1,1986,14,0,0,0,0,0,0,0,0,0
63600,2,1,1986,0,0,0,0,0,0,0,0,0,0
63601,2,1,1986,0,0,0,0,0,0,0,0,0,0
63602,0,1,1986,0,0,0,0,0,0,0,0,0,0
63602,1,1,1986,0,0,0,0,0,0,0,0,0,0
63603,1,1,1986,14,14,14,14,14,14,14,14,14,14
63603,2,1,1986,0,0,0,0,16,0,0,17,0,0
63604,1,1,1986,0,0,0,0,0,0,0,0,0,0
63604,2,1,1986,0,0,0,0,0,0,0,0,0,0
63604,3,1,1986,0,0,0,0,0,0,0,0,0,0
63605,1,1,1986,27,27,27,27,27,27,27,27,27,27
63605,2,1,1986,0,0,0,0,0,0,0,0,0,0
63606,0,1,1986,0,0,0,0,0,0,0,0,0,0
63606,1,1,1986,0,0,0,0,0,0,0,0,0,0
63607,1,1,1986,25,25,25,25,25,25,25,25,25,25
63607,2,1,1986,0,0,0,0,0,0,0,0,0,0
63608,1,1,1986,14,14,14,14,14,14,14,14,14,14
63608,2,1,1986,0,0,0,0,0,0,0,0,0,0
63609,1,1,1986,0,0,0,0,0,0,0,0,0,0
63609,2,1,1986,0,0,0,0,0,0,0,0,10,0
63610,1,1,1986,23,23,23,23,23,23,23,23,23,23
63610,2,1,1986,0,0,0,0,0,0,0,0,0,0
63611,0,1,1986,0,0,0,0,0,0,0,0,0,0
63611,1,1,1986,0,0,0,0,0,10,0,0,0,0
63612,1,1,1986,34,34,34,34,34,34,34,34,34,34
63613,1,1,1986,14,14,14,14,14,14,14,14,14,14
63613,2,1,1986,0,0,0,0,0,0,0,0,0,0
63614,1,1,1986,0,0,0,0,0,0,0,0,0,0
63615,1,1,1986,6,6,6,6,6,6,6,6,6,6
63615,2,1,1986,0,0,0,0,0,0,0,0,0,0
63616,1,1,1986,6,6,6,6,6,6,6,6,6,6
63616,2,1,1986,0,0,0,0,0,0,0,0,0,0
63617,1,1,1986,21,21,21,21,21,21,21,21,21,21
63618,1,1,1986,11,0,0,0,31,0,6,0,0,0
63619,1,1,1986,0,0,0,0,21,0,0,21,0,0
63620,1,1,1986,0,0,0,0,0,0,0,0,0,0
63620,2,1,1986,0,0,0,7,0,0,0,0,0,0
63621,1,1,1986,0,0,0,0,0,0,0,0,0,0
63622,1,1,1986,20,20,20,20,20,20,20,20,20,20
63623,0,1,1986,0,23,16,9,14,12,0,4,0,26
63623,1,1,1986,0,0,0,0,0,0,0,0,10,0
63624,1,1,1986,18,18,18,18,18,18,18,18,18,18
63625,1,1,1986,0,0,0,0,0,0,0,0,0,0
63625,2,1,1986,0,0,0,0,0,0,0,0,0,0
63625,3,1,1986,0,0,0,0,0,0,0,0,0,0
63626,1,1,1986,0,0,0,0,0,0,5,0,0,0
63626,2,1,1986,0,0,0,0,0,14,0,0,0,0
63627,0,1,1986,0,0,0,0,0,0,0,0,0,0
63627,1,1,1986,0,0,0,0,17,0,0,0,0,0
63628,1,1,1986,17,17,17,17,17,17,17,17,17,17
63629,1,1,1986,16,16,16,16,16,16,16,16,16,16
63629,2,1,1986,0,20,0,0,0,0,0,0,11,0
63630,1,1,1986,21,21,21,21,21,21,21,21,21,21
63631,1,1,1986,0,0,0,0,0,0,0,0,11,0
63631,2,1,1986,17,0,10,8,12,8,5,7,21,8
63632,1,1,1986,0,0,0,0,0,0,0,0,0,0
63633,1,1,1986,14,14,14,14,14,14,14,14,14,14
63634,1,1,1986,36,3,17,7,12,20,26,16,19,0