ST_CASE,VEH_NO,PER_NO,YEAR,P1,P2,P3,P4,P5,P6,P7,P8,P9,P10
63635,0,1,1986,0,0,0,0,0,0,0,0,0,0
63635,1,1,1986,0,0,0,7,0,0,0,0,0,0
63636,1,1,1986,0,0,0,0,0,0,0,0,0,0
63637,1,1,1986,9,9,9,9,9,9,9,9,9,9
63638,1,1,1986,0,0,0,0,0,0,0,0,0,0
63639,0,1,1986,0,0,0,0,0,0,0,0,0,0
63639,1,1,1986,0,0,0,0,0,0,0,0,0,0
63640,0,1,1986,0,0,0,0,0,0,0,0,0,0
63640,1,1,1986,0,0,0,0,0,0,0,0,0,0
63641,0,1,1986,0,0,0,0,0,0,0,0,0,0
63641,1,1,1986,0,0,10,0,18,0,0,0,0,0
63642,0,1,1986,30,30,30,30,30,30,30,30,30,30
63642,1,1,1986,0,0,0,0,0,10,19,0,0,0
63643,1,1,1986,25,25,25,25,25,25,25,25,25,25
63644,1,1,1986,0,0,0,0,0,0,0,0,0,0
63645,1,1,1986,0,0,0,0,12,8,7,0,0,13
63646,1,1,1986,0,0,0,0,0,0,0,0,0,0
63647,1,1,1986,19,19,19,19,19,19,19,19,19,19
63648,1,1,1986,19,19,19,19,19,19,19,19,19,19
63649,1,1,1986,3,3,3,3,3,3,3,3,3,3
63650,1,1,1986,0,0,0,0,0,0,0,0,0,0
63651,1,1,1986,28,17,28,15,13,8,17,12,31,0
63652,1,1,1986,11,11,11,11,11,11,11,11,11,11
63653,1,1,1986,0,20,0,0,18,0,0,0,0,19
63654,1,1,1986,19,19,19,19,19,19,19,19,19,19
63655,1,1,1986,0,0,0,0,0,0,0,0,0,0
63656,1,1,1986,0,0,0,0,0,0,0,0,0,0
63657,0,1,1986,0,0,0,0,0,0,0,0,0,0
63657,1,1,1986,0,0,0,0,0,0,0,0,0,0
63659,1,1,1986,14,14,14,14,14,14,14,14,14,14
63660,1,1,1986,14,14,14,14,14,14,14,14,14,14
63661,1,1,1986,30,30,30,30,30,30,30,30,30,30
63662,1,1,1986,15,15,15,15,15,15,15,15,15,15
63663,1,1,1986,0,0,0,0,0,0,0,0,0,0
63663,2,1,1986,0,0,16,0,20,13,14,8,8,14
63664,1,1,1986,0,0,0,0,0,0,0,0,0,0
63664,2,1,1986,0,0,0,0,8,0,0,0,0,0
63665,1,1,1986,0,0,0,0,0,0,0,10,0,0
63665,2,1,1986,17,17,17,17,17,17,17,17,17,17
63665,3,1,1986,0,0,0,0,0,0,0,2,0,0
63666,1,1,1986,23,23,23,23,23,23,23,23,23,23
63667,1,1,1986,0,0,0,0,0,0,0,0,0,0
63668,1,1,1986,17,17,17,17,17,17,17,17,17,17
63669,0,1,1986,0,0,0,0,0,0,13,11,7,0
63669,1,1,1986,0,0,0,0,0,0,0,0,0,0
63670,1,1,1986,9,9,9,9,9,9,9,9,9,9
63671,1,1,1986,11,11,11,11,11,11,11,11,11,11
63671,2,1,1986,0,0,0,0,0,0,0,4,0,0
63672,1,1,1986,0,0,0,0,0,0,0,0,0,0
63672,2,1,1986,13,0,0,0,0,0,0,0,0,0
63673,1,1,1986,0,0,0,0,0,0,0,0,0,0
63673,2,1,1986,0,0,0,0,0,0,0,0,0,0
63674,1,1,1986,0,0,0,0,0,0,0,0,0,0
63674,2,1,1986,0,0,0,0,0,0,0,0,0,0
63674,3,1,1986,0,0,0,0,0,0,0,0,0,0
63675,1,1,1986,0,0,0,0,0,0,0,0,0,0
63675,2,1,1986,0,5,0,0,0,0,0,0,0,0
63676,1,1,1986,0,0,0,0,0,0,0,0,0,0
63676,2,1,1986,0,0,0,0,0,0,0,0,0,0
63677,0,1,1986,23,23,23,23,23,23,23,23,23,23
63677,1,1,1986,0,0,0,0,0,0,0,7,0,0
63677,2,1,1986,17,0,0,0,0,0,0,9,0,0
63677,3,1,1986,4,0,0,0,0,0,0,0,0,0
63678,1,1,1986,0,0,0,0,0,0,0,0,0,0
63678,2,1,1986,18,0,24,0,0,11,0,0,0,0
63679,0,1,1986,0,0,0,0,0,0,0,0,0,0
63679,1,1,1986,0,0,0,0,0,0,0,0,0,0
63679,2,1,1986,0,0,0,0,0,0,0,0,7,0
63680,0,1,1986,0,0,0,4,0,0,0,0,0,0
63680,1,1,1986,0,0,0,0,0,0,0,0,0,0
63681,1,1,1986,0,0,0,0,0,0,0,0,0,0
63681,2,1,1986,0,0,0,0,0,0,0,0,0,0
63682,1,1,1986,0,0,0,0,0,0,0,0,0,0
63682,2,1,1986,0,0,0,0,0,0,0,0,0,0
63683,1,1,1986,21,21,21,21,21,21,21,21,21,21
63683,2,1,1986,0,0,0,0,0,0,0,0,0,0
63683,3,1,1986,0,0,0,0,0,0,0,0,0,0
63683,4,1,1986,12,0,0,0,0,0,0,0,0,0
63684,0,1,1986,0,0,0,0,0,0,0,0,0,0
63684,1,1,1986,0,0,0,0,0,0,0,10,0,0
63685,0,1,1986,8,0,0,0,0,0,0,0,0,0
63685,1,1,1986,0,0,0,0,0,0,0,5,0,0
63686,1,1,1986,22,22,22,22,22,22,22,22,22,22
63686,2,1,1986,0,0,0,0,0,0,0,0,0,0
63687,1,1,1986,5,5,5,5,5,5,5,5,5,5
63688,1,1,1986,0,0,0,0,0,0,0,0,0,0
63688,2,1,1986,17,17,17,17,17,17,17,17,17,17
63689,1,1,1986,0,0,21,0,2,0,0,0,0,0
63689,2,1,1986,17,17,17,17,17,17,17,17,17,17
63690,0,1,1986,10,10,10,10,10,10,10,10,10,10
63690,1,1,1986,0,0,0,0,0,0,0,0,6,0
63692,1,1,1986,0,0,0,0,0,0,0,0,0,0
63692,2,1,1986,0,0,0,0,0,0,0,0,0,0
63693,1,1,1986,0,0,0,0,0,0,0,0,0,0
63694,1,1,1986,0,0,0,0,0,0,0,0,0,0
63694,2,1,1986,0,0,0,0,0,0,0,0,0,0
63695,1,1,1986,0,0,0,0,0,0,0,0,0,0
63695,2,1,1986,28,28,28,28,28,28,28,28,28,28
63696,1,1,1986,10,4,7,0,0,11,21,8,17,22
63696,2,1,1986,0,0,0,0,0,0,0,0,0,0
63697,1,1,1986,22,31,5,16,14,13,11,15,7,0
63698,1,1,1986,12,12,12,12,12,12,12,12,12,12
63699,1,1,1986,11,11,11,11,11,11,11,11,11,11
63699,2,1,1986,0,0,0,0,7,0,0,0,0,0
63700,1,1,1986,26,26,26,26,26,26,26,26,26,26
63701,1,1,1986,19,19,19,19,19,19,19,19,19,19
63702,1,1,1986,0,0,0,0,0,0,0,0,0,0
63702,2,1,1986,0,0,4,0,0,0,13,0,0,0
63702,3,1,1986,0,0,0,0,0,0,0,0,0,0
63703,1,1,1986,0,0,0,9,0,0,0,3,0,0
63703,2,1,1986,0,0,0,0,0,0,0,0,16,0
63704,0,1,1986,13,13,13,13,13,13,13,13,13,13
63704,1,1,1986,0,14,0,14,0,20,16,0,5,0
63705,1,1,1986,27,27,27,27,27,27,27,27,27,27
63705,2,1,1986,0,0,3,0,0,0,0,0,0,29
63706,1,1,1986,17,17,17,17,17,17,17,17,17,17
63706,2,1,1986,5,0,0,0,0,14,0,0,0,0
63706,3,1,1986,0,0,0,0,0,0,0,0,0,0
63706,4,1,1986,0,0,0,0,0,0,0,0,0,0
63706,5,1,1986,0,0,0,0,0,0,0,0,0,0
63706,6,1,1986,0,0,0,0,0,16,0,0,0,0
63707,1,1,1986,0,0,0,0,0,0,0,0,0,0
63707,2,1,1986,0,0,0,0,0,0,0,0,0,0
63708,1,1,1986,0,0,0,0,0,0,0,0,0,0
63708,2,1,1986,5,5,5,5,5,5,5,5,5,5
63709,0,1,1986,30,30,30,30,30,30,30,30,30,30
63709,1,1,1986,16,16,16,16,16,16,16,16,16,16
63709,2,1,1986,34,0,15,12,10,14,11,25,10,10
63710,1,1,1986,0,0,0,0,0,0,0,0,0,0
63710,2,1,1986,20,20,20,20,20,20,20,20,20,20
63710,3,1,1986,0,0,0,0,0,0,0,0,0,0
63710,4,1,1986,0,0,0,0,0,0,0,0,0,0
63711,1,1,1986,5,5,5,5,5,5,5,5,5,5
63711,2,1,1986,0,0,0,0,0,0,0,0,0,0
63712,1,1,1986,13,13,13,13,13,13,13,13,13,13
63712,2,1,1986,0,0,0,0,0,0,0,0,0,0
63713,1,1,1986,24,24,24,24,24,24,24,24,24,24
63713,2,1,1986,0,0,0,0,0,0,0,0,0,0
63714,1,1,1986,31,31,31,31,31,31,31,31,31,31
63714,2,1,1986,0,0,0,0,0,0,0,0,0,0
63715,1,1,1986,10,17,9,5,19,19,17,13,10,15
63716,1,1,1986,18,18,18,18,18,18,18,18,18,18
63716,2,1,1986,0,0,0,0,0,0,0,0,0,0
63716,3,1,1986,0,0,0,0,0,0,0,0,0,0
63716,4,1,1986,9,0,12,9,0,8,0,6,10,19
63717,1,1,1986,0,0,0,0,0,0,0,0,0,0
63717,2,1,1986,22,0,28,13,14,14,7,7,4,25
63718,1,1,1986,0,0,10,0,0,0,0,0,0,7
63718,2,1,1986,0,0,0,0,0,0,0,0,0,0
63719,1,1,1986,0,0,0,0,0,0,0,0,0,0
63719,2,1,1986,0,0,0,3,0,10,0,11,0,0
63720,1,1,1986,0,0,0,0,0,0,0,0,0,0
63721,1,1,1986,0,0,0,0,0,0,0,0,0,0
63721,2,1,1986,0,0,0,0,0,0,0,0,0,0
63721,3,1,1986,0,0,15,0,0,0,0,0,0,0
63722,1,1,1986,3,3,3,3,3,3,3,3,3,3
63723,0,1,1986,0,0,0,0,0,0,0,0,0,0
63723,1,1,1986,0,12,0,17,0,11,6,0,0,0
63724,1,1,1986,0,0,0,0,0,0,0,0,0,0
63724,2,1,1986,12,12,12,12,12,12,12,12,12,12
63724,3,1,1986,0,0,0,0,0,0,0,0,0,0
63725,1,1,1986,11,0,0,0,0,0,0,0,0,0
63725,2,1,1986,0,0,0,0,0,0,0,0,0,0
63726,1,1,1986,0,14,0,5,28,0,8,0,0,49
63726,2,1,1986,0,0,0,0,0,0,0,0,0,0
63727,1,1,1986,0,0,0,0,0,0,0,0,0,0
63727,2,1,1986,0,0,0,0,0,0,0,0,0,0
63728,1,1,1986,0,0,0,0,0,0,0,0,0,0
63728,2,1,1986,0,0,0,0,0,0,0,0,0,0
63729,1,1,1986,0,0,0,0,0,0,0,0,0,0
63729,2,1,1986,0,0,0,0,0,0,0,0,0,0
63730,0,1,1986,0,0,0,0,0,0,0,0,0,0
63730,0,2,1986,0,0,0,0,0,0,0,0,0,0
63730,0,3,1986,0,0,0,0,0,0,0,0,0,0
63730,0,4,1986,0,10,0,14,11,0,0,0,0,0
63730,1,1,1986,0,0,0,0,0,0,0,0,0,0
63731,1,1,1986,0,0,0,0,0,0,0,0,0,0
63731,2,1,1986,0,0,0,0,0,0,0,0,0,0
63731,3,1,1986,0,0,0,0,0,0,0,0,0,0
63731,4,1,1986,0,0,0,0,0,0,0,0,0,0
63732,1,1,1986,0,0,0,0,0,0,0,0,0,0
63732,2,1,1986,0,0,0,0,0,0,0,0,0,0
63733,1,1,1986,7,7,7,7,7,7,7,7,7,7
63733,2,1,1986,0,0,0,0,0,0,0,0,0,0
63734,1,1,1986,0,0,0,0,0,0,0,0,0,0
63734,2,1,1986,0,0,0,0,0,0,0,0,11,0
63735,0,1,1986,0,0,0,0,0,0,0,0,0,0
63735,1,1,1986,0,0,0,0,0,0,0,0,0,0
63736,1,1,1986,0,0,0,0,0,0,0,0,0,0
63736,2,1,1986,0,8,0,12,0,0,0,0,0,0
63737,1,1,1986,18,18,18,18,18,18,18,18,18,18
63737,2,1,1986,0,0,0,0,0,0,0,0,0,0
63738,1,1,1986,0,0,0,0,0,0,0,0,0,0
63738,2,1,1986,0,0,0,0,0,0,0,0,0,0
63738,3,1,1986,3,3,3,3,3,3,3,3,3,3
63739,1,1,1986,0,0,0,0,0,0,0,0,0,0
63739,2,1,1986,0,0,0,0,0,0,0,0,0,0
63740,1,1,1986,0,0,0,0,0,0,0,0,0,0
63740,2,1,1986,0,0,0,0,0,0,0,0,0,0
63741,1,1,1986,0,0,0,0,0,0,0,0,0,0
63741,2,1,1986,0,0,0,0,0,0,0,0,0,0
63742,1,1,1986,0,0,12,27,0,0,0,32,0,0
63742,2,1,1986,0,0,0,0,0,0,0,0,0,0
63742,3,1,1986,0,0,0,0,0,0,0,0,0,0
63743,1,1,1986,0,0,0,0,0,0,0,0,0,0
63743,2,1,1986,0,26,18,0,0,0,0,0,0,0
63744,1,3,1986,0,0,0,0,0,0,0,0,0,0
63745,1,1,1986,11,11,11,11,11,11,11,11,11,11
63745,2,1,1986,0,0,12,0,0,0,0,0,0,0
63746,1,1,1986,0,0,0,0,0,0,0,0,0,0
63746,2,1,1986,0,0,0,0,0,0,0,0,0,0
63747,0,1,1986,0,0,0,0,0,0,0,0,0,0
63747,1,1,1986,12,26,21,27,21,33,4,0,17,14
63748,1,1,1986,24,24,24,24,24,24,24,24,24,24
63748,2,1,1986,0,0,0,0,0,0,0,0,0,0
63749,1,1,1986,0,12,0,0,0,0,0,0,0,0
63749,2,1,1986,0,0,0,0,0,0,0,0,0,0
63750,1,1,1986,0,0,0,0,0,0,5,0,0,0
63750,2,1,1986,0,0,16,0,0,0,0,0,0,0
63751,1,1,1986,0,7,0,0,0,14,0,0,0,0
63751,2,1,1986,0,0,0,0,0,0,0,0,0,0
63751,3,1,1986,0,0,0,0,0,0,0,0,0,0
63752,1,1,1986,0,0,0,0,0,0,0,0,0,0
63752,2,1,1986,0,12,0,0,0,0,0,0,0,0
63752,3,1,1986,0,0,19,0,0,0,0,0,0,0
63753,1,1,1986,17,17,17,17,17,17,17,17,17,17
63754,1,1,1986,15,15,15,15,15,15,15,15,15,15
63754,2,1,1986,14,12,11,23,3,12,0,25,14,0
63755,0,1,1986,28,0,0,0,25,11,0,0,0,28
63755,0,2,1986,0,0,0,0,0,0,0,0,0,0
63755,0,3,1986,0,0,0,0,0,0,0,0,0,0
63755,1,1,1986,0,0,0,0,0,0,0,0,0,0
63756,0,1,1986,16,16,16,16,16,16,16,16,16,16
63756,0,2,1986,0,0,0,0,0,0,0,0,0,0
63756,0,3,1986,13,0,0,8,16,0,0,24,21,10
63756,1,1,1986,0,0,0,0,0,0,0,0,0,0
63756,2,1,1986,0,4,0,0,9,0,0,0,0,0
63757,0,1,1986,13,13,13,13,13,13,13,13,13,13
63757,0,2,1986,0,0,0,0,0,4,6,0,0,0
63757,1,1,1986,0,0,0,0,0,0,0,0,0,0
63758,1,1,1986,14,14,14,14,14,14,14,14,14,14
63758,2,1,1986,0,0,0,3,0,0,0,0,0,0
63759,1,1,1986,3,3,3,3,3,3,3,3,3,3
63759,2,1,1986,0,0,0,0,0,0,0,0,0,0
63760,0,1,1986,0,0,0,0,0,0,0,0,0,0
63760,1,1,1986,14,0,0,0,0,0,0,0,0,0
63761,1,1,1986,9,9,9,9,9,9,9,9,9,9
63762,1,1,1986,0,0,0,0,0,0,0,0,0,0
63762,2,1,1986,0,0,0,0,0,0,0,0,0,0
63763,1,1,1986,0,0,0,0,0,0,0,0,0,0
63763,2,1,1986,0,0,0,0,0,0,0,0,0,0
63764,0,1,1986,0,0,0,0,0,0,0,0,0,0
63764,1,1,1986,31,0,0,0,0,16,2,0,19,0
63765,1,1,1986,0,0,0,0,0,0,0,0,0,0
63765,2,1,1986,3,3,3,3,3,3,3,3,3,3
63766,0,1,1986,26,26,26,26,26,26,26,26,26,26
63766,1,1,1986,14,10,0,0,19,0,17,0,0,0
63767,0,1,1986,0,0,0,0,0,0,0,6,0,0
63767,1,1,1986,3,40,10,12,15,14,26,15,9,9
63768,1,1,1986,0,0,0,0,0,0,0,0,0,0
63768,2,1,1986,0,0,0,0,0,0,0,0,0,0
63769,1,1,1986,0,0,0,0,0,0,0,0,0,0
63770,1,1,1986,0,0,0,0,0,0,0,0,0,0
63770,2,1,1986,10,10,10,10,10,10,10,10,10,10
63771,0,1,1986,0,0,0,0,0,0,0,0,0,0
63771,1,1,1986,31,31,31,31,31,31,31,31,31,31
63772,1,1,1986,14,14,14,14,14,14,14,14,14,14
63772,2,1,1986,0,0,0,0,0,11,7,0,13,0
63773,1,1,1986,0,10,10,29,0,0,0,0,16,11
63773,2,1,1986,0,0,0,0,0,0,0,0,0,0
63774,1,1,1986,19,19,19,19,19,19,19,19,19,19
63774,2,1,1986,0,0,0,0,0,0,0,0,0,0
63774,3,1,1986,26,18,9,0,12,28,20,26,31,0
63775,0,1,1986,0,0,0,0,0,0,0,45,0,0
63775,1,1,1986,0,0,0,0,0,0,0,0,13,0
63776,1,1,1986,0,0,9,0,0,0,0,0,0,0
63776,2,1,1986,0,0,0,0,0,0,0,0,0,0
63777,1,1,1986,0,0,0,0,0,0,0,0,0,0
63777,2,1,1986,0,0,0,0,0,0,0,0,0,0
63778,1,1,1986,0,0,0,0,0,0,0,0,0,0
63778,2,1,1986,0,0,0,0,0,0,0,0,0,0
63778,3,1,1986,0,0,0,0,0,0,0,0,0,19
63779,1,1,1986,26,26,26,26,26,26,26,26,26,26
63779,2,1,1986,0,0,0,0,0,0,0,0,0,0
63780,1,1,1986,17,0,12,18,20,12,16,12,7,11
63780,2,1,1986,0,0,0,0,0,0,0,0,0,0
63780,3,1,1986,0,0,0,11,0,0,0,0,0,0
63781,1,1,1986,27,27,27,27,27,27,27,27,27,27
63781,2,1,1986,14,0,0,0,0,3,28,11,8,0
63782,1,1,1986,0,0,0,0,0,0,0,0,0,0
63782,2,1,1986,0,0,0,16,0,0,0,0,0,0
63783,1,1,1986,0,0,0,0,0,0,0,0,0,0
63784,1,1,1986,0,0,0,0,0,0,0,0,0,0
63784,2,1,1986,0,0,0,0,0,0,0,0,0,0
63785,0,1,1986,0,0,0,0,0,0,0,0,0,0
63785,1,1,1986,0,0,0,0,9,0,0,0,0,0
63786,1,1,1986,14,14,14,14,14,14,14,14,14,14
63786,2,1,1986,0,0,0,0,0,0,0,0,0,0
63787,1,1,1986,0,0,0,0,0,0,0,0,0,0
63787,2,1,1986,14,14,14,14,14,14,14,14,14,14
63787,3,1,1986,0,0,0,0,0,0,0,0,0,0
63787,4,1,1986,0,0,11,0,0,6,0,10,9,0
63788,1,1,1986,0,0,0,0,0,0,0,0,0,0
63788,2,1,1986,0,0,0,0,0,0,0,0,0,0
63789,1,1,1986,0,0,0,0,0,0,0,0,0,0
63789,2,1,1986,40,40,40,40,40,40,40,40,40,40
63790,1,1,1986,0,0,0,0,0,0,0,0,0,0
63790,2,1,1986,15,10,0,0,23,0,7,0,0,0
63791,1,1,1986,0,0,0,0,0,14,0,13,0,0
63791,2,1,1986,0,0,0,0,0,0,0,0,11,0
63791,3,1,1986,1,1,1,1,1,1,1,1,1,1
63792,1,1,1986,33,0,0,11,21,27,33,0,16,6
63792,2,1,1986,0,0,0,0,0,0,0,0,0,0
63793,1,1,1986,33,33,33,33,33,33,33,33,33,33
63794,1,1,1986,15,15,15,15,15,15,15,15,15,15
63795,1,1,1986,8,8,8,8,8,8,8,8,8,8
63796,1,1,1986,0,0,0,0,0,0,0,0,0,0
63797,1,1,1986,0,0,0,0,0,0,0,12,0,10
63798,1,1,1986,15,15,15,15,15,15,15,15,15,15
63799,1,1,1986,0,0,0,7,0,0,0,0,0,0
63799,2,1,1986,0,0,0,0,0,0,0,0,0,0
63800,1,1,1986,0,0,11,0,0,0,0,0,0,0
63801,0,1,1986,20,20,20,20,20,20,20,20,20,20
63801,1,1,1986,7,4,13,0,15,20,0,4,24,9
63802,1,1,1986,0,0,0,8,0,0,0,0,14,0
63803,1,1,1986,0,0,0,0,0,0,0,0,0,8
63804,0,1,1986,0,0,0,0,0,0,0,0,0,0
63804,1,1,1986,0,0,0,0,0,0,0,0,0,0
63805,1,1,1986,9,9,9,9,9,9,9,9,9,9
63806,1,1,1986,0,0,0,0,0,0,0,0,0,0
63807,0,1,1986,0,0,0,0,0,0,0,0,0,0
63807,0,2,1986,0,0,0,0,0,0,0,0,0,0
63807,1,1,1986,0,0,0,0,0,0,0,0,0,0
63808,1,1,1986,18,18,18,18,18,18,18,18,18,18
63809,1,1,1986,0,0,0,0,0,0,0,0,0,0
63810,0,1,1986,0,0,0,0,0,0,0,0,0,0
63810,1,1,1986,0,0,0,0,0,0,0,0,0,0
63811,1,1,1986,17,0,0,6,12,0,23,0,0,0
63812,1,1,1986,11,0,0,0,0,20,0,0,0,0
63813,1,1,1986,16,16,16,16,16,16,16,16,16,16
63814,0,1,1986,0,0,0,0,0,0,0,0,0,0
63814,1,1,1986,0,0,5,0,0,10,0,0,0,0
63815,1,1,1986,0,0,0,0,0,0,0,0,0,0
63816,1,1,1986,0,0,0,0,11,0,0,0,0,0
63817,1,1,1986,12,12,12,12,12,12,12,12,12,12
63818,0,1,1986,0,0,0,0,0,15,0,3,0,0
63818,1,1,1986,0,0,0,0,0,0,0,0,0,0
63819,0,1,1986,0,0,0,0,0,0,0,0,0,0
63819,1,1,1986,0,0,0,0,0,0,0,0,0,0
63820,1,1,1986,20,20,20,20,20,20,20,20,20,20
63821,1,1,1986,21,21,21,21,21,21,21,21,21,21
63822,1,1,1986,0,0,0,0,0,0,0,0,0,0
63823,0,1,1986,0,0,0,0,0,0,0,0,0,0
63823,1,1,1986,0,0,0,0,0,0,0,0,0,0
63824,1,1,1986,6,6,6,6,6,6,6,6,6,6
63825,0,1,1986,0,0,0,0,0,0,0,0,0,0
63825,1,1,1986,0,19,20,4,0,0,5,12,5,17
63826,1,1,1986,11,11,11,11,11,11,11,11,11,11
63827,0,1,1986,0,23,0,31,14,0,24,0,0,28
63827,1,1,1986,0,0,0,56,43,25,41,0,0,30
63829,1,1,1986,0,0,0,0,0,0,0,0,0,0
63830,1,1,1986,0,0,0,0,0,0,0,0,0,0
63831,1,1,1986,0,0,0,0,0,0,0,0,0,0
63832,1,1,1986,0,0,0,0,0,0,0,0,0,0
63833,1,1,1986,16,16,16,16,16,16,16,16,16,16
63834,1,1,1986,17,17,17,17,17,17,17,17,17,17
63835,0,1,1986,0,0,0,0,0,0,0,0,0,0
63835,1,1,1986,0,8,0,30,4,0,18,0,0,13
63836,1,1,1986,0,0,0,0,0,0,0,0,0,0
63837,1,1,1986,25,25,25,25,25,25,25,25,25,25
63838,0,1,1986,21,21,21,21,21,21,21,21,21,21
63838,1,1,1986,0,0,0,0,0,0,0,0,0,0
63839,1,1,1986,11,6,0,0,0,0,0,0,3,0
63840,1,1,1986,0,0,0,0,0,0,0,0,0,0
63840,2,1,1986,0,15,0,0,0,0,0,0,0,0
63842,1,1,1986,0,0,0,0,0,0,0,0,0,0
63842,2,1,1986,0,0,0,0,0,0,0,0,0,0
63843,1,1,1986,0,0,0,0,0,0,0,0,0,0
63844,1,1,1986,51,51,51,51,51,51,51,51,51,51
63844,2,1,1986,0,0,0,0,0,0,0,0,0,0
63845,1,1,1986,0,0,0,0,0,0,0,0,0,0
63845,2,1,1986,0,0,0,0,0,0,0,0,0,0
63846,1,1,1986,0,0,0,0,0,0,0,0,0,0
63846,2,1,1986,0,0,0,0,0,0,0,0,0,0
63847,1,1,1986,0,0,0,0,0,0,0,0,0,0
63847,2,1,1986,0,0,0,0,0,0,0,0,0,0
63848,1,1,1986,13,0,0,0,0,0,0,0,0,0
63848,2,1,1986,8,8,8,8,8,8,8,8,8,8
63849,1,1,1986,0,0,0,0,0,0,0,0,0,0
63849,2,1,1986,0,0,0,0,0,0,0,0,0,0
63850,1,1,1986,0,0,0,0,0,0,0,0,0,0
63850,2,1,1986,0,0,0,0,0,0,0,14,0,0
63851,1,1,1986,0,0,0,0,0,0,0,0,0,0
63851,2,1,1986,0,0,0,0,0,0,0,0,0,0
63852,1,1,1986,0,0,0,0,0,0,0,0,0,0
63852,2,1,1986,0,0,0,0,0,0,0,0,0,0
63853,1,1,1986,0,15,0,0,0,0,7,0,0,0
63853,2,1,1986,0,0,0,0,0,0,0,0,0,0
63854,1,1,1986,4,4,4,4,4,4,4,4,4,4
63854,2,1,1986,0,0,0,0,0,0,0,0,0,0
63855,1,1,1986,0,0,0,0,0,0,0,0,0,0
63855,2,1,1986,0,0,0,0,0,0,0,0,0,0
63856,1,1,1986,0,0,0,0,0,0,0,8,0,0
63856,2,1,1986,9,0,0,0,10,0,0,0,0,0
63856,3,1,1986,0,0,0,0,0,0,0,0,0,0
63857,1,1,1986,0,0,0,0,0,0,0,0,0,0
63857,2,1,1986,0,0,0,0,0,0,0,0,0,0
63858,1,1,1986,0,19,0,0,0,0,0,18,0,0
63858,2,1,1986,0,0,0,0,0,0,0,0,0,0
63859,0,1,1986,0,0,0,0,0,0,0,0,0,0
63859,1,1,1986,0,0,0,0,0,0,0,0,0,0
63860,0,1,1986,0,0,0,0,0,0,0,0,0,0
63860,1,1,1986,0,0,0,0,0,0,11,0,19,0
63861,1,1,1986,25,0,9,0,0,0,0,0,0,0
63861,2,1,1986,0,0,0,0,0,0,0,0,0,0
63862,1,1,1986,0,0,0,0,0,0,0,0,0,0
63863,0,1,1986,32,0,0,0,18,51,0,0,0,0
63863,1,1,1986,14,0,13,9,0,6,25,25,2,4
63864,1,1,1986,0,0,0,0,0,0,0,0,0,0
63864,2,1,1986,0,0,0,0,0,0,0,16,0,0
63865,0,1,1986,0,0,0,0,0,0,0,0,0,0
63865,1,1,1986,0,0,0,0,0,0,0,0,0,0
63866,1,1,1986,0,0,0,0,0,0,0,0,0,0
63867,1,1,1986,0,0,0,0,0,0,0,0,0,0
63867,2,1,1986,2,2,2,2,2,2,2,2,2,2
63868,0,1,1986,0,0,0,0,0,0,0,0,0,0
63868,1,1,1986,7,0,8,0,0,0,0,0,0,0
63869,1,1,1986,0,0,0,0,0,0,22,0,0,0
63870,0,1,1986,0,7,0,3,0,0,0,0,0,19
63870,1,1,1986,0,0,0,0,0,0,0,0,0,0
63871,1,1,1986,14,14,14,14,14,14,14,14,14,14
63872,1,1,1986,0,23,0,0,19,21,0,5,21,28
63873,0,1,1986,0,0,12,0,10,0,2,0,13,15
63873,1,1,1986,11,29,16,21,0,28,0,0,0,0
63874,1,1,1986,0,0,0,0,0,0,0,10,0,0
63875,1,1,1986,31,18,24,25,15,24,9,19,15,11
63876,1,1,1986,0,0,0,0,0,0,0,0,0,0
63876,2,1,1986,0,0,0,0,0,0,0,0,0,0
63877,1,1,1986,14,14,14,14,14,14,14,14,14,14
63877,2,1,1986,0,0,0,0,0,0,0,0,0,0
63878,0,1,1986,0,0,0,0,0,0,0,0,0,0
63878,1,1,1986,0,0,0,0,0,0,0,0,0,0
63879,1,1,1986,9,9,9,9,9,9,9,9,9,9
63880,1,1,1986,21,21,21,21,21,21,21,21,21,21
63880,2,1,1986,0,0,0,0,0,0,0,0,7,0
63881,1,1,1986,13,13,13,13,13,13,13,13,13,13
63881,2,1,1986,11,0,0,0,0,0,0,0,0,3
63881,3,1,1986,0,0,0,0,0,0,0,0,0,0
63881,4,1,1986,0,0,0,0,0,0,0,13,0,13
63882,0,1,1986,0,0,0,0,0,0,0,0,0,0
63882,1,1,1986,0,0,0,0,0,0,0,0,0,0
63883,1,1,1986,21,21,21,21,21,21,21,21,21,21
63883,2,1,1986,0,0,17,0,0,0,0,0,0,0
63884,1,1,1986,22,22,22,22,22,22,22,22,22,22
63884,2,1,1986,0,0,0,0,0,0,0,0,0,0
63885,1,1,1986,0,0,0,0,0,0,0,0,0,0
63886,1,1,1986,0,0,0,0,0,0,0,0,0,0
63886,2,1,1986,0,0,0,0,0,0,0,0,0,0
63886,3,1,1986,0,0,19,0,0,0,0,0,0,0
63887,1,1,1986,20,20,20,20,20,20,20,20,20,20
63888,1,1,1986,0,0,0,0,0,0,0,0,0,0
63888,2,1,1986,0,0,0,0,0,0,0,0,0,0
63889,1,1,1986,14,14,14,14,14,14,14,14,14,14
63889,2,1,1986,9,0,0,11,0,0,0,0,34,0
63890,1,1,1986,20,20,20,20,20,20,20,20,20,20
63890,2,1,1986,0,0,0,0,0,0,0,0,0,0
63891,0,1,1986,0,0,0,0,0,0,0,0,0,0
63891,1,1,1986,0,0,0,0,0,0,0,0,0,0
63892,0,1,1986,16,16,16,16,16,16,16,16,16,16
63892,1,1,1986,0,0,0,0,0,0,0,0,0,0
63893,1,1,1986,11,11,11,11,11,11,11,11,11,11
63894,1,1,1986,18,26,6,19,22,32,14,28,29,8
63895,0,1,1986,0,0,0,0,0,0,0,0,0,0
63895,1,1,1986,0,0,0,0,0,0,0,0,0,0
63896,1,1,1986,0,0,0,0,0,0,0,0,0,0
63896,2,1,1986,0,0,8,0,0,9,0,0,0,0
63897,1,1,1986,0,0,0,0,0,0,0,0,0,0
63897,2,1,1986,6,6,6,6,6,6,6,6,6,6
63898,0,1,1986,0,0,23,0,0,0,0,0,22,0