ST_CASE,VEH_NO,PER_NO,YEAR,P1,P2,P3,P4,P5,P6,P7,P8,P9,P10
63898,1,1,1986,0,0,0,0,0,0,0,0,0,0
63899,0,1,1986,13,13,13,13,13,13,13,13,13,13
63899,1,1,1986,0,0,4,24,21,17,16,0,31,14
63900,1,1,1986,12,12,12,12,12,12,12,12,12,12
63901,1,1,1986,0,0,0,0,0,0,0,0,0,0
63901,2,1,1986,8,8,8,8,8,8,8,8,8,8
63902,1,1,1986,9,9,9,9,9,9,9,9,9,9
63903,1,1,1986,0,0,0,0,0,0,0,0,0,0
63903,2,1,1986,0,0,25,0,0,9,0,0,0,0
63903,3,1,1986,0,0,0,0,0,0,0,0,0,0
63904,1,1,1986,0,0,0,0,0,0,0,0,0,0
63904,2,1,1986,0,0,0,0,0,0,0,2,0,0
63905,1,1,1986,0,0,0,0,0,0,0,0,0,0
63906,1,1,1986,0,0,0,0,0,0,0,0,0,0
63907,1,1,1986,10,10,10,10,10,10,10,10,10,10
63907,2,1,1986,0,0,0,0,0,0,0,0,0,0
63907,3,1,1986,0,0,0,0,0,7,0,0,0,0
63908,1,1,1986,20,0,0,0,0,0,0,0,0,0
63908,2,1,1986,0,0,0,0,0,0,0,0,0,0
63908,3,1,1986,0,0,0,0,0,0,0,0,0,0
63909,1,1,1986,0,0,0,0,0,0,0,0,0,0
63910,1,1,1986,10,30,32,8,17,27,8,24,24,0
63911,1,1,1986,24,24,24,24,24,24,24,24,24,24
63911,2,1,1986,0,4,0,0,0,0,0,0,0,0
63912,1,1,1986,0,0,0,16,10,20,19,0,0,0
63913,1,1,1986,2,2,2,2,2,2,2,2,2,2
63913,2,1,1986,0,13,0,0,10,27,23,0,0,0
63914,1,1,1986,16,16,16,16,16,16,16,16,16,16
63915,1,1,1986,0,0,0,0,0,0,0,0,0,0
63915,2,1,1986,10,18,18,26,10,24,14,15,0,23
63916,1,1,1986,5,5,5,5,5,5,5,5,5,5
63916,2,1,1986,0,0,0,0,0,0,0,0,0,0
63916,3,1,1986,0,0,0,0,0,0,0,0,0,0
63916,4,1,1986,0,0,0,0,0,0,0,0,0,0
63917,1,1,1986,23,23,23,23,23,23,23,23,23,23
63917,2,1,1986,0,0,18,0,0,0,0,0,12,0
63918,1,1,1986,0,0,0,0,0,0,0,0,0,0
63919,1,1,1986,12,12,12,12,12,12,12,12,12,12
63920,0,1,1986,0,0,0,0,0,0,0,0,0,0
63920,1,1,1986,0,0,0,0,0,0,0,0,0,0
63921,1,1,1986,19,19,19,19,19,19,19,19,19,19
63922,1,1,1986,0,0,0,0,0,0,0,0,0,0
63922,2,1,1986,0,0,0,0,0,0,0,0,0,0
63923,1,1,1986,0,0,0,0,0,0,0,0,0,0
63924,1,1,1986,0,0,0,0,0,0,0,0,0,0
63925,1,1,1986,0,0,2,0,10,0,0,0,24,0
63925,2,1,1986,0,0,0,0,0,0,0,0,0,0
63926,0,1,1986,0,0,0,0,0,0,0,0,0,0
63926,1,1,1986,19,0,0,0,0,0,0,0,0,0
63927,0,1,1986,23,23,23,23,23,23,23,23,23,23
63927,1,1,1986,0,0,0,0,0,0,27,0,14,0
63927,2,1,1986,0,0,0,0,0,0,0,0,0,0
63928,1,1,1986,3,3,3,3,3,3,3,3,3,3
63928,2,1,1986,6,6,6,6,6,6,6,6,6,6
63929,0,1,1986,9,9,9,9,9,9,9,9,9,9
63929,1,1,1986,0,0,12,0,0,0,5,0,0,0
63930,1,1,1986,16,16,16,16,16,16,16,16,16,16
63931,1,1,1986,15,15,15,15,15,15,15,15,15,15
63932,1,1,1986,12,12,12,12,12,12,12,12,12,12
63933,0,1,1986,0,0,16,0,0,0,0,0,0,0
63933,1,1,1986,0,0,29,0,0,0,0,0,0,0
63934,0,1,1986,8,0,0,8,0,36,34,40,0,31
63934,1,1,1986,0,0,0,0,0,0,0,28,0,0
63935,1,1,1986,0,0,0,0,0,0,0,0,0,0
63935,2,1,1986,0,0,0,0,12,0,0,0,0,0
63936,0,1,1986,0,0,0,0,0,0,0,0,0,0
63936,1,1,1986,0,0,0,0,0,0,0,0,0,0
63937,1,1,1986,32,32,32,32,32,32,32,32,32,32
63938,1,1,1986,12,12,12,12,12,12,12,12,12,12
63938,2,1,1986,0,0,0,0,0,0,0,8,0,0
63939,1,1,1986,0,0,0,0,0,0,0,0,0,0
63940,1,1,1986,0,0,0,0,0,0,0,0,0,0
63940,2,1,1986,0,0,0,0,0,0,0,0,0,0
63941,1,1,1986,0,0,0,0,0,0,0,0,0,0
63941,2,1,1986,0,0,0,7,0,0,0,0,0,0
63942,1,1,1986,19,19,19,19,19,19,19,19,19,19
63943,1,1,1986,27,27,27,27,27,27,27,27,27,27
63944,0,1,1986,0,0,0,0,0,0,0,0,0,0
63944,1,1,1986,0,0,0,0,0,0,0,0,0,0
63945,1,1,1986,0,0,0,0,0,0,0,0,0,0
63945,2,1,1986,0,0,0,0,0,0,0,0,0,0
63946,1,1,1986,21,19,19,7,0,13,18,0,0,0
63947,1,1,1986,0,0,0,0,0,0,0,0,0,0
63948,1,1,1986,0,0,0,0,0,0,4,0,0,0
63949,1,1,1986,0,0,0,0,0,0,0,0,0,0
63950,0,1,1986,6,6,6,6,6,6,6,6,6,6
63950,0,2,1986,16,0,9,0,17,0,0,0,7,9
63950,1,1,1986,18,0,0,18,0,0,0,20,0,13
63951,1,1,1986,0,0,0,0,0,0,0,0,0,0
63952,1,1,1986,4,4,4,4,4,4,4,4,4,4
63952,2,1,1986,0,0,0,0,9,0,0,10,0,0
63953,0,1,1986,27,27,27,27,27,27,27,27,27,27
63953,1,1,1986,0,0,6,0,0,7,0,0,0,0
63954,1,1,1986,4,4,4,4,4,4,4,4,4,4
63954,2,1,1986,0,0,0,0,0,0,0,0,15,0
63954,3,1,1986,0,0,0,0,0,0,0,0,0,0
63955,1,1,1986,0,0,0,0,0,0,0,0,0,0
63956,1,1,1986,0,0,0,0,0,0,0,0,0,0
63957,1,1,1986,28,28,28,28,28,28,28,28,28,28
63958,1,1,1986,17,17,17,17,17,17,17,17,17,17
63959,1,1,1986,7,7,7,7,7,7,7,7,7,7
63960,0,1,1986,0,0,0,0,0,0,0,0,0,0
63960,1,1,1986,0,0,0,0,0,0,0,0,0,0
63961,1,1,1986,20,7,19,11,2,18,7,0,5,11
63962,1,1,1986,2,2,2,2,2,2,2,2,2,2
63962,2,1,1986,0,16,2,0,9,0,0,12,0,0
63963,1,1,1986,0,0,0,0,0,0,0,0,0,0
63963,2,1,1986,0,0,0,0,0,0,0,0,0,0
63964,0,1,1986,0,0,0,0,0,0,0,0,0,0
63964,1,1,1986,0,0,0,0,0,0,0,0,0,0
63965,0,1,1986,0,0,0,0,0,0,0,0,0,0
63965,1,1,1986,0,0,0,0,0,0,0,0,0,0
63966,1,1,1986,10,10,10,10,10,10,10,10,10,10
63967,1,1,1986,22,22,22,22,22,22,22,22,22,22
63968,0,1,1986,27,28,0,0,0,0,0,12,18,42
63968,1,1,1986,0,0,0,0,0,0,0,0,3,0
63969,0,1,1986,0,0,0,0,0,11,0,0,0,0
63969,1,1,1986,0,0,0,0,0,0,0,0,0,0
63970,2,1,1986,0,11,9,34,0,0,0,0,0,0
63971,1,1,1986,9,21,21,19,21,18,17,23,26,7
63972,1,1,1986,16,16,16,16,16,16,16,16,16,16
63972,2,1,1986,0,4,0,0,0,0,0,0,0,0
63973,0,1,1986,2,2,2,2,2,2,2,2,2,2
63973,1,1,1986,0,0,0,0,0,0,0,0,0,0
63974,1,1,1986,15,15,15,15,15,15,15,15,15,15
63975,1,1,1986,0,0,0,0,0,0,0,0,0,0
63975,2,1,1986,0,0,0,0,0,0,0,0,0,0
63976,1,1,1986,0,0,0,0,0,0,0,0,0,0
63977,1,1,1986,10,10,10,10,10,10,10,10,10,10
63978,1,1,1986,38,38,38,38,38,38,38,38,38,38
63978,2,1,1986,0,0,0,0,0,0,0,0,0,0
63979,1,1,1986,0,0,0,0,0,0,0,0,0,0
63979,2,1,1986,0,0,0,0,0,0,0,0,0,0
63980,1,1,1986,0,0,11,6,0,0,0,14,15,9
63980,2,1,1986,0,0,0,0,0,0,0,0,0,0
63980,3,1,1986,0,0,0,0,0,0,0,0,0,0
63981,1,1,1986,0,0,0,0,0,0,0,0,0,0
63982,1,1,1986,10,10,10,10,10,10,10,10,10,10
63983,1,1,1986,29,29,29,29,29,29,29,29,29,29
63983,2,1,1986,21,17,20,19,22,4,9,12,20,5
63984,1,1,1986,0,0,0,0,0,0,0,0,0,0
63984,2,1,1986,0,0,0,0,0,0,0,0,0,0
63985,1,1,1986,12,12,12,12,12,12,12,12,12,12
63985,2,1,1986,0,0,0,0,0,0,0,0,0,0
63986,0,1,1986,0,0,0,0,0,0,0,0,0,0
63986,1,1,1986,18,18,18,18,18,18,18,18,18,18
63987,0,1,1986,0,0,0,0,0,0,0,0,0,0
63987,1,1,1986,11,11,11,11,11,11,11,11,11,11
63988,1,1,1986,8,8,8,8,8,8,8,8,8,8
63988,2,1,1986,20,9,32,14,0,24,0,9,0,16
63989,1,1,1986,18,18,18,18,18,18,18,18,18,18
63989,2,1,1986,2,28,16,8,15,25,16,13,9,10
63990,1,1,1986,0,0,0,0,0,0,0,0,0,0
63990,2,1,1986,0,0,0,0,0,0,0,0,0,0
63990,3,1,1986,0,0,0,0,0,0,0,0,0,0
63991,0,1,1986,30,30,30,30,30,30,30,30,30,30
63991,1,1,1986,0,0,0,0,0,16,0,17,26,23
63991,2,1,1986,0,0,0,0,0,0,0,0,0,0
63992,1,1,1986,0,0,0,0,0,0,0,0,0,0
63993,1,1,1986,0,0,0,0,0,0,0,0,0,0
63994,1,1,1986,21,21,21,21,21,21,21,21,21,21
63994,2,1,1986,0,0,0,0,0,0,0,0,0,0
63995,1,1,1986,25,25,25,25,25,25,25,25,25,25
63995,2,1,1986,0,14,0,0,0,0,0,0,0,0
63996,1,1,1986,0,0,0,0,0,0,0,0,0,0
63996,2,1,1986,0,0,0,0,0,0,0,0,0,0
63997,1,1,1986,7,7,7,7,7,7,7,7,7,7
63997,2,1,1986,0,0,0,0,0,0,0,0,0,0
63998,1,1,1986,21,21,21,21,21,21,21,21,21,21
63998,2,1,1986,4,4,4,4,4,4,4,4,4,4
63999,1,1,1986,0,0,0,0,0,0,0,0,0,0
63999,2,1,1986,0,0,0,0,0,0,0,0,0,0
64000,1,1,1986,18,18,18,18,18,18,18,18,18,18
64000,2,1,1986,9,0,0,7,0,0,0,0,0,0
64001,1,1,1986,0,0,0,0,0,0,0,0,0,0
64001,2,1,1986,0,0,0,0,0,0,0,0,0,0
64002,1,1,1986,0,0,0,0,10,11,0,30,0,12
64002,2,1,1986,0,9,0,0,9,0,8,0,0,10
64003,1,1,1986,21,6,0,27,0,0,0,0,0,0
64004,1,1,1986,0,0,0,0,0,0,0,0,0,0
64004,2,1,1986,7,0,0,0,0,0,0,0,0,0
64005,0,1,1986,18,18,18,18,18,18,18,18,18,18
64005,1,1,1986,0,0,0,0,0,0,0,0,0,0
64006,1,1,1986,0,0,0,0,0,0,0,0,0,0
64006,2,1,1986,0,0,10,8,0,0,7,4,0,0
64007,1,1,1986,2,2,2,2,2,2,2,2,2,2
64007,2,1,1986,0,0,0,0,0,0,0,0,0,18
64008,1,1,1986,10,10,10,10,10,10,10,10,10,10
64008,2,1,1986,0,0,0,0,0,0,0,0,0,0
64009,1,1,1986,13,13,13,13,13,13,13,13,13,13
64009,2,1,1986,0,0,0,0,0,0,0,0,0,0
64010,1,1,1986,23,15,18,42,25,22,9,16,22,27
64011,1,1,1986,0,0,0,0,0,0,0,0,0,0
64011,2,1,1986,0,0,0,0,0,0,0,0,0,0
64012,0,1,1986,0,0,0,11,0,0,0,0,0,0
64012,1,1,1986,0,0,0,0,0,0,0,0,0,0
64013,1,1,1986,0,0,0,0,0,0,0,0,0,0
64013,2,1,1986,6,6,6,6,6,6,6,6,6,6
64014,1,1,1986,6,6,6,6,6,6,6,6,6,6
64015,1,1,1986,0,0,0,0,0,0,0,0,0,0
64015,2,1,1986,0,0,0,0,0,0,0,0,0,0
64016,1,1,1986,12,12,12,12,12,12,12,12,12,12
64017,1,1,1986,0,0,0,0,0,0,0,0,0,0
64017,2,1,1986,0,0,0,0,0,0,0,0,0,0
64018,0,1,1986,0,0,0,0,0,0,0,0,0,0
64018,1,1,1986,0,0,0,0,30,0,0,0,0,0
64019,0,1,1986,7,7,7,7,7,7,7,7,7,7
64019,1,1,1986,0,0,0,0,0,0,0,5,0,10
64020,1,1,1986,0,0,0,0,0,0,0,0,0,0
64020,2,1,1986,0,0,4,0,13,0,0,13,0,0
64021,1,1,1986,0,0,18,0,0,0,0,0,0,0
64022,1,1,1986,0,0,0,0,0,0,0,0,0,0
64022,2,1,1986,0,0,0,0,0,0,0,0,0,0
64022,3,1,1986,0,0,0,0,0,0,0,0,0,0
64023,1,1,1986,20,20,20,20,20,20,20,20,20,20
64024,1,1,1986,14,14,14,14,14,14,14,14,14,14
64025,0,1,1986,7,19,26,13,0,12,24,18,22,6
64025,1,1,1986,1,1,1,1,1,1,1,1,1,1
64025,2,1,1986,0,0,22,10,29,20,0,0,0,0
64026,1,1,1986,10,10,10,10,10,10,10,10,10,10
64027,1,1,1986,20,20,20,20,20,20,20,20,20,20
64028,1,1,1986,0,0,14,0,0,0,0,0,0,0
64028,2,1,1986,0,0,0,0,0,0,0,0,0,0
64029,1,1,1986,0,0,0,0,0,0,0,0,0,0
64030,1,1,1986,7,7,7,7,7,7,7,7,7,7
64031,1,1,1986,0,0,0,0,0,0,0,0,0,0
64032,1,1,1986,14,14,14,14,14,14,14,14,14,14
64033,1,1,1986,0,0,0,0,0,0,0,0,0,0
64033,2,1,1986,0,0,0,0,0,0,0,0,0,0
64033,3,1,1986,0,0,0,0,0,15,0,0,0,0
64034,1,1,1986,0,0,0,0,0,0,0,0,0,0
64034,2,1,1986,0,0,0,0,0,0,0,0,6,0
64035,1,1,1986,19,19,19,19,19,19,19,19,19,19
64036,1,1,1986,0,0,0,0,6,0,0,0,0,0
64036,2,1,1986,0,0,0,0,15,0,0,0,0,0
64036,3,1,1986,0,0,0,0,0,0,0,0,0,0
64037,0,1,1986,0,0,0,0,0,0,0,0,0,0
64037,1,1,1986,0,0,0,0,0,0,0,0,0,0
64038,1,1,1986,0,0,0,0,0,0,0,0,4,14
64038,2,1,1986,0,0,0,0,0,0,0,0,0,0
64039,1,1,1986,0,0,0,0,0,0,0,0,0,0
64039,2,1,1986,0,0,0,0,0,0,0,0,0,0
64040,0,1,1986,22,22,22,22,22,22,22,22,22,22
64040,1,1,1986,8,0,0,7,18,0,0,0,0,0
64041,1,1,1986,18,18,18,18,18,18,18,18,18,18
64042,1,1,1986,0,0,0,0,0,0,0,0,0,0
64043,1,1,1986,0,0,0,0,0,0,0,0,0,0
64043,2,1,1986,0,0,0,0,0,0,0,0,0,0
64044,0,1,1986,0,0,0,0,0,0,0,0,0,0
64044,1,1,1986,13,0,0,13,0,4,0,0,0,0
64045,0,1,1986,0,0,0,0,0,0,0,0,0,0
64045,1,1,1986,0,0,0,0,0,0,0,0,0,0
64046,1,1,1986,0,15,0,0,0,0,13,0,0,0
64047,0,1,1986,0,0,0,0,0,0,0,0,0,0
64047,1,1,1986,0,0,0,8,0,0,0,0,0,0
64048,1,1,1986,28,28,28,28,28,28,28,28,28,28
64048,2,1,1986,0,0,0,0,0,0,0,0,0,0
64050,0,1,1986,0,0,0,0,0,0,0,0,0,0
64050,1,1,1986,0,0,0,0,11,23,0,0,0,0
64051,1,1,1986,0,7,0,13,0,0,10,0,0,10
64052,1,1,1986,0,0,0,0,0,0,0,0,0,0
64052,2,1,1986,0,0,0,0,0,0,0,0,0,0
64052,3,1,1986,0,0,0,0,0,0,0,0,0,0
64053,0,1,1986,0,0,0,0,0,0,0,0,0,0
64053,0,2,1986,0,0,0,0,0,0,11,0,0,0
64053,0,3,1986,6,0,0,0,0,0,26,0,0,0
64053,1,1,1986,21,21,21,21,21,21,21,21,21,21
64054,1,1,1986,0,0,0,0,0,0,0,0,0,0
64054,2,1,1986,0,0,0,0,0,0,0,0,0,0
64055,1,1,1986,14,14,14,14,14,14,14,14,14,14
64055,2,1,1986,0,0,0,0,0,0,0,0,0,0
64055,3,1,1986,0,0,0,0,0,0,0,0,0,0
64056,1,1,1986,8,8,8,8,8,8,8,8,8,8
64057,1,1,1986,5,5,5,5,5,5,5,5,5,5
64057,2,1,1986,0,0,12,0,0,0,16,0,0,12
64057,3,1,1986,0,0,0,0,0,0,0,0,0,0
64058,1,1,1986,3,3,3,3,3,3,3,3,3,3
64059,1,1,1986,13,13,13,13,13,13,13,13,13,13
64059,2,1,1986,16,0,0,0,0,0,16,0,0,3
64059,3,1,1986,17,0,0,0,0,5,0,0,12,0
64060,1,1,1986,0,0,0,0,0,0,0,0,0,0
64060,2,1,1986,19,19,19,19,19,19,19,19,19,19
64061,1,1,1986,21,21,21,21,21,21,21,21,21,21
64061,2,1,1986,0,0,0,0,0,0,0,0,0,0
64062,1,1,1986,22,22,22,22,22,22,22,22,22,22
64063,1,1,1986,19,19,19,19,19,19,19,19,19,19
64063,2,1,1986,0,0,0,0,0,0,0,0,0,0
64063,3,1,1986,0,0,0,0,0,0,0,0,0,0
64063,4,1,1986,0,10,0,0,0,0,0,0,0,0
64063,5,1,1986,0,0,0,0,0,0,0,0,0,0
64064,1,1,1986,0,0,0,0,0,0,0,0,0,0
64064,2,1,1986,0,0,0,0,0,0,0,0,0,0
64065,1,1,1986,0,0,0,0,0,0,0,0,0,0
64065,2,1,1986,26,26,26,26,26,26,26,26,26,26
64066,1,1,1986,0,0,0,0,0,0,0,0,0,0
64066,2,1,1986,0,0,0,0,0,0,0,0,0,0
64066,3,1,1986,22,22,22,22,22,22,22,22,22,22
64066,4,1,1986,0,0,0,0,0,0,0,0,0,0
64067,1,1,1986,0,0,0,0,0,0,0,0,0,0
64067,2,1,1986,0,0,0,0,0,0,0,0,0,0
64068,1,1,1986,21,10,19,9,14,0,0,0,27,0
64068,2,1,1986,0,0,11,0,0,0,0,0,0,0
64069,0,1,1986,0,0,0,0,0,0,0,0,0,0
64069,1,1,1986,0,0,0,0,0,0,0,0,9,0
64070,1,1,1986,0,0,0,0,0,0,0,0,4,0
64070,2,1,1986,0,0,0,0,0,0,0,0,0,0
64070,3,1,1986,0,0,0,0,0,0,0,6,0,0
64071,1,1,1986,22,22,22,22,22,22,22,22,22,22
64071,2,1,1986,0,0,0,0,0,0,0,0,0,0
64072,1,1,1986,10,0,0,0,18,0,0,0,0,0
64073,0,1,1986,13,13,13,13,13,13,13,13,13,13
64073,1,1,1986,10,0,0,0,0,0,0,8,0,3
64074,1,1,1986,13,13,13,13,13,13,13,13,13,13
64075,1,1,1986,17,17,17,17,17,17,17,17,17,17
64076,1,1,1986,26,26,26,26,26,26,26,26,26,26
64076,2,1,1986,13,0,0,0,0,4,0,0,0,0
64077,1,1,1986,0,0,0,0,0,0,0,0,0,0
64078,1,1,1986,0,0,0,0,0,0,0,0,0,0
64078,2,1,1986,0,0,0,18,0,0,0,0,0,0
64079,1,1,1986,4,4,4,4,4,4,4,4,4,4
64080,0,1,1986,0,0,0,0,0,0,0,0,0,0
64080,1,1,1986,0,0,0,0,6,0,0,0,0,0
64081,1,1,1986,0,0,0,0,0,0,0,0,0,0
64082,0,1,1986,18,18,18,18,18,18,18,18,18,18
64082,1,1,1986,0,0,0,0,0,0,0,0,0,0
64083,1,1,1986,11,11,11,11,11,11,11,11,11,11
64084,0,1,1986,22,22,22,22,22,22,22,22,22,22
64084,1,1,1986,0,0,0,0,0,0,0,0,19,0
64085,0,1,1986,23,38,16,0,0,0,0,0,0,0
64085,1,1,1986,0,0,0,0,0,0,0,0,0,0
64086,1,1,1986,0,0,0,0,0,0,0,0,0,0
64087,1,1,1986,22,22,22,22,22,22,22,22,22,22
64088,0,1,1986,15,15,15,15,15,15,15,15,15,15
64088,1,1,1986,0,7,11,0,8,0,0,0,0,7
64089,1,1,1986,2,2,2,2,2,2,2,2,2,2
64090,1,1,1986,23,23,23,23,23,23,23,23,23,23
64091,1,1,1986,0,0,0,29,0,16,0,0,0,0
64092,1,1,1986,0,0,0,0,0,0,0,0,0,0
64093,1,1,1986,0,0,0,0,0,0,0,0,0,0
64093,2,1,1986,0,0,0,0,0,0,0,0,0,0
64094,1,1,1986,18,18,18,18,18,18,18,18,18,18
64094,2,1,1986,6,17,0,0,7,6,0,0,0,4
64095,1,1,1986,10,10,10,10,10,10,10,10,10,10
64096,0,1,1986,23,23,23,23,23,23,23,23,23,23
64096,1,1,1986,4,14,0,0,6,0,0,0,0,0
64097,1,1,1986,23,23,23,23,23,23,23,23,23,23
64098,1,1,1986,0,0,0,0,0,0,0,0,0,0
64099,1,1,1986,0,7,2,0,0,0,0,0,0,0
64100,1,1,1986,0,0,0,0,0,0,0,0,0,0
64100,2,1,1986,0,0,0,0,0,0,0,0,0,0
64101,1,1,1986,0,0,0,0,0,0,0,0,0,0
64102,1,1,1986,0,0,0,0,0,0,0,0,0,0
64103,1,1,1986,15,15,15,15,15,15,15,15,15,15
64104,1,1,1986,0,0,0,0,0,0,0,0,0,0
64104,2,1,1986,0,0,0,0,0,0,0,0,0,0
64105,0,1,1986,49,0,22,17,18,0,27,0,0,34
64105,0,2,1986,0,24,17,8,13,0,25,0,27,4
64105,1,1,1986,1,1,1,1,1,1,1,1,1,1
64106,0,1,1986,0,21,0,0,0,0,0,0,5,0
64106,1,1,1986,0,0,0,0,0,0,0,0,0,0
64106,2,1,1986,0,0,0,0,0,0,0,0,0,0
64107,0,1,1986,0,0,0,0,0,0,0,0,0,0
64107,0,2,1986,0,0,0,0,0,0,0,0,0,0
64107,0,3,1986,0,0,0,0,0,0,0,0,0,0
64107,1,1,1986,9,9,9,9,9,9,9,9,9,9
64108,1,1,1986,0,0,0,0,0,0,0,0,0,0
64108,2,1,1986,0,0,0,0,0,0,0,0,0,0
64109,1,1,1986,0,0,0,0,0,0,0,0,0,0
64110,0,1,1986,0,0,0,0,0,0,0,0,0,0
64110,1,1,1986,0,0,0,0,0,0,0,0,0,13
64111,1,1,1986,0,0,18,11,0,0,0,0,15,0
64112,1,1,1986,15,15,15,15,15,15,15,15,15,15
64113,1,1,1986,0,0,0,0,0,0,0,0,0,0
64113,2,1,1986,15,15,15,15,15,15,15,15,15,15
64114,1,1,1986,0,0,0,0,0,0,0,0,0,0
64114,2,1,1986,6,0,0,0,0,0,0,0,0,0
64114,3,1,1986,12,0,0,0,0,0,0,0,23,0
64115,0,1,1986,8,8,8,8,8,8,8,8,8,8
64115,1,1,1986,13,13,13,13,13,13,13,13,13,13
64116,1,1,1986,46,0,25,18,7,12,14,0,33,17
64117,1,1,1986,0,0,0,0,0,0,0,0,0,0
64117,2,1,1986,6,0,0,0,0,0,0,0,0,0
64118,1,1,1986,13,13,13,13,13,13,13,13,13,13
64119,1,1,1986,0,0,0,0,0,0,0,0,0,0
64119,2,1,1986,0,0,0,0,0,0,0,0,0,0
64120,1,1,1986,15,15,15,15,15,15,15,15,15,15
64120,2,1,1986,0,0,0,0,0,0,0,0,0,0
64121,1,1,1986,24,24,24,24,24,24,24,24,24,24
64122,1,1,1986,0,0,0,0,0,0,0,0,0,0
64123,1,1,1986,9,9,9,9,9,9,9,9,9,9
64124,0,1,1986,22,22,22,22,22,22,22,22,22,22
64124,1,1,1986,12,12,12,12,12,12,12,12,12,12
64125,1,1,1986,11,0,0,0,0,0,0,0,0,0
64125,2,1,1986,0,0,0,0,0,0,0,0,0,0
64125,3,1,1986,0,0,0,0,0,0,0,0,0,0
64126,1,1,1986,0,0,0,0,0,0,0,0,0,0
64126,2,1,1986,0,0,0,0,0,0,0,0,0,0
64127,1,1,1986,0,0,0,0,0,0,0,0,0,0
64127,2,1,1986,0,0,0,0,0,0,0,0,0,0
64128,0,1,1986,0,0,0,0,0,0,0,0,0,0
64128,1,1,1986,0,0,0,0,0,0,0,0,0,0
64129,0,1,1986,0,0,0,0,0,0,4,0,0,0
64129,1,1,1986,0,0,0,0,0,0,0,0,0,0
64130,1,1,1986,15,15,15,15,15,15,15,15,15,15
64131,1,1,1986,18,18,18,18,18,18,18,18,18,18
64131,2,1,1986,17,0,0,0,0,0,0,0,0,8
64132,1,1,1986,14,0,0,0,0,4,0,0,0,0
64132,2,1,1986,0,0,0,0,0,0,0,12,0,19
64133,1,1,1986,25,25,25,25,25,25,25,25,25,25
64134,1,1,1986,7,17,13,0,13,25,21,0,0,0
64135,0,1,1986,0,0,0,0,0,0,0,0,0,0
64135,1,1,1986,28,0,0,0,0,0,0,0,0,0
64136,1,1,1986,0,0,0,0,0,0,0,0,0,0
64137,1,1,1986,0,0,0,0,0,0,0,0,0,0
64137,2,1,1986,0,0,0,0,0,0,0,0,0,0
64137,3,1,1986,0,0,0,0,0,0,0,0,0,0
64138,0,1,1986,0,0,0,0,0,0,0,0,0,0
64138,1,1,1986,0,0,0,0,0,0,0,0,0,0
64139,1,1,1986,0,0,0,0,0,0,0,0,0,0
64140,0,1,1986,10,10,10,10,10,10,10,10,10,10
64140,1,1,1986,0,0,0,0,0,8,0,0,0,0
64141,0,1,1986,19,19,19,19,19,19,19,19,19,19
64141,1,1,1986,0,0,0,7,0,0,0,0,0,0
64142,1,1,1986,0,0,0,0,12,0,0,0,0,0
64142,2,1,1986,0,0,0,13,0,0,0,0,0,0
64143,0,1,1986,18,18,18,18,18,18,18,18,18,18
64143,1,1,1986,17,17,17,17,17,17,17,17,17,17
64144,1,1,1986,0,0,0,0,0,0,0,0,0,0
64144,2,1,1986,0,0,0,0,0,0,0,0,0,0
64145,0,1,1986,24,0,25,19,16,4,0,14,0,26
64145,1,1,1986,0,0,0,0,0,0,0,0,0,0
64146,0,1,1986,0,0,0,0,0,0,0,0,0,0
64146,1,1,1986,0,0,0,0,0,0,22,0,0,0
64147,1,1,1986,0,0,0,0,0,0,0,0,0,0
64147,2,1,1986,0,0,0,0,0,0,15,0,0,0
64148,1,1,1986,19,19,19,19,19,19,19,19,19,19
64148,2,1,1986,16,0,0,0,0,0,0,0,0,0
64148,3,1,1986,0,0,0,0,0,0,0,0,0,0
64148,4,1,1986,0,0,0,0,0,0,0,0,0,13
64149,0,1,1986,0,0,0,0,0,0,0,0,0,0
64149,1,1,1986,0,0,0,8,0,0,0,0,0,0
64150,1,1,1986,0,0,0,0,0,0,0,0,0,0
64150,2,1,1986,0,0,0,0,0,12,0,0,0,0
64150,3,1,1986,0,0,0,0,0,0,0,0,0,0
64150,4,1,1986,0,0,0,0,0,0,0,0,0,0
64150,5,1,1986,0,0,13,0,0,0,0,0,0,0
64150,6,1,1986,0,0,0,0,0,0,0,0,0,0
64151,0,1,1986,29,29,29,29,29,29,29,29,29,29
64151,1,1,1986,0,0,0,0,0,0,0,0,0,0
64152,1,1,1986,0,0,0,22,0,0,0,0,0,2
64152,2,1,1986,2,2,2,2,2,2,2,2,2,2
64153,1,1,1986,12,12,12,12,12,12,12,12,12,12
64154,1,1,1986,0,0,0,0,0,0,0,0,0,4
64154,2,1,1986,0,0,0,0,0,0,0,0,0,0
64155,0,1,1986,0,0,0,0,0,0,0,0,0,0
64155,1,1,1986,0,0,25,0,0,0,0,0,0,0
64156,0,1,1986,0,0,0,0,0,0,0,0,0,0
64156,1,1,1986,0,0,0,0,9,13,0,0,0,0
64157,1,1,1986,14,14,14,14,14,14,14,14,14,14
64158,1,1,1986,0,0,0,0,0,0,0,0,0,0
64158,2,1,1986,0,0,0,0,0,0,0,0,0,0
64159,1,1,1986,20,20,20,20,20,20,20,20,20,20
64160,1,1,1986,0,0,0,0,0,0,0,14,0,0
64160,2,1,1986,0,0,0,0,0,0,0,0,0,0
64160,3,1,1986,0,0,0,0,0,0,0,0,0,0
64161,0,1,1986,0,0,0,0,0,0,0,0,0,0
64161,1,1,1986,0,0,0,0,0,0,0,0,0,9
64162,1,1,1986,0,0,0,0,0,0,0,0,0,0
64163,1,1,1986,24,13,12,12,20,0,33,15,10,9
64165,1,1,1986,0,0,0,0,0,0,0,0,0,0
64165,2,1,1986,13,0,16,0,15,11,0,0,0,0
64166,1,1,1986,0,0,0,0,0,0,0,0,0,0
64166,2,1,1986,0,0,0,0,0,0,0,0,10,0
64167,1,1,1986,9,9,9,9,9,9,9,9,9,9
64168,1,1,1986,0,0,0,0,0,0,0,0,0,0
64168,2,1,1986,0,0,0,0,0,0,0,0,0,0