ST_CASE,VEH_NO,PER_NO,YEAR,P1,P2,P3,P4,P5,P6,P7,P8,P9,P10
64437,1,1,1986,0,0,0,0,0,0,0,0,0,0
64437,2,1,1986,0,0,0,0,16,0,0,0,0,0
64438,1,1,1986,0,0,0,0,0,0,0,0,0,0
64438,2,1,1986,0,0,0,0,0,0,0,0,0,0
64439,1,1,1986,12,12,12,12,12,12,12,12,12,12
64440,0,1,1986,4,4,4,4,4,4,4,4,4,4
64440,1,1,1986,21,8,0,25,0,12,8,11,12,12
64441,1,1,1986,0,0,0,0,0,0,0,0,0,0
64441,2,1,1986,0,0,0,0,0,0,0,0,0,0
64442,1,1,1986,0,0,0,0,0,0,0,0,0,0
64442,2,1,1986,0,0,0,0,0,0,0,0,0,0
64443,1,1,1986,0,0,0,0,0,0,0,0,0,0
64443,2,1,1986,0,0,0,0,0,0,0,0,0,0
64444,1,1,1986,17,17,17,17,17,17,17,17,17,17
64444,2,1,1986,4,0,0,0,0,0,0,0,18,0
64445,1,1,1986,18,18,18,18,18,18,18,18,18,18
64445,2,1,1986,0,0,0,0,0,0,0,0,0,0
64446,1,1,1986,19,19,19,19,19,19,19,19,19,19
64447,1,1,1986,18,18,18,18,18,18,18,18,18,18
64447,2,1,1986,0,0,0,0,0,0,0,0,0,0
64448,1,1,1986,20,20,20,20,20,20,20,20,20,20
64449,1,1,1986,0,0,0,0,0,0,0,0,0,0
64449,2,1,1986,23,23,23,23,23,23,23,23,23,23
64450,0,1,1986,0,15,0,15,13,0,0,7,0,18
64450,0,2,1986,16,16,16,16,16,16,16,16,16,16
64450,1,1,1986,23,23,23,23,23,23,23,23,23,23
64451,1,1,1986,12,12,12,12,12,12,12,12,12,12
64452,1,1,1986,0,0,0,0,0,0,0,0,0,0
64452,2,1,1986,0,0,0,0,0,0,0,0,0,0
64453,1,1,1986,0,0,0,0,0,0,0,0,0,0
64454,1,1,1986,0,0,0,5,0,0,0,0,0,0
64454,2,1,1986,0,0,0,0,0,0,0,0,0,0
64455,1,1,1986,0,0,0,0,0,0,0,0,0,0
64456,0,1,1986,12,12,12,12,12,12,12,12,12,12
64456,1,1,1986,0,0,0,0,0,0,0,0,0,0
64457,0,1,1986,0,0,0,0,0,0,0,0,0,0
64457,1,1,1986,0,0,0,0,0,0,10,0,0,0
64458,1,1,1986,0,0,0,0,0,0,0,0,0,0
64458,2,1,1986,0,0,0,0,0,0,0,0,0,0
64459,1,1,1986,0,0,0,0,0,0,0,0,0,0
64459,2,1,1986,0,0,0,0,0,0,0,0,0,0
64459,3,1,1986,0,0,0,0,0,0,0,0,0,0
64460,1,1,1986,0,0,0,0,0,0,0,0,0,0
64461,1,1,1986,0,0,0,0,0,0,0,0,0,0
64461,2,1,1986,0,7,0,6,0,0,0,0,0,0
64462,1,1,1986,20,20,20,20,20,20,20,20,20,20
64463,1,1,1986,0,0,0,0,0,0,0,0,0,0
64464,1,1,1986,21,21,21,21,21,21,21,21,21,21
64465,1,1,1986,0,0,0,0,0,0,0,0,0,0
64465,2,1,1986,0,0,0,0,0,0,0,0,0,0
64466,1,1,1986,0,0,0,0,0,0,0,0,0,0
64466,2,1,1986,0,0,0,0,0,0,0,0,0,0
64467,1,1,1986,0,0,0,0,0,0,0,0,0,0
64468,0,1,1986,0,0,0,0,0,0,0,0,0,0
64468,1,1,1986,0,0,0,0,0,0,0,0,0,0
64469,0,1,1986,10,10,10,10,10,10,10,10,10,10
64469,1,1,1986,0,16,8,33,20,0,18,0,14,0
64470,1,1,1986,33,33,33,33,33,33,33,33,33,33
64471,1,1,1986,22,22,22,22,22,22,22,22,22,22
64472,0,1,1986,0,0,0,0,0,0,0,0,0,0
64472,1,1,1986,0,0,0,0,0,0,0,0,0,0
64473,1,1,1986,0,0,0,0,0,0,0,0,0,0
64473,2,1,1986,0,0,0,0,0,0,10,0,0,0
64474,1,1,1986,0,0,0,0,0,0,0,0,0,0
64474,2,1,1986,15,0,0,3,0,6,0,0,0,0
64475,1,1,1986,0,0,0,0,0,0,0,0,0,0
64475,2,1,1986,0,0,0,0,0,0,0,0,0,0
64476,1,1,1986,16,16,16,16,16,16,16,16,16,16
64477,1,1,1986,0,0,10,0,0,0,0,0,0,0
64478,0,1,1986,0,0,0,0,0,0,0,0,0,0
64478,1,1,1986,0,0,0,0,0,0,0,0,0,0
64479,1,1,1986,0,0,0,0,0,0,0,0,0,0
64480,1,1,1986,0,0,0,25,0,3,12,15,14,0
64481,0,1,1986,0,0,0,0,0,0,0,11,0,0
64481,1,1,1986,0,0,0,0,0,0,0,0,0,0
64482,1,1,1986,0,0,0,0,0,0,0,0,0,0
64483,0,1,1986,23,23,23,23,23,23,23,23,23,23
64483,1,1,1986,18,14,19,18,6,0,9,27,13,17
64484,0,1,1986,0,0,0,0,0,0,0,0,0,0
64484,1,1,1986,0,0,0,0,0,0,0,0,2,0
64485,1,1,1986,0,0,0,0,0,0,0,0,0,0
64485,2,1,1986,0,0,0,0,0,0,0,0,0,0
64486,1,1,1986,9,9,9,9,9,9,9,9,9,9
64487,0,1,1986,28,28,28,28,28,28,28,28,28,28
64487,1,1,1986,0,12,14,9,0,8,0,7,0,0
64488,1,1,1986,4,4,4,4,4,4,4,4,4,4
64489,1,1,1986,2,2,2,2,2,2,2,2,2,2
64490,1,1,1986,0,0,0,0,0,0,0,0,0,0
64491,1,1,1986,0,0,0,0,0,0,0,0,0,0
64491,2,1,1986,0,0,0,0,0,0,0,0,0,0
64492,1,1,1986,0,0,0,0,0,0,0,0,0,0
64492,2,1,1986,0,0,0,0,0,0,0,0,0,0
64493,1,1,1986,0,0,0,0,0,0,0,0,0,0
64493,2,1,1986,0,0,0,0,0,0,0,0,0,0
64493,3,1,1986,0,0,14,0,0,0,0,0,0,0
64494,0,1,1986,21,21,21,21,21,21,21,21,21,21
64494,1,1,1986,9,23,0,0,0,0,0,0,0,0
64495,1,1,1986,33,16,20,20,32,42,27,23,16,24
64496,1,1,1986,0,0,0,0,0,0,0,0,0,0
64496,2,1,1986,0,0,0,0,0,0,0,0,0,0
64497,1,1,1986,35,35,35,35,35,35,35,35,35,35
64497,2,1,1986,0,0,0,0,0,0,0,0,0,0
64498,1,1,1986,0,0,0,0,0,0,0,0,0,0
64499,1,1,1986,0,0,0,0,0,0,0,0,0,0
64499,2,1,1986,24,24,24,24,24,24,24,24,24,24
64500,1,1,1986,14,14,14,14,14,14,14,14,14,14
64501,1,1,1986,16,16,16,16,16,16,16,16,16,16
64502,1,1,1986,21,21,21,21,21,21,21,21,21,21
64503,1,1,1986,0,0,0,0,0,0,0,0,0,0
64503,2,1,1986,0,0,0,0,0,0,0,0,0,21
64504,1,1,1986,29,29,29,29,29,29,29,29,29,29
64505,1,1,1986,0,0,0,0,14,10,0,0,0,0
64506,1,1,1986,0,0,0,0,0,0,0,0,0,0
64506,2,1,1986,6,6,6,6,6,6,6,6,6,6
64507,1,1,1986,0,0,0,0,0,0,0,0,0,0
64508,1,1,1986,0,0,0,0,0,0,0,0,0,0
64509,1,1,1986,0,0,0,0,0,0,0,0,0,0
64510,0,1,1986,16,16,16,16,16,16,16,16,16,16
64510,1,1,1986,0,0,0,0,0,0,0,0,0,0
64511,0,1,1986,0,0,0,0,0,0,0,0,0,0
64511,1,1,1986,0,0,0,0,0,0,0,0,0,0
64512,1,1,1986,25,25,25,25,25,25,25,25,25,25
64512,2,1,1986,0,9,0,8,24,0,15,0,0,0
64513,1,1,1986,11,0,13,0,0,0,0,0,0,0
64514,0,1,1986,7,7,7,7,7,7,7,7,7,7
64514,1,1,1986,0,0,0,0,0,0,0,0,0,0
64515,1,1,1986,0,0,0,0,0,0,0,0,0,0
64515,2,1,1986,0,0,0,0,0,0,0,0,0,0
64516,0,1,1986,0,0,0,0,31,0,0,0,0,0
64516,1,1,1986,0,0,0,0,0,0,0,0,0,0
64517,1,1,1986,0,0,0,0,0,0,0,0,0,0
64517,2,1,1986,0,0,0,0,0,0,0,0,0,0
64518,0,1,1986,32,32,32,32,32,32,32,32,32,32
64518,1,1,1986,0,0,0,0,0,0,0,0,0,0
64519,1,1,1986,6,0,0,0,0,12,0,0,2,0
64520,1,1,1986,6,23,11,4,9,17,18,10,4,7
64520,2,1,1986,0,0,8,0,0,0,0,0,0,0
64521,0,1,1986,0,0,0,0,0,0,0,0,0,0
64521,1,1,1986,8,8,8,8,8,8,8,8,8,8
64522,1,1,1986,0,0,0,0,0,0,0,0,0,0
64522,2,1,1986,0,0,0,0,0,0,0,0,0,0
64523,1,1,1986,13,13,13,13,13,13,13,13,13,13
64523,2,1,1986,0,0,0,0,0,0,0,0,0,0
64524,0,1,1986,19,19,19,19,19,19,19,19,19,19
64524,1,1,1986,0,8,0,0,11,0,17,0,0,4
64525,1,1,1986,13,13,13,13,13,13,13,13,13,13
64526,1,1,1986,13,0,12,9,20,12,24,0,4,24
64527,1,1,1986,10,10,10,10,10,10,10,10,10,10
64528,0,1,1986,24,24,24,24,24,24,24,24,24,24
64528,1,1,1986,0,0,0,0,0,0,0,0,0,0
64528,2,1,1986,0,0,0,0,0,0,0,0,0,0
64529,1,1,1986,19,19,19,19,19,19,19,19,19,19
64529,2,1,1986,0,0,0,0,0,0,0,0,0,0
64529,3,1,1986,0,0,0,0,0,0,0,0,0,0
64529,4,1,1986,0,0,0,0,0,0,0,0,0,16
64530,1,1,1986,14,14,14,14,14,14,14,14,14,14
64530,2,1,1986,0,0,0,0,0,0,0,0,0,0
64531,1,1,1986,19,19,19,19,19,19,19,19,19,19
64532,1,1,1986,0,0,0,0,0,0,0,0,0,0
64532,2,1,1986,0,0,0,0,0,0,0,0,0,0
64533,1,1,1986,0,0,0,0,10,4,0,0,0,14
64534,1,1,1986,0,0,0,0,0,0,0,0,0,0
64534,2,1,1986,0,0,0,0,0,0,0,0,0,0
64535,1,1,1986,14,14,14,14,14,14,14,14,14,14
64536,1,1,1986,6,6,6,6,6,6,6,6,6,6
64537,1,1,1986,0,0,0,0,0,0,0,0,0,0
64538,0,1,1986,0,0,0,0,0,0,0,0,0,0
64538,1,1,1986,0,0,0,14,0,0,0,0,0,0
64539,0,1,1986,0,0,0,0,0,0,0,0,0,0
64539,1,1,1986,0,0,0,0,0,0,20,0,0,0
64540,1,1,1986,0,0,0,0,0,0,0,0,0,0
64541,1,1,1986,33,16,22,30,14,19,15,28,15,11
64542,1,1,1986,0,0,0,0,0,0,0,0,0,0
64543,1,1,1986,8,14,13,12,4,0,17,10,9,9
64543,2,1,1986,0,0,0,0,0,0,0,0,0,0
64544,1,1,1986,0,0,0,0,0,0,0,0,0,0
64544,2,1,1986,0,0,0,0,0,0,0,0,0,0
64545,0,1,1986,0,0,0,0,0,0,0,0,0,0
64545,1,1,1986,0,0,0,0,0,0,0,0,5,0
64546,1,1,1986,0,0,0,0,0,0,0,0,0,0
64547,1,1,1986,17,17,17,17,17,17,17,17,17,17
64548,0,1,1986,0,0,0,0,0,0,0,0,0,0
64548,1,1,1986,0,0,0,0,0,0,0,0,0,0
64548,2,1,1986,0,0,0,0,0,0,0,0,0,0
64549,0,1,1986,0,0,0,0,0,0,0,0,0,0
64549,1,1,1986,0,0,0,0,0,0,7,0,0,0
64550,1,1,1986,16,5,0,0,5,12,6,7,16,15
64551,0,1,1986,0,0,0,0,0,0,0,0,0,0
64551,1,1,1986,0,0,0,0,0,0,0,0,0,0
64552,1,2,1986,20,0,17,0,20,45,14,12,7,0
64553,0,1,1986,24,24,24,24,24,24,24,24,24,24
64553,1,1,1986,0,0,14,0,0,0,0,0,2,0
64554,0,1,1986,4,4,4,4,4,4,4,4,4,4
64554,1,1,1986,10,23,0,0,21,0,0,0,11,0
64554,2,1,1986,0,0,0,0,0,0,0,0,0,0
64555,0,1,1986,0,0,0,0,0,0,0,0,0,0
64555,1,1,1986,0,0,7,0,0,0,0,0,0,0
64556,1,1,1986,0,0,0,0,0,0,0,0,0,0
64557,0,1,1986,0,0,0,0,0,0,0,0,0,8
64557,1,1,1986,0,0,0,0,0,0,0,0,0,0
64558,1,1,1986,11,11,11,11,11,11,11,11,11,11
64558,2,1,1986,0,0,0,0,0,0,0,0,0,0
64559,1,1,1986,0,0,0,0,0,0,0,0,0,0
64560,1,1,1986,8,8,8,8,8,8,8,8,8,8
64561,1,1,1986,0,0,0,0,0,0,0,0,0,0
64562,1,1,1986,18,18,18,18,18,18,18,18,18,18
64562,2,1,1986,0,0,0,0,0,0,0,0,0,0
64563,1,1,1986,7,4,0,12,0,0,13,31,14,0
64563,2,1,1986,0,0,0,0,0,0,0,0,0,0
64564,1,1,1986,17,17,17,17,17,17,17,17,17,17
64564,2,1,1986,0,0,0,0,0,0,0,0,0,0
64564,3,1,1986,0,20,0,0,0,0,7,0,8,0
64565,0,1,1986,0,0,0,0,0,0,0,0,0,0
64565,1,1,1986,0,0,0,0,0,0,0,0,0,0
64566,0,1,1986,22,22,22,22,22,22,22,22,22,22
64566,1,1,1986,15,10,14,12,13,20,0,4,13,11
64567,1,1,1986,5,5,5,5,5,5,5,5,5,5
64568,0,1,1986,0,0,0,0,0,0,0,0,0,0
64568,1,1,1986,0,0,0,0,0,0,0,0,0,0
64569,0,1,1986,0,0,0,0,0,0,0,0,0,0
64569,1,1,1986,7,0,0,0,0,0,0,0,0,0
64570,1,1,1986,0,0,0,0,0,0,0,0,0,0
64570,2,1,1986,0,0,0,0,0,0,0,0,0,0
64571,1,1,1986,0,0,0,0,0,0,0,0,0,0
64572,1,1,1986,0,0,0,0,0,0,0,0,0,0
64572,2,1,1986,0,0,0,0,0,0,0,0,16,0
64573,1,1,1986,0,0,0,0,0,0,0,0,0,0
64573,2,1,1986,9,9,9,9,9,9,9,9,9,9
64574,1,1,1986,0,0,0,0,0,0,0,0,0,0
64575,0,1,1986,47,47,47,47,47,47,47,47,47,47
64575,1,1,1986,0,0,0,0,0,0,0,0,0,0
64576,1,1,1986,19,19,19,19,19,19,19,19,19,19
64577,1,1,1986,10,10,10,10,10,10,10,10,10,10
64577,2,1,1986,0,0,0,0,0,11,0,0,0,0
64578,1,1,1986,0,0,0,0,0,0,0,0,0,0
64579,1,1,1986,0,0,0,0,0,0,0,0,0,0
64579,2,1,1986,0,0,0,0,0,0,0,0,0,0
64580,1,1,1986,0,0,0,0,0,0,0,0,0,0
64580,2,1,1986,0,0,0,0,0,0,0,0,0,0
64581,1,1,1986,14,0,0,0,0,0,10,0,0,0
64582,1,1,1986,0,0,0,0,0,0,0,0,0,0
64583,1,1,1986,14,14,14,14,14,14,14,14,14,14
64583,2,1,1986,0,0,0,0,0,0,0,0,0,0
64584,1,1,1986,9,9,9,9,9,9,9,9,9,9
64585,1,1,1986,18,18,18,18,18,18,18,18,18,18
64585,2,1,1986,0,0,0,0,0,0,0,0,0,0
64586,1,1,1986,18,18,18,18,18,18,18,18,18,18
64587,0,1,1986,4,4,4,4,4,4,4,4,4,4
64587,1,1,1986,0,0,0,0,0,0,0,0,0,0
64588,1,1,1986,19,19,19,19,19,19,19,19,19,19
64589,1,1,1986,0,0,0,0,0,0,0,0,0,0
64589,2,1,1986,0,0,0,0,0,0,0,0,0,0
64590,1,1,1986,2,2,2,2,2,2,2,2,2,2
64590,2,1,1986,0,0,0,0,0,0,0,0,0,0
64591,1,1,1986,13,13,13,13,13,13,13,13,13,13
64592,1,1,1986,15,15,15,15,15,15,15,15,15,15
64592,2,1,1986,0,0,0,0,0,0,0,0,0,0
64592,3,1,1986,0,0,0,0,0,0,0,0,0,0
64592,4,1,1986,0,0,0,0,0,0,0,0,0,0
64593,1,1,1986,0,0,0,0,0,0,0,0,0,0
64593,2,1,1986,0,0,0,0,0,0,0,0,0,0
64593,3,1,1986,15,0,19,0,0,0,0,0,0,0
64594,1,1,1986,14,14,14,14,14,14,14,14,14,14
64595,0,1,1986,0,0,0,0,0,0,0,0,0,0
64595,1,1,1986,0,0,0,0,0,0,0,0,0,0
64596,1,1,1986,0,0,0,0,0,0,0,0,0,0
64596,2,1,1986,15,17,16,15,12,0,7,5,0,14
64597,1,1,1986,15,15,15,15,15,15,15,15,15,15
64598,0,1,1986,0,0,0,0,0,0,0,0,0,0
64598,1,1,1986,0,0,0,0,16,0,0,10,0,0
64599,1,1,1986,0,16,45,40,27,36,20,31,31,19
64600,1,1,1986,0,0,0,0,0,0,0,0,0,0
64600,2,1,1986,0,0,0,0,0,0,0,0,0,0
64601,0,1,1986,0,0,0,0,0,0,0,0,0,0
64601,1,1,1986,0,0,0,0,0,0,0,0,0,0
64602,1,1,1986,0,0,0,0,0,0,0,12,0,0
64602,2,1,1986,0,0,0,0,0,0,0,0,0,0
64603,0,1,1986,0,0,0,0,0,0,0,0,0,0
64603,1,1,1986,0,0,0,10,0,0,0,0,0,0
64604,1,1,1986,22,22,22,22,22,22,22,22,22,22
64604,2,1,1986,0,0,0,0,0,0,0,0,0,0
64605,1,1,1986,28,28,28,28,28,28,28,28,28,28
64605,2,1,1986,0,0,0,0,0,0,0,0,0,0
64606,1,1,1986,13,13,13,13,13,13,13,13,13,13
64607,1,1,1986,0,0,0,0,0,0,0,0,0,0
64607,2,1,1986,0,0,0,0,0,0,0,0,0,0
64608,1,1,1986,12,12,12,12,12,12,12,12,12,12
64608,2,1,1986,0,0,0,0,0,0,0,0,0,0
64609,0,1,1986,30,30,30,30,30,30,30,30,30,30
64609,1,1,1986,0,0,0,0,0,0,0,0,0,0
64610,0,1,1986,0,0,0,0,0,0,0,0,0,0
64610,0,2,1986,0,0,6,0,11,0,0,0,0,0
64610,1,1,1986,0,0,0,0,0,0,0,0,0,13
64611,1,1,1986,0,0,0,0,0,0,0,12,0,0
64612,0,1,1986,0,0,0,0,0,0,0,0,0,0
64612,1,1,1986,0,0,0,0,0,0,0,0,0,0
64613,0,1,1986,0,0,0,0,0,0,0,0,0,0
64613,1,1,1986,0,0,0,0,0,0,0,0,0,0
64614,1,1,1986,0,0,0,0,0,0,0,0,0,0
64614,2,1,1986,0,0,0,0,0,0,0,0,0,0
64614,3,1,1986,0,0,0,0,0,0,0,0,0,0
64615,0,1,1986,15,15,15,15,15,15,15,15,15,15
64615,1,1,1986,21,21,21,21,21,21,21,21,21,21
64616,1,1,1986,9,9,9,9,9,9,9,9,9,9
64616,2,1,1986,0,0,0,0,0,0,0,0,0,0
64617,1,1,1986,9,9,9,9,9,9,9,9,9,9
64618,1,1,1986,0,0,0,0,0,0,0,0,0,0
64618,2,1,1986,0,0,0,0,0,0,0,0,0,0
64618,3,1,1986,0,0,0,0,0,0,0,0,0,0
64619,0,1,1986,0,0,0,0,0,0,0,0,0,0
64619,1,1,1986,0,0,0,0,0,0,0,0,0,0
64620,0,1,1986,0,0,0,0,0,0,0,0,0,0
64620,0,2,1986,0,0,0,0,0,0,0,0,0,0
64620,0,3,1986,0,0,0,0,0,0,0,0,0,0
64620,1,1,1986,15,15,15,15,15,15,15,15,15,15
64621,0,1,1986,38,38,38,38,38,38,38,38,38,38
64621,1,1,1986,0,0,0,0,0,10,0,0,0,0
64622,1,1,1986,8,11,16,16,11,5,23,4,15,3
64623,0,1,1986,22,22,22,22,22,22,22,22,22,22
64623,1,1,1986,0,0,13,0,2,0,9,0,0,0
64624,1,1,1986,17,17,17,17,17,17,17,17,17,17
64624,2,1,1986,0,0,0,0,0,0,0,10,0,0
64625,1,1,1986,16,16,16,16,16,16,16,16,16,16
64626,0,1,1986,32,32,32,32,32,32,32,32,32,32
64626,1,1,1986,7,0,0,0,0,0,10,0,0,0
64627,1,1,1986,0,0,0,0,0,0,0,0,0,0
64627,2,1,1986,0,0,0,0,0,0,0,0,0,0
64628,0,1,1986,35,0,25,0,0,27,23,0,28,18
64628,1,1,1986,0,0,0,32,15,0,0,0,11,27
64629,0,1,1986,0,0,0,0,0,0,0,0,0,0
64629,1,1,1986,0,0,0,0,0,0,0,0,0,0
64630,1,1,1986,19,19,19,19,19,19,19,19,19,19
64631,0,1,1986,3,0,8,14,9,12,13,0,0,14
64631,1,1,1986,0,0,27,0,0,0,0,0,0,0
64632,0,1,1986,0,11,35,46,18,9,41,21,40,15
64632,1,1,1986,15,15,15,15,15,15,15,15,15,15
64633,1,1,1986,0,0,0,0,0,0,0,0,0,0
64634,1,1,1986,0,0,0,0,0,0,0,0,0,0
64635,1,1,1986,21,21,21,21,21,21,21,21,21,21
64635,2,1,1986,0,0,0,0,0,0,0,0,0,0
64636,1,1,1986,0,0,0,0,0,0,0,0,0,0
64637,1,1,1986,0,0,0,0,0,0,0,0,0,0
64638,1,1,1986,20,20,20,20,20,20,20,20,20,20
64639,1,1,1986,0,0,0,0,0,0,0,0,0,0
64639,2,1,1986,0,0,0,0,0,0,0,0,0,0
64640,1,1,1986,26,20,18,0,0,17,0,0,0,10
64641,1,1,1986,0,0,0,0,0,0,0,0,0,0
64641,2,1,1986,0,17,16,0,10,10,15,4,0,0
64642,0,1,1986,0,0,0,0,0,0,0,0,0,0
64642,1,1,1986,9,0,0,0,0,0,0,0,0,0
64643,1,1,1986,0,0,0,0,0,0,0,0,0,0
64643,2,1,1986,0,0,0,0,0,0,0,0,0,0
64644,0,1,1986,2,2,2,2,2,2,2,2,2,2
64644,1,1,1986,0,0,0,0,0,0,0,6,2,0
64645,1,1,1986,0,0,0,0,0,0,0,0,0,0
64645,2,1,1986,7,0,0,0,0,0,0,0,0,0
64646,1,1,1986,0,0,0,0,0,0,0,0,0,0
64646,2,1,1986,0,0,0,0,0,0,0,0,0,0
64647,1,1,1986,0,0,0,0,0,0,0,0,0,0
64647,2,1,1986,21,18,22,12,37,9,15,18,6,10
64648,1,1,1986,0,0,0,0,20,0,0,0,0,0
64648,2,1,1986,0,0,0,0,0,0,0,0,0,0
64649,0,1,1986,4,10,24,15,19,25,0,24,13,0
64649,1,1,1986,29,0,6,0,11,10,8,27,16,21
64650,1,1,1986,11,11,11,11,11,11,11,11,11,11
64651,1,1,1986,9,8,11,38,6,19,23,20,28,28
64652,1,1,1986,17,0,0,6,0,0,14,0,0,0
64652,2,1,1986,0,0,0,0,0,0,0,0,0,0
64653,1,1,1986,9,9,9,9,9,9,9,9,9,9
64653,2,1,1986,0,0,0,0,0,0,0,0,0,0
64654,1,1,1986,0,0,0,9,0,0,0,0,0,0
64654,2,1,1986,0,0,0,0,0,0,0,0,0,0
64655,1,1,1986,0,0,0,0,0,0,0,0,0,0
64656,1,1,1986,7,7,7,7,7,7,7,7,7,7
64656,2,1,1986,0,0,0,0,0,0,0,0,0,0
64657,1,1,1986,4,4,4,4,4,4,4,4,4,4
64658,1,1,1986,0,0,0,0,0,30,0,14,0,0
64659,0,1,1986,0,0,0,0,0,0,0,0,0,0
64659,1,1,1986,11,32,11,19,17,14,12,19,23,16
64660,1,1,1986,5,5,5,5,5,5,5,5,5,5
64661,0,1,1986,0,0,0,0,0,0,0,0,0,0
64661,1,1,1986,0,0,0,0,0,0,0,0,0,0
64662,0,1,1986,0,0,0,0,0,0,0,0,0,0
64662,1,1,1986,0,0,0,0,0,0,0,0,0,0
64663,1,1,1986,5,5,5,5,5,5,5,5,5,5
64663,2,1,1986,0,22,21,13,33,13,4,0,10,0
64663,3,1,1986,0,0,0,0,0,0,0,0,0,0
64664,1,1,1986,0,0,0,0,0,0,0,0,0,0
64665,1,1,1986,28,28,28,28,28,28,28,28,28,28
64666,1,1,1986,28,28,28,28,28,28,28,28,28,28
64667,1,1,1986,0,0,0,0,0,0,0,0,0,0
64667,2,1,1986,3,3,3,3,3,3,3,3,3,3
64668,1,1,1986,0,0,0,0,0,0,0,0,0,0
64668,2,1,1986,0,0,0,0,0,0,0,0,0,0
64668,3,1,1986,0,0,0,0,0,0,0,0,0,0
64669,1,1,1986,19,19,19,19,19,19,19,19,19,19
64669,2,1,1986,0,0,0,0,0,0,0,0,0,0
64669,3,1,1986,0,0,0,0,0,0,0,0,0,0
64669,4,1,1986,0,0,0,0,0,0,0,0,0,0
64669,5,1,1986,27,0,0,0,0,20,0,0,0,0
64670,1,1,1986,19,19,19,19,19,19,19,19,19,19
64671,0,1,1986,32,32,32,32,32,32,32,32,32,32
64671,1,1,1986,14,18,10,10,10,22,26,5,25,11
64672,1,1,1986,0,0,0,0,0,0,0,0,0,0
64672,2,1,1986,0,0,0,0,0,0,11,0,0,0
64672,3,1,1986,0,0,0,0,0,0,0,0,0,0
64673,1,1,1986,0,0,0,0,0,0,0,0,0,0
64673,2,1,1986,4,4,4,4,4,4,4,4,4,4
64673,3,1,1986,0,0,0,0,0,0,0,0,0,0
64673,4,1,1986,0,0,0,0,0,0,5,0,0,13
64673,5,1,1986,0,0,0,0,0,0,0,0,0,0
64674,1,1,1986,0,0,0,0,0,0,0,0,0,0
64674,2,1,1986,0,0,9,0,0,0,0,0,0,0
64675,1,1,1986,23,23,23,23,23,23,23,23,23,23
64675,2,1,1986,0,0,0,0,0,0,0,0,0,0
64676,1,1,1986,11,11,11,11,11,11,11,11,11,11
64677,1,1,1986,0,0,0,0,0,0,0,0,0,0
64678,0,1,1986,0,0,0,0,0,0,0,0,0,0
64678,1,1,1986,0,0,0,0,0,0,0,0,0,0
64679,1,1,1986,0,0,0,0,0,0,0,0,0,0
64680,1,1,1986,0,0,0,12,0,0,0,0,0,0
64680,2,1,1986,0,0,0,0,0,0,0,11,0,0
64681,1,1,1986,17,17,17,17,17,17,17,17,17,17
64682,1,1,1986,0,0,0,0,16,0,0,0,0,0
64683,0,1,1986,21,21,21,21,21,21,21,21,21,21
64683,1,1,1986,9,0,0,0,0,0,0,22,0,0
64684,1,1,1986,0,0,0,0,0,0,0,0,0,0
64685,0,1,1986,32,32,32,32,32,32,32,32,32,32
64685,1,1,1986,0,0,0,0,13,0,0,23,0,15
64686,1,1,1986,0,0,0,0,0,0,0,0,0,0
64687,1,1,1986,0,0,0,0,0,0,0,0,0,0
64688,1,1,1986,0,0,0,0,0,0,0,0,0,0
64688,2,1,1986,11,0,0,0,0,0,0,0,0,0
64689,1,1,1986,12,12,12,12,12,12,12,12,12,12
64689,2,1,1986,0,0,0,0,0,0,0,0,0,0
64690,1,1,1986,0,0,0,13,0,6,0,0,12,0
64691,1,1,1986,0,0,0,0,0,0,0,0,0,0
64691,2,1,1986,3,3,3,3,3,3,3,3,3,3
64692,0,1,1986,0,0,0,0,0,0,0,0,0,0
64692,1,1,1986,0,0,0,0,0,0,0,0,0,0
64693,1,1,1986,21,21,21,21,21,21,21,21,21,21
64693,2,1,1986,0,0,0,0,0,0,0,0,0,0
64694,1,1,1986,0,0,0,0,0,0,0,0,0,0
64694,2,1,1986,21,21,21,21,21,21,21,21,21,21
64695,0,1,1986,0,0,0,0,0,0,0,0,0,0
64696,1,1,1986,29,29,29,29,29,29,29,29,29,29
64697,1,1,1986,0,0,0,0,0,0,0,0,0,0
64698,1,1,1986,0,0,0,0,0,0,0,0,0,0
64699,1,1,1986,0,0,0,10,0,19,0,0,17,0
64699,2,1,1986,0,0,0,0,0,8,16,0,0,8
64700,1,1,1986,0,0,0,0,0,0,0,0,0,0
64700,2,1,1986,0,0,0,0,0,0,7,0,0,0
64701,1,1,1986,0,0,0,0,0,0,0,0,0,0
64701,2,1,1986,0,18,0,0,0,16,4,0,0,12
64702,0,1,1986,0,0,0,0,0,0,0,0,0,0
64702,0,2,1986,0,0,0,0,0,0,0,0,0,0
64702,0,3,1986,0,0,0,0,0,0,0,0,0,0
64702,0,4,1986,0,0,0,0,0,0,0,0,0,0
64702,1,1,1986,0,0,0,0,0,0,0,0,0,0
64703,1,1,1986,9,12,11,20,14,32,5,10,27,25
64704,1,1,1986,21,21,21,21,21,21,21,21,21,21
64704,2,1,1986,20,0,12,7,12,22,0,22,13,0
64705,1,1,1986,2,2,2,2,2,2,2,2,2,2
64706,1,1,1986,20,20,20,20,20,20,20,20,20,20
64706,2,1,1986,10,10,10,10,10,10,10,10,10,10
64706,3,1,1986,13,5,0,0,0,0,0,0,0,0
64707,1,1,1986,0,0,0,0,0,0,0,0,0,0
64707,2,1,1986,10,0,0,0,0,0,0,0,0,0
64708,1,1,1986,2,2,2,2,2,2,2,2,2,2
64709,1,1,1986,0,0,0,0,0,0,0,0,0,0
64709,2,1,1986,0,0,0,0,0,0,0,0,12,0
64711,1,1,1986,0,0,0,0,0,0,0,0,0,0
64711,2,1,1986,0,0,0,0,0,0,0,0,0,0
64712,1,1,1986,13,13,13,13,13,13,13,13,13,13
64713,1,1,1986,0,0,0,0,0,0,0,0,0,0
64713,2,1,1986,0,37,0,12,5,0,0,9,0,0